post_id,ticker,published_at,day_offset,session_date,close,trend_sma,trend_ema,trend_adx,trend_ichimoku,ret_1d,sentiment_label,sentiment_score,manual_label
14,CDR,2025-06-01 07:46:00,0,2025-06-02,221.5,downtrend,downtrend,horizontal,uptrend,,negative,-0.0051533579826354,negative
14,CDR,2025-06-01 07:46:00,1,2025-06-03,236.5,downtrend,downtrend,horizontal,uptrend,0.0677200902934538,negative,-0.0051533579826354,negative
14,CDR,2025-06-01 07:46:00,2,2025-06-04,257.9,downtrend,uptrend,horizontal,uptrend,0.0904862579281182,negative,-0.0051533579826354,negative
14,CDR,2025-06-01 07:46:00,3,2025-06-05,259.0,downtrend,uptrend,horizontal,uptrend,0.0042652190771617,negative,-0.0051533579826354,negative
14,CDR,2025-06-01 07:46:00,4,2025-06-06,267.3,uptrend,uptrend,uptrend,uptrend,0.032046332046332,negative,-0.0051533579826354,negative
14,CDR,2025-06-01 07:46:00,5,2025-06-09,268.0,uptrend,uptrend,uptrend,uptrend,0.002618780396558,negative,-0.0051533579826354,negative
288,PKN,2025-06-02 16:13:00,0,2025-06-02,73.99,uptrend,uptrend,horizontal,uptrend,,neutral,-0.021029382944107,negative
288,PKN,2025-06-02 16:13:00,1,2025-06-03,74.3,uptrend,uptrend,horizontal,uptrend,0.0041897553723475,neutral,-0.021029382944107,negative
288,PKN,2025-06-02 16:13:00,2,2025-06-04,75.2,uptrend,uptrend,horizontal,uptrend,0.0121130551816959,neutral,-0.021029382944107,negative
288,PKN,2025-06-02 16:13:00,3,2025-06-05,74.8,uptrend,uptrend,horizontal,uptrend,-0.0053191489361702,neutral,-0.021029382944107,negative
288,PKN,2025-06-02 16:13:00,4,2025-06-06,73.72,uptrend,uptrend,horizontal,uptrend,-0.0144385026737967,neutral,-0.021029382944107,negative
288,PKN,2025-06-02 16:13:00,5,2025-06-09,74.65,uptrend,uptrend,horizontal,uptrend,0.0126153011394467,neutral,-0.021029382944107,negative
296,CDR,2025-06-02 16:41:00,0,2025-06-02,221.5,downtrend,downtrend,horizontal,uptrend,,positive,0.0112863481044769,neutral
296,CDR,2025-06-02 16:41:00,1,2025-06-03,236.5,downtrend,downtrend,horizontal,uptrend,0.0677200902934538,positive,0.0112863481044769,neutral
296,CDR,2025-06-02 16:41:00,2,2025-06-04,257.9,downtrend,uptrend,horizontal,uptrend,0.0904862579281182,positive,0.0112863481044769,neutral
296,CDR,2025-06-02 16:41:00,3,2025-06-05,259.0,downtrend,uptrend,horizontal,uptrend,0.0042652190771617,positive,0.0112863481044769,neutral
296,CDR,2025-06-02 16:41:00,4,2025-06-06,267.3,uptrend,uptrend,uptrend,uptrend,0.032046332046332,positive,0.0112863481044769,neutral
296,CDR,2025-06-02 16:41:00,5,2025-06-09,268.0,uptrend,uptrend,uptrend,uptrend,0.002618780396558,positive,0.0112863481044769,neutral
334,PKN,2025-06-02 19:52:00,0,2025-06-03,74.3,uptrend,uptrend,horizontal,uptrend,,negative,-0.9928808240219952,neutral
334,PKN,2025-06-02 19:52:00,1,2025-06-04,75.2,uptrend,uptrend,horizontal,uptrend,0.0121130551816959,negative,-0.9928808240219952,neutral
334,PKN,2025-06-02 19:52:00,2,2025-06-05,74.8,uptrend,uptrend,horizontal,uptrend,-0.0053191489361702,negative,-0.9928808240219952,neutral
334,PKN,2025-06-02 19:52:00,3,2025-06-06,73.72,uptrend,uptrend,horizontal,uptrend,-0.0144385026737967,negative,-0.9928808240219952,neutral
334,PKN,2025-06-02 19:52:00,4,2025-06-09,74.65,uptrend,uptrend,horizontal,uptrend,0.0126153011394467,negative,-0.9928808240219952,neutral
334,PKN,2025-06-02 19:52:00,5,2025-06-10,77.8,uptrend,uptrend,uptrend,uptrend,0.0421969189551239,negative,-0.9928808240219952,neutral
910,CDR,2025-06-04 12:13:00,0,2025-06-04,257.9,downtrend,uptrend,horizontal,uptrend,,negative,-0.993429660331458,neutral
910,CDR,2025-06-04 12:13:00,1,2025-06-05,259.0,downtrend,uptrend,horizontal,uptrend,0.0042652190771617,negative,-0.993429660331458,neutral
910,CDR,2025-06-04 12:13:00,2,2025-06-06,267.3,uptrend,uptrend,uptrend,uptrend,0.032046332046332,negative,-0.993429660331458,neutral
910,CDR,2025-06-04 12:13:00,3,2025-06-09,268.0,uptrend,uptrend,uptrend,uptrend,0.002618780396558,negative,-0.993429660331458,neutral
910,CDR,2025-06-04 12:13:00,4,2025-06-10,269.5,uptrend,uptrend,uptrend,uptrend,0.0055970149253732,negative,-0.993429660331458,neutral
910,CDR,2025-06-04 12:13:00,5,2025-06-11,268.3,uptrend,uptrend,uptrend,uptrend,-0.0044526901669758,negative,-0.993429660331458,neutral
924,CDR,2025-06-04 12:43:00,0,2025-06-04,257.9,downtrend,uptrend,horizontal,uptrend,,positive,0.1674566864967346,negative
924,CDR,2025-06-04 12:43:00,1,2025-06-05,259.0,downtrend,uptrend,horizontal,uptrend,0.0042652190771617,positive,0.1674566864967346,negative
924,CDR,2025-06-04 12:43:00,2,2025-06-06,267.3,uptrend,uptrend,uptrend,uptrend,0.032046332046332,positive,0.1674566864967346,negative
924,CDR,2025-06-04 12:43:00,3,2025-06-09,268.0,uptrend,uptrend,uptrend,uptrend,0.002618780396558,positive,0.1674566864967346,negative
924,CDR,2025-06-04 12:43:00,4,2025-06-10,269.5,uptrend,uptrend,uptrend,uptrend,0.0055970149253732,positive,0.1674566864967346,negative
924,CDR,2025-06-04 12:43:00,5,2025-06-11,268.3,uptrend,uptrend,uptrend,uptrend,-0.0044526901669758,positive,0.1674566864967346,negative
937,LPP,2025-06-04 13:05:00,0,2025-06-04,14330.0,downtrend,downtrend,downtrend,downtrend,,positive,0.9973077857284808,neutral
937,LPP,2025-06-04 13:05:00,1,2025-06-05,14315.0,downtrend,downtrend,downtrend,downtrend,-0.0010467550593161,positive,0.9973077857284808,neutral
937,LPP,2025-06-04 13:05:00,2,2025-06-06,14310.0,downtrend,downtrend,downtrend,downtrend,-0.0003492839678658,positive,0.9973077857284808,neutral
937,LPP,2025-06-04 13:05:00,3,2025-06-09,14415.0,downtrend,downtrend,downtrend,downtrend,0.0073375262054506,positive,0.9973077857284808,neutral
937,LPP,2025-06-04 13:05:00,4,2025-06-10,14575.0,downtrend,downtrend,downtrend,downtrend,0.0110995490808185,positive,0.9973077857284808,neutral
937,LPP,2025-06-04 13:05:00,5,2025-06-11,14425.0,downtrend,downtrend,downtrend,downtrend,-0.0102915951972555,positive,0.9973077857284808,neutral
1190,KGH,2025-06-05 00:21:00,0,2025-06-05,131.2,horizontal,uptrend,horizontal,uptrend,,positive,0.9979228837473784,positive
1190,KGH,2025-06-05 00:21:00,1,2025-06-06,128.15,horizontal,uptrend,horizontal,uptrend,-0.023246951219512,positive,0.9979228837473784,positive
1190,KGH,2025-06-05 00:21:00,2,2025-06-09,129.35,horizontal,uptrend,horizontal,uptrend,0.0093640265314083,positive,0.9979228837473784,positive
1190,KGH,2025-06-05 00:21:00,3,2025-06-10,129.6,uptrend,uptrend,horizontal,uptrend,0.0019327406262079,positive,0.9979228837473784,positive
1190,KGH,2025-06-05 00:21:00,4,2025-06-11,128.3,uptrend,uptrend,horizontal,uptrend,-0.0100308641975307,positive,0.9979228837473784,positive
1190,KGH,2025-06-05 00:21:00,5,2025-06-12,126.1,uptrend,uptrend,horizontal,uptrend,-0.0171473109898676,positive,0.9979228837473784,positive
1197,CDR,2025-06-05 03:06:00,0,2025-06-05,259.0,downtrend,uptrend,horizontal,uptrend,,neutral,0.0136358300223946,neutral
1197,CDR,2025-06-05 03:06:00,1,2025-06-06,267.3,uptrend,uptrend,uptrend,uptrend,0.032046332046332,neutral,0.0136358300223946,neutral
1197,CDR,2025-06-05 03:06:00,2,2025-06-09,268.0,uptrend,uptrend,uptrend,uptrend,0.002618780396558,neutral,0.0136358300223946,neutral
1197,CDR,2025-06-05 03:06:00,3,2025-06-10,269.5,uptrend,uptrend,uptrend,uptrend,0.0055970149253732,neutral,0.0136358300223946,neutral
1197,CDR,2025-06-05 03:06:00,4,2025-06-11,268.3,uptrend,uptrend,uptrend,uptrend,-0.0044526901669758,neutral,0.0136358300223946,neutral
1197,CDR,2025-06-05 03:06:00,5,2025-06-12,268.7,uptrend,uptrend,uptrend,uptrend,0.0014908684308609,neutral,0.0136358300223946,neutral
1316,CDR,2025-06-05 10:35:00,0,2025-06-05,259.0,downtrend,uptrend,horizontal,uptrend,,negative,-0.9960235162870958,neutral
1316,CDR,2025-06-05 10:35:00,1,2025-06-06,267.3,uptrend,uptrend,uptrend,uptrend,0.032046332046332,negative,-0.9960235162870958,neutral
1316,CDR,2025-06-05 10:35:00,2,2025-06-09,268.0,uptrend,uptrend,uptrend,uptrend,0.002618780396558,negative,-0.9960235162870958,neutral
1316,CDR,2025-06-05 10:35:00,3,2025-06-10,269.5,uptrend,uptrend,uptrend,uptrend,0.0055970149253732,negative,-0.9960235162870958,neutral
1316,CDR,2025-06-05 10:35:00,4,2025-06-11,268.3,uptrend,uptrend,uptrend,uptrend,-0.0044526901669758,negative,-0.9960235162870958,neutral
1316,CDR,2025-06-05 10:35:00,5,2025-06-12,268.7,uptrend,uptrend,uptrend,uptrend,0.0014908684308609,negative,-0.9960235162870958,neutral
1385,PKN,2025-06-05 12:22:00,0,2025-06-05,74.8,uptrend,uptrend,horizontal,uptrend,,neutral,0.0139717538841068,positive
1385,PKN,2025-06-05 12:22:00,1,2025-06-06,73.72,uptrend,uptrend,horizontal,uptrend,-0.0144385026737967,neutral,0.0139717538841068,positive
1385,PKN,2025-06-05 12:22:00,2,2025-06-09,74.65,uptrend,uptrend,horizontal,uptrend,0.0126153011394467,neutral,0.0139717538841068,positive
1385,PKN,2025-06-05 12:22:00,3,2025-06-10,77.8,uptrend,uptrend,uptrend,uptrend,0.0421969189551239,neutral,0.0139717538841068,positive
1385,PKN,2025-06-05 12:22:00,4,2025-06-11,76.86,uptrend,uptrend,uptrend,uptrend,-0.0120822622107968,neutral,0.0139717538841068,positive
1385,PKN,2025-06-05 12:22:00,5,2025-06-12,77.56,uptrend,uptrend,uptrend,uptrend,0.0091074681238616,neutral,0.0139717538841068,positive
1525,PKN,2025-06-05 17:21:00,0,2025-06-06,73.72,uptrend,uptrend,horizontal,uptrend,,positive,0.998988659484894,neutral
1525,PKN,2025-06-05 17:21:00,1,2025-06-09,74.65,uptrend,uptrend,horizontal,uptrend,0.0126153011394467,positive,0.998988659484894,neutral
1525,PKN,2025-06-05 17:21:00,2,2025-06-10,77.8,uptrend,uptrend,uptrend,uptrend,0.0421969189551239,positive,0.998988659484894,neutral
1525,PKN,2025-06-05 17:21:00,3,2025-06-11,76.86,uptrend,uptrend,uptrend,uptrend,-0.0120822622107968,positive,0.998988659484894,neutral
1525,PKN,2025-06-05 17:21:00,4,2025-06-12,77.56,uptrend,uptrend,uptrend,uptrend,0.0091074681238616,positive,0.998988659484894,neutral
1525,PKN,2025-06-05 17:21:00,5,2025-06-13,77.28,uptrend,uptrend,uptrend,uptrend,-0.0036101083032491,positive,0.998988659484894,neutral
1614,PKN,2025-06-05 21:23:00,0,2025-06-06,73.72,uptrend,uptrend,horizontal,uptrend,,neutral,-0.0124129327014088,neutral
1614,PKN,2025-06-05 21:23:00,1,2025-06-09,74.65,uptrend,uptrend,horizontal,uptrend,0.0126153011394467,neutral,-0.0124129327014088,neutral
1614,PKN,2025-06-05 21:23:00,2,2025-06-10,77.8,uptrend,uptrend,uptrend,uptrend,0.0421969189551239,neutral,-0.0124129327014088,neutral
1614,PKN,2025-06-05 21:23:00,3,2025-06-11,76.86,uptrend,uptrend,uptrend,uptrend,-0.0120822622107968,neutral,-0.0124129327014088,neutral
1614,PKN,2025-06-05 21:23:00,4,2025-06-12,77.56,uptrend,uptrend,uptrend,uptrend,0.0091074681238616,neutral,-0.0124129327014088,neutral
1614,PKN,2025-06-05 21:23:00,5,2025-06-13,77.28,uptrend,uptrend,uptrend,uptrend,-0.0036101083032491,neutral,-0.0124129327014088,neutral
1909,CDR,2025-06-06 17:37:00,0,2025-06-09,268.0,uptrend,uptrend,uptrend,uptrend,,positive,0.434588611125946,neutral
1909,CDR,2025-06-06 17:37:00,1,2025-06-10,269.5,uptrend,uptrend,uptrend,uptrend,0.0055970149253732,positive,0.434588611125946,neutral
1909,CDR,2025-06-06 17:37:00,2,2025-06-11,268.3,uptrend,uptrend,uptrend,uptrend,-0.0044526901669758,positive,0.434588611125946,neutral
1909,CDR,2025-06-06 17:37:00,3,2025-06-12,268.7,uptrend,uptrend,uptrend,uptrend,0.0014908684308609,positive,0.434588611125946,neutral
1909,CDR,2025-06-06 17:37:00,4,2025-06-13,271.0,uptrend,uptrend,uptrend,uptrend,0.0085597320431709,positive,0.434588611125946,neutral
1909,CDR,2025-06-06 17:37:00,5,2025-06-16,264.9,uptrend,uptrend,uptrend,uptrend,-0.022509225092251,positive,0.434588611125946,neutral
2009,CDR,2025-06-07 06:07:00,0,2025-06-09,268.0,uptrend,uptrend,uptrend,uptrend,,negative,-0.9945117159513756,neutral
2009,CDR,2025-06-07 06:07:00,1,2025-06-10,269.5,uptrend,uptrend,uptrend,uptrend,0.0055970149253732,negative,-0.9945117159513756,neutral
2009,CDR,2025-06-07 06:07:00,2,2025-06-11,268.3,uptrend,uptrend,uptrend,uptrend,-0.0044526901669758,negative,-0.9945117159513756,neutral
2009,CDR,2025-06-07 06:07:00,3,2025-06-12,268.7,uptrend,uptrend,uptrend,uptrend,0.0014908684308609,negative,-0.9945117159513756,neutral
2009,CDR,2025-06-07 06:07:00,4,2025-06-13,271.0,uptrend,uptrend,uptrend,uptrend,0.0085597320431709,negative,-0.9945117159513756,neutral
2009,CDR,2025-06-07 06:07:00,5,2025-06-16,264.9,uptrend,uptrend,uptrend,uptrend,-0.022509225092251,negative,-0.9945117159513756,neutral
2099,CDR,2025-06-08 06:38:00,0,2025-06-09,268.0,uptrend,uptrend,uptrend,uptrend,,positive,0.9974798730108888,neutral
2099,CDR,2025-06-08 06:38:00,1,2025-06-10,269.5,uptrend,uptrend,uptrend,uptrend,0.0055970149253732,positive,0.9974798730108888,neutral
2099,CDR,2025-06-08 06:38:00,2,2025-06-11,268.3,uptrend,uptrend,uptrend,uptrend,-0.0044526901669758,positive,0.9974798730108888,neutral
2099,CDR,2025-06-08 06:38:00,3,2025-06-12,268.7,uptrend,uptrend,uptrend,uptrend,0.0014908684308609,positive,0.9974798730108888,neutral
2099,CDR,2025-06-08 06:38:00,4,2025-06-13,271.0,uptrend,uptrend,uptrend,uptrend,0.0085597320431709,positive,0.9974798730108888,neutral
2099,CDR,2025-06-08 06:38:00,5,2025-06-16,264.9,uptrend,uptrend,uptrend,uptrend,-0.022509225092251,positive,0.9974798730108888,neutral
2120,CDR,2025-06-08 10:17:00,0,2025-06-09,268.0,uptrend,uptrend,uptrend,uptrend,,positive,0.9979319990379736,positive
2120,CDR,2025-06-08 10:17:00,1,2025-06-10,269.5,uptrend,uptrend,uptrend,uptrend,0.0055970149253732,positive,0.9979319990379736,positive
2120,CDR,2025-06-08 10:17:00,2,2025-06-11,268.3,uptrend,uptrend,uptrend,uptrend,-0.0044526901669758,positive,0.9979319990379736,positive
2120,CDR,2025-06-08 10:17:00,3,2025-06-12,268.7,uptrend,uptrend,uptrend,uptrend,0.0014908684308609,positive,0.9979319990379736,positive
2120,CDR,2025-06-08 10:17:00,4,2025-06-13,271.0,uptrend,uptrend,uptrend,uptrend,0.0085597320431709,positive,0.9979319990379736,positive
2120,CDR,2025-06-08 10:17:00,5,2025-06-16,264.9,uptrend,uptrend,uptrend,uptrend,-0.022509225092251,positive,0.9979319990379736,positive
2146,KGH,2025-06-08 13:40:00,0,2025-06-09,129.35,horizontal,uptrend,horizontal,uptrend,,positive,0.9977786069212016,positive
2146,KGH,2025-06-08 13:40:00,1,2025-06-10,129.6,uptrend,uptrend,horizontal,uptrend,0.0019327406262079,positive,0.9977786069212016,positive
2146,KGH,2025-06-08 13:40:00,2,2025-06-11,128.3,uptrend,uptrend,horizontal,uptrend,-0.0100308641975307,positive,0.9977786069212016,positive
2146,KGH,2025-06-08 13:40:00,3,2025-06-12,126.1,uptrend,uptrend,horizontal,uptrend,-0.0171473109898676,positive,0.9977786069212016,positive
2146,KGH,2025-06-08 13:40:00,4,2025-06-13,123.85,uptrend,uptrend,horizontal,uptrend,-0.0178429817605075,positive,0.9977786069212016,positive
2146,KGH,2025-06-08 13:40:00,5,2025-06-16,125.15,uptrend,horizontal,horizontal,uptrend,0.0104965684295519,positive,0.9977786069212016,positive
2307,CDR,2025-06-09 11:21:00,0,2025-06-09,268.0,uptrend,uptrend,uptrend,uptrend,,positive,0.1516836881637573,positive
2307,CDR,2025-06-09 11:21:00,1,2025-06-10,269.5,uptrend,uptrend,uptrend,uptrend,0.0055970149253732,positive,0.1516836881637573,positive
2307,CDR,2025-06-09 11:21:00,2,2025-06-11,268.3,uptrend,uptrend,uptrend,uptrend,-0.0044526901669758,positive,0.1516836881637573,positive
2307,CDR,2025-06-09 11:21:00,3,2025-06-12,268.7,uptrend,uptrend,uptrend,uptrend,0.0014908684308609,positive,0.1516836881637573,positive
2307,CDR,2025-06-09 11:21:00,4,2025-06-13,271.0,uptrend,uptrend,uptrend,uptrend,0.0085597320431709,positive,0.1516836881637573,positive
2307,CDR,2025-06-09 11:21:00,5,2025-06-16,264.9,uptrend,uptrend,uptrend,uptrend,-0.022509225092251,positive,0.1516836881637573,positive
2311,CDR,2025-06-09 11:42:00,0,2025-06-09,268.0,uptrend,uptrend,uptrend,uptrend,,positive,0.9983945911517368,positive
2311,CDR,2025-06-09 11:42:00,1,2025-06-10,269.5,uptrend,uptrend,uptrend,uptrend,0.0055970149253732,positive,0.9983945911517368,positive
2311,CDR,2025-06-09 11:42:00,2,2025-06-11,268.3,uptrend,uptrend,uptrend,uptrend,-0.0044526901669758,positive,0.9983945911517368,positive
2311,CDR,2025-06-09 11:42:00,3,2025-06-12,268.7,uptrend,uptrend,uptrend,uptrend,0.0014908684308609,positive,0.9983945911517368,positive
2311,CDR,2025-06-09 11:42:00,4,2025-06-13,271.0,uptrend,uptrend,uptrend,uptrend,0.0085597320431709,positive,0.9983945911517368,positive
2311,CDR,2025-06-09 11:42:00,5,2025-06-16,264.9,uptrend,uptrend,uptrend,uptrend,-0.022509225092251,positive,0.9983945911517368,positive
2315,KGH,2025-06-09 11:55:00,0,2025-06-09,129.35,horizontal,uptrend,horizontal,uptrend,,neutral,0.2210333347320556,neutral
2315,KGH,2025-06-09 11:55:00,1,2025-06-10,129.6,uptrend,uptrend,horizontal,uptrend,0.0019327406262079,neutral,0.2210333347320556,neutral
2315,KGH,2025-06-09 11:55:00,2,2025-06-11,128.3,uptrend,uptrend,horizontal,uptrend,-0.0100308641975307,neutral,0.2210333347320556,neutral
2315,KGH,2025-06-09 11:55:00,3,2025-06-12,126.1,uptrend,uptrend,horizontal,uptrend,-0.0171473109898676,neutral,0.2210333347320556,neutral
2315,KGH,2025-06-09 11:55:00,4,2025-06-13,123.85,uptrend,uptrend,horizontal,uptrend,-0.0178429817605075,neutral,0.2210333347320556,neutral
2315,KGH,2025-06-09 11:55:00,5,2025-06-16,125.15,uptrend,horizontal,horizontal,uptrend,0.0104965684295519,neutral,0.2210333347320556,neutral
2353,KGH,2025-06-09 14:23:00,0,2025-06-09,129.35,horizontal,uptrend,horizontal,uptrend,,negative,-0.9938665129011496,negative
2353,KGH,2025-06-09 14:23:00,1,2025-06-10,129.6,uptrend,uptrend,horizontal,uptrend,0.0019327406262079,negative,-0.9938665129011496,negative
2353,KGH,2025-06-09 14:23:00,2,2025-06-11,128.3,uptrend,uptrend,horizontal,uptrend,-0.0100308641975307,negative,-0.9938665129011496,negative
2353,KGH,2025-06-09 14:23:00,3,2025-06-12,126.1,uptrend,uptrend,horizontal,uptrend,-0.0171473109898676,negative,-0.9938665129011496,negative
2353,KGH,2025-06-09 14:23:00,4,2025-06-13,123.85,uptrend,uptrend,horizontal,uptrend,-0.0178429817605075,negative,-0.9938665129011496,negative
2353,KGH,2025-06-09 14:23:00,5,2025-06-16,125.15,uptrend,horizontal,horizontal,uptrend,0.0104965684295519,negative,-0.9938665129011496,negative
2490,CDR,2025-06-10 07:54:00,0,2025-06-10,269.5,uptrend,uptrend,uptrend,uptrend,,neutral,-0.2961185574531555,neutral
2490,CDR,2025-06-10 07:54:00,1,2025-06-11,268.3,uptrend,uptrend,uptrend,uptrend,-0.0044526901669758,neutral,-0.2961185574531555,neutral
2490,CDR,2025-06-10 07:54:00,2,2025-06-12,268.7,uptrend,uptrend,uptrend,uptrend,0.0014908684308609,neutral,-0.2961185574531555,neutral
2490,CDR,2025-06-10 07:54:00,3,2025-06-13,271.0,uptrend,uptrend,uptrend,uptrend,0.0085597320431709,neutral,-0.2961185574531555,neutral
2490,CDR,2025-06-10 07:54:00,4,2025-06-16,264.9,uptrend,uptrend,uptrend,uptrend,-0.022509225092251,neutral,-0.2961185574531555,neutral
2490,CDR,2025-06-10 07:54:00,5,2025-06-17,266.4,uptrend,uptrend,uptrend,uptrend,0.0056625141562853,neutral,-0.2961185574531555,neutral
2550,KGH,2025-06-10 11:33:00,0,2025-06-10,129.6,uptrend,uptrend,horizontal,uptrend,,neutral,-0.0069813928566873,positive
2550,KGH,2025-06-10 11:33:00,1,2025-06-11,128.3,uptrend,uptrend,horizontal,uptrend,-0.0100308641975307,neutral,-0.0069813928566873,positive
2550,KGH,2025-06-10 11:33:00,2,2025-06-12,126.1,uptrend,uptrend,horizontal,uptrend,-0.0171473109898676,neutral,-0.0069813928566873,positive
2550,KGH,2025-06-10 11:33:00,3,2025-06-13,123.85,uptrend,uptrend,horizontal,uptrend,-0.0178429817605075,neutral,-0.0069813928566873,positive
2550,KGH,2025-06-10 11:33:00,4,2025-06-16,125.15,uptrend,horizontal,horizontal,uptrend,0.0104965684295519,neutral,-0.0069813928566873,positive
2550,KGH,2025-06-10 11:33:00,5,2025-06-17,123.45,uptrend,horizontal,horizontal,uptrend,-0.0135836995605274,neutral,-0.0069813928566873,positive
2588,LPP,2025-06-10 13:31:00,0,2025-06-10,14575.0,downtrend,downtrend,downtrend,downtrend,,neutral,0.0065340464934706,positive
2588,LPP,2025-06-10 13:31:00,1,2025-06-11,14425.0,downtrend,downtrend,downtrend,downtrend,-0.0102915951972555,neutral,0.0065340464934706,positive
2588,LPP,2025-06-10 13:31:00,2,2025-06-12,14470.0,downtrend,downtrend,downtrend,downtrend,0.0031195840554592,neutral,0.0065340464934706,positive
2588,LPP,2025-06-10 13:31:00,3,2025-06-13,14100.0,downtrend,downtrend,downtrend,downtrend,-0.0255701451278507,neutral,0.0065340464934706,positive
2588,LPP,2025-06-10 13:31:00,4,2025-06-16,14215.0,downtrend,downtrend,downtrend,downtrend,0.0081560283687942,neutral,0.0065340464934706,positive
2588,LPP,2025-06-10 13:31:00,5,2025-06-17,13825.0,downtrend,downtrend,downtrend,downtrend,-0.027435807245867,neutral,0.0065340464934706,positive
2616,PKN,2025-06-10 14:35:00,0,2025-06-10,77.8,uptrend,uptrend,uptrend,uptrend,,neutral,-0.0134012168273329,neutral
2616,PKN,2025-06-10 14:35:00,1,2025-06-11,76.86,uptrend,uptrend,uptrend,uptrend,-0.0120822622107968,neutral,-0.0134012168273329,neutral
2616,PKN,2025-06-10 14:35:00,2,2025-06-12,77.56,uptrend,uptrend,uptrend,uptrend,0.0091074681238616,neutral,-0.0134012168273329,neutral
2616,PKN,2025-06-10 14:35:00,3,2025-06-13,77.28,uptrend,uptrend,uptrend,uptrend,-0.0036101083032491,neutral,-0.0134012168273329,neutral
2616,PKN,2025-06-10 14:35:00,4,2025-06-16,78.62,uptrend,uptrend,uptrend,uptrend,0.0173395445134576,neutral,-0.0134012168273329,neutral
2616,PKN,2025-06-10 14:35:00,5,2025-06-17,81.62,uptrend,uptrend,uptrend,uptrend,0.038158229458153,neutral,-0.0134012168273329,neutral
2625,LPP,2025-06-10 14:53:00,0,2025-06-10,14575.0,downtrend,downtrend,downtrend,downtrend,,positive,0.997257812472526,positive
2625,LPP,2025-06-10 14:53:00,1,2025-06-11,14425.0,downtrend,downtrend,downtrend,downtrend,-0.0102915951972555,positive,0.997257812472526,positive
2625,LPP,2025-06-10 14:53:00,2,2025-06-12,14470.0,downtrend,downtrend,downtrend,downtrend,0.0031195840554592,positive,0.997257812472526,positive
2625,LPP,2025-06-10 14:53:00,3,2025-06-13,14100.0,downtrend,downtrend,downtrend,downtrend,-0.0255701451278507,positive,0.997257812472526,positive
2625,LPP,2025-06-10 14:53:00,4,2025-06-16,14215.0,downtrend,downtrend,downtrend,downtrend,0.0081560283687942,positive,0.997257812472526,positive
2625,LPP,2025-06-10 14:53:00,5,2025-06-17,13825.0,downtrend,downtrend,downtrend,downtrend,-0.027435807245867,positive,0.997257812472526,positive
2771,CDR,2025-06-10 23:23:00,0,2025-06-11,268.3,uptrend,uptrend,uptrend,uptrend,,negative,-0.3859609439969063,negative
2771,CDR,2025-06-10 23:23:00,1,2025-06-12,268.7,uptrend,uptrend,uptrend,uptrend,0.0014908684308609,negative,-0.3859609439969063,negative
2771,CDR,2025-06-10 23:23:00,2,2025-06-13,271.0,uptrend,uptrend,uptrend,uptrend,0.0085597320431709,negative,-0.3859609439969063,negative
2771,CDR,2025-06-10 23:23:00,3,2025-06-16,264.9,uptrend,uptrend,uptrend,uptrend,-0.022509225092251,negative,-0.3859609439969063,negative
2771,CDR,2025-06-10 23:23:00,4,2025-06-17,266.4,uptrend,uptrend,uptrend,uptrend,0.0056625141562853,negative,-0.3859609439969063,negative
2771,CDR,2025-06-10 23:23:00,5,2025-06-18,270.3,uptrend,uptrend,uptrend,uptrend,0.0146396396396397,negative,-0.3859609439969063,negative
2855,CDR,2025-06-11 11:20:00,0,2025-06-11,268.3,uptrend,uptrend,uptrend,uptrend,,positive,0.99906634085346,positive
2855,CDR,2025-06-11 11:20:00,1,2025-06-12,268.7,uptrend,uptrend,uptrend,uptrend,0.0014908684308609,positive,0.99906634085346,positive
2855,CDR,2025-06-11 11:20:00,2,2025-06-13,271.0,uptrend,uptrend,uptrend,uptrend,0.0085597320431709,positive,0.99906634085346,positive
2855,CDR,2025-06-11 11:20:00,3,2025-06-16,264.9,uptrend,uptrend,uptrend,uptrend,-0.022509225092251,positive,0.99906634085346,positive
2855,CDR,2025-06-11 11:20:00,4,2025-06-17,266.4,uptrend,uptrend,uptrend,uptrend,0.0056625141562853,positive,0.99906634085346,positive
2855,CDR,2025-06-11 11:20:00,5,2025-06-18,270.3,uptrend,uptrend,uptrend,uptrend,0.0146396396396397,positive,0.99906634085346,positive
2879,KGH,2025-06-11 12:41:00,0,2025-06-11,128.3,uptrend,uptrend,horizontal,uptrend,,negative,-0.290738433599472,positive
2879,KGH,2025-06-11 12:41:00,1,2025-06-12,126.1,uptrend,uptrend,horizontal,uptrend,-0.0171473109898676,negative,-0.290738433599472,positive
2879,KGH,2025-06-11 12:41:00,2,2025-06-13,123.85,uptrend,uptrend,horizontal,uptrend,-0.0178429817605075,negative,-0.290738433599472,positive
2879,KGH,2025-06-11 12:41:00,3,2025-06-16,125.15,uptrend,horizontal,horizontal,uptrend,0.0104965684295519,negative,-0.290738433599472,positive
2879,KGH,2025-06-11 12:41:00,4,2025-06-17,123.45,uptrend,horizontal,horizontal,uptrend,-0.0135836995605274,negative,-0.290738433599472,positive
2879,KGH,2025-06-11 12:41:00,5,2025-06-18,122.65,uptrend,horizontal,horizontal,uptrend,-0.006480356419603,negative,-0.290738433599472,positive
2898,CDR,2025-06-11 13:42:00,0,2025-06-11,268.3,uptrend,uptrend,uptrend,uptrend,,negative,-0.9946221446152776,neutral
2898,CDR,2025-06-11 13:42:00,1,2025-06-12,268.7,uptrend,uptrend,uptrend,uptrend,0.0014908684308609,negative,-0.9946221446152776,neutral
2898,CDR,2025-06-11 13:42:00,2,2025-06-13,271.0,uptrend,uptrend,uptrend,uptrend,0.0085597320431709,negative,-0.9946221446152776,neutral
2898,CDR,2025-06-11 13:42:00,3,2025-06-16,264.9,uptrend,uptrend,uptrend,uptrend,-0.022509225092251,negative,-0.9946221446152776,neutral
2898,CDR,2025-06-11 13:42:00,4,2025-06-17,266.4,uptrend,uptrend,uptrend,uptrend,0.0056625141562853,negative,-0.9946221446152776,neutral
2898,CDR,2025-06-11 13:42:00,5,2025-06-18,270.3,uptrend,uptrend,uptrend,uptrend,0.0146396396396397,negative,-0.9946221446152776,neutral
2915,PKN,2025-06-11 14:39:00,0,2025-06-11,76.86,uptrend,uptrend,uptrend,uptrend,,neutral,0.2792078480124473,neutral
2915,PKN,2025-06-11 14:39:00,1,2025-06-12,77.56,uptrend,uptrend,uptrend,uptrend,0.0091074681238616,neutral,0.2792078480124473,neutral
2915,PKN,2025-06-11 14:39:00,2,2025-06-13,77.28,uptrend,uptrend,uptrend,uptrend,-0.0036101083032491,neutral,0.2792078480124473,neutral
2915,PKN,2025-06-11 14:39:00,3,2025-06-16,78.62,uptrend,uptrend,uptrend,uptrend,0.0173395445134576,neutral,0.2792078480124473,neutral
2915,PKN,2025-06-11 14:39:00,4,2025-06-17,81.62,uptrend,uptrend,uptrend,uptrend,0.038158229458153,neutral,0.2792078480124473,neutral
2915,PKN,2025-06-11 14:39:00,5,2025-06-18,81.58,uptrend,uptrend,uptrend,uptrend,-0.0004900759617741,neutral,0.2792078480124473,neutral
2987,PKN,2025-06-11 19:38:00,0,2025-06-12,77.56,uptrend,uptrend,uptrend,uptrend,,negative,-0.9944925314048304,neutral
2987,PKN,2025-06-11 19:38:00,1,2025-06-13,77.28,uptrend,uptrend,uptrend,uptrend,-0.0036101083032491,negative,-0.9944925314048304,neutral
2987,PKN,2025-06-11 19:38:00,2,2025-06-16,78.62,uptrend,uptrend,uptrend,uptrend,0.0173395445134576,negative,-0.9944925314048304,neutral
2987,PKN,2025-06-11 19:38:00,3,2025-06-17,81.62,uptrend,uptrend,uptrend,uptrend,0.038158229458153,negative,-0.9944925314048304,neutral
2987,PKN,2025-06-11 19:38:00,4,2025-06-18,81.58,uptrend,uptrend,uptrend,uptrend,-0.0004900759617741,negative,-0.9944925314048304,neutral
2987,PKN,2025-06-11 19:38:00,5,2025-06-20,82.8,uptrend,uptrend,uptrend,uptrend,0.0149546457465064,negative,-0.9944925314048304,neutral
3010,CDR,2025-06-11 22:42:00,0,2025-06-12,268.7,uptrend,uptrend,uptrend,uptrend,,negative,-0.9960386679740624,positive
3010,CDR,2025-06-11 22:42:00,1,2025-06-13,271.0,uptrend,uptrend,uptrend,uptrend,0.0085597320431709,negative,-0.9960386679740624,positive
3010,CDR,2025-06-11 22:42:00,2,2025-06-16,264.9,uptrend,uptrend,uptrend,uptrend,-0.022509225092251,negative,-0.9960386679740624,positive
3010,CDR,2025-06-11 22:42:00,3,2025-06-17,266.4,uptrend,uptrend,uptrend,uptrend,0.0056625141562853,negative,-0.9960386679740624,positive
3010,CDR,2025-06-11 22:42:00,4,2025-06-18,270.3,uptrend,uptrend,uptrend,uptrend,0.0146396396396397,negative,-0.9960386679740624,positive
3010,CDR,2025-06-11 22:42:00,5,2025-06-20,270.5,uptrend,uptrend,uptrend,uptrend,0.0007399186089529,negative,-0.9960386679740624,positive
3134,CDR,2025-06-12 11:29:00,0,2025-06-12,268.7,uptrend,uptrend,uptrend,uptrend,,negative,-0.0907522737979888,neutral
3134,CDR,2025-06-12 11:29:00,1,2025-06-13,271.0,uptrend,uptrend,uptrend,uptrend,0.0085597320431709,negative,-0.0907522737979888,neutral
3134,CDR,2025-06-12 11:29:00,2,2025-06-16,264.9,uptrend,uptrend,uptrend,uptrend,-0.022509225092251,negative,-0.0907522737979888,neutral
3134,CDR,2025-06-12 11:29:00,3,2025-06-17,266.4,uptrend,uptrend,uptrend,uptrend,0.0056625141562853,negative,-0.0907522737979888,neutral
3134,CDR,2025-06-12 11:29:00,4,2025-06-18,270.3,uptrend,uptrend,uptrend,uptrend,0.0146396396396397,negative,-0.0907522737979888,neutral
3134,CDR,2025-06-12 11:29:00,5,2025-06-20,270.5,uptrend,uptrend,uptrend,uptrend,0.0007399186089529,negative,-0.0907522737979888,neutral
3198,KGH,2025-06-12 14:04:00,0,2025-06-12,126.1,uptrend,uptrend,horizontal,uptrend,,neutral,-0.0128621221520006,neutral
3198,KGH,2025-06-12 14:04:00,1,2025-06-13,123.85,uptrend,uptrend,horizontal,uptrend,-0.0178429817605075,neutral,-0.0128621221520006,neutral
3198,KGH,2025-06-12 14:04:00,2,2025-06-16,125.15,uptrend,horizontal,horizontal,uptrend,0.0104965684295519,neutral,-0.0128621221520006,neutral
3198,KGH,2025-06-12 14:04:00,3,2025-06-17,123.45,uptrend,horizontal,horizontal,uptrend,-0.0135836995605274,neutral,-0.0128621221520006,neutral
3198,KGH,2025-06-12 14:04:00,4,2025-06-18,122.65,uptrend,horizontal,horizontal,uptrend,-0.006480356419603,neutral,-0.0128621221520006,neutral
3198,KGH,2025-06-12 14:04:00,5,2025-06-20,121.75,horizontal,horizontal,horizontal,uptrend,-0.0073379535262944,neutral,-0.0128621221520006,neutral
3914,CDR,2025-06-16 18:37:00,0,2025-06-17,266.4,uptrend,uptrend,uptrend,uptrend,,negative,-0.3505105152726173,neutral
3914,CDR,2025-06-16 18:37:00,1,2025-06-18,270.3,uptrend,uptrend,uptrend,uptrend,0.0146396396396397,negative,-0.3505105152726173,neutral
3914,CDR,2025-06-16 18:37:00,2,2025-06-20,270.5,uptrend,uptrend,uptrend,uptrend,0.0007399186089529,negative,-0.3505105152726173,neutral
3914,CDR,2025-06-16 18:37:00,3,2025-06-23,271.4,uptrend,uptrend,uptrend,uptrend,0.0033271719038816,negative,-0.3505105152726173,neutral
3914,CDR,2025-06-16 18:37:00,4,2025-06-24,276.0,uptrend,uptrend,uptrend,uptrend,0.016949152542373,negative,-0.3505105152726173,neutral
3914,CDR,2025-06-16 18:37:00,5,2025-06-25,275.2,uptrend,uptrend,uptrend,uptrend,-0.0028985507246377,negative,-0.3505105152726173,neutral
4036,KGH,2025-06-17 11:09:00,0,2025-06-17,123.45,uptrend,horizontal,horizontal,uptrend,,positive,0.4301021173596382,neutral
4036,KGH,2025-06-17 11:09:00,1,2025-06-18,122.65,uptrend,horizontal,horizontal,uptrend,-0.006480356419603,positive,0.4301021173596382,neutral
4036,KGH,2025-06-17 11:09:00,2,2025-06-20,121.75,horizontal,horizontal,horizontal,uptrend,-0.0073379535262944,positive,0.4301021173596382,neutral
4036,KGH,2025-06-17 11:09:00,3,2025-06-23,120.5,horizontal,downtrend,horizontal,downtrend,-0.0102669404517453,positive,0.4301021173596382,neutral
4036,KGH,2025-06-17 11:09:00,4,2025-06-24,124.8,downtrend,horizontal,horizontal,uptrend,0.0356846473029044,positive,0.4301021173596382,neutral
4036,KGH,2025-06-17 11:09:00,5,2025-06-25,123.8,downtrend,horizontal,horizontal,uptrend,-0.0080128205128204,positive,0.4301021173596382,neutral
4150,PKN,2025-06-17 16:49:00,0,2025-06-17,81.62,uptrend,uptrend,uptrend,uptrend,,neutral,-0.1091261953115463,positive
4150,PKN,2025-06-17 16:49:00,1,2025-06-18,81.58,uptrend,uptrend,uptrend,uptrend,-0.0004900759617741,neutral,-0.1091261953115463,positive
4150,PKN,2025-06-17 16:49:00,2,2025-06-20,82.8,uptrend,uptrend,uptrend,uptrend,0.0149546457465064,neutral,-0.1091261953115463,positive
4150,PKN,2025-06-17 16:49:00,3,2025-06-23,83.22,uptrend,uptrend,uptrend,uptrend,0.0050724637681158,neutral,-0.1091261953115463,positive
4150,PKN,2025-06-17 16:49:00,4,2025-06-24,82.51,uptrend,uptrend,uptrend,uptrend,-0.0085316029800528,neutral,-0.1091261953115463,positive
4150,PKN,2025-06-17 16:49:00,5,2025-06-25,81.97,uptrend,uptrend,uptrend,uptrend,-0.0065446612531815,neutral,-0.1091261953115463,positive
4176,PKN,2025-06-17 17:53:00,0,2025-06-18,81.58,uptrend,uptrend,uptrend,uptrend,,negative,-0.412656158208847,positive
4176,PKN,2025-06-17 17:53:00,1,2025-06-20,82.8,uptrend,uptrend,uptrend,uptrend,0.0149546457465064,negative,-0.412656158208847,positive
4176,PKN,2025-06-17 17:53:00,2,2025-06-23,83.22,uptrend,uptrend,uptrend,uptrend,0.0050724637681158,negative,-0.412656158208847,positive
4176,PKN,2025-06-17 17:53:00,3,2025-06-24,82.51,uptrend,uptrend,uptrend,uptrend,-0.0085316029800528,negative,-0.412656158208847,positive
4176,PKN,2025-06-17 17:53:00,4,2025-06-25,81.97,uptrend,uptrend,uptrend,uptrend,-0.0065446612531815,negative,-0.412656158208847,positive
4176,PKN,2025-06-17 17:53:00,5,2025-06-26,82.71,uptrend,uptrend,uptrend,uptrend,0.0090276930584358,negative,-0.412656158208847,positive
4196,PKN,2025-06-17 18:50:00,0,2025-06-18,81.58,uptrend,uptrend,uptrend,uptrend,,neutral,0.3853359594941139,neutral
4196,PKN,2025-06-17 18:50:00,1,2025-06-20,82.8,uptrend,uptrend,uptrend,uptrend,0.0149546457465064,neutral,0.3853359594941139,neutral
4196,PKN,2025-06-17 18:50:00,2,2025-06-23,83.22,uptrend,uptrend,uptrend,uptrend,0.0050724637681158,neutral,0.3853359594941139,neutral
4196,PKN,2025-06-17 18:50:00,3,2025-06-24,82.51,uptrend,uptrend,uptrend,uptrend,-0.0085316029800528,neutral,0.3853359594941139,neutral
4196,PKN,2025-06-17 18:50:00,4,2025-06-25,81.97,uptrend,uptrend,uptrend,uptrend,-0.0065446612531815,neutral,0.3853359594941139,neutral
4196,PKN,2025-06-17 18:50:00,5,2025-06-26,82.71,uptrend,uptrend,uptrend,uptrend,0.0090276930584358,neutral,0.3853359594941139,neutral
4218,CDR,2025-06-17 20:48:00,0,2025-06-18,270.3,uptrend,uptrend,uptrend,uptrend,,negative,-0.9934590802295132,positive
4218,CDR,2025-06-17 20:48:00,1,2025-06-20,270.5,uptrend,uptrend,uptrend,uptrend,0.0007399186089529,negative,-0.9934590802295132,positive
4218,CDR,2025-06-17 20:48:00,2,2025-06-23,271.4,uptrend,uptrend,uptrend,uptrend,0.0033271719038816,negative,-0.9934590802295132,positive
4218,CDR,2025-06-17 20:48:00,3,2025-06-24,276.0,uptrend,uptrend,uptrend,uptrend,0.016949152542373,negative,-0.9934590802295132,positive
4218,CDR,2025-06-17 20:48:00,4,2025-06-25,275.2,uptrend,uptrend,uptrend,uptrend,-0.0028985507246377,negative,-0.9934590802295132,positive
4218,CDR,2025-06-17 20:48:00,5,2025-06-26,275.6,uptrend,uptrend,uptrend,uptrend,0.0014534883720931,negative,-0.9934590802295132,positive
4242,PKN,2025-06-17 23:32:00,0,2025-06-18,81.58,uptrend,uptrend,uptrend,uptrend,,positive,0.9979695809743134,positive
4242,PKN,2025-06-17 23:32:00,1,2025-06-20,82.8,uptrend,uptrend,uptrend,uptrend,0.0149546457465064,positive,0.9979695809743134,positive
4242,PKN,2025-06-17 23:32:00,2,2025-06-23,83.22,uptrend,uptrend,uptrend,uptrend,0.0050724637681158,positive,0.9979695809743134,positive
4242,PKN,2025-06-17 23:32:00,3,2025-06-24,82.51,uptrend,uptrend,uptrend,uptrend,-0.0085316029800528,positive,0.9979695809743134,positive
4242,PKN,2025-06-17 23:32:00,4,2025-06-25,81.97,uptrend,uptrend,uptrend,uptrend,-0.0065446612531815,positive,0.9979695809743134,positive
4242,PKN,2025-06-17 23:32:00,5,2025-06-26,82.71,uptrend,uptrend,uptrend,uptrend,0.0090276930584358,positive,0.9979695809743134,positive
4348,LPP,2025-06-18 12:26:00,0,2025-06-18,13910.0,downtrend,downtrend,downtrend,downtrend,,positive,0.4695064686238765,neutral
4348,LPP,2025-06-18 12:26:00,1,2025-06-20,14045.0,downtrend,downtrend,downtrend,downtrend,0.009705248023005,positive,0.4695064686238765,neutral
4348,LPP,2025-06-18 12:26:00,2,2025-06-23,13660.0,downtrend,downtrend,downtrend,downtrend,-0.0274118903524386,positive,0.4695064686238765,neutral
4348,LPP,2025-06-18 12:26:00,3,2025-06-24,14030.0,downtrend,downtrend,downtrend,downtrend,0.0270863836017569,positive,0.4695064686238765,neutral
4348,LPP,2025-06-18 12:26:00,4,2025-06-25,13930.0,downtrend,downtrend,downtrend,downtrend,-0.007127583749109,positive,0.4695064686238765,neutral
4348,LPP,2025-06-18 12:26:00,5,2025-06-26,14430.0,downtrend,downtrend,downtrend,downtrend,0.0358937544867192,positive,0.4695064686238765,neutral
4371,PKN,2025-06-18 14:52:00,0,2025-06-18,81.58,uptrend,uptrend,uptrend,uptrend,,neutral,-0.1572742313146591,positive
4371,PKN,2025-06-18 14:52:00,1,2025-06-20,82.8,uptrend,uptrend,uptrend,uptrend,0.0149546457465064,neutral,-0.1572742313146591,positive
4371,PKN,2025-06-18 14:52:00,2,2025-06-23,83.22,uptrend,uptrend,uptrend,uptrend,0.0050724637681158,neutral,-0.1572742313146591,positive
4371,PKN,2025-06-18 14:52:00,3,2025-06-24,82.51,uptrend,uptrend,uptrend,uptrend,-0.0085316029800528,neutral,-0.1572742313146591,positive
4371,PKN,2025-06-18 14:52:00,4,2025-06-25,81.97,uptrend,uptrend,uptrend,uptrend,-0.0065446612531815,neutral,-0.1572742313146591,positive
4371,PKN,2025-06-18 14:52:00,5,2025-06-26,82.71,uptrend,uptrend,uptrend,uptrend,0.0090276930584358,neutral,-0.1572742313146591,positive
4445,KGH,2025-06-19 08:36:00,0,2025-06-20,121.75,horizontal,horizontal,horizontal,uptrend,,negative,-0.1872894465923309,negative
4445,KGH,2025-06-19 08:36:00,1,2025-06-23,120.5,horizontal,downtrend,horizontal,downtrend,-0.0102669404517453,negative,-0.1872894465923309,negative
4445,KGH,2025-06-19 08:36:00,2,2025-06-24,124.8,downtrend,horizontal,horizontal,uptrend,0.0356846473029044,negative,-0.1872894465923309,negative
4445,KGH,2025-06-19 08:36:00,3,2025-06-25,123.8,downtrend,horizontal,horizontal,uptrend,-0.0080128205128204,negative,-0.1872894465923309,negative
4445,KGH,2025-06-19 08:36:00,4,2025-06-26,130.0,downtrend,horizontal,horizontal,uptrend,0.0500807754442649,negative,-0.1872894465923309,negative
4445,KGH,2025-06-19 08:36:00,5,2025-06-27,129.0,downtrend,horizontal,horizontal,uptrend,-0.0076923076923076,negative,-0.1872894465923309,negative
4449,PKN,2025-06-19 09:58:00,0,2025-06-20,82.8,uptrend,uptrend,uptrend,uptrend,,negative,-0.1322055459022522,neutral
4449,PKN,2025-06-19 09:58:00,1,2025-06-23,83.22,uptrend,uptrend,uptrend,uptrend,0.0050724637681158,negative,-0.1322055459022522,neutral
4449,PKN,2025-06-19 09:58:00,2,2025-06-24,82.51,uptrend,uptrend,uptrend,uptrend,-0.0085316029800528,negative,-0.1322055459022522,neutral
4449,PKN,2025-06-19 09:58:00,3,2025-06-25,81.97,uptrend,uptrend,uptrend,uptrend,-0.0065446612531815,negative,-0.1322055459022522,neutral
4449,PKN,2025-06-19 09:58:00,4,2025-06-26,82.71,uptrend,uptrend,uptrend,uptrend,0.0090276930584358,negative,-0.1322055459022522,neutral
4449,PKN,2025-06-19 09:58:00,5,2025-06-27,81.61,uptrend,uptrend,uptrend,uptrend,-0.0132994801112319,negative,-0.1322055459022522,neutral
4524,CDR,2025-06-20 09:17:00,0,2025-06-20,270.5,uptrend,uptrend,uptrend,uptrend,,positive,0.4902343861758709,positive
4524,CDR,2025-06-20 09:17:00,1,2025-06-23,271.4,uptrend,uptrend,uptrend,uptrend,0.0033271719038816,positive,0.4902343861758709,positive
4524,CDR,2025-06-20 09:17:00,2,2025-06-24,276.0,uptrend,uptrend,uptrend,uptrend,0.016949152542373,positive,0.4902343861758709,positive
4524,CDR,2025-06-20 09:17:00,3,2025-06-25,275.2,uptrend,uptrend,uptrend,uptrend,-0.0028985507246377,positive,0.4902343861758709,positive
4524,CDR,2025-06-20 09:17:00,4,2025-06-26,275.6,uptrend,uptrend,uptrend,uptrend,0.0014534883720931,positive,0.4902343861758709,positive
4524,CDR,2025-06-20 09:17:00,5,2025-06-27,275.3,uptrend,uptrend,uptrend,uptrend,-0.001088534107402,positive,0.4902343861758709,positive
4549,LPP,2025-06-20 10:23:00,0,2025-06-20,14045.0,downtrend,downtrend,downtrend,downtrend,,positive,0.99793466036499,neutral
4549,LPP,2025-06-20 10:23:00,1,2025-06-23,13660.0,downtrend,downtrend,downtrend,downtrend,-0.0274118903524386,positive,0.99793466036499,neutral
4549,LPP,2025-06-20 10:23:00,2,2025-06-24,14030.0,downtrend,downtrend,downtrend,downtrend,0.0270863836017569,positive,0.99793466036499,neutral
4549,LPP,2025-06-20 10:23:00,3,2025-06-25,13930.0,downtrend,downtrend,downtrend,downtrend,-0.007127583749109,positive,0.99793466036499,neutral
4549,LPP,2025-06-20 10:23:00,4,2025-06-26,14430.0,downtrend,downtrend,downtrend,downtrend,0.0358937544867192,positive,0.99793466036499,neutral
4549,LPP,2025-06-20 10:23:00,5,2025-06-27,14900.0,downtrend,downtrend,uptrend,downtrend,0.0325710325710326,positive,0.99793466036499,neutral
4580,PKN,2025-06-20 11:45:00,0,2025-06-20,82.8,uptrend,uptrend,uptrend,uptrend,,positive,0.9982989272539272,positive
4580,PKN,2025-06-20 11:45:00,1,2025-06-23,83.22,uptrend,uptrend,uptrend,uptrend,0.0050724637681158,positive,0.9982989272539272,positive
4580,PKN,2025-06-20 11:45:00,2,2025-06-24,82.51,uptrend,uptrend,uptrend,uptrend,-0.0085316029800528,positive,0.9982989272539272,positive
4580,PKN,2025-06-20 11:45:00,3,2025-06-25,81.97,uptrend,uptrend,uptrend,uptrend,-0.0065446612531815,positive,0.9982989272539272,positive
4580,PKN,2025-06-20 11:45:00,4,2025-06-26,82.71,uptrend,uptrend,uptrend,uptrend,0.0090276930584358,positive,0.9982989272539272,positive
4580,PKN,2025-06-20 11:45:00,5,2025-06-27,81.61,uptrend,uptrend,uptrend,uptrend,-0.0132994801112319,positive,0.9982989272539272,positive
4586,PKN,2025-06-20 11:54:00,0,2025-06-20,82.8,uptrend,uptrend,uptrend,uptrend,,positive,0.4459890685975551,negative
4586,PKN,2025-06-20 11:54:00,1,2025-06-23,83.22,uptrend,uptrend,uptrend,uptrend,0.0050724637681158,positive,0.4459890685975551,negative
4586,PKN,2025-06-20 11:54:00,2,2025-06-24,82.51,uptrend,uptrend,uptrend,uptrend,-0.0085316029800528,positive,0.4459890685975551,negative
4586,PKN,2025-06-20 11:54:00,3,2025-06-25,81.97,uptrend,uptrend,uptrend,uptrend,-0.0065446612531815,positive,0.4459890685975551,negative
4586,PKN,2025-06-20 11:54:00,4,2025-06-26,82.71,uptrend,uptrend,uptrend,uptrend,0.0090276930584358,positive,0.4459890685975551,negative
4586,PKN,2025-06-20 11:54:00,5,2025-06-27,81.61,uptrend,uptrend,uptrend,uptrend,-0.0132994801112319,positive,0.4459890685975551,negative
4763,CDR,2025-06-22 06:37:00,0,2025-06-23,271.4,uptrend,uptrend,uptrend,uptrend,,negative,-0.992611228604801,neutral
4763,CDR,2025-06-22 06:37:00,1,2025-06-24,276.0,uptrend,uptrend,uptrend,uptrend,0.016949152542373,negative,-0.992611228604801,neutral
4763,CDR,2025-06-22 06:37:00,2,2025-06-25,275.2,uptrend,uptrend,uptrend,uptrend,-0.0028985507246377,negative,-0.992611228604801,neutral
4763,CDR,2025-06-22 06:37:00,3,2025-06-26,275.6,uptrend,uptrend,uptrend,uptrend,0.0014534883720931,negative,-0.992611228604801,neutral
4763,CDR,2025-06-22 06:37:00,4,2025-06-27,275.3,uptrend,uptrend,uptrend,uptrend,-0.001088534107402,negative,-0.992611228604801,neutral
4763,CDR,2025-06-22 06:37:00,5,2025-06-30,280.8,uptrend,uptrend,uptrend,uptrend,0.0199782055938975,negative,-0.992611228604801,neutral
4881,PKN,2025-06-22 21:19:00,0,2025-06-23,83.22,uptrend,uptrend,uptrend,uptrend,,neutral,0.1213763356208801,negative
4881,PKN,2025-06-22 21:19:00,1,2025-06-24,82.51,uptrend,uptrend,uptrend,uptrend,-0.0085316029800528,neutral,0.1213763356208801,negative
4881,PKN,2025-06-22 21:19:00,2,2025-06-25,81.97,uptrend,uptrend,uptrend,uptrend,-0.0065446612531815,neutral,0.1213763356208801,negative
4881,PKN,2025-06-22 21:19:00,3,2025-06-26,82.71,uptrend,uptrend,uptrend,uptrend,0.0090276930584358,neutral,0.1213763356208801,negative
4881,PKN,2025-06-22 21:19:00,4,2025-06-27,81.61,uptrend,uptrend,uptrend,uptrend,-0.0132994801112319,neutral,0.1213763356208801,negative
4881,PKN,2025-06-22 21:19:00,5,2025-06-30,82.1,uptrend,uptrend,uptrend,uptrend,0.0060041661561083,neutral,0.1213763356208801,negative
4947,LPP,2025-06-23 10:14:00,0,2025-06-23,13660.0,downtrend,downtrend,downtrend,downtrend,,positive,0.4204252734780311,negative
4947,LPP,2025-06-23 10:14:00,1,2025-06-24,14030.0,downtrend,downtrend,downtrend,downtrend,0.0270863836017569,positive,0.4204252734780311,negative
4947,LPP,2025-06-23 10:14:00,2,2025-06-25,13930.0,downtrend,downtrend,downtrend,downtrend,-0.007127583749109,positive,0.4204252734780311,negative
4947,LPP,2025-06-23 10:14:00,3,2025-06-26,14430.0,downtrend,downtrend,downtrend,downtrend,0.0358937544867192,positive,0.4204252734780311,negative
4947,LPP,2025-06-23 10:14:00,4,2025-06-27,14900.0,downtrend,downtrend,uptrend,downtrend,0.0325710325710326,positive,0.4204252734780311,negative
4947,LPP,2025-06-23 10:14:00,5,2025-06-30,14670.0,downtrend,downtrend,uptrend,downtrend,-0.0154362416107383,positive,0.4204252734780311,negative
5009,PKN,2025-06-23 12:52:00,0,2025-06-23,83.22,uptrend,uptrend,uptrend,uptrend,,positive,0.9982148277340456,positive
5009,PKN,2025-06-23 12:52:00,1,2025-06-24,82.51,uptrend,uptrend,uptrend,uptrend,-0.0085316029800528,positive,0.9982148277340456,positive
5009,PKN,2025-06-23 12:52:00,2,2025-06-25,81.97,uptrend,uptrend,uptrend,uptrend,-0.0065446612531815,positive,0.9982148277340456,positive
5009,PKN,2025-06-23 12:52:00,3,2025-06-26,82.71,uptrend,uptrend,uptrend,uptrend,0.0090276930584358,positive,0.9982148277340456,positive
5009,PKN,2025-06-23 12:52:00,4,2025-06-27,81.61,uptrend,uptrend,uptrend,uptrend,-0.0132994801112319,positive,0.9982148277340456,positive
5009,PKN,2025-06-23 12:52:00,5,2025-06-30,82.1,uptrend,uptrend,uptrend,uptrend,0.0060041661561083,positive,0.9982148277340456,positive
5030,LPP,2025-06-23 14:15:00,0,2025-06-23,13660.0,downtrend,downtrend,downtrend,downtrend,,negative,-0.9950919885886832,negative
5030,LPP,2025-06-23 14:15:00,1,2025-06-24,14030.0,downtrend,downtrend,downtrend,downtrend,0.0270863836017569,negative,-0.9950919885886832,negative
5030,LPP,2025-06-23 14:15:00,2,2025-06-25,13930.0,downtrend,downtrend,downtrend,downtrend,-0.007127583749109,negative,-0.9950919885886832,negative
5030,LPP,2025-06-23 14:15:00,3,2025-06-26,14430.0,downtrend,downtrend,downtrend,downtrend,0.0358937544867192,negative,-0.9950919885886832,negative
5030,LPP,2025-06-23 14:15:00,4,2025-06-27,14900.0,downtrend,downtrend,uptrend,downtrend,0.0325710325710326,negative,-0.9950919885886832,negative
5030,LPP,2025-06-23 14:15:00,5,2025-06-30,14670.0,downtrend,downtrend,uptrend,downtrend,-0.0154362416107383,negative,-0.9950919885886832,negative
5110,CDR,2025-06-23 20:52:00,0,2025-06-24,276.0,uptrend,uptrend,uptrend,uptrend,,negative,-0.993492457550019,positive
5110,CDR,2025-06-23 20:52:00,1,2025-06-25,275.2,uptrend,uptrend,uptrend,uptrend,-0.0028985507246377,negative,-0.993492457550019,positive
5110,CDR,2025-06-23 20:52:00,2,2025-06-26,275.6,uptrend,uptrend,uptrend,uptrend,0.0014534883720931,negative,-0.993492457550019,positive
5110,CDR,2025-06-23 20:52:00,3,2025-06-27,275.3,uptrend,uptrend,uptrend,uptrend,-0.001088534107402,negative,-0.993492457550019,positive
5110,CDR,2025-06-23 20:52:00,4,2025-06-30,280.8,uptrend,uptrend,uptrend,uptrend,0.0199782055938975,negative,-0.993492457550019,positive
5110,CDR,2025-06-23 20:52:00,5,2025-07-01,276.0,uptrend,uptrend,uptrend,uptrend,-0.0170940170940171,negative,-0.993492457550019,positive
5180,PKN,2025-06-24 09:14:00,0,2025-06-24,82.51,uptrend,uptrend,uptrend,uptrend,,neutral,-0.0009251860901713,negative
5180,PKN,2025-06-24 09:14:00,1,2025-06-25,81.97,uptrend,uptrend,uptrend,uptrend,-0.0065446612531815,neutral,-0.0009251860901713,negative
5180,PKN,2025-06-24 09:14:00,2,2025-06-26,82.71,uptrend,uptrend,uptrend,uptrend,0.0090276930584358,neutral,-0.0009251860901713,negative
5180,PKN,2025-06-24 09:14:00,3,2025-06-27,81.61,uptrend,uptrend,uptrend,uptrend,-0.0132994801112319,neutral,-0.0009251860901713,negative
5180,PKN,2025-06-24 09:14:00,4,2025-06-30,82.1,uptrend,uptrend,uptrend,uptrend,0.0060041661561083,neutral,-0.0009251860901713,negative
5180,PKN,2025-06-24 09:14:00,5,2025-07-01,82.48,uptrend,uptrend,uptrend,uptrend,0.0046285018270402,neutral,-0.0009251860901713,negative
5186,PKN,2025-06-24 09:28:00,0,2025-06-24,82.51,uptrend,uptrend,uptrend,uptrend,,positive,0.3040879964828491,neutral
5186,PKN,2025-06-24 09:28:00,1,2025-06-25,81.97,uptrend,uptrend,uptrend,uptrend,-0.0065446612531815,positive,0.3040879964828491,neutral
5186,PKN,2025-06-24 09:28:00,2,2025-06-26,82.71,uptrend,uptrend,uptrend,uptrend,0.0090276930584358,positive,0.3040879964828491,neutral
5186,PKN,2025-06-24 09:28:00,3,2025-06-27,81.61,uptrend,uptrend,uptrend,uptrend,-0.0132994801112319,positive,0.3040879964828491,neutral
5186,PKN,2025-06-24 09:28:00,4,2025-06-30,82.1,uptrend,uptrend,uptrend,uptrend,0.0060041661561083,positive,0.3040879964828491,neutral
5186,PKN,2025-06-24 09:28:00,5,2025-07-01,82.48,uptrend,uptrend,uptrend,uptrend,0.0046285018270402,positive,0.3040879964828491,neutral
5206,PKN,2025-06-24 10:29:00,0,2025-06-24,82.51,uptrend,uptrend,uptrend,uptrend,,neutral,0.0032497588545084,neutral
5206,PKN,2025-06-24 10:29:00,1,2025-06-25,81.97,uptrend,uptrend,uptrend,uptrend,-0.0065446612531815,neutral,0.0032497588545084,neutral
5206,PKN,2025-06-24 10:29:00,2,2025-06-26,82.71,uptrend,uptrend,uptrend,uptrend,0.0090276930584358,neutral,0.0032497588545084,neutral
5206,PKN,2025-06-24 10:29:00,3,2025-06-27,81.61,uptrend,uptrend,uptrend,uptrend,-0.0132994801112319,neutral,0.0032497588545084,neutral
5206,PKN,2025-06-24 10:29:00,4,2025-06-30,82.1,uptrend,uptrend,uptrend,uptrend,0.0060041661561083,neutral,0.0032497588545084,neutral
5206,PKN,2025-06-24 10:29:00,5,2025-07-01,82.48,uptrend,uptrend,uptrend,uptrend,0.0046285018270402,neutral,0.0032497588545084,neutral
5208,CDR,2025-06-24 10:36:00,0,2025-06-24,276.0,uptrend,uptrend,uptrend,uptrend,,positive,0.4766257181763649,neutral
5208,CDR,2025-06-24 10:36:00,1,2025-06-25,275.2,uptrend,uptrend,uptrend,uptrend,-0.0028985507246377,positive,0.4766257181763649,neutral
5208,CDR,2025-06-24 10:36:00,2,2025-06-26,275.6,uptrend,uptrend,uptrend,uptrend,0.0014534883720931,positive,0.4766257181763649,neutral
5208,CDR,2025-06-24 10:36:00,3,2025-06-27,275.3,uptrend,uptrend,uptrend,uptrend,-0.001088534107402,positive,0.4766257181763649,neutral
5208,CDR,2025-06-24 10:36:00,4,2025-06-30,280.8,uptrend,uptrend,uptrend,uptrend,0.0199782055938975,positive,0.4766257181763649,neutral
5208,CDR,2025-06-24 10:36:00,5,2025-07-01,276.0,uptrend,uptrend,uptrend,uptrend,-0.0170940170940171,positive,0.4766257181763649,neutral
5266,CDR,2025-06-24 14:42:00,0,2025-06-24,276.0,uptrend,uptrend,uptrend,uptrend,,negative,-0.0557248890399932,negative
5266,CDR,2025-06-24 14:42:00,1,2025-06-25,275.2,uptrend,uptrend,uptrend,uptrend,-0.0028985507246377,negative,-0.0557248890399932,negative
5266,CDR,2025-06-24 14:42:00,2,2025-06-26,275.6,uptrend,uptrend,uptrend,uptrend,0.0014534883720931,negative,-0.0557248890399932,negative
5266,CDR,2025-06-24 14:42:00,3,2025-06-27,275.3,uptrend,uptrend,uptrend,uptrend,-0.001088534107402,negative,-0.0557248890399932,negative
5266,CDR,2025-06-24 14:42:00,4,2025-06-30,280.8,uptrend,uptrend,uptrend,uptrend,0.0199782055938975,negative,-0.0557248890399932,negative
5266,CDR,2025-06-24 14:42:00,5,2025-07-01,276.0,uptrend,uptrend,uptrend,uptrend,-0.0170940170940171,negative,-0.0557248890399932,negative
5298,CDR,2025-06-24 17:05:00,0,2025-06-25,275.2,uptrend,uptrend,uptrend,uptrend,,positive,0.9987341235828352,positive
5298,CDR,2025-06-24 17:05:00,1,2025-06-26,275.6,uptrend,uptrend,uptrend,uptrend,0.0014534883720931,positive,0.9987341235828352,positive
5298,CDR,2025-06-24 17:05:00,2,2025-06-27,275.3,uptrend,uptrend,uptrend,uptrend,-0.001088534107402,positive,0.9987341235828352,positive
5298,CDR,2025-06-24 17:05:00,3,2025-06-30,280.8,uptrend,uptrend,uptrend,uptrend,0.0199782055938975,positive,0.9987341235828352,positive
5298,CDR,2025-06-24 17:05:00,4,2025-07-01,276.0,uptrend,uptrend,uptrend,uptrend,-0.0170940170940171,positive,0.9987341235828352,positive
5298,CDR,2025-06-24 17:05:00,5,2025-07-02,269.8,uptrend,uptrend,uptrend,uptrend,-0.0224637681159419,positive,0.9987341235828352,positive
5315,CDR,2025-06-24 18:11:00,0,2025-06-25,275.2,uptrend,uptrend,uptrend,uptrend,,neutral,-0.0120719799306243,positive
5315,CDR,2025-06-24 18:11:00,1,2025-06-26,275.6,uptrend,uptrend,uptrend,uptrend,0.0014534883720931,neutral,-0.0120719799306243,positive
5315,CDR,2025-06-24 18:11:00,2,2025-06-27,275.3,uptrend,uptrend,uptrend,uptrend,-0.001088534107402,neutral,-0.0120719799306243,positive
5315,CDR,2025-06-24 18:11:00,3,2025-06-30,280.8,uptrend,uptrend,uptrend,uptrend,0.0199782055938975,neutral,-0.0120719799306243,positive
5315,CDR,2025-06-24 18:11:00,4,2025-07-01,276.0,uptrend,uptrend,uptrend,uptrend,-0.0170940170940171,neutral,-0.0120719799306243,positive
5315,CDR,2025-06-24 18:11:00,5,2025-07-02,269.8,uptrend,uptrend,uptrend,uptrend,-0.0224637681159419,neutral,-0.0120719799306243,positive
5340,PKN,2025-06-24 21:35:00,0,2025-06-25,81.97,uptrend,uptrend,uptrend,uptrend,,positive,0.3817246109247207,neutral
5340,PKN,2025-06-24 21:35:00,1,2025-06-26,82.71,uptrend,uptrend,uptrend,uptrend,0.0090276930584358,positive,0.3817246109247207,neutral
5340,PKN,2025-06-24 21:35:00,2,2025-06-27,81.61,uptrend,uptrend,uptrend,uptrend,-0.0132994801112319,positive,0.3817246109247207,neutral
5340,PKN,2025-06-24 21:35:00,3,2025-06-30,82.1,uptrend,uptrend,uptrend,uptrend,0.0060041661561083,positive,0.3817246109247207,neutral
5340,PKN,2025-06-24 21:35:00,4,2025-07-01,82.48,uptrend,uptrend,uptrend,uptrend,0.0046285018270402,positive,0.3817246109247207,neutral
5340,PKN,2025-06-24 21:35:00,5,2025-07-02,83.72,uptrend,uptrend,uptrend,uptrend,0.0150339476236662,positive,0.3817246109247207,neutral
5350,PKN,2025-06-24 23:48:00,0,2025-06-25,81.97,uptrend,uptrend,uptrend,uptrend,,neutral,-0.1475879698991775,positive
5350,PKN,2025-06-24 23:48:00,1,2025-06-26,82.71,uptrend,uptrend,uptrend,uptrend,0.0090276930584358,neutral,-0.1475879698991775,positive
5350,PKN,2025-06-24 23:48:00,2,2025-06-27,81.61,uptrend,uptrend,uptrend,uptrend,-0.0132994801112319,neutral,-0.1475879698991775,positive
5350,PKN,2025-06-24 23:48:00,3,2025-06-30,82.1,uptrend,uptrend,uptrend,uptrend,0.0060041661561083,neutral,-0.1475879698991775,positive
5350,PKN,2025-06-24 23:48:00,4,2025-07-01,82.48,uptrend,uptrend,uptrend,uptrend,0.0046285018270402,neutral,-0.1475879698991775,positive
5350,PKN,2025-06-24 23:48:00,5,2025-07-02,83.72,uptrend,uptrend,uptrend,uptrend,0.0150339476236662,neutral,-0.1475879698991775,positive
5404,PKN,2025-06-25 10:33:00,0,2025-06-25,81.97,uptrend,uptrend,uptrend,uptrend,,neutral,0.0004874765872955,neutral
5404,PKN,2025-06-25 10:33:00,1,2025-06-26,82.71,uptrend,uptrend,uptrend,uptrend,0.0090276930584358,neutral,0.0004874765872955,neutral
5404,PKN,2025-06-25 10:33:00,2,2025-06-27,81.61,uptrend,uptrend,uptrend,uptrend,-0.0132994801112319,neutral,0.0004874765872955,neutral
5404,PKN,2025-06-25 10:33:00,3,2025-06-30,82.1,uptrend,uptrend,uptrend,uptrend,0.0060041661561083,neutral,0.0004874765872955,neutral
5404,PKN,2025-06-25 10:33:00,4,2025-07-01,82.48,uptrend,uptrend,uptrend,uptrend,0.0046285018270402,neutral,0.0004874765872955,neutral
5404,PKN,2025-06-25 10:33:00,5,2025-07-02,83.72,uptrend,uptrend,uptrend,uptrend,0.0150339476236662,neutral,0.0004874765872955,neutral
5482,LPP,2025-06-25 15:29:00,0,2025-06-25,13930.0,downtrend,downtrend,downtrend,downtrend,,positive,0.397559642791748,neutral
5482,LPP,2025-06-25 15:29:00,1,2025-06-26,14430.0,downtrend,downtrend,downtrend,downtrend,0.0358937544867192,positive,0.397559642791748,neutral
5482,LPP,2025-06-25 15:29:00,2,2025-06-27,14900.0,downtrend,downtrend,uptrend,downtrend,0.0325710325710326,positive,0.397559642791748,neutral
5482,LPP,2025-06-25 15:29:00,3,2025-06-30,14670.0,downtrend,downtrend,uptrend,downtrend,-0.0154362416107383,positive,0.397559642791748,neutral
5482,LPP,2025-06-25 15:29:00,4,2025-07-01,14875.0,horizontal,horizontal,uptrend,downtrend,0.0139740967961827,positive,0.397559642791748,neutral
5482,LPP,2025-06-25 15:29:00,5,2025-07-02,14975.0,horizontal,horizontal,uptrend,downtrend,0.0067226890756302,positive,0.397559642791748,neutral
5510,CDR,2025-06-25 18:15:00,0,2025-06-26,275.6,uptrend,uptrend,uptrend,uptrend,,neutral,0.005745724774897,negative
5510,CDR,2025-06-25 18:15:00,1,2025-06-27,275.3,uptrend,uptrend,uptrend,uptrend,-0.001088534107402,neutral,0.005745724774897,negative
5510,CDR,2025-06-25 18:15:00,2,2025-06-30,280.8,uptrend,uptrend,uptrend,uptrend,0.0199782055938975,neutral,0.005745724774897,negative
5510,CDR,2025-06-25 18:15:00,3,2025-07-01,276.0,uptrend,uptrend,uptrend,uptrend,-0.0170940170940171,neutral,0.005745724774897,negative
5510,CDR,2025-06-25 18:15:00,4,2025-07-02,269.8,uptrend,uptrend,uptrend,uptrend,-0.0224637681159419,neutral,0.005745724774897,negative
5510,CDR,2025-06-25 18:15:00,5,2025-07-03,269.5,uptrend,uptrend,uptrend,uptrend,-0.0011119347664937,neutral,0.005745724774897,negative
5524,CDR,2025-06-25 19:50:00,0,2025-06-26,275.6,uptrend,uptrend,uptrend,uptrend,,positive,0.4239724427461624,neutral
5524,CDR,2025-06-25 19:50:00,1,2025-06-27,275.3,uptrend,uptrend,uptrend,uptrend,-0.001088534107402,positive,0.4239724427461624,neutral
5524,CDR,2025-06-25 19:50:00,2,2025-06-30,280.8,uptrend,uptrend,uptrend,uptrend,0.0199782055938975,positive,0.4239724427461624,neutral
5524,CDR,2025-06-25 19:50:00,3,2025-07-01,276.0,uptrend,uptrend,uptrend,uptrend,-0.0170940170940171,positive,0.4239724427461624,neutral
5524,CDR,2025-06-25 19:50:00,4,2025-07-02,269.8,uptrend,uptrend,uptrend,uptrend,-0.0224637681159419,positive,0.4239724427461624,neutral
5524,CDR,2025-06-25 19:50:00,5,2025-07-03,269.5,uptrend,uptrend,uptrend,uptrend,-0.0011119347664937,positive,0.4239724427461624,neutral
5574,PKO,2025-06-26 08:09:00,0,2025-06-26,73.7,downtrend,downtrend,downtrend,horizontal,,neutral,-0.1628246307373047,neutral
5574,PKO,2025-06-26 08:09:00,1,2025-06-27,73.74,downtrend,horizontal,downtrend,horizontal,0.0005427408412481,neutral,-0.1628246307373047,neutral
5574,PKO,2025-06-26 08:09:00,2,2025-06-30,75.24,horizontal,horizontal,uptrend,horizontal,0.0203417412530513,neutral,-0.1628246307373047,neutral
5574,PKO,2025-06-26 08:09:00,3,2025-07-01,74.24,uptrend,horizontal,uptrend,horizontal,-0.013290802764487,neutral,-0.1628246307373047,neutral
5574,PKO,2025-06-26 08:09:00,4,2025-07-02,75.44,uptrend,uptrend,uptrend,uptrend,0.0161637931034484,neutral,-0.1628246307373047,neutral
5574,PKO,2025-06-26 08:09:00,5,2025-07-03,77.48,uptrend,uptrend,uptrend,uptrend,0.0270413573700956,neutral,-0.1628246307373047,neutral
5579,PKN,2025-06-26 08:24:00,0,2025-06-26,82.71,uptrend,uptrend,uptrend,uptrend,,neutral,-0.0019164616242051,neutral
5579,PKN,2025-06-26 08:24:00,1,2025-06-27,81.61,uptrend,uptrend,uptrend,uptrend,-0.0132994801112319,neutral,-0.0019164616242051,neutral
5579,PKN,2025-06-26 08:24:00,2,2025-06-30,82.1,uptrend,uptrend,uptrend,uptrend,0.0060041661561083,neutral,-0.0019164616242051,neutral
5579,PKN,2025-06-26 08:24:00,3,2025-07-01,82.48,uptrend,uptrend,uptrend,uptrend,0.0046285018270402,neutral,-0.0019164616242051,neutral
5579,PKN,2025-06-26 08:24:00,4,2025-07-02,83.72,uptrend,uptrend,uptrend,uptrend,0.0150339476236662,neutral,-0.0019164616242051,neutral
5579,PKN,2025-06-26 08:24:00,5,2025-07-03,84.16,uptrend,uptrend,uptrend,uptrend,0.005255613951266,neutral,-0.0019164616242051,neutral
5875,LPP,2025-06-27 13:09:00,0,2025-06-27,14900.0,downtrend,downtrend,uptrend,downtrend,,positive,0.4267717152833938,negative
5875,LPP,2025-06-27 13:09:00,1,2025-06-30,14670.0,downtrend,downtrend,uptrend,downtrend,-0.0154362416107383,positive,0.4267717152833938,negative
5875,LPP,2025-06-27 13:09:00,2,2025-07-01,14875.0,horizontal,horizontal,uptrend,downtrend,0.0139740967961827,positive,0.4267717152833938,negative
5875,LPP,2025-06-27 13:09:00,3,2025-07-02,14975.0,horizontal,horizontal,uptrend,downtrend,0.0067226890756302,positive,0.4267717152833938,negative
5875,LPP,2025-06-27 13:09:00,4,2025-07-03,14880.0,uptrend,horizontal,uptrend,downtrend,-0.0063439065108513,positive,0.4267717152833938,negative
5875,LPP,2025-06-27 13:09:00,5,2025-07-04,14800.0,uptrend,horizontal,uptrend,downtrend,-0.0053763440860215,positive,0.4267717152833938,negative
5911,CDR,2025-06-27 16:41:00,0,2025-06-27,275.3,uptrend,uptrend,uptrend,uptrend,,neutral,-0.0116683226078748,neutral
5911,CDR,2025-06-27 16:41:00,1,2025-06-30,280.8,uptrend,uptrend,uptrend,uptrend,0.0199782055938975,neutral,-0.0116683226078748,neutral
5911,CDR,2025-06-27 16:41:00,2,2025-07-01,276.0,uptrend,uptrend,uptrend,uptrend,-0.0170940170940171,neutral,-0.0116683226078748,neutral
5911,CDR,2025-06-27 16:41:00,3,2025-07-02,269.8,uptrend,uptrend,uptrend,uptrend,-0.0224637681159419,neutral,-0.0116683226078748,neutral
5911,CDR,2025-06-27 16:41:00,4,2025-07-03,269.5,uptrend,uptrend,uptrend,uptrend,-0.0011119347664937,neutral,-0.0116683226078748,neutral
5911,CDR,2025-06-27 16:41:00,5,2025-07-04,269.9,uptrend,uptrend,uptrend,uptrend,0.0014842300556585,neutral,-0.0116683226078748,neutral
5923,CDR,2025-06-27 18:08:00,0,2025-06-30,280.8,uptrend,uptrend,uptrend,uptrend,,neutral,0.3051352575421333,positive
5923,CDR,2025-06-27 18:08:00,1,2025-07-01,276.0,uptrend,uptrend,uptrend,uptrend,-0.0170940170940171,neutral,0.3051352575421333,positive
5923,CDR,2025-06-27 18:08:00,2,2025-07-02,269.8,uptrend,uptrend,uptrend,uptrend,-0.0224637681159419,neutral,0.3051352575421333,positive
5923,CDR,2025-06-27 18:08:00,3,2025-07-03,269.5,uptrend,uptrend,uptrend,uptrend,-0.0011119347664937,neutral,0.3051352575421333,positive
5923,CDR,2025-06-27 18:08:00,4,2025-07-04,269.9,uptrend,uptrend,uptrend,uptrend,0.0014842300556585,neutral,0.3051352575421333,positive
5923,CDR,2025-06-27 18:08:00,5,2025-07-07,274.0,uptrend,uptrend,uptrend,uptrend,0.0151908114116339,neutral,0.3051352575421333,positive
11825,KGH,2025-08-05 04:45:00,0,2025-08-05,126.55,horizontal,downtrend,horizontal,uptrend,,positive,0.2699852883815765,neutral
11825,KGH,2025-08-05 04:45:00,1,2025-08-06,128.0,downtrend,downtrend,horizontal,uptrend,0.0114579217700514,positive,0.2699852883815765,neutral
11825,KGH,2025-08-05 04:45:00,2,2025-08-07,133.15,downtrend,horizontal,horizontal,uptrend,0.040234375,positive,0.2699852883815765,neutral
11825,KGH,2025-08-05 04:45:00,3,2025-08-08,135.25,downtrend,horizontal,horizontal,uptrend,0.0157716860683438,positive,0.2699852883815765,neutral
11825,KGH,2025-08-05 04:45:00,4,2025-08-11,133.95,downtrend,horizontal,horizontal,uptrend,-0.0096118299445472,positive,0.2699852883815765,neutral
11825,KGH,2025-08-05 04:45:00,5,2025-08-12,135.95,downtrend,horizontal,horizontal,uptrend,0.014930944382232,positive,0.2699852883815765,neutral
11868,KGH,2025-08-05 10:56:00,0,2025-08-05,126.55,horizontal,downtrend,horizontal,uptrend,,negative,-0.3976771384477615,negative
11868,KGH,2025-08-05 10:56:00,1,2025-08-06,128.0,downtrend,downtrend,horizontal,uptrend,0.0114579217700514,negative,-0.3976771384477615,negative
11868,KGH,2025-08-05 10:56:00,2,2025-08-07,133.15,downtrend,horizontal,horizontal,uptrend,0.040234375,negative,-0.3976771384477615,negative
11868,KGH,2025-08-05 10:56:00,3,2025-08-08,135.25,downtrend,horizontal,horizontal,uptrend,0.0157716860683438,negative,-0.3976771384477615,negative
11868,KGH,2025-08-05 10:56:00,4,2025-08-11,133.95,downtrend,horizontal,horizontal,uptrend,-0.0096118299445472,negative,-0.3976771384477615,negative
11868,KGH,2025-08-05 10:56:00,5,2025-08-12,135.95,downtrend,horizontal,horizontal,uptrend,0.014930944382232,negative,-0.3976771384477615,negative
11900,CDR,2025-08-05 13:31:00,0,2025-08-05,246.3,downtrend,downtrend,horizontal,downtrend,,positive,0.997381311666686,neutral
11900,CDR,2025-08-05 13:31:00,1,2025-08-06,248.0,downtrend,downtrend,horizontal,downtrend,0.0069021518473406,positive,0.997381311666686,neutral
11900,CDR,2025-08-05 13:31:00,2,2025-08-07,248.9,downtrend,downtrend,horizontal,downtrend,0.0036290322580645,positive,0.997381311666686,neutral
11900,CDR,2025-08-05 13:31:00,3,2025-08-08,256.4,downtrend,downtrend,horizontal,horizontal,0.0301325833668137,positive,0.997381311666686,neutral
11900,CDR,2025-08-05 13:31:00,4,2025-08-11,255.8,downtrend,downtrend,horizontal,horizontal,-0.0023400936037439,positive,0.997381311666686,neutral
11900,CDR,2025-08-05 13:31:00,5,2025-08-12,252.5,downtrend,downtrend,horizontal,horizontal,-0.0129007036747459,positive,0.997381311666686,neutral
11940,PKN,2025-08-05 16:27:00,0,2025-08-05,82.62,downtrend,horizontal,downtrend,uptrend,,positive,0.3528283536434173,neutral
11940,PKN,2025-08-05 16:27:00,1,2025-08-06,84.33,downtrend,horizontal,downtrend,uptrend,0.0206971677559912,positive,0.3528283536434173,neutral
11940,PKN,2025-08-05 16:27:00,2,2025-08-07,82.72,downtrend,horizontal,downtrend,uptrend,-0.0190916637021225,positive,0.3528283536434173,neutral
11940,PKN,2025-08-05 16:27:00,3,2025-08-08,83.89,downtrend,horizontal,downtrend,uptrend,0.0141441005802707,positive,0.3528283536434173,neutral
11940,PKN,2025-08-05 16:27:00,4,2025-08-11,83.68,downtrend,horizontal,horizontal,uptrend,-0.0025032781022766,positive,0.3528283536434173,neutral
11940,PKN,2025-08-05 16:27:00,5,2025-08-12,85.26,downtrend,horizontal,horizontal,uptrend,0.0188814531548757,positive,0.3528283536434173,neutral
11965,CDR,2025-08-05 18:45:00,0,2025-08-06,248.0,downtrend,downtrend,horizontal,downtrend,,negative,-0.9937101552495732,neutral
11965,CDR,2025-08-05 18:45:00,1,2025-08-07,248.9,downtrend,downtrend,horizontal,downtrend,0.0036290322580645,negative,-0.9937101552495732,neutral
11965,CDR,2025-08-05 18:45:00,2,2025-08-08,256.4,downtrend,downtrend,horizontal,horizontal,0.0301325833668137,negative,-0.9937101552495732,neutral
11965,CDR,2025-08-05 18:45:00,3,2025-08-11,255.8,downtrend,downtrend,horizontal,horizontal,-0.0023400936037439,negative,-0.9937101552495732,neutral
11965,CDR,2025-08-05 18:45:00,4,2025-08-12,252.5,downtrend,downtrend,horizontal,horizontal,-0.0129007036747459,negative,-0.9937101552495732,neutral
11965,CDR,2025-08-05 18:45:00,5,2025-08-13,255.0,downtrend,downtrend,horizontal,horizontal,0.0099009900990099,negative,-0.9937101552495732,neutral
11972,PKN,2025-08-05 19:29:00,0,2025-08-06,84.33,downtrend,horizontal,downtrend,uptrend,,neutral,-0.0022151237353682,positive
11972,PKN,2025-08-05 19:29:00,1,2025-08-07,82.72,downtrend,horizontal,downtrend,uptrend,-0.0190916637021225,neutral,-0.0022151237353682,positive
11972,PKN,2025-08-05 19:29:00,2,2025-08-08,83.89,downtrend,horizontal,downtrend,uptrend,0.0141441005802707,neutral,-0.0022151237353682,positive
11972,PKN,2025-08-05 19:29:00,3,2025-08-11,83.68,downtrend,horizontal,horizontal,uptrend,-0.0025032781022766,neutral,-0.0022151237353682,positive
11972,PKN,2025-08-05 19:29:00,4,2025-08-12,85.26,downtrend,horizontal,horizontal,uptrend,0.0188814531548757,neutral,-0.0022151237353682,positive
11972,PKN,2025-08-05 19:29:00,5,2025-08-13,78.56,downtrend,downtrend,horizontal,horizontal,-0.0785831574008913,neutral,-0.0022151237353682,positive
11985,PKN,2025-08-05 21:40:00,0,2025-08-06,84.33,downtrend,horizontal,downtrend,uptrend,,neutral,0.0307952165603637,neutral
11985,PKN,2025-08-05 21:40:00,1,2025-08-07,82.72,downtrend,horizontal,downtrend,uptrend,-0.0190916637021225,neutral,0.0307952165603637,neutral
11985,PKN,2025-08-05 21:40:00,2,2025-08-08,83.89,downtrend,horizontal,downtrend,uptrend,0.0141441005802707,neutral,0.0307952165603637,neutral
11985,PKN,2025-08-05 21:40:00,3,2025-08-11,83.68,downtrend,horizontal,horizontal,uptrend,-0.0025032781022766,neutral,0.0307952165603637,neutral
11985,PKN,2025-08-05 21:40:00,4,2025-08-12,85.26,downtrend,horizontal,horizontal,uptrend,0.0188814531548757,neutral,0.0307952165603637,neutral
11985,PKN,2025-08-05 21:40:00,5,2025-08-13,78.56,downtrend,downtrend,horizontal,horizontal,-0.0785831574008913,neutral,0.0307952165603637,neutral
12006,PKN,2025-08-06 08:36:00,0,2025-08-06,84.33,downtrend,horizontal,downtrend,uptrend,,neutral,0.0075626969337463,neutral
12006,PKN,2025-08-06 08:36:00,1,2025-08-07,82.72,downtrend,horizontal,downtrend,uptrend,-0.0190916637021225,neutral,0.0075626969337463,neutral
12006,PKN,2025-08-06 08:36:00,2,2025-08-08,83.89,downtrend,horizontal,downtrend,uptrend,0.0141441005802707,neutral,0.0075626969337463,neutral
12006,PKN,2025-08-06 08:36:00,3,2025-08-11,83.68,downtrend,horizontal,horizontal,uptrend,-0.0025032781022766,neutral,0.0075626969337463,neutral
12006,PKN,2025-08-06 08:36:00,4,2025-08-12,85.26,downtrend,horizontal,horizontal,uptrend,0.0188814531548757,neutral,0.0075626969337463,neutral
12006,PKN,2025-08-06 08:36:00,5,2025-08-13,78.56,downtrend,downtrend,horizontal,horizontal,-0.0785831574008913,neutral,0.0075626969337463,neutral
12155,PKO,2025-08-07 10:11:00,0,2025-08-07,81.5,uptrend,uptrend,uptrend,uptrend,,neutral,2.8196722269058228e-05,positive
12155,PKO,2025-08-07 10:11:00,1,2025-08-08,83.52,horizontal,uptrend,uptrend,uptrend,0.0247852760736195,neutral,2.8196722269058228e-05,positive
12155,PKO,2025-08-07 10:11:00,2,2025-08-11,82.88,horizontal,uptrend,horizontal,uptrend,-0.007662835249042,neutral,2.8196722269058228e-05,positive
12155,PKO,2025-08-07 10:11:00,3,2025-08-12,83.38,horizontal,uptrend,horizontal,uptrend,0.0060328185328184,neutral,2.8196722269058228e-05,positive
12155,PKO,2025-08-07 10:11:00,4,2025-08-13,85.14,horizontal,uptrend,uptrend,uptrend,0.0211081794195251,neutral,2.8196722269058228e-05,positive
12155,PKO,2025-08-07 10:11:00,5,2025-08-14,83.28,horizontal,uptrend,horizontal,uptrend,-0.0218463706835799,neutral,2.8196722269058228e-05,positive
12175,PKN,2025-08-07 11:24:00,0,2025-08-07,82.72,downtrend,horizontal,downtrend,uptrend,,positive,0.2222115695476532,positive
12175,PKN,2025-08-07 11:24:00,1,2025-08-08,83.89,downtrend,horizontal,downtrend,uptrend,0.0141441005802707,positive,0.2222115695476532,positive
12175,PKN,2025-08-07 11:24:00,2,2025-08-11,83.68,downtrend,horizontal,horizontal,uptrend,-0.0025032781022766,positive,0.2222115695476532,positive
12175,PKN,2025-08-07 11:24:00,3,2025-08-12,85.26,downtrend,horizontal,horizontal,uptrend,0.0188814531548757,positive,0.2222115695476532,positive
12175,PKN,2025-08-07 11:24:00,4,2025-08-13,78.56,downtrend,downtrend,horizontal,horizontal,-0.0785831574008913,positive,0.2222115695476532,positive
12175,PKN,2025-08-07 11:24:00,5,2025-08-14,78.14,downtrend,downtrend,downtrend,horizontal,-0.0053462321792261,positive,0.2222115695476532,positive
12184,LPP,2025-08-07 11:36:00,0,2025-08-07,16430.0,uptrend,uptrend,uptrend,uptrend,,neutral,0.0004194807261228,neutral
12184,LPP,2025-08-07 11:36:00,1,2025-08-08,16835.0,uptrend,uptrend,uptrend,uptrend,0.0246500304321364,neutral,0.0004194807261228,neutral
12184,LPP,2025-08-07 11:36:00,2,2025-08-11,16310.0,uptrend,uptrend,uptrend,uptrend,-0.0311850311850311,neutral,0.0004194807261228,neutral
12184,LPP,2025-08-07 11:36:00,3,2025-08-12,16260.0,uptrend,uptrend,uptrend,uptrend,-0.003065603923973,neutral,0.0004194807261228,neutral
12184,LPP,2025-08-07 11:36:00,4,2025-08-13,16505.0,uptrend,uptrend,uptrend,uptrend,0.0150676506765068,neutral,0.0004194807261228,neutral
12184,LPP,2025-08-07 11:36:00,5,2025-08-14,16380.0,uptrend,uptrend,uptrend,uptrend,-0.0075734625870947,neutral,0.0004194807261228,neutral
12227,PKN,2025-08-07 14:16:00,0,2025-08-07,82.72,downtrend,horizontal,downtrend,uptrend,,neutral,0.0033843573182821,neutral
12227,PKN,2025-08-07 14:16:00,1,2025-08-08,83.89,downtrend,horizontal,downtrend,uptrend,0.0141441005802707,neutral,0.0033843573182821,neutral
12227,PKN,2025-08-07 14:16:00,2,2025-08-11,83.68,downtrend,horizontal,horizontal,uptrend,-0.0025032781022766,neutral,0.0033843573182821,neutral
12227,PKN,2025-08-07 14:16:00,3,2025-08-12,85.26,downtrend,horizontal,horizontal,uptrend,0.0188814531548757,neutral,0.0033843573182821,neutral
12227,PKN,2025-08-07 14:16:00,4,2025-08-13,78.56,downtrend,downtrend,horizontal,horizontal,-0.0785831574008913,neutral,0.0033843573182821,neutral
12227,PKN,2025-08-07 14:16:00,5,2025-08-14,78.14,downtrend,downtrend,downtrend,horizontal,-0.0053462321792261,neutral,0.0033843573182821,neutral
12235,PKN,2025-08-07 15:22:00,0,2025-08-07,82.72,downtrend,horizontal,downtrend,uptrend,,negative,-0.4518456496298313,neutral
12235,PKN,2025-08-07 15:22:00,1,2025-08-08,83.89,downtrend,horizontal,downtrend,uptrend,0.0141441005802707,negative,-0.4518456496298313,neutral
12235,PKN,2025-08-07 15:22:00,2,2025-08-11,83.68,downtrend,horizontal,horizontal,uptrend,-0.0025032781022766,negative,-0.4518456496298313,neutral
12235,PKN,2025-08-07 15:22:00,3,2025-08-12,85.26,downtrend,horizontal,horizontal,uptrend,0.0188814531548757,negative,-0.4518456496298313,neutral
12235,PKN,2025-08-07 15:22:00,4,2025-08-13,78.56,downtrend,downtrend,horizontal,horizontal,-0.0785831574008913,negative,-0.4518456496298313,neutral
12235,PKN,2025-08-07 15:22:00,5,2025-08-14,78.14,downtrend,downtrend,downtrend,horizontal,-0.0053462321792261,negative,-0.4518456496298313,neutral
12279,PKO,2025-08-07 17:21:00,0,2025-08-08,83.52,horizontal,uptrend,uptrend,uptrend,,positive,0.1218423545360565,positive
12279,PKO,2025-08-07 17:21:00,1,2025-08-11,82.88,horizontal,uptrend,horizontal,uptrend,-0.007662835249042,positive,0.1218423545360565,positive
12279,PKO,2025-08-07 17:21:00,2,2025-08-12,83.38,horizontal,uptrend,horizontal,uptrend,0.0060328185328184,positive,0.1218423545360565,positive
12279,PKO,2025-08-07 17:21:00,3,2025-08-13,85.14,horizontal,uptrend,uptrend,uptrend,0.0211081794195251,positive,0.1218423545360565,positive
12279,PKO,2025-08-07 17:21:00,4,2025-08-14,83.28,horizontal,uptrend,horizontal,uptrend,-0.0218463706835799,positive,0.1218423545360565,positive
12279,PKO,2025-08-07 17:21:00,5,2025-08-18,82.5,horizontal,uptrend,horizontal,uptrend,-0.0093659942363112,positive,0.1218423545360565,positive
12300,KGH,2025-08-07 18:58:00,0,2025-08-08,135.25,downtrend,horizontal,horizontal,uptrend,,negative,-0.994229412288405,neutral
12300,KGH,2025-08-07 18:58:00,1,2025-08-11,133.95,downtrend,horizontal,horizontal,uptrend,-0.0096118299445472,negative,-0.994229412288405,neutral
12300,KGH,2025-08-07 18:58:00,2,2025-08-12,135.95,downtrend,horizontal,horizontal,uptrend,0.014930944382232,negative,-0.994229412288405,neutral
12300,KGH,2025-08-07 18:58:00,3,2025-08-13,136.75,downtrend,uptrend,horizontal,uptrend,0.0058845163663112,negative,-0.994229412288405,neutral
12300,KGH,2025-08-07 18:58:00,4,2025-08-14,131.55,downtrend,uptrend,horizontal,uptrend,-0.0380255941499084,negative,-0.994229412288405,neutral
12300,KGH,2025-08-07 18:58:00,5,2025-08-18,131.5,horizontal,horizontal,horizontal,uptrend,-0.0003800836183961,negative,-0.994229412288405,neutral
12331,KGH,2025-08-07 23:21:00,0,2025-08-08,135.25,downtrend,horizontal,horizontal,uptrend,,negative,-0.995278283720836,positive
12331,KGH,2025-08-07 23:21:00,1,2025-08-11,133.95,downtrend,horizontal,horizontal,uptrend,-0.0096118299445472,negative,-0.995278283720836,positive
12331,KGH,2025-08-07 23:21:00,2,2025-08-12,135.95,downtrend,horizontal,horizontal,uptrend,0.014930944382232,negative,-0.995278283720836,positive
12331,KGH,2025-08-07 23:21:00,3,2025-08-13,136.75,downtrend,uptrend,horizontal,uptrend,0.0058845163663112,negative,-0.995278283720836,positive
12331,KGH,2025-08-07 23:21:00,4,2025-08-14,131.55,downtrend,uptrend,horizontal,uptrend,-0.0380255941499084,negative,-0.995278283720836,positive
12331,KGH,2025-08-07 23:21:00,5,2025-08-18,131.5,horizontal,horizontal,horizontal,uptrend,-0.0003800836183961,negative,-0.995278283720836,positive
12347,KGH,2025-08-08 08:21:00,0,2025-08-08,135.25,downtrend,horizontal,horizontal,uptrend,,negative,-0.434038370847702,neutral
12347,KGH,2025-08-08 08:21:00,1,2025-08-11,133.95,downtrend,horizontal,horizontal,uptrend,-0.0096118299445472,negative,-0.434038370847702,neutral
12347,KGH,2025-08-08 08:21:00,2,2025-08-12,135.95,downtrend,horizontal,horizontal,uptrend,0.014930944382232,negative,-0.434038370847702,neutral
12347,KGH,2025-08-08 08:21:00,3,2025-08-13,136.75,downtrend,uptrend,horizontal,uptrend,0.0058845163663112,negative,-0.434038370847702,neutral
12347,KGH,2025-08-08 08:21:00,4,2025-08-14,131.55,downtrend,uptrend,horizontal,uptrend,-0.0380255941499084,negative,-0.434038370847702,neutral
12347,KGH,2025-08-08 08:21:00,5,2025-08-18,131.5,horizontal,horizontal,horizontal,uptrend,-0.0003800836183961,negative,-0.434038370847702,neutral
12493,KGH,2025-08-08 20:39:00,0,2025-08-11,133.95,downtrend,horizontal,horizontal,uptrend,,positive,0.9981678241165356,positive
12493,KGH,2025-08-08 20:39:00,1,2025-08-12,135.95,downtrend,horizontal,horizontal,uptrend,0.014930944382232,positive,0.9981678241165356,positive
12493,KGH,2025-08-08 20:39:00,2,2025-08-13,136.75,downtrend,uptrend,horizontal,uptrend,0.0058845163663112,positive,0.9981678241165356,positive
12493,KGH,2025-08-08 20:39:00,3,2025-08-14,131.55,downtrend,uptrend,horizontal,uptrend,-0.0380255941499084,positive,0.9981678241165356,positive
12493,KGH,2025-08-08 20:39:00,4,2025-08-18,131.5,horizontal,horizontal,horizontal,uptrend,-0.0003800836183961,positive,0.9981678241165356,positive
12493,KGH,2025-08-08 20:39:00,5,2025-08-19,132.6,horizontal,horizontal,horizontal,uptrend,0.0083650190114068,positive,0.9981678241165356,positive
12634,PKO,2025-08-11 09:25:00,0,2025-08-11,82.88,horizontal,uptrend,horizontal,uptrend,,negative,-0.4071695208549499,neutral
12634,PKO,2025-08-11 09:25:00,1,2025-08-12,83.38,horizontal,uptrend,horizontal,uptrend,0.0060328185328184,negative,-0.4071695208549499,neutral
12634,PKO,2025-08-11 09:25:00,2,2025-08-13,85.14,horizontal,uptrend,uptrend,uptrend,0.0211081794195251,negative,-0.4071695208549499,neutral
12634,PKO,2025-08-11 09:25:00,3,2025-08-14,83.28,horizontal,uptrend,horizontal,uptrend,-0.0218463706835799,negative,-0.4071695208549499,neutral
12634,PKO,2025-08-11 09:25:00,4,2025-08-18,82.5,horizontal,uptrend,horizontal,uptrend,-0.0093659942363112,negative,-0.4071695208549499,neutral
12634,PKO,2025-08-11 09:25:00,5,2025-08-19,82.94,uptrend,uptrend,horizontal,uptrend,0.0053333333333334,negative,-0.4071695208549499,neutral
12716,KGH,2025-08-11 17:37:00,0,2025-08-12,135.95,downtrend,horizontal,horizontal,uptrend,,negative,-0.9959360978682524,positive
12716,KGH,2025-08-11 17:37:00,1,2025-08-13,136.75,downtrend,uptrend,horizontal,uptrend,0.0058845163663112,negative,-0.9959360978682524,positive
12716,KGH,2025-08-11 17:37:00,2,2025-08-14,131.55,downtrend,uptrend,horizontal,uptrend,-0.0380255941499084,negative,-0.9959360978682524,positive
12716,KGH,2025-08-11 17:37:00,3,2025-08-18,131.5,horizontal,horizontal,horizontal,uptrend,-0.0003800836183961,negative,-0.9959360978682524,positive
12716,KGH,2025-08-11 17:37:00,4,2025-08-19,132.6,horizontal,horizontal,horizontal,uptrend,0.0083650190114068,negative,-0.9959360978682524,positive
12716,KGH,2025-08-11 17:37:00,5,2025-08-20,131.55,horizontal,horizontal,horizontal,uptrend,-0.0079185520361989,negative,-0.9959360978682524,positive
12777,PKN,2025-08-12 09:36:00,0,2025-08-12,85.26,downtrend,horizontal,horizontal,uptrend,,neutral,-0.0144549487158656,neutral
12777,PKN,2025-08-12 09:36:00,1,2025-08-13,78.56,downtrend,downtrend,horizontal,horizontal,-0.0785831574008913,neutral,-0.0144549487158656,neutral
12777,PKN,2025-08-12 09:36:00,2,2025-08-14,78.14,downtrend,downtrend,downtrend,horizontal,-0.0053462321792261,neutral,-0.0144549487158656,neutral
12777,PKN,2025-08-12 09:36:00,3,2025-08-18,78.95,downtrend,downtrend,downtrend,horizontal,0.0103660097261326,neutral,-0.0144549487158656,neutral
12777,PKN,2025-08-12 09:36:00,4,2025-08-19,79.38,downtrend,downtrend,downtrend,horizontal,0.0054464851171627,neutral,-0.0144549487158656,neutral
12777,PKN,2025-08-12 09:36:00,5,2025-08-20,80.19,downtrend,downtrend,downtrend,horizontal,0.0102040816326531,neutral,-0.0144549487158656,neutral
12823,PKN,2025-08-12 13:54:00,0,2025-08-12,85.26,downtrend,horizontal,horizontal,uptrend,,positive,0.4847568124532699,negative
12823,PKN,2025-08-12 13:54:00,1,2025-08-13,78.56,downtrend,downtrend,horizontal,horizontal,-0.0785831574008913,positive,0.4847568124532699,negative
12823,PKN,2025-08-12 13:54:00,2,2025-08-14,78.14,downtrend,downtrend,downtrend,horizontal,-0.0053462321792261,positive,0.4847568124532699,negative
12823,PKN,2025-08-12 13:54:00,3,2025-08-18,78.95,downtrend,downtrend,downtrend,horizontal,0.0103660097261326,positive,0.4847568124532699,negative
12823,PKN,2025-08-12 13:54:00,4,2025-08-19,79.38,downtrend,downtrend,downtrend,horizontal,0.0054464851171627,positive,0.4847568124532699,negative
12823,PKN,2025-08-12 13:54:00,5,2025-08-20,80.19,downtrend,downtrend,downtrend,horizontal,0.0102040816326531,positive,0.4847568124532699,negative
12910,PKN,2025-08-12 18:56:00,0,2025-08-13,78.56,downtrend,downtrend,horizontal,horizontal,,neutral,-0.0045194397680461,neutral
12910,PKN,2025-08-12 18:56:00,1,2025-08-14,78.14,downtrend,downtrend,downtrend,horizontal,-0.0053462321792261,neutral,-0.0045194397680461,neutral
12910,PKN,2025-08-12 18:56:00,2,2025-08-18,78.95,downtrend,downtrend,downtrend,horizontal,0.0103660097261326,neutral,-0.0045194397680461,neutral
12910,PKN,2025-08-12 18:56:00,3,2025-08-19,79.38,downtrend,downtrend,downtrend,horizontal,0.0054464851171627,neutral,-0.0045194397680461,neutral
12910,PKN,2025-08-12 18:56:00,4,2025-08-20,80.19,downtrend,downtrend,downtrend,horizontal,0.0102040816326531,neutral,-0.0045194397680461,neutral
12910,PKN,2025-08-12 18:56:00,5,2025-08-21,83.2,downtrend,downtrend,downtrend,horizontal,0.0375358523506672,neutral,-0.0045194397680461,neutral
12947,CDR,2025-08-13 07:50:00,0,2025-08-13,255.0,downtrend,downtrend,horizontal,horizontal,,positive,0.9967616565409116,positive
12947,CDR,2025-08-13 07:50:00,1,2025-08-14,246.6,downtrend,downtrend,horizontal,downtrend,-0.0329411764705882,positive,0.9967616565409116,positive
12947,CDR,2025-08-13 07:50:00,2,2025-08-18,255.0,downtrend,downtrend,horizontal,horizontal,0.0340632603406325,positive,0.9967616565409116,positive
12947,CDR,2025-08-13 07:50:00,3,2025-08-19,253.8,horizontal,downtrend,horizontal,horizontal,-0.0047058823529411,positive,0.9967616565409116,positive
12947,CDR,2025-08-13 07:50:00,4,2025-08-20,251.9,horizontal,downtrend,horizontal,horizontal,-0.0074862096138692,positive,0.9967616565409116,positive
12947,CDR,2025-08-13 07:50:00,5,2025-08-21,260.9,uptrend,horizontal,horizontal,horizontal,0.0357284636760617,positive,0.9967616565409116,positive
12954,PKO,2025-08-13 08:38:00,0,2025-08-13,85.14,horizontal,uptrend,uptrend,uptrend,,negative,-0.9931689812801778,neutral
12954,PKO,2025-08-13 08:38:00,1,2025-08-14,83.28,horizontal,uptrend,horizontal,uptrend,-0.0218463706835799,negative,-0.9931689812801778,neutral
12954,PKO,2025-08-13 08:38:00,2,2025-08-18,82.5,horizontal,uptrend,horizontal,uptrend,-0.0093659942363112,negative,-0.9931689812801778,neutral
12954,PKO,2025-08-13 08:38:00,3,2025-08-19,82.94,uptrend,uptrend,horizontal,uptrend,0.0053333333333334,negative,-0.9931689812801778,neutral
12954,PKO,2025-08-13 08:38:00,4,2025-08-20,82.58,uptrend,uptrend,horizontal,uptrend,-0.0043404870991078,negative,-0.9931689812801778,neutral
12954,PKO,2025-08-13 08:38:00,5,2025-08-21,83.74,uptrend,uptrend,horizontal,uptrend,0.0140469847420683,negative,-0.9931689812801778,neutral
12964,PKO,2025-08-13 09:09:00,0,2025-08-13,85.14,horizontal,uptrend,uptrend,uptrend,,positive,0.9985060676990544,neutral
12964,PKO,2025-08-13 09:09:00,1,2025-08-14,83.28,horizontal,uptrend,horizontal,uptrend,-0.0218463706835799,positive,0.9985060676990544,neutral
12964,PKO,2025-08-13 09:09:00,2,2025-08-18,82.5,horizontal,uptrend,horizontal,uptrend,-0.0093659942363112,positive,0.9985060676990544,neutral
12964,PKO,2025-08-13 09:09:00,3,2025-08-19,82.94,uptrend,uptrend,horizontal,uptrend,0.0053333333333334,positive,0.9985060676990544,neutral
12964,PKO,2025-08-13 09:09:00,4,2025-08-20,82.58,uptrend,uptrend,horizontal,uptrend,-0.0043404870991078,positive,0.9985060676990544,neutral
12964,PKO,2025-08-13 09:09:00,5,2025-08-21,83.74,uptrend,uptrend,horizontal,uptrend,0.0140469847420683,positive,0.9985060676990544,neutral
12976,PKN,2025-08-13 09:24:00,0,2025-08-13,78.56,downtrend,downtrend,horizontal,horizontal,,negative,-0.9956821030937136,neutral
12976,PKN,2025-08-13 09:24:00,1,2025-08-14,78.14,downtrend,downtrend,downtrend,horizontal,-0.0053462321792261,negative,-0.9956821030937136,neutral
12976,PKN,2025-08-13 09:24:00,2,2025-08-18,78.95,downtrend,downtrend,downtrend,horizontal,0.0103660097261326,negative,-0.9956821030937136,neutral
12976,PKN,2025-08-13 09:24:00,3,2025-08-19,79.38,downtrend,downtrend,downtrend,horizontal,0.0054464851171627,negative,-0.9956821030937136,neutral
12976,PKN,2025-08-13 09:24:00,4,2025-08-20,80.19,downtrend,downtrend,downtrend,horizontal,0.0102040816326531,negative,-0.9956821030937136,neutral
12976,PKN,2025-08-13 09:24:00,5,2025-08-21,83.2,downtrend,downtrend,downtrend,horizontal,0.0375358523506672,negative,-0.9956821030937136,neutral
13085,PKN,2025-08-13 18:12:00,0,2025-08-14,78.14,downtrend,downtrend,downtrend,horizontal,,neutral,-0.0272123008035123,negative
13085,PKN,2025-08-13 18:12:00,1,2025-08-18,78.95,downtrend,downtrend,downtrend,horizontal,0.0103660097261326,neutral,-0.0272123008035123,negative
13085,PKN,2025-08-13 18:12:00,2,2025-08-19,79.38,downtrend,downtrend,downtrend,horizontal,0.0054464851171627,neutral,-0.0272123008035123,negative
13085,PKN,2025-08-13 18:12:00,3,2025-08-20,80.19,downtrend,downtrend,downtrend,horizontal,0.0102040816326531,neutral,-0.0272123008035123,negative
13085,PKN,2025-08-13 18:12:00,4,2025-08-21,83.2,downtrend,downtrend,downtrend,horizontal,0.0375358523506672,neutral,-0.0272123008035123,negative
13085,PKN,2025-08-13 18:12:00,5,2025-08-22,83.4,downtrend,downtrend,downtrend,horizontal,0.0024038461538462,neutral,-0.0272123008035123,negative
13104,PKN,2025-08-13 20:15:00,0,2025-08-14,78.14,downtrend,downtrend,downtrend,horizontal,,neutral,0.0018625331576913,positive
13104,PKN,2025-08-13 20:15:00,1,2025-08-18,78.95,downtrend,downtrend,downtrend,horizontal,0.0103660097261326,neutral,0.0018625331576913,positive
13104,PKN,2025-08-13 20:15:00,2,2025-08-19,79.38,downtrend,downtrend,downtrend,horizontal,0.0054464851171627,neutral,0.0018625331576913,positive
13104,PKN,2025-08-13 20:15:00,3,2025-08-20,80.19,downtrend,downtrend,downtrend,horizontal,0.0102040816326531,neutral,0.0018625331576913,positive
13104,PKN,2025-08-13 20:15:00,4,2025-08-21,83.2,downtrend,downtrend,downtrend,horizontal,0.0375358523506672,neutral,0.0018625331576913,positive
13104,PKN,2025-08-13 20:15:00,5,2025-08-22,83.4,downtrend,downtrend,downtrend,horizontal,0.0024038461538462,neutral,0.0018625331576913,positive
13191,KGH,2025-08-14 11:22:00,0,2025-08-14,131.55,downtrend,uptrend,horizontal,uptrend,,negative,-0.992460954701528,neutral
13191,KGH,2025-08-14 11:22:00,1,2025-08-18,131.5,horizontal,horizontal,horizontal,uptrend,-0.0003800836183961,negative,-0.992460954701528,neutral
13191,KGH,2025-08-14 11:22:00,2,2025-08-19,132.6,horizontal,horizontal,horizontal,uptrend,0.0083650190114068,negative,-0.992460954701528,neutral
13191,KGH,2025-08-14 11:22:00,3,2025-08-20,131.55,horizontal,horizontal,horizontal,uptrend,-0.0079185520361989,negative,-0.992460954701528,neutral
13191,KGH,2025-08-14 11:22:00,4,2025-08-21,130.9,uptrend,horizontal,horizontal,horizontal,-0.0049410870391486,negative,-0.992460954701528,neutral
13191,KGH,2025-08-14 11:22:00,5,2025-08-22,131.35,uptrend,horizontal,horizontal,uptrend,0.0034377387318562,negative,-0.992460954701528,neutral
13257,PKN,2025-08-14 14:40:00,0,2025-08-14,78.14,downtrend,downtrend,downtrend,horizontal,,positive,0.9978900604182854,negative
13257,PKN,2025-08-14 14:40:00,1,2025-08-18,78.95,downtrend,downtrend,downtrend,horizontal,0.0103660097261326,positive,0.9978900604182854,negative
13257,PKN,2025-08-14 14:40:00,2,2025-08-19,79.38,downtrend,downtrend,downtrend,horizontal,0.0054464851171627,positive,0.9978900604182854,negative
13257,PKN,2025-08-14 14:40:00,3,2025-08-20,80.19,downtrend,downtrend,downtrend,horizontal,0.0102040816326531,positive,0.9978900604182854,negative
13257,PKN,2025-08-14 14:40:00,4,2025-08-21,83.2,downtrend,downtrend,downtrend,horizontal,0.0375358523506672,positive,0.9978900604182854,negative
13257,PKN,2025-08-14 14:40:00,5,2025-08-22,83.4,downtrend,downtrend,downtrend,horizontal,0.0024038461538462,positive,0.9978900604182854,negative
13349,PKN,2025-08-14 22:56:00,0,2025-08-18,78.95,downtrend,downtrend,downtrend,horizontal,,negative,-0.1967516243457794,neutral
13349,PKN,2025-08-14 22:56:00,1,2025-08-19,79.38,downtrend,downtrend,downtrend,horizontal,0.0054464851171627,negative,-0.1967516243457794,neutral
13349,PKN,2025-08-14 22:56:00,2,2025-08-20,80.19,downtrend,downtrend,downtrend,horizontal,0.0102040816326531,negative,-0.1967516243457794,neutral
13349,PKN,2025-08-14 22:56:00,3,2025-08-21,83.2,downtrend,downtrend,downtrend,horizontal,0.0375358523506672,negative,-0.1967516243457794,neutral
13349,PKN,2025-08-14 22:56:00,4,2025-08-22,83.4,downtrend,downtrend,downtrend,horizontal,0.0024038461538462,negative,-0.1967516243457794,neutral
13349,PKN,2025-08-14 22:56:00,5,2025-08-25,83.8,downtrend,horizontal,downtrend,horizontal,0.0047961630695443,negative,-0.1967516243457794,neutral
13372,PKN,2025-08-15 11:37:00,0,2025-08-18,78.95,downtrend,downtrend,downtrend,horizontal,,negative,-0.0275575220584869,neutral
13372,PKN,2025-08-15 11:37:00,1,2025-08-19,79.38,downtrend,downtrend,downtrend,horizontal,0.0054464851171627,negative,-0.0275575220584869,neutral
13372,PKN,2025-08-15 11:37:00,2,2025-08-20,80.19,downtrend,downtrend,downtrend,horizontal,0.0102040816326531,negative,-0.0275575220584869,neutral
13372,PKN,2025-08-15 11:37:00,3,2025-08-21,83.2,downtrend,downtrend,downtrend,horizontal,0.0375358523506672,negative,-0.0275575220584869,neutral
13372,PKN,2025-08-15 11:37:00,4,2025-08-22,83.4,downtrend,downtrend,downtrend,horizontal,0.0024038461538462,negative,-0.0275575220584869,neutral
13372,PKN,2025-08-15 11:37:00,5,2025-08-25,83.8,downtrend,horizontal,downtrend,horizontal,0.0047961630695443,negative,-0.0275575220584869,neutral
13441,PKN,2025-08-16 18:46:00,0,2025-08-18,78.95,downtrend,downtrend,downtrend,horizontal,,negative,-0.99490357254399,positive
13441,PKN,2025-08-16 18:46:00,1,2025-08-19,79.38,downtrend,downtrend,downtrend,horizontal,0.0054464851171627,negative,-0.99490357254399,positive
13441,PKN,2025-08-16 18:46:00,2,2025-08-20,80.19,downtrend,downtrend,downtrend,horizontal,0.0102040816326531,negative,-0.99490357254399,positive
13441,PKN,2025-08-16 18:46:00,3,2025-08-21,83.2,downtrend,downtrend,downtrend,horizontal,0.0375358523506672,negative,-0.99490357254399,positive
13441,PKN,2025-08-16 18:46:00,4,2025-08-22,83.4,downtrend,downtrend,downtrend,horizontal,0.0024038461538462,negative,-0.99490357254399,positive
13441,PKN,2025-08-16 18:46:00,5,2025-08-25,83.8,downtrend,horizontal,downtrend,horizontal,0.0047961630695443,negative,-0.99490357254399,positive
13732,KGH,2025-08-19 18:53:00,0,2025-08-20,131.55,horizontal,horizontal,horizontal,uptrend,,positive,0.9983516811043956,neutral
13732,KGH,2025-08-19 18:53:00,1,2025-08-21,130.9,uptrend,horizontal,horizontal,horizontal,-0.0049410870391486,positive,0.9983516811043956,neutral
13732,KGH,2025-08-19 18:53:00,2,2025-08-22,131.35,uptrend,horizontal,horizontal,uptrend,0.0034377387318562,positive,0.9983516811043956,neutral
13732,KGH,2025-08-19 18:53:00,3,2025-08-25,131.85,uptrend,horizontal,horizontal,uptrend,0.0038066235249334,positive,0.9983516811043956,neutral
13732,KGH,2025-08-19 18:53:00,4,2025-08-26,131.75,uptrend,horizontal,horizontal,uptrend,-0.0007584376185058,positive,0.9983516811043956,neutral
13732,KGH,2025-08-19 18:53:00,5,2025-08-27,128.0,horizontal,horizontal,horizontal,horizontal,-0.0284629981024667,positive,0.9983516811043956,neutral
13793,KGH,2025-08-20 09:19:00,0,2025-08-20,131.55,horizontal,horizontal,horizontal,uptrend,,positive,0.997335740365088,positive
13793,KGH,2025-08-20 09:19:00,1,2025-08-21,130.9,uptrend,horizontal,horizontal,horizontal,-0.0049410870391486,positive,0.997335740365088,positive
13793,KGH,2025-08-20 09:19:00,2,2025-08-22,131.35,uptrend,horizontal,horizontal,uptrend,0.0034377387318562,positive,0.997335740365088,positive
13793,KGH,2025-08-20 09:19:00,3,2025-08-25,131.85,uptrend,horizontal,horizontal,uptrend,0.0038066235249334,positive,0.997335740365088,positive
13793,KGH,2025-08-20 09:19:00,4,2025-08-26,131.75,uptrend,horizontal,horizontal,uptrend,-0.0007584376185058,positive,0.997335740365088,positive
13793,KGH,2025-08-20 09:19:00,5,2025-08-27,128.0,horizontal,horizontal,horizontal,horizontal,-0.0284629981024667,positive,0.997335740365088,positive
13889,CDR,2025-08-20 17:57:00,0,2025-08-21,260.9,uptrend,horizontal,horizontal,horizontal,,positive,0.350983090698719,positive
13889,CDR,2025-08-20 17:57:00,1,2025-08-22,257.9,uptrend,horizontal,horizontal,horizontal,-0.0114986584898428,positive,0.350983090698719,positive
13889,CDR,2025-08-20 17:57:00,2,2025-08-25,259.0,uptrend,horizontal,horizontal,horizontal,0.0042652190771617,positive,0.350983090698719,positive
13889,CDR,2025-08-20 17:57:00,3,2025-08-26,260.2,uptrend,horizontal,horizontal,horizontal,0.0046332046332044,positive,0.350983090698719,positive
13889,CDR,2025-08-20 17:57:00,4,2025-08-27,257.6,uptrend,horizontal,horizontal,horizontal,-0.0099923136049191,positive,0.350983090698719,positive
13889,CDR,2025-08-20 17:57:00,5,2025-08-28,254.8,uptrend,horizontal,horizontal,horizontal,-0.0108695652173913,positive,0.350983090698719,positive
14169,PKN,2025-08-21 21:05:00,0,2025-08-22,83.4,downtrend,downtrend,downtrend,horizontal,,positive,0.140274316072464,negative
14169,PKN,2025-08-21 21:05:00,1,2025-08-25,83.8,downtrend,horizontal,downtrend,horizontal,0.0047961630695443,positive,0.140274316072464,negative
14169,PKN,2025-08-21 21:05:00,2,2025-08-26,83.25,downtrend,horizontal,downtrend,horizontal,-0.0065632458233889,positive,0.140274316072464,negative
14169,PKN,2025-08-21 21:05:00,3,2025-08-27,80.48,downtrend,horizontal,downtrend,horizontal,-0.0332732732732732,positive,0.140274316072464,negative
14169,PKN,2025-08-21 21:05:00,4,2025-08-28,78.18,downtrend,downtrend,downtrend,downtrend,-0.0285785288270377,positive,0.140274316072464,negative
14169,PKN,2025-08-21 21:05:00,5,2025-08-29,77.78,downtrend,downtrend,downtrend,downtrend,-0.0051163980557688,positive,0.140274316072464,negative
14170,PKO,2025-08-21 21:16:00,0,2025-08-22,73.5,uptrend,horizontal,horizontal,downtrend,,positive,0.998503595154034,positive
14170,PKO,2025-08-21 21:16:00,1,2025-08-25,74.46,horizontal,downtrend,horizontal,horizontal,0.0130612244897958,positive,0.998503595154034,positive
14170,PKO,2025-08-21 21:16:00,2,2025-08-26,74.3,horizontal,downtrend,horizontal,downtrend,-0.0021488047273703,positive,0.998503595154034,positive
14170,PKO,2025-08-21 21:16:00,3,2025-08-27,73.78,downtrend,downtrend,downtrend,downtrend,-0.0069986541049797,positive,0.998503595154034,positive
14170,PKO,2025-08-21 21:16:00,4,2025-08-28,73.2,downtrend,downtrend,downtrend,downtrend,-0.0078612089997288,positive,0.998503595154034,positive
14170,PKO,2025-08-21 21:16:00,5,2025-08-29,71.0,downtrend,downtrend,downtrend,downtrend,-0.0300546448087432,positive,0.998503595154034,positive
14231,PKN,2025-08-22 09:05:00,0,2025-08-22,83.4,downtrend,downtrend,downtrend,horizontal,,positive,0.14034503698349,positive
14231,PKN,2025-08-22 09:05:00,1,2025-08-25,83.8,downtrend,horizontal,downtrend,horizontal,0.0047961630695443,positive,0.14034503698349,positive
14231,PKN,2025-08-22 09:05:00,2,2025-08-26,83.25,downtrend,horizontal,downtrend,horizontal,-0.0065632458233889,positive,0.14034503698349,positive
14231,PKN,2025-08-22 09:05:00,3,2025-08-27,80.48,downtrend,horizontal,downtrend,horizontal,-0.0332732732732732,positive,0.14034503698349,positive
14231,PKN,2025-08-22 09:05:00,4,2025-08-28,78.18,downtrend,downtrend,downtrend,downtrend,-0.0285785288270377,positive,0.14034503698349,positive
14231,PKN,2025-08-22 09:05:00,5,2025-08-29,77.78,downtrend,downtrend,downtrend,downtrend,-0.0051163980557688,positive,0.14034503698349,positive
14367,PKO,2025-08-22 14:17:00,0,2025-08-22,73.5,uptrend,horizontal,horizontal,downtrend,,neutral,-0.0002332257572561,positive
14367,PKO,2025-08-22 14:17:00,1,2025-08-25,74.46,horizontal,downtrend,horizontal,horizontal,0.0130612244897958,neutral,-0.0002332257572561,positive
14367,PKO,2025-08-22 14:17:00,2,2025-08-26,74.3,horizontal,downtrend,horizontal,downtrend,-0.0021488047273703,neutral,-0.0002332257572561,positive
14367,PKO,2025-08-22 14:17:00,3,2025-08-27,73.78,downtrend,downtrend,downtrend,downtrend,-0.0069986541049797,neutral,-0.0002332257572561,positive
14367,PKO,2025-08-22 14:17:00,4,2025-08-28,73.2,downtrend,downtrend,downtrend,downtrend,-0.0078612089997288,neutral,-0.0002332257572561,positive
14367,PKO,2025-08-22 14:17:00,5,2025-08-29,71.0,downtrend,downtrend,downtrend,downtrend,-0.0300546448087432,neutral,-0.0002332257572561,positive
14390,KGH,2025-08-22 14:55:00,0,2025-08-22,131.35,uptrend,horizontal,horizontal,uptrend,,neutral,0.0079073559027165,neutral
14390,KGH,2025-08-22 14:55:00,1,2025-08-25,131.85,uptrend,horizontal,horizontal,uptrend,0.0038066235249334,neutral,0.0079073559027165,neutral
14390,KGH,2025-08-22 14:55:00,2,2025-08-26,131.75,uptrend,horizontal,horizontal,uptrend,-0.0007584376185058,neutral,0.0079073559027165,neutral
14390,KGH,2025-08-22 14:55:00,3,2025-08-27,128.0,horizontal,horizontal,horizontal,horizontal,-0.0284629981024667,neutral,0.0079073559027165,neutral
14390,KGH,2025-08-22 14:55:00,4,2025-08-28,128.0,horizontal,horizontal,horizontal,horizontal,0.0,neutral,0.0079073559027165,neutral
14390,KGH,2025-08-22 14:55:00,5,2025-08-29,128.0,horizontal,downtrend,horizontal,horizontal,0.0,neutral,0.0079073559027165,neutral
14471,KGH,2025-08-22 18:16:00,0,2025-08-25,131.85,uptrend,horizontal,horizontal,uptrend,,neutral,-0.3738740459084511,positive
14471,KGH,2025-08-22 18:16:00,1,2025-08-26,131.75,uptrend,horizontal,horizontal,uptrend,-0.0007584376185058,neutral,-0.3738740459084511,positive
14471,KGH,2025-08-22 18:16:00,2,2025-08-27,128.0,horizontal,horizontal,horizontal,horizontal,-0.0284629981024667,neutral,-0.3738740459084511,positive
14471,KGH,2025-08-22 18:16:00,3,2025-08-28,128.0,horizontal,horizontal,horizontal,horizontal,0.0,neutral,-0.3738740459084511,positive
14471,KGH,2025-08-22 18:16:00,4,2025-08-29,128.0,horizontal,downtrend,horizontal,horizontal,0.0,neutral,-0.3738740459084511,positive
14471,KGH,2025-08-22 18:16:00,5,2025-09-01,129.4,horizontal,downtrend,horizontal,horizontal,0.0109375,neutral,-0.3738740459084511,positive
14500,PKN,2025-08-22 19:55:00,0,2025-08-25,83.8,downtrend,horizontal,downtrend,horizontal,,neutral,-0.0004746643826365,negative
14500,PKN,2025-08-22 19:55:00,1,2025-08-26,83.25,downtrend,horizontal,downtrend,horizontal,-0.0065632458233889,neutral,-0.0004746643826365,negative
14500,PKN,2025-08-22 19:55:00,2,2025-08-27,80.48,downtrend,horizontal,downtrend,horizontal,-0.0332732732732732,neutral,-0.0004746643826365,negative
14500,PKN,2025-08-22 19:55:00,3,2025-08-28,78.18,downtrend,downtrend,downtrend,downtrend,-0.0285785288270377,neutral,-0.0004746643826365,negative
14500,PKN,2025-08-22 19:55:00,4,2025-08-29,77.78,downtrend,downtrend,downtrend,downtrend,-0.0051163980557688,neutral,-0.0004746643826365,negative
14500,PKN,2025-08-22 19:55:00,5,2025-09-01,77.82,downtrend,downtrend,downtrend,downtrend,0.0005142710208279,neutral,-0.0004746643826365,negative
14523,PKO,2025-08-22 22:01:00,0,2025-08-25,74.46,horizontal,downtrend,horizontal,horizontal,,neutral,0.0193232311867177,neutral
14523,PKO,2025-08-22 22:01:00,1,2025-08-26,74.3,horizontal,downtrend,horizontal,downtrend,-0.0021488047273703,neutral,0.0193232311867177,neutral
14523,PKO,2025-08-22 22:01:00,2,2025-08-27,73.78,downtrend,downtrend,downtrend,downtrend,-0.0069986541049797,neutral,0.0193232311867177,neutral
14523,PKO,2025-08-22 22:01:00,3,2025-08-28,73.2,downtrend,downtrend,downtrend,downtrend,-0.0078612089997288,neutral,0.0193232311867177,neutral
14523,PKO,2025-08-22 22:01:00,4,2025-08-29,71.0,downtrend,downtrend,downtrend,downtrend,-0.0300546448087432,neutral,0.0193232311867177,neutral
14523,PKO,2025-08-22 22:01:00,5,2025-09-01,70.12,downtrend,downtrend,downtrend,downtrend,-0.012394366197183,neutral,0.0193232311867177,neutral
14524,CDR,2025-08-22 22:05:00,0,2025-08-25,259.0,uptrend,horizontal,horizontal,horizontal,,neutral,0.1136815100908279,neutral
14524,CDR,2025-08-22 22:05:00,1,2025-08-26,260.2,uptrend,horizontal,horizontal,horizontal,0.0046332046332044,neutral,0.1136815100908279,neutral
14524,CDR,2025-08-22 22:05:00,2,2025-08-27,257.6,uptrend,horizontal,horizontal,horizontal,-0.0099923136049191,neutral,0.1136815100908279,neutral
14524,CDR,2025-08-22 22:05:00,3,2025-08-28,254.8,uptrend,horizontal,horizontal,horizontal,-0.0108695652173913,neutral,0.1136815100908279,neutral
14524,CDR,2025-08-22 22:05:00,4,2025-08-29,252.0,uptrend,horizontal,horizontal,horizontal,-0.010989010989011,neutral,0.1136815100908279,neutral
14524,CDR,2025-08-22 22:05:00,5,2025-09-01,245.7,uptrend,horizontal,horizontal,downtrend,-0.025,neutral,0.1136815100908279,neutral
14713,PKO,2025-08-24 22:30:00,0,2025-08-25,74.46,horizontal,downtrend,horizontal,horizontal,,negative,-0.2714291214942932,negative
14713,PKO,2025-08-24 22:30:00,1,2025-08-26,74.3,horizontal,downtrend,horizontal,downtrend,-0.0021488047273703,negative,-0.2714291214942932,negative
14713,PKO,2025-08-24 22:30:00,2,2025-08-27,73.78,downtrend,downtrend,downtrend,downtrend,-0.0069986541049797,negative,-0.2714291214942932,negative
14713,PKO,2025-08-24 22:30:00,3,2025-08-28,73.2,downtrend,downtrend,downtrend,downtrend,-0.0078612089997288,negative,-0.2714291214942932,negative
14713,PKO,2025-08-24 22:30:00,4,2025-08-29,71.0,downtrend,downtrend,downtrend,downtrend,-0.0300546448087432,negative,-0.2714291214942932,negative
14713,PKO,2025-08-24 22:30:00,5,2025-09-01,70.12,downtrend,downtrend,downtrend,downtrend,-0.012394366197183,negative,-0.2714291214942932,negative
14799,KGH,2025-08-25 13:34:00,0,2025-08-25,131.85,uptrend,horizontal,horizontal,uptrend,,neutral,-0.1990920007228851,neutral
14799,KGH,2025-08-25 13:34:00,1,2025-08-26,131.75,uptrend,horizontal,horizontal,uptrend,-0.0007584376185058,neutral,-0.1990920007228851,neutral
14799,KGH,2025-08-25 13:34:00,2,2025-08-27,128.0,horizontal,horizontal,horizontal,horizontal,-0.0284629981024667,neutral,-0.1990920007228851,neutral
14799,KGH,2025-08-25 13:34:00,3,2025-08-28,128.0,horizontal,horizontal,horizontal,horizontal,0.0,neutral,-0.1990920007228851,neutral
14799,KGH,2025-08-25 13:34:00,4,2025-08-29,128.0,horizontal,downtrend,horizontal,horizontal,0.0,neutral,-0.1990920007228851,neutral
14799,KGH,2025-08-25 13:34:00,5,2025-09-01,129.4,horizontal,downtrend,horizontal,horizontal,0.0109375,neutral,-0.1990920007228851,neutral
14800,CDR,2025-08-25 13:34:00,0,2025-08-25,259.0,uptrend,horizontal,horizontal,horizontal,,negative,-0.2869082540273666,neutral
14800,CDR,2025-08-25 13:34:00,1,2025-08-26,260.2,uptrend,horizontal,horizontal,horizontal,0.0046332046332044,negative,-0.2869082540273666,neutral
14800,CDR,2025-08-25 13:34:00,2,2025-08-27,257.6,uptrend,horizontal,horizontal,horizontal,-0.0099923136049191,negative,-0.2869082540273666,neutral
14800,CDR,2025-08-25 13:34:00,3,2025-08-28,254.8,uptrend,horizontal,horizontal,horizontal,-0.0108695652173913,negative,-0.2869082540273666,neutral
14800,CDR,2025-08-25 13:34:00,4,2025-08-29,252.0,uptrend,horizontal,horizontal,horizontal,-0.010989010989011,negative,-0.2869082540273666,neutral
14800,CDR,2025-08-25 13:34:00,5,2025-09-01,245.7,uptrend,horizontal,horizontal,downtrend,-0.025,negative,-0.2869082540273666,neutral
14868,PKO,2025-08-26 10:31:00,0,2025-08-26,74.3,horizontal,downtrend,horizontal,downtrend,,neutral,-0.0030552046373486,neutral
14868,PKO,2025-08-26 10:31:00,1,2025-08-27,73.78,downtrend,downtrend,downtrend,downtrend,-0.0069986541049797,neutral,-0.0030552046373486,neutral
14868,PKO,2025-08-26 10:31:00,2,2025-08-28,73.2,downtrend,downtrend,downtrend,downtrend,-0.0078612089997288,neutral,-0.0030552046373486,neutral
14868,PKO,2025-08-26 10:31:00,3,2025-08-29,71.0,downtrend,downtrend,downtrend,downtrend,-0.0300546448087432,neutral,-0.0030552046373486,neutral
14868,PKO,2025-08-26 10:31:00,4,2025-09-01,70.12,downtrend,downtrend,downtrend,downtrend,-0.012394366197183,neutral,-0.0030552046373486,neutral
14868,PKO,2025-08-26 10:31:00,5,2025-09-02,71.14,downtrend,downtrend,downtrend,downtrend,0.0145464917284654,neutral,-0.0030552046373486,neutral
14874,KGH,2025-08-26 11:03:00,0,2025-08-26,131.75,uptrend,horizontal,horizontal,uptrend,,neutral,0.0076069375500082,neutral
14874,KGH,2025-08-26 11:03:00,1,2025-08-27,128.0,horizontal,horizontal,horizontal,horizontal,-0.0284629981024667,neutral,0.0076069375500082,neutral
14874,KGH,2025-08-26 11:03:00,2,2025-08-28,128.0,horizontal,horizontal,horizontal,horizontal,0.0,neutral,0.0076069375500082,neutral
14874,KGH,2025-08-26 11:03:00,3,2025-08-29,128.0,horizontal,downtrend,horizontal,horizontal,0.0,neutral,0.0076069375500082,neutral
14874,KGH,2025-08-26 11:03:00,4,2025-09-01,129.4,horizontal,downtrend,horizontal,horizontal,0.0109375,neutral,0.0076069375500082,neutral
14874,KGH,2025-08-26 11:03:00,5,2025-09-02,130.75,downtrend,horizontal,horizontal,horizontal,0.0104327666151466,neutral,0.0076069375500082,neutral
15049,KGH,2025-08-27 12:53:00,0,2025-08-27,128.0,horizontal,horizontal,horizontal,horizontal,,negative,-0.9958133462932892,neutral
15049,KGH,2025-08-27 12:53:00,1,2025-08-28,128.0,horizontal,horizontal,horizontal,horizontal,0.0,negative,-0.9958133462932892,neutral
15049,KGH,2025-08-27 12:53:00,2,2025-08-29,128.0,horizontal,downtrend,horizontal,horizontal,0.0,negative,-0.9958133462932892,neutral
15049,KGH,2025-08-27 12:53:00,3,2025-09-01,129.4,horizontal,downtrend,horizontal,horizontal,0.0109375,negative,-0.9958133462932892,neutral
15049,KGH,2025-08-27 12:53:00,4,2025-09-02,130.75,downtrend,horizontal,horizontal,horizontal,0.0104327666151466,negative,-0.9958133462932892,neutral
15049,KGH,2025-08-27 12:53:00,5,2025-09-03,133.85,downtrend,horizontal,horizontal,uptrend,0.0237093690248566,negative,-0.9958133462932892,neutral
15056,PKN,2025-08-27 13:04:00,0,2025-08-27,80.48,downtrend,horizontal,downtrend,horizontal,,positive,0.9982021539763082,neutral
15056,PKN,2025-08-27 13:04:00,1,2025-08-28,78.18,downtrend,downtrend,downtrend,downtrend,-0.0285785288270377,positive,0.9982021539763082,neutral
15056,PKN,2025-08-27 13:04:00,2,2025-08-29,77.78,downtrend,downtrend,downtrend,downtrend,-0.0051163980557688,positive,0.9982021539763082,neutral
15056,PKN,2025-08-27 13:04:00,3,2025-09-01,77.82,downtrend,downtrend,downtrend,downtrend,0.0005142710208279,positive,0.9982021539763082,neutral
15056,PKN,2025-08-27 13:04:00,4,2025-09-02,77.69,downtrend,downtrend,downtrend,downtrend,-0.0016705217167822,positive,0.9982021539763082,neutral
15056,PKN,2025-08-27 13:04:00,5,2025-09-03,79.62,downtrend,downtrend,downtrend,horizontal,0.0248423220491698,positive,0.9982021539763082,neutral
15140,PKN,2025-08-27 17:04:00,0,2025-08-28,78.18,downtrend,downtrend,downtrend,downtrend,,neutral,-0.0034573124721646,negative
15140,PKN,2025-08-27 17:04:00,1,2025-08-29,77.78,downtrend,downtrend,downtrend,downtrend,-0.0051163980557688,neutral,-0.0034573124721646,negative
15140,PKN,2025-08-27 17:04:00,2,2025-09-01,77.82,downtrend,downtrend,downtrend,downtrend,0.0005142710208279,neutral,-0.0034573124721646,negative
15140,PKN,2025-08-27 17:04:00,3,2025-09-02,77.69,downtrend,downtrend,downtrend,downtrend,-0.0016705217167822,neutral,-0.0034573124721646,negative
15140,PKN,2025-08-27 17:04:00,4,2025-09-03,79.62,downtrend,downtrend,downtrend,horizontal,0.0248423220491698,neutral,-0.0034573124721646,negative
15140,PKN,2025-08-27 17:04:00,5,2025-09-04,80.48,downtrend,downtrend,downtrend,horizontal,0.0108013062044711,neutral,-0.0034573124721646,negative
15209,CDR,2025-08-28 08:10:00,0,2025-08-28,254.8,uptrend,horizontal,horizontal,horizontal,,negative,-0.3053002953529358,positive
15209,CDR,2025-08-28 08:10:00,1,2025-08-29,252.0,uptrend,horizontal,horizontal,horizontal,-0.010989010989011,negative,-0.3053002953529358,positive
15209,CDR,2025-08-28 08:10:00,2,2025-09-01,245.7,uptrend,horizontal,horizontal,downtrend,-0.025,negative,-0.3053002953529358,positive
15209,CDR,2025-08-28 08:10:00,3,2025-09-02,248.9,uptrend,downtrend,horizontal,downtrend,0.0130240130240131,negative,-0.3053002953529358,positive
15209,CDR,2025-08-28 08:10:00,4,2025-09-03,245.9,uptrend,downtrend,horizontal,downtrend,-0.0120530333467255,negative,-0.3053002953529358,positive
15209,CDR,2025-08-28 08:10:00,5,2025-09-04,250.0,horizontal,downtrend,horizontal,horizontal,0.0166734444896299,negative,-0.3053002953529358,positive
15264,CDR,2025-08-28 11:59:00,0,2025-08-28,254.8,uptrend,horizontal,horizontal,horizontal,,positive,0.2616679668426513,negative
15264,CDR,2025-08-28 11:59:00,1,2025-08-29,252.0,uptrend,horizontal,horizontal,horizontal,-0.010989010989011,positive,0.2616679668426513,negative
15264,CDR,2025-08-28 11:59:00,2,2025-09-01,245.7,uptrend,horizontal,horizontal,downtrend,-0.025,positive,0.2616679668426513,negative
15264,CDR,2025-08-28 11:59:00,3,2025-09-02,248.9,uptrend,downtrend,horizontal,downtrend,0.0130240130240131,positive,0.2616679668426513,negative
15264,CDR,2025-08-28 11:59:00,4,2025-09-03,245.9,uptrend,downtrend,horizontal,downtrend,-0.0120530333467255,positive,0.2616679668426513,negative
15264,CDR,2025-08-28 11:59:00,5,2025-09-04,250.0,horizontal,downtrend,horizontal,horizontal,0.0166734444896299,positive,0.2616679668426513,negative
15285,CDR,2025-08-28 13:57:00,0,2025-08-28,254.8,uptrend,horizontal,horizontal,horizontal,,negative,-0.9948269991436972,neutral
15285,CDR,2025-08-28 13:57:00,1,2025-08-29,252.0,uptrend,horizontal,horizontal,horizontal,-0.010989010989011,negative,-0.9948269991436972,neutral
15285,CDR,2025-08-28 13:57:00,2,2025-09-01,245.7,uptrend,horizontal,horizontal,downtrend,-0.025,negative,-0.9948269991436972,neutral
15285,CDR,2025-08-28 13:57:00,3,2025-09-02,248.9,uptrend,downtrend,horizontal,downtrend,0.0130240130240131,negative,-0.9948269991436972,neutral
15285,CDR,2025-08-28 13:57:00,4,2025-09-03,245.9,uptrend,downtrend,horizontal,downtrend,-0.0120530333467255,negative,-0.9948269991436972,neutral
15285,CDR,2025-08-28 13:57:00,5,2025-09-04,250.0,horizontal,downtrend,horizontal,horizontal,0.0166734444896299,negative,-0.9948269991436972,neutral
15301,CDR,2025-08-28 15:43:00,0,2025-08-28,254.8,uptrend,horizontal,horizontal,horizontal,,neutral,0.3458651006221771,neutral
15301,CDR,2025-08-28 15:43:00,1,2025-08-29,252.0,uptrend,horizontal,horizontal,horizontal,-0.010989010989011,neutral,0.3458651006221771,neutral
15301,CDR,2025-08-28 15:43:00,2,2025-09-01,245.7,uptrend,horizontal,horizontal,downtrend,-0.025,neutral,0.3458651006221771,neutral
15301,CDR,2025-08-28 15:43:00,3,2025-09-02,248.9,uptrend,downtrend,horizontal,downtrend,0.0130240130240131,neutral,0.3458651006221771,neutral
15301,CDR,2025-08-28 15:43:00,4,2025-09-03,245.9,uptrend,downtrend,horizontal,downtrend,-0.0120530333467255,neutral,0.3458651006221771,neutral
15301,CDR,2025-08-28 15:43:00,5,2025-09-04,250.0,horizontal,downtrend,horizontal,horizontal,0.0166734444896299,neutral,0.3458651006221771,neutral
15318,PKN,2025-08-28 16:26:00,0,2025-08-28,78.18,downtrend,downtrend,downtrend,downtrend,,positive,0.9972936008416582,negative
15318,PKN,2025-08-28 16:26:00,1,2025-08-29,77.78,downtrend,downtrend,downtrend,downtrend,-0.0051163980557688,positive,0.9972936008416582,negative
15318,PKN,2025-08-28 16:26:00,2,2025-09-01,77.82,downtrend,downtrend,downtrend,downtrend,0.0005142710208279,positive,0.9972936008416582,negative
15318,PKN,2025-08-28 16:26:00,3,2025-09-02,77.69,downtrend,downtrend,downtrend,downtrend,-0.0016705217167822,positive,0.9972936008416582,negative
15318,PKN,2025-08-28 16:26:00,4,2025-09-03,79.62,downtrend,downtrend,downtrend,horizontal,0.0248423220491698,positive,0.9972936008416582,negative
15318,PKN,2025-08-28 16:26:00,5,2025-09-04,80.48,downtrend,downtrend,downtrend,horizontal,0.0108013062044711,positive,0.9972936008416582,negative
15544,PKO,2025-08-29 12:04:00,0,2025-08-29,71.0,downtrend,downtrend,downtrend,downtrend,,negative,-0.9928854845929892,neutral
15544,PKO,2025-08-29 12:04:00,1,2025-09-01,70.12,downtrend,downtrend,downtrend,downtrend,-0.012394366197183,negative,-0.9928854845929892,neutral
15544,PKO,2025-08-29 12:04:00,2,2025-09-02,71.14,downtrend,downtrend,downtrend,downtrend,0.0145464917284654,negative,-0.9928854845929892,neutral
15544,PKO,2025-08-29 12:04:00,3,2025-09-03,71.62,downtrend,downtrend,downtrend,downtrend,0.0067472589260613,negative,-0.9928854845929892,neutral
15544,PKO,2025-08-29 12:04:00,4,2025-09-04,73.6,downtrend,downtrend,downtrend,downtrend,0.0276459089639764,negative,-0.9928854845929892,neutral
15544,PKO,2025-08-29 12:04:00,5,2025-09-05,71.26,downtrend,downtrend,downtrend,downtrend,-0.0317934782608694,negative,-0.9928854845929892,neutral
15594,PKN,2025-08-29 15:20:00,0,2025-08-29,77.78,downtrend,downtrend,downtrend,downtrend,,neutral,0.3650289699435234,neutral
15594,PKN,2025-08-29 15:20:00,1,2025-09-01,77.82,downtrend,downtrend,downtrend,downtrend,0.0005142710208279,neutral,0.3650289699435234,neutral
15594,PKN,2025-08-29 15:20:00,2,2025-09-02,77.69,downtrend,downtrend,downtrend,downtrend,-0.0016705217167822,neutral,0.3650289699435234,neutral
15594,PKN,2025-08-29 15:20:00,3,2025-09-03,79.62,downtrend,downtrend,downtrend,horizontal,0.0248423220491698,neutral,0.3650289699435234,neutral
15594,PKN,2025-08-29 15:20:00,4,2025-09-04,80.48,downtrend,downtrend,downtrend,horizontal,0.0108013062044711,neutral,0.3650289699435234,neutral
15594,PKN,2025-08-29 15:20:00,5,2025-09-05,81.08,downtrend,downtrend,downtrend,horizontal,0.007455268389662,neutral,0.3650289699435234,neutral
15613,CDR,2025-08-29 16:26:00,0,2025-08-29,252.0,uptrend,horizontal,horizontal,horizontal,,neutral,0.0921767204999923,neutral
15613,CDR,2025-08-29 16:26:00,1,2025-09-01,245.7,uptrend,horizontal,horizontal,downtrend,-0.025,neutral,0.0921767204999923,neutral
15613,CDR,2025-08-29 16:26:00,2,2025-09-02,248.9,uptrend,downtrend,horizontal,downtrend,0.0130240130240131,neutral,0.0921767204999923,neutral
15613,CDR,2025-08-29 16:26:00,3,2025-09-03,245.9,uptrend,downtrend,horizontal,downtrend,-0.0120530333467255,neutral,0.0921767204999923,neutral
15613,CDR,2025-08-29 16:26:00,4,2025-09-04,250.0,horizontal,downtrend,horizontal,horizontal,0.0166734444896299,neutral,0.0921767204999923,neutral
15613,CDR,2025-08-29 16:26:00,5,2025-09-05,250.2,horizontal,downtrend,horizontal,horizontal,0.0007999999999999,neutral,0.0921767204999923,neutral
15632,CDR,2025-08-29 17:02:00,0,2025-09-01,245.7,uptrend,horizontal,horizontal,downtrend,,positive,0.3121150434017181,negative
15632,CDR,2025-08-29 17:02:00,1,2025-09-02,248.9,uptrend,downtrend,horizontal,downtrend,0.0130240130240131,positive,0.3121150434017181,negative
15632,CDR,2025-08-29 17:02:00,2,2025-09-03,245.9,uptrend,downtrend,horizontal,downtrend,-0.0120530333467255,positive,0.3121150434017181,negative
15632,CDR,2025-08-29 17:02:00,3,2025-09-04,250.0,horizontal,downtrend,horizontal,horizontal,0.0166734444896299,positive,0.3121150434017181,negative
15632,CDR,2025-08-29 17:02:00,4,2025-09-05,250.2,horizontal,downtrend,horizontal,horizontal,0.0007999999999999,positive,0.3121150434017181,negative
15632,CDR,2025-08-29 17:02:00,5,2025-09-08,255.0,downtrend,horizontal,horizontal,horizontal,0.0191846522781775,positive,0.3121150434017181,negative
15745,KGH,2025-08-30 09:51:00,0,2025-09-01,129.4,horizontal,downtrend,horizontal,horizontal,,positive,0.9977156066452152,positive
15745,KGH,2025-08-30 09:51:00,1,2025-09-02,130.75,downtrend,horizontal,horizontal,horizontal,0.0104327666151466,positive,0.9977156066452152,positive
15745,KGH,2025-08-30 09:51:00,2,2025-09-03,133.85,downtrend,horizontal,horizontal,uptrend,0.0237093690248566,positive,0.9977156066452152,positive
15745,KGH,2025-08-30 09:51:00,3,2025-09-04,131.1,downtrend,horizontal,horizontal,horizontal,-0.020545386626821,positive,0.9977156066452152,positive
15745,KGH,2025-08-30 09:51:00,4,2025-09-05,132.5,downtrend,horizontal,horizontal,horizontal,0.0106788710907703,positive,0.9977156066452152,positive
15745,KGH,2025-08-30 09:51:00,5,2025-09-08,133.55,downtrend,horizontal,horizontal,uptrend,0.0079245283018869,positive,0.9977156066452152,positive
15855,KGH,2025-09-01 00:14:00,0,2025-09-01,129.4,horizontal,downtrend,horizontal,horizontal,,negative,-0.9956743447110056,negative
15855,KGH,2025-09-01 00:14:00,1,2025-09-02,130.75,downtrend,horizontal,horizontal,horizontal,0.0104327666151466,negative,-0.9956743447110056,negative
15855,KGH,2025-09-01 00:14:00,2,2025-09-03,133.85,downtrend,horizontal,horizontal,uptrend,0.0237093690248566,negative,-0.9956743447110056,negative
15855,KGH,2025-09-01 00:14:00,3,2025-09-04,131.1,downtrend,horizontal,horizontal,horizontal,-0.020545386626821,negative,-0.9956743447110056,negative
15855,KGH,2025-09-01 00:14:00,4,2025-09-05,132.5,downtrend,horizontal,horizontal,horizontal,0.0106788710907703,negative,-0.9956743447110056,negative
15855,KGH,2025-09-01 00:14:00,5,2025-09-08,133.55,downtrend,horizontal,horizontal,uptrend,0.0079245283018869,negative,-0.9956743447110056,negative
15870,PKN,2025-09-01 08:33:00,0,2025-09-01,77.82,downtrend,downtrend,downtrend,downtrend,,positive,0.3689406514167785,neutral
15870,PKN,2025-09-01 08:33:00,1,2025-09-02,77.69,downtrend,downtrend,downtrend,downtrend,-0.0016705217167822,positive,0.3689406514167785,neutral
15870,PKN,2025-09-01 08:33:00,2,2025-09-03,79.62,downtrend,downtrend,downtrend,horizontal,0.0248423220491698,positive,0.3689406514167785,neutral
15870,PKN,2025-09-01 08:33:00,3,2025-09-04,80.48,downtrend,downtrend,downtrend,horizontal,0.0108013062044711,positive,0.3689406514167785,neutral
15870,PKN,2025-09-01 08:33:00,4,2025-09-05,81.08,downtrend,downtrend,downtrend,horizontal,0.007455268389662,positive,0.3689406514167785,neutral
15870,PKN,2025-09-01 08:33:00,5,2025-09-08,83.04,downtrend,downtrend,uptrend,horizontal,0.0241736556487421,positive,0.3689406514167785,neutral
15874,PKN,2025-09-01 09:18:00,0,2025-09-01,77.82,downtrend,downtrend,downtrend,downtrend,,neutral,-0.3067028373479843,positive
15874,PKN,2025-09-01 09:18:00,1,2025-09-02,77.69,downtrend,downtrend,downtrend,downtrend,-0.0016705217167822,neutral,-0.3067028373479843,positive
15874,PKN,2025-09-01 09:18:00,2,2025-09-03,79.62,downtrend,downtrend,downtrend,horizontal,0.0248423220491698,neutral,-0.3067028373479843,positive
15874,PKN,2025-09-01 09:18:00,3,2025-09-04,80.48,downtrend,downtrend,downtrend,horizontal,0.0108013062044711,neutral,-0.3067028373479843,positive
15874,PKN,2025-09-01 09:18:00,4,2025-09-05,81.08,downtrend,downtrend,downtrend,horizontal,0.007455268389662,neutral,-0.3067028373479843,positive
15874,PKN,2025-09-01 09:18:00,5,2025-09-08,83.04,downtrend,downtrend,uptrend,horizontal,0.0241736556487421,neutral,-0.3067028373479843,positive
15999,PKN,2025-09-01 15:25:00,0,2025-09-01,77.82,downtrend,downtrend,downtrend,downtrend,,negative,-0.996171748265624,neutral
15999,PKN,2025-09-01 15:25:00,1,2025-09-02,77.69,downtrend,downtrend,downtrend,downtrend,-0.0016705217167822,negative,-0.996171748265624,neutral
15999,PKN,2025-09-01 15:25:00,2,2025-09-03,79.62,downtrend,downtrend,downtrend,horizontal,0.0248423220491698,negative,-0.996171748265624,neutral
15999,PKN,2025-09-01 15:25:00,3,2025-09-04,80.48,downtrend,downtrend,downtrend,horizontal,0.0108013062044711,negative,-0.996171748265624,neutral
15999,PKN,2025-09-01 15:25:00,4,2025-09-05,81.08,downtrend,downtrend,downtrend,horizontal,0.007455268389662,negative,-0.996171748265624,neutral
15999,PKN,2025-09-01 15:25:00,5,2025-09-08,83.04,downtrend,downtrend,uptrend,horizontal,0.0241736556487421,negative,-0.996171748265624,neutral
16057,CDR,2025-09-01 18:02:00,0,2025-09-02,248.9,uptrend,downtrend,horizontal,downtrend,,negative,-0.994503829831956,negative
16057,CDR,2025-09-01 18:02:00,1,2025-09-03,245.9,uptrend,downtrend,horizontal,downtrend,-0.0120530333467255,negative,-0.994503829831956,negative
16057,CDR,2025-09-01 18:02:00,2,2025-09-04,250.0,horizontal,downtrend,horizontal,horizontal,0.0166734444896299,negative,-0.994503829831956,negative
16057,CDR,2025-09-01 18:02:00,3,2025-09-05,250.2,horizontal,downtrend,horizontal,horizontal,0.0007999999999999,negative,-0.994503829831956,negative
16057,CDR,2025-09-01 18:02:00,4,2025-09-08,255.0,downtrend,horizontal,horizontal,horizontal,0.0191846522781775,negative,-0.994503829831956,negative
16057,CDR,2025-09-01 18:02:00,5,2025-09-09,252.5,downtrend,horizontal,horizontal,horizontal,-0.0098039215686274,negative,-0.994503829831956,negative
16081,PKN,2025-09-01 20:29:00,0,2025-09-02,77.69,downtrend,downtrend,downtrend,downtrend,,neutral,-0.3418409451842308,neutral
16081,PKN,2025-09-01 20:29:00,1,2025-09-03,79.62,downtrend,downtrend,downtrend,horizontal,0.0248423220491698,neutral,-0.3418409451842308,neutral
16081,PKN,2025-09-01 20:29:00,2,2025-09-04,80.48,downtrend,downtrend,downtrend,horizontal,0.0108013062044711,neutral,-0.3418409451842308,neutral
16081,PKN,2025-09-01 20:29:00,3,2025-09-05,81.08,downtrend,downtrend,downtrend,horizontal,0.007455268389662,neutral,-0.3418409451842308,neutral
16081,PKN,2025-09-01 20:29:00,4,2025-09-08,83.04,downtrend,downtrend,uptrend,horizontal,0.0241736556487421,neutral,-0.3418409451842308,neutral
16081,PKN,2025-09-01 20:29:00,5,2025-09-09,82.44,downtrend,horizontal,uptrend,horizontal,-0.0072254335260116,neutral,-0.3418409451842308,neutral
16107,CDR,2025-09-02 08:34:00,0,2025-09-02,248.9,uptrend,downtrend,horizontal,downtrend,,negative,-0.9970550379075576,negative
16107,CDR,2025-09-02 08:34:00,1,2025-09-03,245.9,uptrend,downtrend,horizontal,downtrend,-0.0120530333467255,negative,-0.9970550379075576,negative
16107,CDR,2025-09-02 08:34:00,2,2025-09-04,250.0,horizontal,downtrend,horizontal,horizontal,0.0166734444896299,negative,-0.9970550379075576,negative
16107,CDR,2025-09-02 08:34:00,3,2025-09-05,250.2,horizontal,downtrend,horizontal,horizontal,0.0007999999999999,negative,-0.9970550379075576,negative
16107,CDR,2025-09-02 08:34:00,4,2025-09-08,255.0,downtrend,horizontal,horizontal,horizontal,0.0191846522781775,negative,-0.9970550379075576,negative
16107,CDR,2025-09-02 08:34:00,5,2025-09-09,252.5,downtrend,horizontal,horizontal,horizontal,-0.0098039215686274,negative,-0.9970550379075576,negative
16150,CDR,2025-09-02 11:50:00,0,2025-09-02,248.9,uptrend,downtrend,horizontal,downtrend,,neutral,0.3198956698179245,negative
16150,CDR,2025-09-02 11:50:00,1,2025-09-03,245.9,uptrend,downtrend,horizontal,downtrend,-0.0120530333467255,neutral,0.3198956698179245,negative
16150,CDR,2025-09-02 11:50:00,2,2025-09-04,250.0,horizontal,downtrend,horizontal,horizontal,0.0166734444896299,neutral,0.3198956698179245,negative
16150,CDR,2025-09-02 11:50:00,3,2025-09-05,250.2,horizontal,downtrend,horizontal,horizontal,0.0007999999999999,neutral,0.3198956698179245,negative
16150,CDR,2025-09-02 11:50:00,4,2025-09-08,255.0,downtrend,horizontal,horizontal,horizontal,0.0191846522781775,neutral,0.3198956698179245,negative
16150,CDR,2025-09-02 11:50:00,5,2025-09-09,252.5,downtrend,horizontal,horizontal,horizontal,-0.0098039215686274,neutral,0.3198956698179245,negative
16157,PKN,2025-09-02 12:29:00,0,2025-09-02,77.69,downtrend,downtrend,downtrend,downtrend,,positive,0.2062330543994903,neutral
16157,PKN,2025-09-02 12:29:00,1,2025-09-03,79.62,downtrend,downtrend,downtrend,horizontal,0.0248423220491698,positive,0.2062330543994903,neutral
16157,PKN,2025-09-02 12:29:00,2,2025-09-04,80.48,downtrend,downtrend,downtrend,horizontal,0.0108013062044711,positive,0.2062330543994903,neutral
16157,PKN,2025-09-02 12:29:00,3,2025-09-05,81.08,downtrend,downtrend,downtrend,horizontal,0.007455268389662,positive,0.2062330543994903,neutral
16157,PKN,2025-09-02 12:29:00,4,2025-09-08,83.04,downtrend,downtrend,uptrend,horizontal,0.0241736556487421,positive,0.2062330543994903,neutral
16157,PKN,2025-09-02 12:29:00,5,2025-09-09,82.44,downtrend,horizontal,uptrend,horizontal,-0.0072254335260116,positive,0.2062330543994903,neutral
16188,KGH,2025-09-02 15:09:00,0,2025-09-02,130.75,downtrend,horizontal,horizontal,horizontal,,neutral,-0.2348815947771072,positive
16188,KGH,2025-09-02 15:09:00,1,2025-09-03,133.85,downtrend,horizontal,horizontal,uptrend,0.0237093690248566,neutral,-0.2348815947771072,positive
16188,KGH,2025-09-02 15:09:00,2,2025-09-04,131.1,downtrend,horizontal,horizontal,horizontal,-0.020545386626821,neutral,-0.2348815947771072,positive
16188,KGH,2025-09-02 15:09:00,3,2025-09-05,132.5,downtrend,horizontal,horizontal,horizontal,0.0106788710907703,neutral,-0.2348815947771072,positive
16188,KGH,2025-09-02 15:09:00,4,2025-09-08,133.55,downtrend,horizontal,horizontal,uptrend,0.0079245283018869,neutral,-0.2348815947771072,positive
16188,KGH,2025-09-02 15:09:00,5,2025-09-09,134.25,downtrend,horizontal,horizontal,uptrend,0.0052414825907898,neutral,-0.2348815947771072,positive
16238,KGH,2025-09-02 21:05:00,0,2025-09-03,133.85,downtrend,horizontal,horizontal,uptrend,,neutral,0.1547616571187973,neutral
16238,KGH,2025-09-02 21:05:00,1,2025-09-04,131.1,downtrend,horizontal,horizontal,horizontal,-0.020545386626821,neutral,0.1547616571187973,neutral
16238,KGH,2025-09-02 21:05:00,2,2025-09-05,132.5,downtrend,horizontal,horizontal,horizontal,0.0106788710907703,neutral,0.1547616571187973,neutral
16238,KGH,2025-09-02 21:05:00,3,2025-09-08,133.55,downtrend,horizontal,horizontal,uptrend,0.0079245283018869,neutral,0.1547616571187973,neutral
16238,KGH,2025-09-02 21:05:00,4,2025-09-09,134.25,downtrend,horizontal,horizontal,uptrend,0.0052414825907898,neutral,0.1547616571187973,neutral
16238,KGH,2025-09-02 21:05:00,5,2025-09-10,133.5,horizontal,horizontal,horizontal,uptrend,-0.0055865921787709,neutral,0.1547616571187973,neutral
16239,KGH,2025-09-02 21:09:00,0,2025-09-03,133.85,downtrend,horizontal,horizontal,uptrend,,negative,-0.1776758432388305,neutral
16239,KGH,2025-09-02 21:09:00,1,2025-09-04,131.1,downtrend,horizontal,horizontal,horizontal,-0.020545386626821,negative,-0.1776758432388305,neutral
16239,KGH,2025-09-02 21:09:00,2,2025-09-05,132.5,downtrend,horizontal,horizontal,horizontal,0.0106788710907703,negative,-0.1776758432388305,neutral
16239,KGH,2025-09-02 21:09:00,3,2025-09-08,133.55,downtrend,horizontal,horizontal,uptrend,0.0079245283018869,negative,-0.1776758432388305,neutral
16239,KGH,2025-09-02 21:09:00,4,2025-09-09,134.25,downtrend,horizontal,horizontal,uptrend,0.0052414825907898,negative,-0.1776758432388305,neutral
16239,KGH,2025-09-02 21:09:00,5,2025-09-10,133.5,horizontal,horizontal,horizontal,uptrend,-0.0055865921787709,negative,-0.1776758432388305,neutral
16255,PKN,2025-09-02 23:21:00,0,2025-09-03,79.62,downtrend,downtrend,downtrend,horizontal,,positive,0.9990780976222596,positive
16255,PKN,2025-09-02 23:21:00,1,2025-09-04,80.48,downtrend,downtrend,downtrend,horizontal,0.0108013062044711,positive,0.9990780976222596,positive
16255,PKN,2025-09-02 23:21:00,2,2025-09-05,81.08,downtrend,downtrend,downtrend,horizontal,0.007455268389662,positive,0.9990780976222596,positive
16255,PKN,2025-09-02 23:21:00,3,2025-09-08,83.04,downtrend,downtrend,uptrend,horizontal,0.0241736556487421,positive,0.9990780976222596,positive
16255,PKN,2025-09-02 23:21:00,4,2025-09-09,82.44,downtrend,horizontal,uptrend,horizontal,-0.0072254335260116,positive,0.9990780976222596,positive
16255,PKN,2025-09-02 23:21:00,5,2025-09-10,80.59,downtrend,horizontal,downtrend,horizontal,-0.0224405628335758,positive,0.9990780976222596,positive
16272,PKN,2025-09-03 08:39:00,0,2025-09-03,79.62,downtrend,downtrend,downtrend,horizontal,,neutral,0.0111524080857634,positive
16272,PKN,2025-09-03 08:39:00,1,2025-09-04,80.48,downtrend,downtrend,downtrend,horizontal,0.0108013062044711,neutral,0.0111524080857634,positive
16272,PKN,2025-09-03 08:39:00,2,2025-09-05,81.08,downtrend,downtrend,downtrend,horizontal,0.007455268389662,neutral,0.0111524080857634,positive
16272,PKN,2025-09-03 08:39:00,3,2025-09-08,83.04,downtrend,downtrend,uptrend,horizontal,0.0241736556487421,neutral,0.0111524080857634,positive
16272,PKN,2025-09-03 08:39:00,4,2025-09-09,82.44,downtrend,horizontal,uptrend,horizontal,-0.0072254335260116,neutral,0.0111524080857634,positive
16272,PKN,2025-09-03 08:39:00,5,2025-09-10,80.59,downtrend,horizontal,downtrend,horizontal,-0.0224405628335758,neutral,0.0111524080857634,positive
16345,CDR,2025-09-03 15:07:00,0,2025-09-03,245.9,uptrend,downtrend,horizontal,downtrend,,negative,-0.4445235468447208,positive
16345,CDR,2025-09-03 15:07:00,1,2025-09-04,250.0,horizontal,downtrend,horizontal,horizontal,0.0166734444896299,negative,-0.4445235468447208,positive
16345,CDR,2025-09-03 15:07:00,2,2025-09-05,250.2,horizontal,downtrend,horizontal,horizontal,0.0007999999999999,negative,-0.4445235468447208,positive
16345,CDR,2025-09-03 15:07:00,3,2025-09-08,255.0,downtrend,horizontal,horizontal,horizontal,0.0191846522781775,negative,-0.4445235468447208,positive
16345,CDR,2025-09-03 15:07:00,4,2025-09-09,252.5,downtrend,horizontal,horizontal,horizontal,-0.0098039215686274,negative,-0.4445235468447208,positive
16345,CDR,2025-09-03 15:07:00,5,2025-09-10,255.3,downtrend,horizontal,horizontal,horizontal,0.011089108910891,negative,-0.4445235468447208,positive
16370,CDR,2025-09-03 16:29:00,0,2025-09-03,245.9,uptrend,downtrend,horizontal,downtrend,,negative,-0.9952700719004496,positive
16370,CDR,2025-09-03 16:29:00,1,2025-09-04,250.0,horizontal,downtrend,horizontal,horizontal,0.0166734444896299,negative,-0.9952700719004496,positive
16370,CDR,2025-09-03 16:29:00,2,2025-09-05,250.2,horizontal,downtrend,horizontal,horizontal,0.0007999999999999,negative,-0.9952700719004496,positive
16370,CDR,2025-09-03 16:29:00,3,2025-09-08,255.0,downtrend,horizontal,horizontal,horizontal,0.0191846522781775,negative,-0.9952700719004496,positive
16370,CDR,2025-09-03 16:29:00,4,2025-09-09,252.5,downtrend,horizontal,horizontal,horizontal,-0.0098039215686274,negative,-0.9952700719004496,positive
16370,CDR,2025-09-03 16:29:00,5,2025-09-10,255.3,downtrend,horizontal,horizontal,horizontal,0.011089108910891,negative,-0.9952700719004496,positive
16467,PKN,2025-09-04 15:42:00,0,2025-09-04,80.48,downtrend,downtrend,downtrend,horizontal,,negative,-0.0711253583431243,positive
16467,PKN,2025-09-04 15:42:00,1,2025-09-05,81.08,downtrend,downtrend,downtrend,horizontal,0.007455268389662,negative,-0.0711253583431243,positive
16467,PKN,2025-09-04 15:42:00,2,2025-09-08,83.04,downtrend,downtrend,uptrend,horizontal,0.0241736556487421,negative,-0.0711253583431243,positive
16467,PKN,2025-09-04 15:42:00,3,2025-09-09,82.44,downtrend,horizontal,uptrend,horizontal,-0.0072254335260116,negative,-0.0711253583431243,positive
16467,PKN,2025-09-04 15:42:00,4,2025-09-10,80.59,downtrend,horizontal,downtrend,horizontal,-0.0224405628335758,negative,-0.0711253583431243,positive
16467,PKN,2025-09-04 15:42:00,5,2025-09-11,82.6,horizontal,horizontal,horizontal,horizontal,0.0249410596848242,negative,-0.0711253583431243,positive
16470,CDR,2025-09-04 15:58:00,0,2025-09-04,250.0,horizontal,downtrend,horizontal,horizontal,,negative,-0.9937250179937108,neutral
16470,CDR,2025-09-04 15:58:00,1,2025-09-05,250.2,horizontal,downtrend,horizontal,horizontal,0.0007999999999999,negative,-0.9937250179937108,neutral
16470,CDR,2025-09-04 15:58:00,2,2025-09-08,255.0,downtrend,horizontal,horizontal,horizontal,0.0191846522781775,negative,-0.9937250179937108,neutral
16470,CDR,2025-09-04 15:58:00,3,2025-09-09,252.5,downtrend,horizontal,horizontal,horizontal,-0.0098039215686274,negative,-0.9937250179937108,neutral
16470,CDR,2025-09-04 15:58:00,4,2025-09-10,255.3,downtrend,horizontal,horizontal,horizontal,0.011089108910891,negative,-0.9937250179937108,neutral
16470,CDR,2025-09-04 15:58:00,5,2025-09-11,255.0,downtrend,horizontal,horizontal,horizontal,-0.0011750881316099,negative,-0.9937250179937108,neutral
16488,CDR,2025-09-04 18:44:00,0,2025-09-05,250.2,horizontal,downtrend,horizontal,horizontal,,negative,-0.3120651990175247,positive
16488,CDR,2025-09-04 18:44:00,1,2025-09-08,255.0,downtrend,horizontal,horizontal,horizontal,0.0191846522781775,negative,-0.3120651990175247,positive
16488,CDR,2025-09-04 18:44:00,2,2025-09-09,252.5,downtrend,horizontal,horizontal,horizontal,-0.0098039215686274,negative,-0.3120651990175247,positive
16488,CDR,2025-09-04 18:44:00,3,2025-09-10,255.3,downtrend,horizontal,horizontal,horizontal,0.011089108910891,negative,-0.3120651990175247,positive
16488,CDR,2025-09-04 18:44:00,4,2025-09-11,255.0,downtrend,horizontal,horizontal,horizontal,-0.0011750881316099,negative,-0.3120651990175247,positive
16488,CDR,2025-09-04 18:44:00,5,2025-09-12,252.3,downtrend,horizontal,horizontal,downtrend,-0.0105882352941175,negative,-0.3120651990175247,positive
16528,CDR,2025-09-05 09:21:00,0,2025-09-05,250.2,horizontal,downtrend,horizontal,horizontal,,neutral,-0.005048519000411,positive
16528,CDR,2025-09-05 09:21:00,1,2025-09-08,255.0,downtrend,horizontal,horizontal,horizontal,0.0191846522781775,neutral,-0.005048519000411,positive
16528,CDR,2025-09-05 09:21:00,2,2025-09-09,252.5,downtrend,horizontal,horizontal,horizontal,-0.0098039215686274,neutral,-0.005048519000411,positive
16528,CDR,2025-09-05 09:21:00,3,2025-09-10,255.3,downtrend,horizontal,horizontal,horizontal,0.011089108910891,neutral,-0.005048519000411,positive
16528,CDR,2025-09-05 09:21:00,4,2025-09-11,255.0,downtrend,horizontal,horizontal,horizontal,-0.0011750881316099,neutral,-0.005048519000411,positive
16528,CDR,2025-09-05 09:21:00,5,2025-09-12,252.3,downtrend,horizontal,horizontal,downtrend,-0.0105882352941175,neutral,-0.005048519000411,positive
16544,CDR,2025-09-05 10:12:00,0,2025-09-05,250.2,horizontal,downtrend,horizontal,horizontal,,positive,0.1679198741912841,positive
16544,CDR,2025-09-05 10:12:00,1,2025-09-08,255.0,downtrend,horizontal,horizontal,horizontal,0.0191846522781775,positive,0.1679198741912841,positive
16544,CDR,2025-09-05 10:12:00,2,2025-09-09,252.5,downtrend,horizontal,horizontal,horizontal,-0.0098039215686274,positive,0.1679198741912841,positive
16544,CDR,2025-09-05 10:12:00,3,2025-09-10,255.3,downtrend,horizontal,horizontal,horizontal,0.011089108910891,positive,0.1679198741912841,positive
16544,CDR,2025-09-05 10:12:00,4,2025-09-11,255.0,downtrend,horizontal,horizontal,horizontal,-0.0011750881316099,positive,0.1679198741912841,positive
16544,CDR,2025-09-05 10:12:00,5,2025-09-12,252.3,downtrend,horizontal,horizontal,downtrend,-0.0105882352941175,positive,0.1679198741912841,positive
16571,CDR,2025-09-05 13:03:00,0,2025-09-05,250.2,horizontal,downtrend,horizontal,horizontal,,positive,0.9979274981014896,negative
16571,CDR,2025-09-05 13:03:00,1,2025-09-08,255.0,downtrend,horizontal,horizontal,horizontal,0.0191846522781775,positive,0.9979274981014896,negative
16571,CDR,2025-09-05 13:03:00,2,2025-09-09,252.5,downtrend,horizontal,horizontal,horizontal,-0.0098039215686274,positive,0.9979274981014896,negative
16571,CDR,2025-09-05 13:03:00,3,2025-09-10,255.3,downtrend,horizontal,horizontal,horizontal,0.011089108910891,positive,0.9979274981014896,negative
16571,CDR,2025-09-05 13:03:00,4,2025-09-11,255.0,downtrend,horizontal,horizontal,horizontal,-0.0011750881316099,positive,0.9979274981014896,negative
16571,CDR,2025-09-05 13:03:00,5,2025-09-12,252.3,downtrend,horizontal,horizontal,downtrend,-0.0105882352941175,positive,0.9979274981014896,negative
16586,CDR,2025-09-05 19:13:00,0,2025-09-08,255.0,downtrend,horizontal,horizontal,horizontal,,negative,-0.991638348903507,positive
16586,CDR,2025-09-05 19:13:00,1,2025-09-09,252.5,downtrend,horizontal,horizontal,horizontal,-0.0098039215686274,negative,-0.991638348903507,positive
16586,CDR,2025-09-05 19:13:00,2,2025-09-10,255.3,downtrend,horizontal,horizontal,horizontal,0.011089108910891,negative,-0.991638348903507,positive
16586,CDR,2025-09-05 19:13:00,3,2025-09-11,255.0,downtrend,horizontal,horizontal,horizontal,-0.0011750881316099,negative,-0.991638348903507,positive
16586,CDR,2025-09-05 19:13:00,4,2025-09-12,252.3,downtrend,horizontal,horizontal,downtrend,-0.0105882352941175,negative,-0.991638348903507,positive
16586,CDR,2025-09-05 19:13:00,5,2025-09-15,257.0,downtrend,horizontal,horizontal,uptrend,0.0186286167261195,negative,-0.991638348903507,positive
16598,CDR,2025-09-05 20:39:00,0,2025-09-08,255.0,downtrend,horizontal,horizontal,horizontal,,negative,-0.9947388349100948,positive
16598,CDR,2025-09-05 20:39:00,1,2025-09-09,252.5,downtrend,horizontal,horizontal,horizontal,-0.0098039215686274,negative,-0.9947388349100948,positive
16598,CDR,2025-09-05 20:39:00,2,2025-09-10,255.3,downtrend,horizontal,horizontal,horizontal,0.011089108910891,negative,-0.9947388349100948,positive
16598,CDR,2025-09-05 20:39:00,3,2025-09-11,255.0,downtrend,horizontal,horizontal,horizontal,-0.0011750881316099,negative,-0.9947388349100948,positive
16598,CDR,2025-09-05 20:39:00,4,2025-09-12,252.3,downtrend,horizontal,horizontal,downtrend,-0.0105882352941175,negative,-0.9947388349100948,positive
16598,CDR,2025-09-05 20:39:00,5,2025-09-15,257.0,downtrend,horizontal,horizontal,uptrend,0.0186286167261195,negative,-0.9947388349100948,positive
16610,KGH,2025-09-06 07:40:00,0,2025-09-08,133.55,downtrend,horizontal,horizontal,uptrend,,negative,-0.9970111180446112,negative
16610,KGH,2025-09-06 07:40:00,1,2025-09-09,134.25,downtrend,horizontal,horizontal,uptrend,0.0052414825907898,negative,-0.9970111180446112,negative
16610,KGH,2025-09-06 07:40:00,2,2025-09-10,133.5,horizontal,horizontal,horizontal,uptrend,-0.0055865921787709,negative,-0.9970111180446112,negative
16610,KGH,2025-09-06 07:40:00,3,2025-09-11,133.85,horizontal,horizontal,horizontal,uptrend,0.0026217228464417,negative,-0.9970111180446112,negative
16610,KGH,2025-09-06 07:40:00,4,2025-09-12,139.15,uptrend,uptrend,horizontal,uptrend,0.0395965633171462,negative,-0.9970111180446112,negative
16610,KGH,2025-09-06 07:40:00,5,2025-09-15,141.0,uptrend,uptrend,horizontal,uptrend,0.013295005389867,negative,-0.9970111180446112,negative
16647,CDR,2025-09-06 16:51:00,0,2025-09-08,255.0,downtrend,horizontal,horizontal,horizontal,,negative,-0.9973277015960776,neutral
16647,CDR,2025-09-06 16:51:00,1,2025-09-09,252.5,downtrend,horizontal,horizontal,horizontal,-0.0098039215686274,negative,-0.9973277015960776,neutral
16647,CDR,2025-09-06 16:51:00,2,2025-09-10,255.3,downtrend,horizontal,horizontal,horizontal,0.011089108910891,negative,-0.9973277015960776,neutral
16647,CDR,2025-09-06 16:51:00,3,2025-09-11,255.0,downtrend,horizontal,horizontal,horizontal,-0.0011750881316099,negative,-0.9973277015960776,neutral
16647,CDR,2025-09-06 16:51:00,4,2025-09-12,252.3,downtrend,horizontal,horizontal,downtrend,-0.0105882352941175,negative,-0.9973277015960776,neutral
16647,CDR,2025-09-06 16:51:00,5,2025-09-15,257.0,downtrend,horizontal,horizontal,uptrend,0.0186286167261195,negative,-0.9973277015960776,neutral
16681,CDR,2025-09-07 16:24:00,0,2025-09-08,255.0,downtrend,horizontal,horizontal,horizontal,,positive,0.3947035744786262,positive
16681,CDR,2025-09-07 16:24:00,1,2025-09-09,252.5,downtrend,horizontal,horizontal,horizontal,-0.0098039215686274,positive,0.3947035744786262,positive
16681,CDR,2025-09-07 16:24:00,2,2025-09-10,255.3,downtrend,horizontal,horizontal,horizontal,0.011089108910891,positive,0.3947035744786262,positive
16681,CDR,2025-09-07 16:24:00,3,2025-09-11,255.0,downtrend,horizontal,horizontal,horizontal,-0.0011750881316099,positive,0.3947035744786262,positive
16681,CDR,2025-09-07 16:24:00,4,2025-09-12,252.3,downtrend,horizontal,horizontal,downtrend,-0.0105882352941175,positive,0.3947035744786262,positive
16681,CDR,2025-09-07 16:24:00,5,2025-09-15,257.0,downtrend,horizontal,horizontal,uptrend,0.0186286167261195,positive,0.3947035744786262,positive
16735,PKN,2025-09-08 13:10:00,0,2025-09-08,83.04,downtrend,downtrend,uptrend,horizontal,,positive,0.2726974636316299,positive
16735,PKN,2025-09-08 13:10:00,1,2025-09-09,82.44,downtrend,horizontal,uptrend,horizontal,-0.0072254335260116,positive,0.2726974636316299,positive
16735,PKN,2025-09-08 13:10:00,2,2025-09-10,80.59,downtrend,horizontal,downtrend,horizontal,-0.0224405628335758,positive,0.2726974636316299,positive
16735,PKN,2025-09-08 13:10:00,3,2025-09-11,82.6,horizontal,horizontal,horizontal,horizontal,0.0249410596848242,positive,0.2726974636316299,positive
16735,PKN,2025-09-08 13:10:00,4,2025-09-12,81.24,horizontal,horizontal,horizontal,horizontal,-0.0164648910411622,positive,0.2726974636316299,positive
16735,PKN,2025-09-08 13:10:00,5,2025-09-15,82.75,horizontal,horizontal,horizontal,horizontal,0.0185869030034466,positive,0.2726974636316299,positive
16738,PKN,2025-09-08 13:27:00,0,2025-09-08,83.04,downtrend,downtrend,uptrend,horizontal,,neutral,-0.0005587665364146,neutral
16738,PKN,2025-09-08 13:27:00,1,2025-09-09,82.44,downtrend,horizontal,uptrend,horizontal,-0.0072254335260116,neutral,-0.0005587665364146,neutral
16738,PKN,2025-09-08 13:27:00,2,2025-09-10,80.59,downtrend,horizontal,downtrend,horizontal,-0.0224405628335758,neutral,-0.0005587665364146,neutral
16738,PKN,2025-09-08 13:27:00,3,2025-09-11,82.6,horizontal,horizontal,horizontal,horizontal,0.0249410596848242,neutral,-0.0005587665364146,neutral
16738,PKN,2025-09-08 13:27:00,4,2025-09-12,81.24,horizontal,horizontal,horizontal,horizontal,-0.0164648910411622,neutral,-0.0005587665364146,neutral
16738,PKN,2025-09-08 13:27:00,5,2025-09-15,82.75,horizontal,horizontal,horizontal,horizontal,0.0185869030034466,neutral,-0.0005587665364146,neutral
16809,CDR,2025-09-09 07:25:00,0,2025-09-09,252.5,downtrend,horizontal,horizontal,horizontal,,positive,0.0288512110710144,positive
16809,CDR,2025-09-09 07:25:00,1,2025-09-10,255.3,downtrend,horizontal,horizontal,horizontal,0.011089108910891,positive,0.0288512110710144,positive
16809,CDR,2025-09-09 07:25:00,2,2025-09-11,255.0,downtrend,horizontal,horizontal,horizontal,-0.0011750881316099,positive,0.0288512110710144,positive
16809,CDR,2025-09-09 07:25:00,3,2025-09-12,252.3,downtrend,horizontal,horizontal,downtrend,-0.0105882352941175,positive,0.0288512110710144,positive
16809,CDR,2025-09-09 07:25:00,4,2025-09-15,257.0,downtrend,horizontal,horizontal,uptrend,0.0186286167261195,positive,0.0288512110710144,positive
16809,CDR,2025-09-09 07:25:00,5,2025-09-16,257.1,horizontal,horizontal,horizontal,uptrend,0.0003891050583657,positive,0.0288512110710144,positive
16855,KGH,2025-09-09 15:46:00,0,2025-09-09,134.25,downtrend,horizontal,horizontal,uptrend,,neutral,0.0246522724628448,negative
16855,KGH,2025-09-09 15:46:00,1,2025-09-10,133.5,horizontal,horizontal,horizontal,uptrend,-0.0055865921787709,neutral,0.0246522724628448,negative
16855,KGH,2025-09-09 15:46:00,2,2025-09-11,133.85,horizontal,horizontal,horizontal,uptrend,0.0026217228464417,neutral,0.0246522724628448,negative
16855,KGH,2025-09-09 15:46:00,3,2025-09-12,139.15,uptrend,uptrend,horizontal,uptrend,0.0395965633171462,neutral,0.0246522724628448,negative
16855,KGH,2025-09-09 15:46:00,4,2025-09-15,141.0,uptrend,uptrend,horizontal,uptrend,0.013295005389867,neutral,0.0246522724628448,negative
16855,KGH,2025-09-09 15:46:00,5,2025-09-16,139.35,uptrend,uptrend,horizontal,uptrend,-0.0117021276595744,neutral,0.0246522724628448,negative
16908,PKN,2025-09-10 09:52:00,0,2025-09-10,80.59,downtrend,horizontal,downtrend,horizontal,,negative,-0.9968550273915752,neutral
16908,PKN,2025-09-10 09:52:00,1,2025-09-11,82.6,horizontal,horizontal,horizontal,horizontal,0.0249410596848242,negative,-0.9968550273915752,neutral
16908,PKN,2025-09-10 09:52:00,2,2025-09-12,81.24,horizontal,horizontal,horizontal,horizontal,-0.0164648910411622,negative,-0.9968550273915752,neutral
16908,PKN,2025-09-10 09:52:00,3,2025-09-15,82.75,horizontal,horizontal,horizontal,horizontal,0.0185869030034466,negative,-0.9968550273915752,neutral
16908,PKN,2025-09-10 09:52:00,4,2025-09-16,82.46,uptrend,horizontal,horizontal,horizontal,-0.0035045317220544,negative,-0.9968550273915752,neutral
16908,PKN,2025-09-10 09:52:00,5,2025-09-17,82.22,uptrend,horizontal,horizontal,horizontal,-0.0029105020616055,negative,-0.9968550273915752,neutral
16929,PKN,2025-09-10 12:19:00,0,2025-09-10,80.59,downtrend,horizontal,downtrend,horizontal,,negative,-0.4612924493849277,positive
16929,PKN,2025-09-10 12:19:00,1,2025-09-11,82.6,horizontal,horizontal,horizontal,horizontal,0.0249410596848242,negative,-0.4612924493849277,positive
16929,PKN,2025-09-10 12:19:00,2,2025-09-12,81.24,horizontal,horizontal,horizontal,horizontal,-0.0164648910411622,negative,-0.4612924493849277,positive
16929,PKN,2025-09-10 12:19:00,3,2025-09-15,82.75,horizontal,horizontal,horizontal,horizontal,0.0185869030034466,negative,-0.4612924493849277,positive
16929,PKN,2025-09-10 12:19:00,4,2025-09-16,82.46,uptrend,horizontal,horizontal,horizontal,-0.0035045317220544,negative,-0.4612924493849277,positive
16929,PKN,2025-09-10 12:19:00,5,2025-09-17,82.22,uptrend,horizontal,horizontal,horizontal,-0.0029105020616055,negative,-0.4612924493849277,positive
17030,PKN,2025-09-11 15:24:00,0,2025-09-11,82.6,horizontal,horizontal,horizontal,horizontal,,negative,-0.9958599815145136,positive
17030,PKN,2025-09-11 15:24:00,1,2025-09-12,81.24,horizontal,horizontal,horizontal,horizontal,-0.0164648910411622,negative,-0.9958599815145136,positive
17030,PKN,2025-09-11 15:24:00,2,2025-09-15,82.75,horizontal,horizontal,horizontal,horizontal,0.0185869030034466,negative,-0.9958599815145136,positive
17030,PKN,2025-09-11 15:24:00,3,2025-09-16,82.46,uptrend,horizontal,horizontal,horizontal,-0.0035045317220544,negative,-0.9958599815145136,positive
17030,PKN,2025-09-11 15:24:00,4,2025-09-17,82.22,uptrend,horizontal,horizontal,horizontal,-0.0029105020616055,negative,-0.9958599815145136,positive
17030,PKN,2025-09-11 15:24:00,5,2025-09-18,82.13,uptrend,horizontal,horizontal,horizontal,-0.0010946241790319,negative,-0.9958599815145136,positive
17076,CDR,2025-09-11 23:10:00,0,2025-09-12,252.3,downtrend,horizontal,horizontal,downtrend,,negative,-0.9968332990538328,neutral
17076,CDR,2025-09-11 23:10:00,1,2025-09-15,257.0,downtrend,horizontal,horizontal,uptrend,0.0186286167261195,negative,-0.9968332990538328,neutral
17076,CDR,2025-09-11 23:10:00,2,2025-09-16,257.1,horizontal,horizontal,horizontal,uptrend,0.0003891050583657,negative,-0.9968332990538328,neutral
17076,CDR,2025-09-11 23:10:00,3,2025-09-17,256.7,horizontal,horizontal,horizontal,uptrend,-0.001555814858032,negative,-0.9968332990538328,neutral
17076,CDR,2025-09-11 23:10:00,4,2025-09-18,262.6,horizontal,horizontal,horizontal,uptrend,0.0229840280483055,negative,-0.9968332990538328,neutral
17076,CDR,2025-09-11 23:10:00,5,2025-09-19,255.0,uptrend,horizontal,horizontal,horizontal,-0.028941355674029,negative,-0.9968332990538328,neutral
17573,KGH,2025-09-17 17:15:00,0,2025-09-18,134.45,uptrend,uptrend,horizontal,uptrend,,neutral,-0.0113164852373301,neutral
17573,KGH,2025-09-17 17:15:00,1,2025-09-19,135.55,uptrend,uptrend,horizontal,uptrend,0.008181480104128,neutral,-0.0113164852373301,neutral
17573,KGH,2025-09-17 17:15:00,2,2025-09-22,140.2,uptrend,uptrend,horizontal,uptrend,0.0343046846182217,neutral,-0.0113164852373301,neutral
17573,KGH,2025-09-17 17:15:00,3,2025-09-23,142.2,uptrend,uptrend,horizontal,uptrend,0.014265335235378,neutral,-0.0113164852373301,neutral
17573,KGH,2025-09-17 17:15:00,4,2025-09-24,152.4,uptrend,uptrend,horizontal,uptrend,0.0717299578059074,neutral,-0.0113164852373301,neutral
17573,KGH,2025-09-17 17:15:00,5,2025-09-25,151.6,uptrend,uptrend,uptrend,uptrend,-0.005249343832021,neutral,-0.0113164852373301,neutral
17575,CDR,2025-09-17 17:39:00,0,2025-09-18,262.6,horizontal,horizontal,horizontal,uptrend,,negative,-0.9926990265958012,negative
17575,CDR,2025-09-17 17:39:00,1,2025-09-19,255.0,uptrend,horizontal,horizontal,horizontal,-0.028941355674029,negative,-0.9926990265958012,negative
17575,CDR,2025-09-17 17:39:00,2,2025-09-22,259.5,uptrend,horizontal,horizontal,uptrend,0.0176470588235293,negative,-0.9926990265958012,negative
17575,CDR,2025-09-17 17:39:00,3,2025-09-23,254.5,uptrend,horizontal,horizontal,downtrend,-0.0192678227360307,negative,-0.9926990265958012,negative
17575,CDR,2025-09-17 17:39:00,4,2025-09-24,255.0,uptrend,horizontal,horizontal,downtrend,0.0019646365422396,negative,-0.9926990265958012,negative
17575,CDR,2025-09-17 17:39:00,5,2025-09-25,253.7,uptrend,horizontal,horizontal,downtrend,-0.0050980392156863,negative,-0.9926990265958012,negative
17577,KGH,2025-09-17 18:27:00,0,2025-09-18,134.45,uptrend,uptrend,horizontal,uptrend,,neutral,-0.0890698730945587,neutral
17577,KGH,2025-09-17 18:27:00,1,2025-09-19,135.55,uptrend,uptrend,horizontal,uptrend,0.008181480104128,neutral,-0.0890698730945587,neutral
17577,KGH,2025-09-17 18:27:00,2,2025-09-22,140.2,uptrend,uptrend,horizontal,uptrend,0.0343046846182217,neutral,-0.0890698730945587,neutral
17577,KGH,2025-09-17 18:27:00,3,2025-09-23,142.2,uptrend,uptrend,horizontal,uptrend,0.014265335235378,neutral,-0.0890698730945587,neutral
17577,KGH,2025-09-17 18:27:00,4,2025-09-24,152.4,uptrend,uptrend,horizontal,uptrend,0.0717299578059074,neutral,-0.0890698730945587,neutral
17577,KGH,2025-09-17 18:27:00,5,2025-09-25,151.6,uptrend,uptrend,uptrend,uptrend,-0.005249343832021,neutral,-0.0890698730945587,neutral
17711,KGH,2025-09-19 06:59:00,0,2025-09-19,135.55,uptrend,uptrend,horizontal,uptrend,,positive,0.998953808666556,neutral
17711,KGH,2025-09-19 06:59:00,1,2025-09-22,140.2,uptrend,uptrend,horizontal,uptrend,0.0343046846182217,positive,0.998953808666556,neutral
17711,KGH,2025-09-19 06:59:00,2,2025-09-23,142.2,uptrend,uptrend,horizontal,uptrend,0.014265335235378,positive,0.998953808666556,neutral
17711,KGH,2025-09-19 06:59:00,3,2025-09-24,152.4,uptrend,uptrend,horizontal,uptrend,0.0717299578059074,positive,0.998953808666556,neutral
17711,KGH,2025-09-19 06:59:00,4,2025-09-25,151.6,uptrend,uptrend,uptrend,uptrend,-0.005249343832021,positive,0.998953808666556,neutral
17711,KGH,2025-09-19 06:59:00,5,2025-09-26,152.0,uptrend,uptrend,uptrend,uptrend,0.0026385224274407,positive,0.998953808666556,neutral
17749,CDR,2025-09-19 10:07:00,0,2025-09-19,255.0,uptrend,horizontal,horizontal,horizontal,,neutral,-0.0076858270913362,negative
17749,CDR,2025-09-19 10:07:00,1,2025-09-22,259.5,uptrend,horizontal,horizontal,uptrend,0.0176470588235293,neutral,-0.0076858270913362,negative
17749,CDR,2025-09-19 10:07:00,2,2025-09-23,254.5,uptrend,horizontal,horizontal,downtrend,-0.0192678227360307,neutral,-0.0076858270913362,negative
17749,CDR,2025-09-19 10:07:00,3,2025-09-24,255.0,uptrend,horizontal,horizontal,downtrend,0.0019646365422396,neutral,-0.0076858270913362,negative
17749,CDR,2025-09-19 10:07:00,4,2025-09-25,253.7,uptrend,horizontal,horizontal,downtrend,-0.0050980392156863,neutral,-0.0076858270913362,negative
17749,CDR,2025-09-19 10:07:00,5,2025-09-26,256.3,uptrend,horizontal,horizontal,horizontal,0.0102483247930627,neutral,-0.0076858270913362,negative
17836,KGH,2025-09-19 20:06:00,0,2025-09-22,140.2,uptrend,uptrend,horizontal,uptrend,,neutral,0.0558724999427795,positive
17836,KGH,2025-09-19 20:06:00,1,2025-09-23,142.2,uptrend,uptrend,horizontal,uptrend,0.014265335235378,neutral,0.0558724999427795,positive
17836,KGH,2025-09-19 20:06:00,2,2025-09-24,152.4,uptrend,uptrend,horizontal,uptrend,0.0717299578059074,neutral,0.0558724999427795,positive
17836,KGH,2025-09-19 20:06:00,3,2025-09-25,151.6,uptrend,uptrend,uptrend,uptrend,-0.005249343832021,neutral,0.0558724999427795,positive
17836,KGH,2025-09-19 20:06:00,4,2025-09-26,152.0,uptrend,uptrend,uptrend,uptrend,0.0026385224274407,neutral,0.0558724999427795,positive
17836,KGH,2025-09-19 20:06:00,5,2025-09-29,160.0,uptrend,uptrend,uptrend,uptrend,0.0526315789473683,neutral,0.0558724999427795,positive
18186,CDR,2025-09-24 11:09:00,0,2025-09-24,255.0,uptrend,horizontal,horizontal,downtrend,,positive,0.0313535332679748,positive
18186,CDR,2025-09-24 11:09:00,1,2025-09-25,253.7,uptrend,horizontal,horizontal,downtrend,-0.0050980392156863,positive,0.0313535332679748,positive
18186,CDR,2025-09-24 11:09:00,2,2025-09-26,256.3,uptrend,horizontal,horizontal,horizontal,0.0102483247930627,positive,0.0313535332679748,positive
18186,CDR,2025-09-24 11:09:00,3,2025-09-29,267.8,uptrend,uptrend,horizontal,uptrend,0.0448692937963324,positive,0.0313535332679748,positive
18186,CDR,2025-09-24 11:09:00,4,2025-09-30,270.5,uptrend,uptrend,horizontal,uptrend,0.0100821508588497,positive,0.0313535332679748,positive
18186,CDR,2025-09-24 11:09:00,5,2025-10-01,272.2,uptrend,uptrend,horizontal,uptrend,0.0062846580406654,positive,0.0313535332679748,positive
18194,PKN,2025-09-24 11:45:00,0,2025-09-24,88.44,uptrend,uptrend,horizontal,uptrend,,neutral,0.0898017734289169,negative
18194,PKN,2025-09-24 11:45:00,1,2025-09-25,88.75,uptrend,uptrend,horizontal,uptrend,0.0035052012663954,neutral,0.0898017734289169,negative
18194,PKN,2025-09-24 11:45:00,2,2025-09-26,89.14,uptrend,uptrend,horizontal,uptrend,0.004394366197183,neutral,0.0898017734289169,negative
18194,PKN,2025-09-24 11:45:00,3,2025-09-29,88.28,uptrend,uptrend,horizontal,uptrend,-0.0096477451200358,neutral,0.0898017734289169,negative
18194,PKN,2025-09-24 11:45:00,4,2025-09-30,86.52,uptrend,uptrend,horizontal,uptrend,-0.0199365654734935,neutral,0.0898017734289169,negative
18194,PKN,2025-09-24 11:45:00,5,2025-10-01,87.85,uptrend,uptrend,horizontal,uptrend,0.0153721682847896,neutral,0.0898017734289169,negative
18314,PKN,2025-09-24 20:43:00,0,2025-09-25,88.75,uptrend,uptrend,horizontal,uptrend,,positive,0.492360770702362,neutral
18314,PKN,2025-09-24 20:43:00,1,2025-09-26,89.14,uptrend,uptrend,horizontal,uptrend,0.004394366197183,positive,0.492360770702362,neutral
18314,PKN,2025-09-24 20:43:00,2,2025-09-29,88.28,uptrend,uptrend,horizontal,uptrend,-0.0096477451200358,positive,0.492360770702362,neutral
18314,PKN,2025-09-24 20:43:00,3,2025-09-30,86.52,uptrend,uptrend,horizontal,uptrend,-0.0199365654734935,positive,0.492360770702362,neutral
18314,PKN,2025-09-24 20:43:00,4,2025-10-01,87.85,uptrend,uptrend,horizontal,uptrend,0.0153721682847896,positive,0.492360770702362,neutral
18314,PKN,2025-09-24 20:43:00,5,2025-10-02,86.61,uptrend,uptrend,horizontal,uptrend,-0.0141149686966419,positive,0.492360770702362,neutral
18356,PKN,2025-09-24 22:13:00,0,2025-09-25,88.75,uptrend,uptrend,horizontal,uptrend,,positive,0.9977497157815378,positive
18356,PKN,2025-09-24 22:13:00,1,2025-09-26,89.14,uptrend,uptrend,horizontal,uptrend,0.004394366197183,positive,0.9977497157815378,positive
18356,PKN,2025-09-24 22:13:00,2,2025-09-29,88.28,uptrend,uptrend,horizontal,uptrend,-0.0096477451200358,positive,0.9977497157815378,positive
18356,PKN,2025-09-24 22:13:00,3,2025-09-30,86.52,uptrend,uptrend,horizontal,uptrend,-0.0199365654734935,positive,0.9977497157815378,positive
18356,PKN,2025-09-24 22:13:00,4,2025-10-01,87.85,uptrend,uptrend,horizontal,uptrend,0.0153721682847896,positive,0.9977497157815378,positive
18356,PKN,2025-09-24 22:13:00,5,2025-10-02,86.61,uptrend,uptrend,horizontal,uptrend,-0.0141149686966419,positive,0.9977497157815378,positive
18368,KGH,2025-09-25 01:02:00,0,2025-09-25,151.6,uptrend,uptrend,uptrend,uptrend,,negative,-0.9957978397142142,negative
18368,KGH,2025-09-25 01:02:00,1,2025-09-26,152.0,uptrend,uptrend,uptrend,uptrend,0.0026385224274407,negative,-0.9957978397142142,negative
18368,KGH,2025-09-25 01:02:00,2,2025-09-29,160.0,uptrend,uptrend,uptrend,uptrend,0.0526315789473683,negative,-0.9957978397142142,negative
18368,KGH,2025-09-25 01:02:00,3,2025-09-30,160.0,uptrend,uptrend,uptrend,uptrend,0.0,negative,-0.9957978397142142,negative
18368,KGH,2025-09-25 01:02:00,4,2025-10-01,166.05,uptrend,uptrend,uptrend,uptrend,0.0378125,negative,-0.9957978397142142,negative
18368,KGH,2025-09-25 01:02:00,5,2025-10-02,167.35,uptrend,uptrend,uptrend,uptrend,0.0078289671785605,negative,-0.9957978397142142,negative
18395,LPP,2025-09-25 09:14:00,0,2025-09-25,17860.0,uptrend,uptrend,uptrend,uptrend,,neutral,-0.0082775177434086,negative
18395,LPP,2025-09-25 09:14:00,1,2025-09-26,17760.0,uptrend,uptrend,downtrend,uptrend,-0.005599104143337,neutral,-0.0082775177434086,negative
18395,LPP,2025-09-25 09:14:00,2,2025-09-29,17625.0,uptrend,uptrend,downtrend,uptrend,-0.0076013513513513,neutral,-0.0082775177434086,negative
18395,LPP,2025-09-25 09:14:00,3,2025-09-30,17680.0,uptrend,uptrend,downtrend,uptrend,0.0031205673758865,neutral,-0.0082775177434086,negative
18395,LPP,2025-09-25 09:14:00,4,2025-10-01,17550.0,horizontal,horizontal,horizontal,uptrend,-0.0073529411764705,neutral,-0.0082775177434086,negative
18395,LPP,2025-09-25 09:14:00,5,2025-10-02,17585.0,horizontal,horizontal,horizontal,uptrend,0.001994301994302,neutral,-0.0082775177434086,negative
18420,KGH,2025-09-25 11:52:00,0,2025-09-25,151.6,uptrend,uptrend,uptrend,uptrend,,neutral,-0.0173470671288669,neutral
18420,KGH,2025-09-25 11:52:00,1,2025-09-26,152.0,uptrend,uptrend,uptrend,uptrend,0.0026385224274407,neutral,-0.0173470671288669,neutral
18420,KGH,2025-09-25 11:52:00,2,2025-09-29,160.0,uptrend,uptrend,uptrend,uptrend,0.0526315789473683,neutral,-0.0173470671288669,neutral
18420,KGH,2025-09-25 11:52:00,3,2025-09-30,160.0,uptrend,uptrend,uptrend,uptrend,0.0,neutral,-0.0173470671288669,neutral
18420,KGH,2025-09-25 11:52:00,4,2025-10-01,166.05,uptrend,uptrend,uptrend,uptrend,0.0378125,neutral,-0.0173470671288669,neutral
18420,KGH,2025-09-25 11:52:00,5,2025-10-02,167.35,uptrend,uptrend,uptrend,uptrend,0.0078289671785605,neutral,-0.0173470671288669,neutral
18476,LPP,2025-09-25 16:36:00,0,2025-09-25,17860.0,uptrend,uptrend,uptrend,uptrend,,negative,-0.4888001810759306,neutral
18476,LPP,2025-09-25 16:36:00,1,2025-09-26,17760.0,uptrend,uptrend,downtrend,uptrend,-0.005599104143337,negative,-0.4888001810759306,neutral
18476,LPP,2025-09-25 16:36:00,2,2025-09-29,17625.0,uptrend,uptrend,downtrend,uptrend,-0.0076013513513513,negative,-0.4888001810759306,neutral
18476,LPP,2025-09-25 16:36:00,3,2025-09-30,17680.0,uptrend,uptrend,downtrend,uptrend,0.0031205673758865,negative,-0.4888001810759306,neutral
18476,LPP,2025-09-25 16:36:00,4,2025-10-01,17550.0,horizontal,horizontal,horizontal,uptrend,-0.0073529411764705,negative,-0.4888001810759306,neutral
18476,LPP,2025-09-25 16:36:00,5,2025-10-02,17585.0,horizontal,horizontal,horizontal,uptrend,0.001994301994302,negative,-0.4888001810759306,neutral
18506,PKN,2025-09-25 17:50:00,0,2025-09-26,89.14,uptrend,uptrend,horizontal,uptrend,,negative,-0.252962052822113,negative
18506,PKN,2025-09-25 17:50:00,1,2025-09-29,88.28,uptrend,uptrend,horizontal,uptrend,-0.0096477451200358,negative,-0.252962052822113,negative
18506,PKN,2025-09-25 17:50:00,2,2025-09-30,86.52,uptrend,uptrend,horizontal,uptrend,-0.0199365654734935,negative,-0.252962052822113,negative
18506,PKN,2025-09-25 17:50:00,3,2025-10-01,87.85,uptrend,uptrend,horizontal,uptrend,0.0153721682847896,negative,-0.252962052822113,negative
18506,PKN,2025-09-25 17:50:00,4,2025-10-02,86.61,uptrend,uptrend,horizontal,uptrend,-0.0141149686966419,negative,-0.252962052822113,negative
18506,PKN,2025-09-25 17:50:00,5,2025-10-03,86.15,uptrend,uptrend,horizontal,uptrend,-0.005311164992495,negative,-0.252962052822113,negative
18559,KGH,2025-09-26 08:13:00,0,2025-09-26,152.0,uptrend,uptrend,uptrend,uptrend,,negative,-0.0721233487129211,neutral
18559,KGH,2025-09-26 08:13:00,1,2025-09-29,160.0,uptrend,uptrend,uptrend,uptrend,0.0526315789473683,negative,-0.0721233487129211,neutral
18559,KGH,2025-09-26 08:13:00,2,2025-09-30,160.0,uptrend,uptrend,uptrend,uptrend,0.0,negative,-0.0721233487129211,neutral
18559,KGH,2025-09-26 08:13:00,3,2025-10-01,166.05,uptrend,uptrend,uptrend,uptrend,0.0378125,negative,-0.0721233487129211,neutral
18559,KGH,2025-09-26 08:13:00,4,2025-10-02,167.35,uptrend,uptrend,uptrend,uptrend,0.0078289671785605,negative,-0.0721233487129211,neutral
18559,KGH,2025-09-26 08:13:00,5,2025-10-03,171.65,uptrend,uptrend,uptrend,uptrend,0.0256946519270988,negative,-0.0721233487129211,neutral
18585,KGH,2025-09-26 09:42:00,0,2025-09-26,152.0,uptrend,uptrend,uptrend,uptrend,,positive,0.9981583842891268,neutral
18585,KGH,2025-09-26 09:42:00,1,2025-09-29,160.0,uptrend,uptrend,uptrend,uptrend,0.0526315789473683,positive,0.9981583842891268,neutral
18585,KGH,2025-09-26 09:42:00,2,2025-09-30,160.0,uptrend,uptrend,uptrend,uptrend,0.0,positive,0.9981583842891268,neutral
18585,KGH,2025-09-26 09:42:00,3,2025-10-01,166.05,uptrend,uptrend,uptrend,uptrend,0.0378125,positive,0.9981583842891268,neutral
18585,KGH,2025-09-26 09:42:00,4,2025-10-02,167.35,uptrend,uptrend,uptrend,uptrend,0.0078289671785605,positive,0.9981583842891268,neutral
18585,KGH,2025-09-26 09:42:00,5,2025-10-03,171.65,uptrend,uptrend,uptrend,uptrend,0.0256946519270988,positive,0.9981583842891268,neutral
18621,KGH,2025-09-26 12:08:00,0,2025-09-26,152.0,uptrend,uptrend,uptrend,uptrend,,negative,-0.9937761214678176,positive
18621,KGH,2025-09-26 12:08:00,1,2025-09-29,160.0,uptrend,uptrend,uptrend,uptrend,0.0526315789473683,negative,-0.9937761214678176,positive
18621,KGH,2025-09-26 12:08:00,2,2025-09-30,160.0,uptrend,uptrend,uptrend,uptrend,0.0,negative,-0.9937761214678176,positive
18621,KGH,2025-09-26 12:08:00,3,2025-10-01,166.05,uptrend,uptrend,uptrend,uptrend,0.0378125,negative,-0.9937761214678176,positive
18621,KGH,2025-09-26 12:08:00,4,2025-10-02,167.35,uptrend,uptrend,uptrend,uptrend,0.0078289671785605,negative,-0.9937761214678176,positive
18621,KGH,2025-09-26 12:08:00,5,2025-10-03,171.65,uptrend,uptrend,uptrend,uptrend,0.0256946519270988,negative,-0.9937761214678176,positive
18624,PKN,2025-09-26 12:20:00,0,2025-09-26,89.14,uptrend,uptrend,horizontal,uptrend,,positive,0.415412113070488,positive
18624,PKN,2025-09-26 12:20:00,1,2025-09-29,88.28,uptrend,uptrend,horizontal,uptrend,-0.0096477451200358,positive,0.415412113070488,positive
18624,PKN,2025-09-26 12:20:00,2,2025-09-30,86.52,uptrend,uptrend,horizontal,uptrend,-0.0199365654734935,positive,0.415412113070488,positive
18624,PKN,2025-09-26 12:20:00,3,2025-10-01,87.85,uptrend,uptrend,horizontal,uptrend,0.0153721682847896,positive,0.415412113070488,positive
18624,PKN,2025-09-26 12:20:00,4,2025-10-02,86.61,uptrend,uptrend,horizontal,uptrend,-0.0141149686966419,positive,0.415412113070488,positive
18624,PKN,2025-09-26 12:20:00,5,2025-10-03,86.15,uptrend,uptrend,horizontal,uptrend,-0.005311164992495,positive,0.415412113070488,positive
18637,PKN,2025-09-26 13:12:00,0,2025-09-26,89.14,uptrend,uptrend,horizontal,uptrend,,positive,0.1352432966232299,neutral
18637,PKN,2025-09-26 13:12:00,1,2025-09-29,88.28,uptrend,uptrend,horizontal,uptrend,-0.0096477451200358,positive,0.1352432966232299,neutral
18637,PKN,2025-09-26 13:12:00,2,2025-09-30,86.52,uptrend,uptrend,horizontal,uptrend,-0.0199365654734935,positive,0.1352432966232299,neutral
18637,PKN,2025-09-26 13:12:00,3,2025-10-01,87.85,uptrend,uptrend,horizontal,uptrend,0.0153721682847896,positive,0.1352432966232299,neutral
18637,PKN,2025-09-26 13:12:00,4,2025-10-02,86.61,uptrend,uptrend,horizontal,uptrend,-0.0141149686966419,positive,0.1352432966232299,neutral
18637,PKN,2025-09-26 13:12:00,5,2025-10-03,86.15,uptrend,uptrend,horizontal,uptrend,-0.005311164992495,positive,0.1352432966232299,neutral
18642,KGH,2025-09-26 13:26:00,0,2025-09-26,152.0,uptrend,uptrend,uptrend,uptrend,,neutral,-0.0125543177127838,neutral
18642,KGH,2025-09-26 13:26:00,1,2025-09-29,160.0,uptrend,uptrend,uptrend,uptrend,0.0526315789473683,neutral,-0.0125543177127838,neutral
18642,KGH,2025-09-26 13:26:00,2,2025-09-30,160.0,uptrend,uptrend,uptrend,uptrend,0.0,neutral,-0.0125543177127838,neutral
18642,KGH,2025-09-26 13:26:00,3,2025-10-01,166.05,uptrend,uptrend,uptrend,uptrend,0.0378125,neutral,-0.0125543177127838,neutral
18642,KGH,2025-09-26 13:26:00,4,2025-10-02,167.35,uptrend,uptrend,uptrend,uptrend,0.0078289671785605,neutral,-0.0125543177127838,neutral
18642,KGH,2025-09-26 13:26:00,5,2025-10-03,171.65,uptrend,uptrend,uptrend,uptrend,0.0256946519270988,neutral,-0.0125543177127838,neutral
18666,PKN,2025-09-26 16:05:00,0,2025-09-26,89.14,uptrend,uptrend,horizontal,uptrend,,neutral,-0.1307191997766494,neutral
18666,PKN,2025-09-26 16:05:00,1,2025-09-29,88.28,uptrend,uptrend,horizontal,uptrend,-0.0096477451200358,neutral,-0.1307191997766494,neutral
18666,PKN,2025-09-26 16:05:00,2,2025-09-30,86.52,uptrend,uptrend,horizontal,uptrend,-0.0199365654734935,neutral,-0.1307191997766494,neutral
18666,PKN,2025-09-26 16:05:00,3,2025-10-01,87.85,uptrend,uptrend,horizontal,uptrend,0.0153721682847896,neutral,-0.1307191997766494,neutral
18666,PKN,2025-09-26 16:05:00,4,2025-10-02,86.61,uptrend,uptrend,horizontal,uptrend,-0.0141149686966419,neutral,-0.1307191997766494,neutral
18666,PKN,2025-09-26 16:05:00,5,2025-10-03,86.15,uptrend,uptrend,horizontal,uptrend,-0.005311164992495,neutral,-0.1307191997766494,neutral
18670,CDR,2025-09-26 16:39:00,0,2025-09-26,256.3,uptrend,horizontal,horizontal,horizontal,,negative,-0.994089357322082,negative
18670,CDR,2025-09-26 16:39:00,1,2025-09-29,267.8,uptrend,uptrend,horizontal,uptrend,0.0448692937963324,negative,-0.994089357322082,negative
18670,CDR,2025-09-26 16:39:00,2,2025-09-30,270.5,uptrend,uptrend,horizontal,uptrend,0.0100821508588497,negative,-0.994089357322082,negative
18670,CDR,2025-09-26 16:39:00,3,2025-10-01,272.2,uptrend,uptrend,horizontal,uptrend,0.0062846580406654,negative,-0.994089357322082,negative
18670,CDR,2025-09-26 16:39:00,4,2025-10-02,270.4,uptrend,uptrend,horizontal,uptrend,-0.0066127847171197,negative,-0.994089357322082,negative
18670,CDR,2025-09-26 16:39:00,5,2025-10-03,273.5,uptrend,uptrend,uptrend,uptrend,0.0114644970414201,negative,-0.994089357322082,negative
18690,KGH,2025-09-26 18:06:00,0,2025-09-29,160.0,uptrend,uptrend,uptrend,uptrend,,positive,0.9986798208556138,positive
18690,KGH,2025-09-26 18:06:00,1,2025-09-30,160.0,uptrend,uptrend,uptrend,uptrend,0.0,positive,0.9986798208556138,positive
18690,KGH,2025-09-26 18:06:00,2,2025-10-01,166.05,uptrend,uptrend,uptrend,uptrend,0.0378125,positive,0.9986798208556138,positive
18690,KGH,2025-09-26 18:06:00,3,2025-10-02,167.35,uptrend,uptrend,uptrend,uptrend,0.0078289671785605,positive,0.9986798208556138,positive
18690,KGH,2025-09-26 18:06:00,4,2025-10-03,171.65,uptrend,uptrend,uptrend,uptrend,0.0256946519270988,positive,0.9986798208556138,positive
18690,KGH,2025-09-26 18:06:00,5,2025-10-06,173.8,uptrend,uptrend,uptrend,uptrend,0.0125254879114478,positive,0.9986798208556138,positive
18844,PKO,2025-09-28 12:18:00,0,2025-09-29,70.18,downtrend,downtrend,downtrend,downtrend,,neutral,-0.0076269041746854,neutral
18844,PKO,2025-09-28 12:18:00,1,2025-09-30,70.48,downtrend,downtrend,downtrend,downtrend,0.0042747221430605,neutral,-0.0076269041746854,neutral
18844,PKO,2025-09-28 12:18:00,2,2025-10-01,71.18,downtrend,downtrend,downtrend,downtrend,0.0099318955732123,neutral,-0.0076269041746854,neutral
18844,PKO,2025-09-28 12:18:00,3,2025-10-02,73.8,downtrend,downtrend,uptrend,downtrend,0.0368080921607192,neutral,-0.0076269041746854,neutral
18844,PKO,2025-09-28 12:18:00,4,2025-10-03,73.68,downtrend,horizontal,uptrend,downtrend,-0.0016260162601624,neutral,-0.0076269041746854,neutral
18844,PKO,2025-09-28 12:18:00,5,2025-10-06,73.28,horizontal,horizontal,uptrend,downtrend,-0.0054288816503801,neutral,-0.0076269041746854,neutral
18912,PKN,2025-09-29 04:59:00,0,2025-09-29,88.28,uptrend,uptrend,horizontal,uptrend,,negative,-0.993217735667713,neutral
18912,PKN,2025-09-29 04:59:00,1,2025-09-30,86.52,uptrend,uptrend,horizontal,uptrend,-0.0199365654734935,negative,-0.993217735667713,neutral
18912,PKN,2025-09-29 04:59:00,2,2025-10-01,87.85,uptrend,uptrend,horizontal,uptrend,0.0153721682847896,negative,-0.993217735667713,neutral
18912,PKN,2025-09-29 04:59:00,3,2025-10-02,86.61,uptrend,uptrend,horizontal,uptrend,-0.0141149686966419,negative,-0.993217735667713,neutral
18912,PKN,2025-09-29 04:59:00,4,2025-10-03,86.15,uptrend,uptrend,horizontal,uptrend,-0.005311164992495,negative,-0.993217735667713,neutral
18912,PKN,2025-09-29 04:59:00,5,2025-10-06,85.61,uptrend,uptrend,horizontal,uptrend,-0.0062681369704005,negative,-0.993217735667713,neutral
19263,PKN,2025-09-30 20:33:00,0,2025-10-01,87.85,uptrend,uptrend,horizontal,uptrend,,negative,-0.4924085736274719,positive
19263,PKN,2025-09-30 20:33:00,1,2025-10-02,86.61,uptrend,uptrend,horizontal,uptrend,-0.0141149686966419,negative,-0.4924085736274719,positive
19263,PKN,2025-09-30 20:33:00,2,2025-10-03,86.15,uptrend,uptrend,horizontal,uptrend,-0.005311164992495,negative,-0.4924085736274719,positive
19263,PKN,2025-09-30 20:33:00,3,2025-10-06,85.61,uptrend,uptrend,horizontal,uptrend,-0.0062681369704005,negative,-0.4924085736274719,positive
19263,PKN,2025-09-30 20:33:00,4,2025-10-07,87.23,uptrend,uptrend,horizontal,uptrend,0.0189230230113304,negative,-0.4924085736274719,positive
19263,PKN,2025-09-30 20:33:00,5,2025-10-08,88.1,uptrend,uptrend,horizontal,uptrend,0.0099736329244524,negative,-0.4924085736274719,positive
19300,PKN,2025-09-30 22:36:00,0,2025-10-01,87.85,uptrend,uptrend,horizontal,uptrend,,neutral,0.1058190762996673,neutral
19300,PKN,2025-09-30 22:36:00,1,2025-10-02,86.61,uptrend,uptrend,horizontal,uptrend,-0.0141149686966419,neutral,0.1058190762996673,neutral
19300,PKN,2025-09-30 22:36:00,2,2025-10-03,86.15,uptrend,uptrend,horizontal,uptrend,-0.005311164992495,neutral,0.1058190762996673,neutral
19300,PKN,2025-09-30 22:36:00,3,2025-10-06,85.61,uptrend,uptrend,horizontal,uptrend,-0.0062681369704005,neutral,0.1058190762996673,neutral
19300,PKN,2025-09-30 22:36:00,4,2025-10-07,87.23,uptrend,uptrend,horizontal,uptrend,0.0189230230113304,neutral,0.1058190762996673,neutral
19300,PKN,2025-09-30 22:36:00,5,2025-10-08,88.1,uptrend,uptrend,horizontal,uptrend,0.0099736329244524,neutral,0.1058190762996673,neutral
19482,KGH,2025-10-01 20:08:00,0,2025-10-02,167.35,uptrend,uptrend,uptrend,uptrend,,neutral,0.3405759930610657,neutral
19482,KGH,2025-10-01 20:08:00,1,2025-10-03,171.65,uptrend,uptrend,uptrend,uptrend,0.0256946519270988,neutral,0.3405759930610657,neutral
19482,KGH,2025-10-01 20:08:00,2,2025-10-06,173.8,uptrend,uptrend,uptrend,uptrend,0.0125254879114478,neutral,0.3405759930610657,neutral
19482,KGH,2025-10-01 20:08:00,3,2025-10-07,178.0,uptrend,uptrend,uptrend,uptrend,0.0241657077100114,neutral,0.3405759930610657,neutral
19482,KGH,2025-10-01 20:08:00,4,2025-10-08,186.55,uptrend,uptrend,uptrend,uptrend,0.0480337078651686,neutral,0.3405759930610657,neutral
19482,KGH,2025-10-01 20:08:00,5,2025-10-09,189.8,uptrend,uptrend,uptrend,uptrend,0.0174216027874565,neutral,0.3405759930610657,neutral
19485,PKN,2025-10-01 20:19:00,0,2025-10-02,86.61,uptrend,uptrend,horizontal,uptrend,,neutral,0.0287450850009918,positive
19485,PKN,2025-10-01 20:19:00,1,2025-10-03,86.15,uptrend,uptrend,horizontal,uptrend,-0.005311164992495,neutral,0.0287450850009918,positive
19485,PKN,2025-10-01 20:19:00,2,2025-10-06,85.61,uptrend,uptrend,horizontal,uptrend,-0.0062681369704005,neutral,0.0287450850009918,positive
19485,PKN,2025-10-01 20:19:00,3,2025-10-07,87.23,uptrend,uptrend,horizontal,uptrend,0.0189230230113304,neutral,0.0287450850009918,positive
19485,PKN,2025-10-01 20:19:00,4,2025-10-08,88.1,uptrend,uptrend,horizontal,uptrend,0.0099736329244524,neutral,0.0287450850009918,positive
19485,PKN,2025-10-01 20:19:00,5,2025-10-09,88.88,uptrend,uptrend,horizontal,uptrend,0.0088535754824063,neutral,0.0287450850009918,positive
19677,KGH,2025-10-02 20:41:00,0,2025-10-03,171.65,uptrend,uptrend,uptrend,uptrend,,negative,-0.0662694871425628,negative
19677,KGH,2025-10-02 20:41:00,1,2025-10-06,173.8,uptrend,uptrend,uptrend,uptrend,0.0125254879114478,negative,-0.0662694871425628,negative
19677,KGH,2025-10-02 20:41:00,2,2025-10-07,178.0,uptrend,uptrend,uptrend,uptrend,0.0241657077100114,negative,-0.0662694871425628,negative
19677,KGH,2025-10-02 20:41:00,3,2025-10-08,186.55,uptrend,uptrend,uptrend,uptrend,0.0480337078651686,negative,-0.0662694871425628,negative
19677,KGH,2025-10-02 20:41:00,4,2025-10-09,189.8,uptrend,uptrend,uptrend,uptrend,0.0174216027874565,negative,-0.0662694871425628,negative
19677,KGH,2025-10-02 20:41:00,5,2025-10-10,188.0,uptrend,uptrend,uptrend,uptrend,-0.0094836670179137,negative,-0.0662694871425628,negative
19716,PKN,2025-10-03 08:03:00,0,2025-10-03,86.15,uptrend,uptrend,horizontal,uptrend,,neutral,0.0025634467601776,positive
19716,PKN,2025-10-03 08:03:00,1,2025-10-06,85.61,uptrend,uptrend,horizontal,uptrend,-0.0062681369704005,neutral,0.0025634467601776,positive
19716,PKN,2025-10-03 08:03:00,2,2025-10-07,87.23,uptrend,uptrend,horizontal,uptrend,0.0189230230113304,neutral,0.0025634467601776,positive
19716,PKN,2025-10-03 08:03:00,3,2025-10-08,88.1,uptrend,uptrend,horizontal,uptrend,0.0099736329244524,neutral,0.0025634467601776,positive
19716,PKN,2025-10-03 08:03:00,4,2025-10-09,88.88,uptrend,uptrend,horizontal,uptrend,0.0088535754824063,neutral,0.0025634467601776,positive
19716,PKN,2025-10-03 08:03:00,5,2025-10-10,89.0,uptrend,uptrend,horizontal,uptrend,0.0013501350135014,neutral,0.0025634467601776,positive
19930,KGH,2025-10-04 18:09:00,0,2025-10-06,173.8,uptrend,uptrend,uptrend,uptrend,,neutral,0.0062187011353671,neutral
19930,KGH,2025-10-04 18:09:00,1,2025-10-07,178.0,uptrend,uptrend,uptrend,uptrend,0.0241657077100114,neutral,0.0062187011353671,neutral
19930,KGH,2025-10-04 18:09:00,2,2025-10-08,186.55,uptrend,uptrend,uptrend,uptrend,0.0480337078651686,neutral,0.0062187011353671,neutral
19930,KGH,2025-10-04 18:09:00,3,2025-10-09,189.8,uptrend,uptrend,uptrend,uptrend,0.0174216027874565,neutral,0.0062187011353671,neutral
19930,KGH,2025-10-04 18:09:00,4,2025-10-10,188.0,uptrend,uptrend,uptrend,uptrend,-0.0094836670179137,neutral,0.0062187011353671,neutral
19930,KGH,2025-10-04 18:09:00,5,2025-10-13,192.25,uptrend,uptrend,uptrend,uptrend,0.0226063829787233,neutral,0.0062187011353671,neutral
20311,KGH,2025-10-08 15:59:00,0,2025-10-08,186.55,uptrend,uptrend,uptrend,uptrend,,neutral,0.226205289363861,negative
20311,KGH,2025-10-08 15:59:00,1,2025-10-09,189.8,uptrend,uptrend,uptrend,uptrend,0.0174216027874565,neutral,0.226205289363861,negative
20311,KGH,2025-10-08 15:59:00,2,2025-10-10,188.0,uptrend,uptrend,uptrend,uptrend,-0.0094836670179137,neutral,0.226205289363861,negative
20311,KGH,2025-10-08 15:59:00,3,2025-10-13,192.25,uptrend,uptrend,uptrend,uptrend,0.0226063829787233,neutral,0.226205289363861,negative
20311,KGH,2025-10-08 15:59:00,4,2025-10-14,186.25,uptrend,uptrend,uptrend,uptrend,-0.0312093628088426,neutral,0.226205289363861,negative
20311,KGH,2025-10-08 15:59:00,5,2025-10-15,190.25,uptrend,uptrend,uptrend,uptrend,0.0214765100671141,neutral,0.226205289363861,negative
20425,PKN,2025-10-09 10:31:00,0,2025-10-09,88.88,uptrend,uptrend,horizontal,uptrend,,negative,-0.0422572493553161,neutral
20425,PKN,2025-10-09 10:31:00,1,2025-10-10,89.0,uptrend,uptrend,horizontal,uptrend,0.0013501350135014,negative,-0.0422572493553161,neutral
20425,PKN,2025-10-09 10:31:00,2,2025-10-13,88.63,uptrend,uptrend,horizontal,uptrend,-0.0041573033707865,negative,-0.0422572493553161,neutral
20425,PKN,2025-10-09 10:31:00,3,2025-10-14,87.13,uptrend,uptrend,horizontal,uptrend,-0.0169242920004513,negative,-0.0422572493553161,neutral
20425,PKN,2025-10-09 10:31:00,4,2025-10-15,89.34,uptrend,uptrend,horizontal,uptrend,0.0253643980259383,negative,-0.0422572493553161,neutral
20425,PKN,2025-10-09 10:31:00,5,2025-10-16,89.94,uptrend,uptrend,horizontal,uptrend,0.0067159167226324,negative,-0.0422572493553161,neutral
20440,CDR,2025-10-09 11:12:00,0,2025-10-09,275.0,uptrend,uptrend,uptrend,uptrend,,positive,0.9969549020170234,neutral
20440,CDR,2025-10-09 11:12:00,1,2025-10-10,259.9,uptrend,uptrend,uptrend,horizontal,-0.054909090909091,positive,0.9969549020170234,neutral
20440,CDR,2025-10-09 11:12:00,2,2025-10-13,255.0,uptrend,uptrend,downtrend,horizontal,-0.0188534051558291,positive,0.9969549020170234,neutral
20440,CDR,2025-10-09 11:12:00,3,2025-10-14,248.8,uptrend,horizontal,downtrend,downtrend,-0.024313725490196,positive,0.9969549020170234,neutral
20440,CDR,2025-10-09 11:12:00,4,2025-10-15,251.0,uptrend,horizontal,downtrend,downtrend,0.0088424437299035,positive,0.9969549020170234,neutral
20440,CDR,2025-10-09 11:12:00,5,2025-10-16,252.5,uptrend,downtrend,downtrend,horizontal,0.0059760956175298,positive,0.9969549020170234,neutral
20559,CDR,2025-10-09 17:24:00,0,2025-10-10,259.9,uptrend,uptrend,uptrend,horizontal,,negative,-0.9929439723491668,neutral
20559,CDR,2025-10-09 17:24:00,1,2025-10-13,255.0,uptrend,uptrend,downtrend,horizontal,-0.0188534051558291,negative,-0.9929439723491668,neutral
20559,CDR,2025-10-09 17:24:00,2,2025-10-14,248.8,uptrend,horizontal,downtrend,downtrend,-0.024313725490196,negative,-0.9929439723491668,neutral
20559,CDR,2025-10-09 17:24:00,3,2025-10-15,251.0,uptrend,horizontal,downtrend,downtrend,0.0088424437299035,negative,-0.9929439723491668,neutral
20559,CDR,2025-10-09 17:24:00,4,2025-10-16,252.5,uptrend,downtrend,downtrend,horizontal,0.0059760956175298,negative,-0.9929439723491668,neutral
20559,CDR,2025-10-09 17:24:00,5,2025-10-17,256.9,horizontal,downtrend,downtrend,horizontal,0.0174257425742574,negative,-0.9929439723491668,neutral
20584,KGH,2025-10-09 20:00:00,0,2025-10-10,188.0,uptrend,uptrend,uptrend,uptrend,,positive,0.9986214266828028,neutral
20584,KGH,2025-10-09 20:00:00,1,2025-10-13,192.25,uptrend,uptrend,uptrend,uptrend,0.0226063829787233,positive,0.9986214266828028,neutral
20584,KGH,2025-10-09 20:00:00,2,2025-10-14,186.25,uptrend,uptrend,uptrend,uptrend,-0.0312093628088426,positive,0.9986214266828028,neutral
20584,KGH,2025-10-09 20:00:00,3,2025-10-15,190.25,uptrend,uptrend,uptrend,uptrend,0.0214765100671141,positive,0.9986214266828028,neutral
20584,KGH,2025-10-09 20:00:00,4,2025-10-16,191.25,uptrend,uptrend,uptrend,uptrend,0.0052562417871222,positive,0.9986214266828028,neutral
20584,KGH,2025-10-09 20:00:00,5,2025-10-17,187.75,uptrend,uptrend,uptrend,uptrend,-0.0183006535947712,positive,0.9986214266828028,neutral
20674,CDR,2025-10-10 10:10:00,0,2025-10-10,259.9,uptrend,uptrend,uptrend,horizontal,,negative,-0.0371806919574737,negative
20674,CDR,2025-10-10 10:10:00,1,2025-10-13,255.0,uptrend,uptrend,downtrend,horizontal,-0.0188534051558291,negative,-0.0371806919574737,negative
20674,CDR,2025-10-10 10:10:00,2,2025-10-14,248.8,uptrend,horizontal,downtrend,downtrend,-0.024313725490196,negative,-0.0371806919574737,negative
20674,CDR,2025-10-10 10:10:00,3,2025-10-15,251.0,uptrend,horizontal,downtrend,downtrend,0.0088424437299035,negative,-0.0371806919574737,negative
20674,CDR,2025-10-10 10:10:00,4,2025-10-16,252.5,uptrend,downtrend,downtrend,horizontal,0.0059760956175298,negative,-0.0371806919574737,negative
20674,CDR,2025-10-10 10:10:00,5,2025-10-17,256.9,horizontal,downtrend,downtrend,horizontal,0.0174257425742574,negative,-0.0371806919574737,negative
20717,CDR,2025-10-10 13:43:00,0,2025-10-10,259.9,uptrend,uptrend,uptrend,horizontal,,neutral,-0.0061927121132612,positive
20717,CDR,2025-10-10 13:43:00,1,2025-10-13,255.0,uptrend,uptrend,downtrend,horizontal,-0.0188534051558291,neutral,-0.0061927121132612,positive
20717,CDR,2025-10-10 13:43:00,2,2025-10-14,248.8,uptrend,horizontal,downtrend,downtrend,-0.024313725490196,neutral,-0.0061927121132612,positive
20717,CDR,2025-10-10 13:43:00,3,2025-10-15,251.0,uptrend,horizontal,downtrend,downtrend,0.0088424437299035,neutral,-0.0061927121132612,positive
20717,CDR,2025-10-10 13:43:00,4,2025-10-16,252.5,uptrend,downtrend,downtrend,horizontal,0.0059760956175298,neutral,-0.0061927121132612,positive
20717,CDR,2025-10-10 13:43:00,5,2025-10-17,256.9,horizontal,downtrend,downtrend,horizontal,0.0174257425742574,neutral,-0.0061927121132612,positive
20738,CDR,2025-10-10 15:27:00,0,2025-10-10,259.9,uptrend,uptrend,uptrend,horizontal,,negative,-0.0382118821144104,neutral
20738,CDR,2025-10-10 15:27:00,1,2025-10-13,255.0,uptrend,uptrend,downtrend,horizontal,-0.0188534051558291,negative,-0.0382118821144104,neutral
20738,CDR,2025-10-10 15:27:00,2,2025-10-14,248.8,uptrend,horizontal,downtrend,downtrend,-0.024313725490196,negative,-0.0382118821144104,neutral
20738,CDR,2025-10-10 15:27:00,3,2025-10-15,251.0,uptrend,horizontal,downtrend,downtrend,0.0088424437299035,negative,-0.0382118821144104,neutral
20738,CDR,2025-10-10 15:27:00,4,2025-10-16,252.5,uptrend,downtrend,downtrend,horizontal,0.0059760956175298,negative,-0.0382118821144104,neutral
20738,CDR,2025-10-10 15:27:00,5,2025-10-17,256.9,horizontal,downtrend,downtrend,horizontal,0.0174257425742574,negative,-0.0382118821144104,neutral
20756,CDR,2025-10-10 16:02:00,0,2025-10-10,259.9,uptrend,uptrend,uptrend,horizontal,,negative,-0.2146390229463577,neutral
20756,CDR,2025-10-10 16:02:00,1,2025-10-13,255.0,uptrend,uptrend,downtrend,horizontal,-0.0188534051558291,negative,-0.2146390229463577,neutral
20756,CDR,2025-10-10 16:02:00,2,2025-10-14,248.8,uptrend,horizontal,downtrend,downtrend,-0.024313725490196,negative,-0.2146390229463577,neutral
20756,CDR,2025-10-10 16:02:00,3,2025-10-15,251.0,uptrend,horizontal,downtrend,downtrend,0.0088424437299035,negative,-0.2146390229463577,neutral
20756,CDR,2025-10-10 16:02:00,4,2025-10-16,252.5,uptrend,downtrend,downtrend,horizontal,0.0059760956175298,negative,-0.2146390229463577,neutral
20756,CDR,2025-10-10 16:02:00,5,2025-10-17,256.9,horizontal,downtrend,downtrend,horizontal,0.0174257425742574,negative,-0.2146390229463577,neutral
20822,CDR,2025-10-10 18:26:00,0,2025-10-13,255.0,uptrend,uptrend,downtrend,horizontal,,negative,-0.0870487093925476,negative
20822,CDR,2025-10-10 18:26:00,1,2025-10-14,248.8,uptrend,horizontal,downtrend,downtrend,-0.024313725490196,negative,-0.0870487093925476,negative
20822,CDR,2025-10-10 18:26:00,2,2025-10-15,251.0,uptrend,horizontal,downtrend,downtrend,0.0088424437299035,negative,-0.0870487093925476,negative
20822,CDR,2025-10-10 18:26:00,3,2025-10-16,252.5,uptrend,downtrend,downtrend,horizontal,0.0059760956175298,negative,-0.0870487093925476,negative
20822,CDR,2025-10-10 18:26:00,4,2025-10-17,256.9,horizontal,downtrend,downtrend,horizontal,0.0174257425742574,negative,-0.0870487093925476,negative
20822,CDR,2025-10-10 18:26:00,5,2025-10-20,253.2,downtrend,downtrend,downtrend,horizontal,-0.0144024912417282,negative,-0.0870487093925476,negative
20862,PKN,2025-10-10 20:51:00,0,2025-10-13,88.63,uptrend,uptrend,horizontal,uptrend,,positive,0.1174120008945465,positive
20862,PKN,2025-10-10 20:51:00,1,2025-10-14,87.13,uptrend,uptrend,horizontal,uptrend,-0.0169242920004513,positive,0.1174120008945465,positive
20862,PKN,2025-10-10 20:51:00,2,2025-10-15,89.34,uptrend,uptrend,horizontal,uptrend,0.0253643980259383,positive,0.1174120008945465,positive
20862,PKN,2025-10-10 20:51:00,3,2025-10-16,89.94,uptrend,uptrend,horizontal,uptrend,0.0067159167226324,positive,0.1174120008945465,positive
20862,PKN,2025-10-10 20:51:00,4,2025-10-17,88.85,uptrend,uptrend,horizontal,uptrend,-0.0121191905714921,positive,0.1174120008945465,positive
20862,PKN,2025-10-10 20:51:00,5,2025-10-20,92.09,uptrend,uptrend,horizontal,uptrend,0.0364659538548115,positive,0.1174120008945465,positive
20892,KGH,2025-10-11 00:53:00,0,2025-10-13,192.25,uptrend,uptrend,uptrend,uptrend,,negative,-0.9966290685988496,positive
20892,KGH,2025-10-11 00:53:00,1,2025-10-14,186.25,uptrend,uptrend,uptrend,uptrend,-0.0312093628088426,negative,-0.9966290685988496,positive
20892,KGH,2025-10-11 00:53:00,2,2025-10-15,190.25,uptrend,uptrend,uptrend,uptrend,0.0214765100671141,negative,-0.9966290685988496,positive
20892,KGH,2025-10-11 00:53:00,3,2025-10-16,191.25,uptrend,uptrend,uptrend,uptrend,0.0052562417871222,negative,-0.9966290685988496,positive
20892,KGH,2025-10-11 00:53:00,4,2025-10-17,187.75,uptrend,uptrend,uptrend,uptrend,-0.0183006535947712,negative,-0.9966290685988496,positive
20892,KGH,2025-10-11 00:53:00,5,2025-10-20,194.1,uptrend,uptrend,uptrend,uptrend,0.0338215712383489,negative,-0.9966290685988496,positive
20963,LPP,2025-10-11 19:15:00,0,2025-10-13,17225.0,downtrend,horizontal,horizontal,uptrend,,neutral,0.0073051750659942,neutral
20963,LPP,2025-10-11 19:15:00,1,2025-10-14,16700.0,downtrend,downtrend,horizontal,horizontal,-0.0304789550072569,neutral,0.0073051750659942,neutral
20963,LPP,2025-10-11 19:15:00,2,2025-10-15,16930.0,downtrend,downtrend,horizontal,horizontal,0.0137724550898203,neutral,0.0073051750659942,neutral
20963,LPP,2025-10-11 19:15:00,3,2025-10-16,16670.0,downtrend,downtrend,downtrend,horizontal,-0.015357353809805,neutral,0.0073051750659942,neutral
20963,LPP,2025-10-11 19:15:00,4,2025-10-17,16825.0,downtrend,downtrend,downtrend,horizontal,0.0092981403719256,neutral,0.0073051750659942,neutral
20963,LPP,2025-10-11 19:15:00,5,2025-10-20,16825.0,downtrend,downtrend,downtrend,horizontal,0.0,neutral,0.0073051750659942,neutral
20967,KGH,2025-10-11 20:14:00,0,2025-10-13,192.25,uptrend,uptrend,uptrend,uptrend,,neutral,0.0009843399748206,neutral
20967,KGH,2025-10-11 20:14:00,1,2025-10-14,186.25,uptrend,uptrend,uptrend,uptrend,-0.0312093628088426,neutral,0.0009843399748206,neutral
20967,KGH,2025-10-11 20:14:00,2,2025-10-15,190.25,uptrend,uptrend,uptrend,uptrend,0.0214765100671141,neutral,0.0009843399748206,neutral
20967,KGH,2025-10-11 20:14:00,3,2025-10-16,191.25,uptrend,uptrend,uptrend,uptrend,0.0052562417871222,neutral,0.0009843399748206,neutral
20967,KGH,2025-10-11 20:14:00,4,2025-10-17,187.75,uptrend,uptrend,uptrend,uptrend,-0.0183006535947712,neutral,0.0009843399748206,neutral
20967,KGH,2025-10-11 20:14:00,5,2025-10-20,194.1,uptrend,uptrend,uptrend,uptrend,0.0338215712383489,neutral,0.0009843399748206,neutral
20983,KGH,2025-10-11 22:50:00,0,2025-10-13,192.25,uptrend,uptrend,uptrend,uptrend,,negative,-0.4809754425659776,positive
20983,KGH,2025-10-11 22:50:00,1,2025-10-14,186.25,uptrend,uptrend,uptrend,uptrend,-0.0312093628088426,negative,-0.4809754425659776,positive
20983,KGH,2025-10-11 22:50:00,2,2025-10-15,190.25,uptrend,uptrend,uptrend,uptrend,0.0214765100671141,negative,-0.4809754425659776,positive
20983,KGH,2025-10-11 22:50:00,3,2025-10-16,191.25,uptrend,uptrend,uptrend,uptrend,0.0052562417871222,negative,-0.4809754425659776,positive
20983,KGH,2025-10-11 22:50:00,4,2025-10-17,187.75,uptrend,uptrend,uptrend,uptrend,-0.0183006535947712,negative,-0.4809754425659776,positive
20983,KGH,2025-10-11 22:50:00,5,2025-10-20,194.1,uptrend,uptrend,uptrend,uptrend,0.0338215712383489,negative,-0.4809754425659776,positive
21039,KGH,2025-10-12 14:47:00,0,2025-10-13,192.25,uptrend,uptrend,uptrend,uptrend,,negative,-0.1824704706668853,negative
21039,KGH,2025-10-12 14:47:00,1,2025-10-14,186.25,uptrend,uptrend,uptrend,uptrend,-0.0312093628088426,negative,-0.1824704706668853,negative
21039,KGH,2025-10-12 14:47:00,2,2025-10-15,190.25,uptrend,uptrend,uptrend,uptrend,0.0214765100671141,negative,-0.1824704706668853,negative
21039,KGH,2025-10-12 14:47:00,3,2025-10-16,191.25,uptrend,uptrend,uptrend,uptrend,0.0052562417871222,negative,-0.1824704706668853,negative
21039,KGH,2025-10-12 14:47:00,4,2025-10-17,187.75,uptrend,uptrend,uptrend,uptrend,-0.0183006535947712,negative,-0.1824704706668853,negative
21039,KGH,2025-10-12 14:47:00,5,2025-10-20,194.1,uptrend,uptrend,uptrend,uptrend,0.0338215712383489,negative,-0.1824704706668853,negative
21046,KGH,2025-10-12 15:45:00,0,2025-10-13,192.25,uptrend,uptrend,uptrend,uptrend,,neutral,-0.0300164818763732,neutral
21046,KGH,2025-10-12 15:45:00,1,2025-10-14,186.25,uptrend,uptrend,uptrend,uptrend,-0.0312093628088426,neutral,-0.0300164818763732,neutral
21046,KGH,2025-10-12 15:45:00,2,2025-10-15,190.25,uptrend,uptrend,uptrend,uptrend,0.0214765100671141,neutral,-0.0300164818763732,neutral
21046,KGH,2025-10-12 15:45:00,3,2025-10-16,191.25,uptrend,uptrend,uptrend,uptrend,0.0052562417871222,neutral,-0.0300164818763732,neutral
21046,KGH,2025-10-12 15:45:00,4,2025-10-17,187.75,uptrend,uptrend,uptrend,uptrend,-0.0183006535947712,neutral,-0.0300164818763732,neutral
21046,KGH,2025-10-12 15:45:00,5,2025-10-20,194.1,uptrend,uptrend,uptrend,uptrend,0.0338215712383489,neutral,-0.0300164818763732,neutral
21054,KGH,2025-10-12 17:18:00,0,2025-10-13,192.25,uptrend,uptrend,uptrend,uptrend,,neutral,0.2825151905417442,positive
21054,KGH,2025-10-12 17:18:00,1,2025-10-14,186.25,uptrend,uptrend,uptrend,uptrend,-0.0312093628088426,neutral,0.2825151905417442,positive
21054,KGH,2025-10-12 17:18:00,2,2025-10-15,190.25,uptrend,uptrend,uptrend,uptrend,0.0214765100671141,neutral,0.2825151905417442,positive
21054,KGH,2025-10-12 17:18:00,3,2025-10-16,191.25,uptrend,uptrend,uptrend,uptrend,0.0052562417871222,neutral,0.2825151905417442,positive
21054,KGH,2025-10-12 17:18:00,4,2025-10-17,187.75,uptrend,uptrend,uptrend,uptrend,-0.0183006535947712,neutral,0.2825151905417442,positive
21054,KGH,2025-10-12 17:18:00,5,2025-10-20,194.1,uptrend,uptrend,uptrend,uptrend,0.0338215712383489,neutral,0.2825151905417442,positive
21063,KGH,2025-10-12 18:00:00,0,2025-10-13,192.25,uptrend,uptrend,uptrend,uptrend,,neutral,0.0137366107665002,positive
21063,KGH,2025-10-12 18:00:00,1,2025-10-14,186.25,uptrend,uptrend,uptrend,uptrend,-0.0312093628088426,neutral,0.0137366107665002,positive
21063,KGH,2025-10-12 18:00:00,2,2025-10-15,190.25,uptrend,uptrend,uptrend,uptrend,0.0214765100671141,neutral,0.0137366107665002,positive
21063,KGH,2025-10-12 18:00:00,3,2025-10-16,191.25,uptrend,uptrend,uptrend,uptrend,0.0052562417871222,neutral,0.0137366107665002,positive
21063,KGH,2025-10-12 18:00:00,4,2025-10-17,187.75,uptrend,uptrend,uptrend,uptrend,-0.0183006535947712,neutral,0.0137366107665002,positive
21063,KGH,2025-10-12 18:00:00,5,2025-10-20,194.1,uptrend,uptrend,uptrend,uptrend,0.0338215712383489,neutral,0.0137366107665002,positive
21097,KGH,2025-10-12 21:03:00,0,2025-10-13,192.25,uptrend,uptrend,uptrend,uptrend,,neutral,-0.0375037491321563,positive
21097,KGH,2025-10-12 21:03:00,1,2025-10-14,186.25,uptrend,uptrend,uptrend,uptrend,-0.0312093628088426,neutral,-0.0375037491321563,positive
21097,KGH,2025-10-12 21:03:00,2,2025-10-15,190.25,uptrend,uptrend,uptrend,uptrend,0.0214765100671141,neutral,-0.0375037491321563,positive
21097,KGH,2025-10-12 21:03:00,3,2025-10-16,191.25,uptrend,uptrend,uptrend,uptrend,0.0052562417871222,neutral,-0.0375037491321563,positive
21097,KGH,2025-10-12 21:03:00,4,2025-10-17,187.75,uptrend,uptrend,uptrend,uptrend,-0.0183006535947712,neutral,-0.0375037491321563,positive
21097,KGH,2025-10-12 21:03:00,5,2025-10-20,194.1,uptrend,uptrend,uptrend,uptrend,0.0338215712383489,neutral,-0.0375037491321563,positive
21462,CDR,2025-10-14 15:45:00,0,2025-10-14,248.8,uptrend,horizontal,downtrend,downtrend,,positive,0.9974653730751016,positive
21462,CDR,2025-10-14 15:45:00,1,2025-10-15,251.0,uptrend,horizontal,downtrend,downtrend,0.0088424437299035,positive,0.9974653730751016,positive
21462,CDR,2025-10-14 15:45:00,2,2025-10-16,252.5,uptrend,downtrend,downtrend,horizontal,0.0059760956175298,positive,0.9974653730751016,positive
21462,CDR,2025-10-14 15:45:00,3,2025-10-17,256.9,horizontal,downtrend,downtrend,horizontal,0.0174257425742574,positive,0.9974653730751016,positive
21462,CDR,2025-10-14 15:45:00,4,2025-10-20,253.2,downtrend,downtrend,downtrend,horizontal,-0.0144024912417282,positive,0.9974653730751016,positive
21462,CDR,2025-10-14 15:45:00,5,2025-10-21,258.2,downtrend,downtrend,downtrend,horizontal,0.0197472353870458,positive,0.9974653730751016,positive
21585,PKN,2025-10-15 15:21:00,0,2025-10-15,89.34,uptrend,uptrend,horizontal,uptrend,,neutral,0.0087030725553631,negative
21585,PKN,2025-10-15 15:21:00,1,2025-10-16,89.94,uptrend,uptrend,horizontal,uptrend,0.0067159167226324,neutral,0.0087030725553631,negative
21585,PKN,2025-10-15 15:21:00,2,2025-10-17,88.85,uptrend,uptrend,horizontal,uptrend,-0.0121191905714921,neutral,0.0087030725553631,negative
21585,PKN,2025-10-15 15:21:00,3,2025-10-20,92.09,uptrend,uptrend,horizontal,uptrend,0.0364659538548115,neutral,0.0087030725553631,negative
21585,PKN,2025-10-15 15:21:00,4,2025-10-21,91.82,uptrend,uptrend,horizontal,uptrend,-0.0029319144315345,neutral,0.0087030725553631,negative
21585,PKN,2025-10-15 15:21:00,5,2025-10-22,95.0,uptrend,uptrend,horizontal,uptrend,0.0346329775648008,neutral,0.0087030725553631,negative
21663,PKN,2025-10-16 08:07:00,0,2025-10-16,89.94,uptrend,uptrend,horizontal,uptrend,,negative,-0.4224419854581356,negative
21663,PKN,2025-10-16 08:07:00,1,2025-10-17,88.85,uptrend,uptrend,horizontal,uptrend,-0.0121191905714921,negative,-0.4224419854581356,negative
21663,PKN,2025-10-16 08:07:00,2,2025-10-20,92.09,uptrend,uptrend,horizontal,uptrend,0.0364659538548115,negative,-0.4224419854581356,negative
21663,PKN,2025-10-16 08:07:00,3,2025-10-21,91.82,uptrend,uptrend,horizontal,uptrend,-0.0029319144315345,negative,-0.4224419854581356,negative
21663,PKN,2025-10-16 08:07:00,4,2025-10-22,95.0,uptrend,uptrend,horizontal,uptrend,0.0346329775648008,negative,-0.4224419854581356,negative
21663,PKN,2025-10-16 08:07:00,5,2025-10-23,97.3,uptrend,uptrend,uptrend,uptrend,0.0242105263157894,negative,-0.4224419854581356,negative
21704,LPP,2025-10-16 13:19:00,0,2025-10-16,16670.0,downtrend,downtrend,downtrend,horizontal,,positive,0.996866161818616,neutral
21704,LPP,2025-10-16 13:19:00,1,2025-10-17,16825.0,downtrend,downtrend,downtrend,horizontal,0.0092981403719256,positive,0.996866161818616,neutral
21704,LPP,2025-10-16 13:19:00,2,2025-10-20,16825.0,downtrend,downtrend,downtrend,horizontal,0.0,positive,0.996866161818616,neutral
21704,LPP,2025-10-16 13:19:00,3,2025-10-21,16660.0,downtrend,downtrend,downtrend,horizontal,-0.0098068350668647,positive,0.996866161818616,neutral
21704,LPP,2025-10-16 13:19:00,4,2025-10-22,17350.0,downtrend,downtrend,downtrend,horizontal,0.0414165666266506,positive,0.996866161818616,neutral
21704,LPP,2025-10-16 13:19:00,5,2025-10-23,17320.0,downtrend,downtrend,downtrend,horizontal,-0.0017291066282421,positive,0.996866161818616,neutral
21734,PKN,2025-10-16 15:41:00,0,2025-10-16,89.94,uptrend,uptrend,horizontal,uptrend,,neutral,-0.0032096356153488,neutral
21734,PKN,2025-10-16 15:41:00,1,2025-10-17,88.85,uptrend,uptrend,horizontal,uptrend,-0.0121191905714921,neutral,-0.0032096356153488,neutral
21734,PKN,2025-10-16 15:41:00,2,2025-10-20,92.09,uptrend,uptrend,horizontal,uptrend,0.0364659538548115,neutral,-0.0032096356153488,neutral
21734,PKN,2025-10-16 15:41:00,3,2025-10-21,91.82,uptrend,uptrend,horizontal,uptrend,-0.0029319144315345,neutral,-0.0032096356153488,neutral
21734,PKN,2025-10-16 15:41:00,4,2025-10-22,95.0,uptrend,uptrend,horizontal,uptrend,0.0346329775648008,neutral,-0.0032096356153488,neutral
21734,PKN,2025-10-16 15:41:00,5,2025-10-23,97.3,uptrend,uptrend,uptrend,uptrend,0.0242105263157894,neutral,-0.0032096356153488,neutral
21781,PKN,2025-10-17 08:35:00,0,2025-10-17,88.85,uptrend,uptrend,horizontal,uptrend,,positive,0.3242761194705963,positive
21781,PKN,2025-10-17 08:35:00,1,2025-10-20,92.09,uptrend,uptrend,horizontal,uptrend,0.0364659538548115,positive,0.3242761194705963,positive
21781,PKN,2025-10-17 08:35:00,2,2025-10-21,91.82,uptrend,uptrend,horizontal,uptrend,-0.0029319144315345,positive,0.3242761194705963,positive
21781,PKN,2025-10-17 08:35:00,3,2025-10-22,95.0,uptrend,uptrend,horizontal,uptrend,0.0346329775648008,positive,0.3242761194705963,positive
21781,PKN,2025-10-17 08:35:00,4,2025-10-23,97.3,uptrend,uptrend,uptrend,uptrend,0.0242105263157894,positive,0.3242761194705963,positive
21781,PKN,2025-10-17 08:35:00,5,2025-10-24,97.65,uptrend,uptrend,uptrend,uptrend,0.0035971223021582,positive,0.3242761194705963,positive
21955,KGH,2025-10-18 09:46:00,0,2025-10-20,194.1,uptrend,uptrend,uptrend,uptrend,,positive,0.2867568433284759,negative
21955,KGH,2025-10-18 09:46:00,1,2025-10-21,185.5,uptrend,uptrend,uptrend,uptrend,-0.0443070582174136,positive,0.2867568433284759,negative
21955,KGH,2025-10-18 09:46:00,2,2025-10-22,186.1,uptrend,uptrend,uptrend,uptrend,0.0032345013477088,positive,0.2867568433284759,negative
21955,KGH,2025-10-18 09:46:00,3,2025-10-23,193.75,uptrend,uptrend,uptrend,uptrend,0.0411069317571197,positive,0.2867568433284759,negative
21955,KGH,2025-10-18 09:46:00,4,2025-10-24,191.0,uptrend,uptrend,uptrend,uptrend,-0.0141935483870967,positive,0.2867568433284759,negative
21955,KGH,2025-10-18 09:46:00,5,2025-10-27,189.0,uptrend,uptrend,uptrend,uptrend,-0.0104712041884816,positive,0.2867568433284759,negative
21984,PKN,2025-10-19 13:23:00,0,2025-10-20,92.09,uptrend,uptrend,horizontal,uptrend,,negative,-0.0729815661907196,neutral
21984,PKN,2025-10-19 13:23:00,1,2025-10-21,91.82,uptrend,uptrend,horizontal,uptrend,-0.0029319144315345,negative,-0.0729815661907196,neutral
21984,PKN,2025-10-19 13:23:00,2,2025-10-22,95.0,uptrend,uptrend,horizontal,uptrend,0.0346329775648008,negative,-0.0729815661907196,neutral
21984,PKN,2025-10-19 13:23:00,3,2025-10-23,97.3,uptrend,uptrend,uptrend,uptrend,0.0242105263157894,negative,-0.0729815661907196,neutral
21984,PKN,2025-10-19 13:23:00,4,2025-10-24,97.65,uptrend,uptrend,uptrend,uptrend,0.0035971223021582,negative,-0.0729815661907196,neutral
21984,PKN,2025-10-19 13:23:00,5,2025-10-27,97.9,uptrend,uptrend,uptrend,uptrend,0.0025601638504864,negative,-0.0729815661907196,neutral
22006,PKN,2025-10-19 21:14:00,0,2025-10-20,92.09,uptrend,uptrend,horizontal,uptrend,,neutral,-0.1073958128690719,positive
22006,PKN,2025-10-19 21:14:00,1,2025-10-21,91.82,uptrend,uptrend,horizontal,uptrend,-0.0029319144315345,neutral,-0.1073958128690719,positive
22006,PKN,2025-10-19 21:14:00,2,2025-10-22,95.0,uptrend,uptrend,horizontal,uptrend,0.0346329775648008,neutral,-0.1073958128690719,positive
22006,PKN,2025-10-19 21:14:00,3,2025-10-23,97.3,uptrend,uptrend,uptrend,uptrend,0.0242105263157894,neutral,-0.1073958128690719,positive
22006,PKN,2025-10-19 21:14:00,4,2025-10-24,97.65,uptrend,uptrend,uptrend,uptrend,0.0035971223021582,neutral,-0.1073958128690719,positive
22006,PKN,2025-10-19 21:14:00,5,2025-10-27,97.9,uptrend,uptrend,uptrend,uptrend,0.0025601638504864,neutral,-0.1073958128690719,positive
22055,CDR,2025-10-20 11:03:00,0,2025-10-20,253.2,downtrend,downtrend,downtrend,horizontal,,negative,-0.4540914110839367,neutral
22055,CDR,2025-10-20 11:03:00,1,2025-10-21,258.2,downtrend,downtrend,downtrend,horizontal,0.0197472353870458,negative,-0.4540914110839367,neutral
22055,CDR,2025-10-20 11:03:00,2,2025-10-22,260.9,downtrend,downtrend,horizontal,uptrend,0.0104570100697134,negative,-0.4540914110839367,neutral
22055,CDR,2025-10-20 11:03:00,3,2025-10-23,260.2,downtrend,horizontal,horizontal,horizontal,-0.0026830203142965,negative,-0.4540914110839367,neutral
22055,CDR,2025-10-20 11:03:00,4,2025-10-24,259.5,downtrend,horizontal,horizontal,horizontal,-0.0026902382782474,negative,-0.4540914110839367,neutral
22055,CDR,2025-10-20 11:03:00,5,2025-10-27,254.8,downtrend,horizontal,horizontal,downtrend,-0.0181117533718689,negative,-0.4540914110839367,neutral
22065,CDR,2025-10-20 11:28:00,0,2025-10-20,253.2,downtrend,downtrend,downtrend,horizontal,,neutral,-0.022201893851161,neutral
22065,CDR,2025-10-20 11:28:00,1,2025-10-21,258.2,downtrend,downtrend,downtrend,horizontal,0.0197472353870458,neutral,-0.022201893851161,neutral
22065,CDR,2025-10-20 11:28:00,2,2025-10-22,260.9,downtrend,downtrend,horizontal,uptrend,0.0104570100697134,neutral,-0.022201893851161,neutral
22065,CDR,2025-10-20 11:28:00,3,2025-10-23,260.2,downtrend,horizontal,horizontal,horizontal,-0.0026830203142965,neutral,-0.022201893851161,neutral
22065,CDR,2025-10-20 11:28:00,4,2025-10-24,259.5,downtrend,horizontal,horizontal,horizontal,-0.0026902382782474,neutral,-0.022201893851161,neutral
22065,CDR,2025-10-20 11:28:00,5,2025-10-27,254.8,downtrend,horizontal,horizontal,downtrend,-0.0181117533718689,neutral,-0.022201893851161,neutral
22365,PKN,2025-10-22 09:09:00,0,2025-10-22,95.0,uptrend,uptrend,horizontal,uptrend,,neutral,0.3292726054787636,neutral
22365,PKN,2025-10-22 09:09:00,1,2025-10-23,97.3,uptrend,uptrend,uptrend,uptrend,0.0242105263157894,neutral,0.3292726054787636,neutral
22365,PKN,2025-10-22 09:09:00,2,2025-10-24,97.65,uptrend,uptrend,uptrend,uptrend,0.0035971223021582,neutral,0.3292726054787636,neutral
22365,PKN,2025-10-22 09:09:00,3,2025-10-27,97.9,uptrend,uptrend,uptrend,uptrend,0.0025601638504864,neutral,0.3292726054787636,neutral
22365,PKN,2025-10-22 09:09:00,4,2025-10-28,98.92,uptrend,uptrend,uptrend,uptrend,0.0104187946884575,neutral,0.3292726054787636,neutral
22365,PKN,2025-10-22 09:09:00,5,2025-10-29,99.82,uptrend,uptrend,uptrend,uptrend,0.0090982612211887,neutral,0.3292726054787636,neutral
22377,PKN,2025-10-22 09:43:00,0,2025-10-22,95.0,uptrend,uptrend,horizontal,uptrend,,positive,0.9989974979835096,positive
22377,PKN,2025-10-22 09:43:00,1,2025-10-23,97.3,uptrend,uptrend,uptrend,uptrend,0.0242105263157894,positive,0.9989974979835096,positive
22377,PKN,2025-10-22 09:43:00,2,2025-10-24,97.65,uptrend,uptrend,uptrend,uptrend,0.0035971223021582,positive,0.9989974979835096,positive
22377,PKN,2025-10-22 09:43:00,3,2025-10-27,97.9,uptrend,uptrend,uptrend,uptrend,0.0025601638504864,positive,0.9989974979835096,positive
22377,PKN,2025-10-22 09:43:00,4,2025-10-28,98.92,uptrend,uptrend,uptrend,uptrend,0.0104187946884575,positive,0.9989974979835096,positive
22377,PKN,2025-10-22 09:43:00,5,2025-10-29,99.82,uptrend,uptrend,uptrend,uptrend,0.0090982612211887,positive,0.9989974979835096,positive
22450,PKN,2025-10-22 19:54:00,0,2025-10-23,97.3,uptrend,uptrend,uptrend,uptrend,,positive,0.998129396190052,positive
22450,PKN,2025-10-22 19:54:00,1,2025-10-24,97.65,uptrend,uptrend,uptrend,uptrend,0.0035971223021582,positive,0.998129396190052,positive
22450,PKN,2025-10-22 19:54:00,2,2025-10-27,97.9,uptrend,uptrend,uptrend,uptrend,0.0025601638504864,positive,0.998129396190052,positive
22450,PKN,2025-10-22 19:54:00,3,2025-10-28,98.92,uptrend,uptrend,uptrend,uptrend,0.0104187946884575,positive,0.998129396190052,positive
22450,PKN,2025-10-22 19:54:00,4,2025-10-29,99.82,uptrend,uptrend,uptrend,uptrend,0.0090982612211887,positive,0.998129396190052,positive
22450,PKN,2025-10-22 19:54:00,5,2025-10-30,100.6,uptrend,uptrend,uptrend,uptrend,0.0078140653175715,positive,0.998129396190052,positive
22476,PKN,2025-10-23 00:37:00,0,2025-10-23,97.3,uptrend,uptrend,uptrend,uptrend,,negative,-0.062328815460205,positive
22476,PKN,2025-10-23 00:37:00,1,2025-10-24,97.65,uptrend,uptrend,uptrend,uptrend,0.0035971223021582,negative,-0.062328815460205,positive
22476,PKN,2025-10-23 00:37:00,2,2025-10-27,97.9,uptrend,uptrend,uptrend,uptrend,0.0025601638504864,negative,-0.062328815460205,positive
22476,PKN,2025-10-23 00:37:00,3,2025-10-28,98.92,uptrend,uptrend,uptrend,uptrend,0.0104187946884575,negative,-0.062328815460205,positive
22476,PKN,2025-10-23 00:37:00,4,2025-10-29,99.82,uptrend,uptrend,uptrend,uptrend,0.0090982612211887,negative,-0.062328815460205,positive
22476,PKN,2025-10-23 00:37:00,5,2025-10-30,100.6,uptrend,uptrend,uptrend,uptrend,0.0078140653175715,negative,-0.062328815460205,positive
22500,CDR,2025-10-23 09:39:00,0,2025-10-23,260.2,downtrend,horizontal,horizontal,horizontal,,positive,0.0360222458839416,positive
22500,CDR,2025-10-23 09:39:00,1,2025-10-24,259.5,downtrend,horizontal,horizontal,horizontal,-0.0026902382782474,positive,0.0360222458839416,positive
22500,CDR,2025-10-23 09:39:00,2,2025-10-27,254.8,downtrend,horizontal,horizontal,downtrend,-0.0181117533718689,positive,0.0360222458839416,positive
22500,CDR,2025-10-23 09:39:00,3,2025-10-28,259.2,downtrend,horizontal,horizontal,uptrend,0.0172684458398744,positive,0.0360222458839416,positive
22500,CDR,2025-10-23 09:39:00,4,2025-10-29,256.8,downtrend,horizontal,horizontal,horizontal,-0.0092592592592591,positive,0.0360222458839416,positive
22500,CDR,2025-10-23 09:39:00,5,2025-10-30,257.3,downtrend,horizontal,horizontal,uptrend,0.0019470404984422,positive,0.0360222458839416,positive
22595,PKN,2025-10-23 18:50:00,0,2025-10-24,97.65,uptrend,uptrend,uptrend,uptrend,,neutral,0.0102484268136322,neutral
22595,PKN,2025-10-23 18:50:00,1,2025-10-27,97.9,uptrend,uptrend,uptrend,uptrend,0.0025601638504864,neutral,0.0102484268136322,neutral
22595,PKN,2025-10-23 18:50:00,2,2025-10-28,98.92,uptrend,uptrend,uptrend,uptrend,0.0104187946884575,neutral,0.0102484268136322,neutral
22595,PKN,2025-10-23 18:50:00,3,2025-10-29,99.82,uptrend,uptrend,uptrend,uptrend,0.0090982612211887,neutral,0.0102484268136322,neutral
22595,PKN,2025-10-23 18:50:00,4,2025-10-30,100.6,uptrend,uptrend,uptrend,uptrend,0.0078140653175715,neutral,0.0102484268136322,neutral
22595,PKN,2025-10-23 18:50:00,5,2025-10-31,100.06,uptrend,uptrend,uptrend,uptrend,-0.0053677932405565,neutral,0.0102484268136322,neutral
22599,PKN,2025-10-23 19:48:00,0,2025-10-24,97.65,uptrend,uptrend,uptrend,uptrend,,positive,0.9983202533330768,neutral
22599,PKN,2025-10-23 19:48:00,1,2025-10-27,97.9,uptrend,uptrend,uptrend,uptrend,0.0025601638504864,positive,0.9983202533330768,neutral
22599,PKN,2025-10-23 19:48:00,2,2025-10-28,98.92,uptrend,uptrend,uptrend,uptrend,0.0104187946884575,positive,0.9983202533330768,neutral
22599,PKN,2025-10-23 19:48:00,3,2025-10-29,99.82,uptrend,uptrend,uptrend,uptrend,0.0090982612211887,positive,0.9983202533330768,neutral
22599,PKN,2025-10-23 19:48:00,4,2025-10-30,100.6,uptrend,uptrend,uptrend,uptrend,0.0078140653175715,positive,0.9983202533330768,neutral
22599,PKN,2025-10-23 19:48:00,5,2025-10-31,100.06,uptrend,uptrend,uptrend,uptrend,-0.0053677932405565,positive,0.9983202533330768,neutral
22649,CDR,2025-10-24 09:57:00,0,2025-10-24,259.5,downtrend,horizontal,horizontal,horizontal,,positive,0.9984568499785382,positive
22649,CDR,2025-10-24 09:57:00,1,2025-10-27,254.8,downtrend,horizontal,horizontal,downtrend,-0.0181117533718689,positive,0.9984568499785382,positive
22649,CDR,2025-10-24 09:57:00,2,2025-10-28,259.2,downtrend,horizontal,horizontal,uptrend,0.0172684458398744,positive,0.9984568499785382,positive
22649,CDR,2025-10-24 09:57:00,3,2025-10-29,256.8,downtrend,horizontal,horizontal,horizontal,-0.0092592592592591,positive,0.9984568499785382,positive
22649,CDR,2025-10-24 09:57:00,4,2025-10-30,257.3,downtrend,horizontal,horizontal,uptrend,0.0019470404984422,positive,0.9984568499785382,positive
22649,CDR,2025-10-24 09:57:00,5,2025-10-31,253.8,downtrend,downtrend,horizontal,downtrend,-0.0136027982899339,positive,0.9984568499785382,positive
22677,PKN,2025-10-24 14:56:00,0,2025-10-24,97.65,uptrend,uptrend,uptrend,uptrend,,negative,-0.4493014439940452,neutral
22677,PKN,2025-10-24 14:56:00,1,2025-10-27,97.9,uptrend,uptrend,uptrend,uptrend,0.0025601638504864,negative,-0.4493014439940452,neutral
22677,PKN,2025-10-24 14:56:00,2,2025-10-28,98.92,uptrend,uptrend,uptrend,uptrend,0.0104187946884575,negative,-0.4493014439940452,neutral
22677,PKN,2025-10-24 14:56:00,3,2025-10-29,99.82,uptrend,uptrend,uptrend,uptrend,0.0090982612211887,negative,-0.4493014439940452,neutral
22677,PKN,2025-10-24 14:56:00,4,2025-10-30,100.6,uptrend,uptrend,uptrend,uptrend,0.0078140653175715,negative,-0.4493014439940452,neutral
22677,PKN,2025-10-24 14:56:00,5,2025-10-31,100.06,uptrend,uptrend,uptrend,uptrend,-0.0053677932405565,negative,-0.4493014439940452,neutral
22704,KGH,2025-10-25 07:01:00,0,2025-10-27,189.0,uptrend,uptrend,uptrend,uptrend,,neutral,-0.0326663553714752,neutral
22704,KGH,2025-10-25 07:01:00,1,2025-10-28,191.35,uptrend,uptrend,uptrend,uptrend,0.0124338624338624,neutral,-0.0326663553714752,neutral
22704,KGH,2025-10-25 07:01:00,2,2025-10-29,197.2,uptrend,uptrend,uptrend,uptrend,0.0305722498040239,neutral,-0.0326663553714752,neutral
22704,KGH,2025-10-25 07:01:00,3,2025-10-30,194.0,uptrend,uptrend,uptrend,uptrend,-0.0162271805273832,neutral,-0.0326663553714752,neutral
22704,KGH,2025-10-25 07:01:00,4,2025-10-31,193.85,uptrend,uptrend,uptrend,uptrend,-0.0007731958762886,neutral,-0.0326663553714752,neutral
22704,KGH,2025-10-25 07:01:00,5,2025-11-03,190.75,uptrend,uptrend,uptrend,uptrend,-0.0159917461955119,neutral,-0.0326663553714752,neutral
22728,CDR,2025-10-25 16:33:00,0,2025-10-27,254.8,downtrend,horizontal,horizontal,downtrend,,positive,0.9983622339204884,neutral
22728,CDR,2025-10-25 16:33:00,1,2025-10-28,259.2,downtrend,horizontal,horizontal,uptrend,0.0172684458398744,positive,0.9983622339204884,neutral
22728,CDR,2025-10-25 16:33:00,2,2025-10-29,256.8,downtrend,horizontal,horizontal,horizontal,-0.0092592592592591,positive,0.9983622339204884,neutral
22728,CDR,2025-10-25 16:33:00,3,2025-10-30,257.3,downtrend,horizontal,horizontal,uptrend,0.0019470404984422,positive,0.9983622339204884,neutral
22728,CDR,2025-10-25 16:33:00,4,2025-10-31,253.8,downtrend,downtrend,horizontal,downtrend,-0.0136027982899339,positive,0.9983622339204884,neutral
22728,CDR,2025-10-25 16:33:00,5,2025-11-03,255.4,downtrend,downtrend,horizontal,downtrend,0.0063041765169424,positive,0.9983622339204884,neutral
22747,PKO,2025-10-26 06:31:00,0,2025-10-27,76.64,uptrend,uptrend,horizontal,horizontal,,neutral,-0.0023480029776692,neutral
22747,PKO,2025-10-26 06:31:00,1,2025-10-28,78.26,uptrend,uptrend,uptrend,uptrend,0.0211377870563675,neutral,-0.0023480029776692,neutral
22747,PKO,2025-10-26 06:31:00,2,2025-10-29,77.8,uptrend,uptrend,uptrend,uptrend,-0.0058778430871455,neutral,-0.0023480029776692,neutral
22747,PKO,2025-10-26 06:31:00,3,2025-10-30,77.06,uptrend,uptrend,uptrend,horizontal,-0.0095115681233932,neutral,-0.0023480029776692,neutral
22747,PKO,2025-10-26 06:31:00,4,2025-10-31,75.7,uptrend,uptrend,uptrend,horizontal,-0.0176485855177783,neutral,-0.0023480029776692,neutral
22747,PKO,2025-10-26 06:31:00,5,2025-11-03,76.78,uptrend,uptrend,uptrend,horizontal,0.0142668428005283,neutral,-0.0023480029776692,neutral
22752,CDR,2025-10-26 09:32:00,0,2025-10-27,254.8,downtrend,horizontal,horizontal,downtrend,,negative,-0.1746885627508163,neutral
22752,CDR,2025-10-26 09:32:00,1,2025-10-28,259.2,downtrend,horizontal,horizontal,uptrend,0.0172684458398744,negative,-0.1746885627508163,neutral
22752,CDR,2025-10-26 09:32:00,2,2025-10-29,256.8,downtrend,horizontal,horizontal,horizontal,-0.0092592592592591,negative,-0.1746885627508163,neutral
22752,CDR,2025-10-26 09:32:00,3,2025-10-30,257.3,downtrend,horizontal,horizontal,uptrend,0.0019470404984422,negative,-0.1746885627508163,neutral
22752,CDR,2025-10-26 09:32:00,4,2025-10-31,253.8,downtrend,downtrend,horizontal,downtrend,-0.0136027982899339,negative,-0.1746885627508163,neutral
22752,CDR,2025-10-26 09:32:00,5,2025-11-03,255.4,downtrend,downtrend,horizontal,downtrend,0.0063041765169424,negative,-0.1746885627508163,neutral
22823,PKN,2025-10-27 10:28:00,0,2025-10-27,97.9,uptrend,uptrend,uptrend,uptrend,,positive,0.9985080791520886,positive
22823,PKN,2025-10-27 10:28:00,1,2025-10-28,98.92,uptrend,uptrend,uptrend,uptrend,0.0104187946884575,positive,0.9985080791520886,positive
22823,PKN,2025-10-27 10:28:00,2,2025-10-29,99.82,uptrend,uptrend,uptrend,uptrend,0.0090982612211887,positive,0.9985080791520886,positive
22823,PKN,2025-10-27 10:28:00,3,2025-10-30,100.6,uptrend,uptrend,uptrend,uptrend,0.0078140653175715,positive,0.9985080791520886,positive
22823,PKN,2025-10-27 10:28:00,4,2025-10-31,100.06,uptrend,uptrend,uptrend,uptrend,-0.0053677932405565,positive,0.9985080791520886,positive
22823,PKN,2025-10-27 10:28:00,5,2025-11-03,99.09,uptrend,uptrend,uptrend,uptrend,-0.009694183489906,positive,0.9985080791520886,positive
22860,KGH,2025-10-27 15:40:00,0,2025-10-27,189.0,uptrend,uptrend,uptrend,uptrend,,negative,-0.9945285784779117,positive
22860,KGH,2025-10-27 15:40:00,1,2025-10-28,191.35,uptrend,uptrend,uptrend,uptrend,0.0124338624338624,negative,-0.9945285784779117,positive
22860,KGH,2025-10-27 15:40:00,2,2025-10-29,197.2,uptrend,uptrend,uptrend,uptrend,0.0305722498040239,negative,-0.9945285784779117,positive
22860,KGH,2025-10-27 15:40:00,3,2025-10-30,194.0,uptrend,uptrend,uptrend,uptrend,-0.0162271805273832,negative,-0.9945285784779117,positive
22860,KGH,2025-10-27 15:40:00,4,2025-10-31,193.85,uptrend,uptrend,uptrend,uptrend,-0.0007731958762886,negative,-0.9945285784779117,positive
22860,KGH,2025-10-27 15:40:00,5,2025-11-03,190.75,uptrend,uptrend,uptrend,uptrend,-0.0159917461955119,negative,-0.9945285784779117,positive
22877,KGH,2025-10-27 17:44:00,0,2025-10-28,191.35,uptrend,uptrend,uptrend,uptrend,,negative,-0.3001225590705871,neutral
22877,KGH,2025-10-27 17:44:00,1,2025-10-29,197.2,uptrend,uptrend,uptrend,uptrend,0.0305722498040239,negative,-0.3001225590705871,neutral
22877,KGH,2025-10-27 17:44:00,2,2025-10-30,194.0,uptrend,uptrend,uptrend,uptrend,-0.0162271805273832,negative,-0.3001225590705871,neutral
22877,KGH,2025-10-27 17:44:00,3,2025-10-31,193.85,uptrend,uptrend,uptrend,uptrend,-0.0007731958762886,negative,-0.3001225590705871,neutral
22877,KGH,2025-10-27 17:44:00,4,2025-11-03,190.75,uptrend,uptrend,uptrend,uptrend,-0.0159917461955119,negative,-0.3001225590705871,neutral
22877,KGH,2025-10-27 17:44:00,5,2025-11-04,186.55,uptrend,uptrend,uptrend,uptrend,-0.0220183486238531,negative,-0.3001225590705871,neutral
22953,KGH,2025-10-28 16:20:00,0,2025-10-28,191.35,uptrend,uptrend,uptrend,uptrend,,neutral,-0.0375773310661315,neutral
22953,KGH,2025-10-28 16:20:00,1,2025-10-29,197.2,uptrend,uptrend,uptrend,uptrend,0.0305722498040239,neutral,-0.0375773310661315,neutral
22953,KGH,2025-10-28 16:20:00,2,2025-10-30,194.0,uptrend,uptrend,uptrend,uptrend,-0.0162271805273832,neutral,-0.0375773310661315,neutral
22953,KGH,2025-10-28 16:20:00,3,2025-10-31,193.85,uptrend,uptrend,uptrend,uptrend,-0.0007731958762886,neutral,-0.0375773310661315,neutral
22953,KGH,2025-10-28 16:20:00,4,2025-11-03,190.75,uptrend,uptrend,uptrend,uptrend,-0.0159917461955119,neutral,-0.0375773310661315,neutral
22953,KGH,2025-10-28 16:20:00,5,2025-11-04,186.55,uptrend,uptrend,uptrend,uptrend,-0.0220183486238531,neutral,-0.0375773310661315,neutral
23051,PKN,2025-10-30 10:40:00,0,2025-10-30,100.6,uptrend,uptrend,uptrend,uptrend,,positive,0.1614510715007782,neutral
23051,PKN,2025-10-30 10:40:00,1,2025-10-31,100.06,uptrend,uptrend,uptrend,uptrend,-0.0053677932405565,positive,0.1614510715007782,neutral
23051,PKN,2025-10-30 10:40:00,2,2025-11-03,99.09,uptrend,uptrend,uptrend,uptrend,-0.009694183489906,positive,0.1614510715007782,neutral
23051,PKN,2025-10-30 10:40:00,3,2025-11-04,97.72,uptrend,uptrend,uptrend,uptrend,-0.0138258149157332,positive,0.1614510715007782,neutral
23051,PKN,2025-10-30 10:40:00,4,2025-11-05,97.96,uptrend,uptrend,uptrend,uptrend,0.0024559967253376,positive,0.1614510715007782,neutral
23051,PKN,2025-10-30 10:40:00,5,2025-11-06,98.6,uptrend,uptrend,uptrend,uptrend,0.0065332788893426,positive,0.1614510715007782,neutral
23052,CDR,2025-10-30 10:47:00,0,2025-10-30,257.3,downtrend,horizontal,horizontal,uptrend,,positive,0.0481589138507843,neutral
23052,CDR,2025-10-30 10:47:00,1,2025-10-31,253.8,downtrend,downtrend,horizontal,downtrend,-0.0136027982899339,positive,0.0481589138507843,neutral
23052,CDR,2025-10-30 10:47:00,2,2025-11-03,255.4,downtrend,downtrend,horizontal,downtrend,0.0063041765169424,positive,0.0481589138507843,neutral
23052,CDR,2025-10-30 10:47:00,3,2025-11-04,252.5,downtrend,downtrend,horizontal,downtrend,-0.0113547376664057,positive,0.0481589138507843,neutral
23052,CDR,2025-10-30 10:47:00,4,2025-11-05,250.2,downtrend,downtrend,horizontal,downtrend,-0.0091089108910891,positive,0.0481589138507843,neutral
23052,CDR,2025-10-30 10:47:00,5,2025-11-06,250.0,downtrend,downtrend,downtrend,downtrend,-0.0007993605115906,positive,0.0481589138507843,neutral
23075,PKN,2025-10-30 13:15:00,0,2025-10-30,100.6,uptrend,uptrend,uptrend,uptrend,,negative,-0.0952919125556945,neutral
23075,PKN,2025-10-30 13:15:00,1,2025-10-31,100.06,uptrend,uptrend,uptrend,uptrend,-0.0053677932405565,negative,-0.0952919125556945,neutral
23075,PKN,2025-10-30 13:15:00,2,2025-11-03,99.09,uptrend,uptrend,uptrend,uptrend,-0.009694183489906,negative,-0.0952919125556945,neutral
23075,PKN,2025-10-30 13:15:00,3,2025-11-04,97.72,uptrend,uptrend,uptrend,uptrend,-0.0138258149157332,negative,-0.0952919125556945,neutral
23075,PKN,2025-10-30 13:15:00,4,2025-11-05,97.96,uptrend,uptrend,uptrend,uptrend,0.0024559967253376,negative,-0.0952919125556945,neutral
23075,PKN,2025-10-30 13:15:00,5,2025-11-06,98.6,uptrend,uptrend,uptrend,uptrend,0.0065332788893426,negative,-0.0952919125556945,neutral
23131,PKN,2025-10-30 22:43:00,0,2025-10-31,100.06,uptrend,uptrend,uptrend,uptrend,,positive,0.3721010684967041,positive
23131,PKN,2025-10-30 22:43:00,1,2025-11-03,99.09,uptrend,uptrend,uptrend,uptrend,-0.009694183489906,positive,0.3721010684967041,positive
23131,PKN,2025-10-30 22:43:00,2,2025-11-04,97.72,uptrend,uptrend,uptrend,uptrend,-0.0138258149157332,positive,0.3721010684967041,positive
23131,PKN,2025-10-30 22:43:00,3,2025-11-05,97.96,uptrend,uptrend,uptrend,uptrend,0.0024559967253376,positive,0.3721010684967041,positive
23131,PKN,2025-10-30 22:43:00,4,2025-11-06,98.6,uptrend,uptrend,uptrend,uptrend,0.0065332788893426,positive,0.3721010684967041,positive
23131,PKN,2025-10-30 22:43:00,5,2025-11-07,98.93,uptrend,uptrend,uptrend,uptrend,0.003346855983773,positive,0.3721010684967041,positive
23384,PKN,2025-11-04 10:23:00,0,2025-11-04,97.72,uptrend,uptrend,uptrend,uptrend,,negative,-0.9951248512952588,neutral
23384,PKN,2025-11-04 10:23:00,1,2025-11-05,97.96,uptrend,uptrend,uptrend,uptrend,0.0024559967253376,negative,-0.9951248512952588,neutral
23384,PKN,2025-11-04 10:23:00,2,2025-11-06,98.6,uptrend,uptrend,uptrend,uptrend,0.0065332788893426,negative,-0.9951248512952588,neutral
23384,PKN,2025-11-04 10:23:00,3,2025-11-07,98.93,uptrend,uptrend,uptrend,uptrend,0.003346855983773,negative,-0.9951248512952588,neutral
23384,PKN,2025-11-04 10:23:00,4,2025-11-10,101.8,uptrend,uptrend,uptrend,uptrend,0.0290104114020013,negative,-0.9951248512952588,neutral
23384,PKN,2025-11-04 10:23:00,5,2025-11-12,103.5,uptrend,uptrend,uptrend,uptrend,0.0166994106090374,negative,-0.9951248512952588,neutral
23438,CDR,2025-11-04 20:32:00,0,2025-11-05,250.2,downtrend,downtrend,horizontal,downtrend,,positive,0.9982417417049874,negative
23438,CDR,2025-11-04 20:32:00,1,2025-11-06,250.0,downtrend,downtrend,downtrend,downtrend,-0.0007993605115906,positive,0.9982417417049874,negative
23438,CDR,2025-11-04 20:32:00,2,2025-11-07,242.9,downtrend,downtrend,downtrend,downtrend,-0.0283999999999999,positive,0.9982417417049874,negative
23438,CDR,2025-11-04 20:32:00,3,2025-11-10,245.6,downtrend,downtrend,downtrend,downtrend,0.0111156854672704,positive,0.9982417417049874,negative
23438,CDR,2025-11-04 20:32:00,4,2025-11-12,243.4,downtrend,downtrend,downtrend,downtrend,-0.008957654723127,positive,0.9982417417049874,negative
23438,CDR,2025-11-04 20:32:00,5,2025-11-13,237.4,downtrend,downtrend,downtrend,downtrend,-0.0246507806080525,positive,0.9982417417049874,negative
23796,PKN,2025-11-08 19:05:00,0,2025-11-10,101.8,uptrend,uptrend,uptrend,uptrend,,neutral,-0.2478378117084503,negative
23796,PKN,2025-11-08 19:05:00,1,2025-11-12,103.5,uptrend,uptrend,uptrend,uptrend,0.0166994106090374,neutral,-0.2478378117084503,negative
23796,PKN,2025-11-08 19:05:00,2,2025-11-13,103.76,uptrend,uptrend,uptrend,uptrend,0.002512077294686,neutral,-0.2478378117084503,negative
23796,PKN,2025-11-08 19:05:00,3,2025-11-14,104.0,uptrend,uptrend,uptrend,uptrend,0.0023130300693907,neutral,-0.2478378117084503,negative
23796,PKN,2025-11-08 19:05:00,4,2025-11-17,102.76,uptrend,uptrend,uptrend,uptrend,-0.0119230769230769,neutral,-0.2478378117084503,negative
23796,PKN,2025-11-08 19:05:00,5,2025-11-18,100.72,uptrend,uptrend,uptrend,uptrend,-0.0198520825223823,neutral,-0.2478378117084503,negative
23804,PKN,2025-11-08 21:08:00,0,2025-11-10,101.8,uptrend,uptrend,uptrend,uptrend,,negative,-0.9958211056655272,neutral
23804,PKN,2025-11-08 21:08:00,1,2025-11-12,103.5,uptrend,uptrend,uptrend,uptrend,0.0166994106090374,negative,-0.9958211056655272,neutral
23804,PKN,2025-11-08 21:08:00,2,2025-11-13,103.76,uptrend,uptrend,uptrend,uptrend,0.002512077294686,negative,-0.9958211056655272,neutral
23804,PKN,2025-11-08 21:08:00,3,2025-11-14,104.0,uptrend,uptrend,uptrend,uptrend,0.0023130300693907,negative,-0.9958211056655272,neutral
23804,PKN,2025-11-08 21:08:00,4,2025-11-17,102.76,uptrend,uptrend,uptrend,uptrend,-0.0119230769230769,negative,-0.9958211056655272,neutral
23804,PKN,2025-11-08 21:08:00,5,2025-11-18,100.72,uptrend,uptrend,uptrend,uptrend,-0.0198520825223823,negative,-0.9958211056655272,neutral
23864,PKN,2025-11-10 13:33:00,0,2025-11-10,101.8,uptrend,uptrend,uptrend,uptrend,,positive,0.996739081805572,negative
23864,PKN,2025-11-10 13:33:00,1,2025-11-12,103.5,uptrend,uptrend,uptrend,uptrend,0.0166994106090374,positive,0.996739081805572,negative
23864,PKN,2025-11-10 13:33:00,2,2025-11-13,103.76,uptrend,uptrend,uptrend,uptrend,0.002512077294686,positive,0.996739081805572,negative
23864,PKN,2025-11-10 13:33:00,3,2025-11-14,104.0,uptrend,uptrend,uptrend,uptrend,0.0023130300693907,positive,0.996739081805572,negative
23864,PKN,2025-11-10 13:33:00,4,2025-11-17,102.76,uptrend,uptrend,uptrend,uptrend,-0.0119230769230769,positive,0.996739081805572,negative
23864,PKN,2025-11-10 13:33:00,5,2025-11-18,100.72,uptrend,uptrend,uptrend,uptrend,-0.0198520825223823,positive,0.996739081805572,negative
24116,CDR,2025-11-13 12:27:00,0,2025-11-13,237.4,downtrend,downtrend,downtrend,downtrend,,negative,-0.995309687568806,positive
24116,CDR,2025-11-13 12:27:00,1,2025-11-14,236.7,downtrend,downtrend,downtrend,downtrend,-0.0029486099410278,negative,-0.995309687568806,positive
24116,CDR,2025-11-13 12:27:00,2,2025-11-17,230.9,downtrend,downtrend,downtrend,downtrend,-0.0245035910435149,negative,-0.995309687568806,positive
24116,CDR,2025-11-13 12:27:00,3,2025-11-18,229.8,downtrend,downtrend,downtrend,downtrend,-0.0047639670853183,negative,-0.995309687568806,positive
24116,CDR,2025-11-13 12:27:00,4,2025-11-19,229.2,downtrend,downtrend,downtrend,downtrend,-0.0026109660574413,negative,-0.995309687568806,positive
24116,CDR,2025-11-13 12:27:00,5,2025-11-20,227.8,downtrend,downtrend,downtrend,downtrend,-0.0061082024432809,negative,-0.995309687568806,positive
24199,PKN,2025-11-13 17:06:00,0,2025-11-14,104.0,uptrend,uptrend,uptrend,uptrend,,negative,-0.9952840863261372,positive
24199,PKN,2025-11-13 17:06:00,1,2025-11-17,102.76,uptrend,uptrend,uptrend,uptrend,-0.0119230769230769,negative,-0.9952840863261372,positive
24199,PKN,2025-11-13 17:06:00,2,2025-11-18,100.72,uptrend,uptrend,uptrend,uptrend,-0.0198520825223823,negative,-0.9952840863261372,positive
24199,PKN,2025-11-13 17:06:00,3,2025-11-19,101.88,uptrend,uptrend,uptrend,uptrend,0.0115170770452739,negative,-0.9952840863261372,positive
24199,PKN,2025-11-13 17:06:00,4,2025-11-20,101.2,uptrend,uptrend,uptrend,uptrend,-0.0066745190420101,negative,-0.9952840863261372,positive
24199,PKN,2025-11-13 17:06:00,5,2025-11-21,98.6,uptrend,uptrend,uptrend,uptrend,-0.0256916996047431,negative,-0.9952840863261372,positive
24213,PKN,2025-11-13 17:45:00,0,2025-11-14,104.0,uptrend,uptrend,uptrend,uptrend,,negative,-0.1678429245948791,negative
24213,PKN,2025-11-13 17:45:00,1,2025-11-17,102.76,uptrend,uptrend,uptrend,uptrend,-0.0119230769230769,negative,-0.1678429245948791,negative
24213,PKN,2025-11-13 17:45:00,2,2025-11-18,100.72,uptrend,uptrend,uptrend,uptrend,-0.0198520825223823,negative,-0.1678429245948791,negative
24213,PKN,2025-11-13 17:45:00,3,2025-11-19,101.88,uptrend,uptrend,uptrend,uptrend,0.0115170770452739,negative,-0.1678429245948791,negative
24213,PKN,2025-11-13 17:45:00,4,2025-11-20,101.2,uptrend,uptrend,uptrend,uptrend,-0.0066745190420101,negative,-0.1678429245948791,negative
24213,PKN,2025-11-13 17:45:00,5,2025-11-21,98.6,uptrend,uptrend,uptrend,uptrend,-0.0256916996047431,negative,-0.1678429245948791,negative
24243,CDR,2025-11-13 20:16:00,0,2025-11-14,236.7,downtrend,downtrend,downtrend,downtrend,,positive,0.9990725644747728,neutral
24243,CDR,2025-11-13 20:16:00,1,2025-11-17,230.9,downtrend,downtrend,downtrend,downtrend,-0.0245035910435149,positive,0.9990725644747728,neutral
24243,CDR,2025-11-13 20:16:00,2,2025-11-18,229.8,downtrend,downtrend,downtrend,downtrend,-0.0047639670853183,positive,0.9990725644747728,neutral
24243,CDR,2025-11-13 20:16:00,3,2025-11-19,229.2,downtrend,downtrend,downtrend,downtrend,-0.0026109660574413,positive,0.9990725644747728,neutral
24243,CDR,2025-11-13 20:16:00,4,2025-11-20,227.8,downtrend,downtrend,downtrend,downtrend,-0.0061082024432809,positive,0.9990725644747728,neutral
24243,CDR,2025-11-13 20:16:00,5,2025-11-21,228.2,downtrend,downtrend,downtrend,downtrend,0.0017559262510973,positive,0.9990725644747728,neutral
24245,CDR,2025-11-13 20:48:00,0,2025-11-14,236.7,downtrend,downtrend,downtrend,downtrend,,neutral,0.3300144225358963,neutral
24245,CDR,2025-11-13 20:48:00,1,2025-11-17,230.9,downtrend,downtrend,downtrend,downtrend,-0.0245035910435149,neutral,0.3300144225358963,neutral
24245,CDR,2025-11-13 20:48:00,2,2025-11-18,229.8,downtrend,downtrend,downtrend,downtrend,-0.0047639670853183,neutral,0.3300144225358963,neutral
24245,CDR,2025-11-13 20:48:00,3,2025-11-19,229.2,downtrend,downtrend,downtrend,downtrend,-0.0026109660574413,neutral,0.3300144225358963,neutral
24245,CDR,2025-11-13 20:48:00,4,2025-11-20,227.8,downtrend,downtrend,downtrend,downtrend,-0.0061082024432809,neutral,0.3300144225358963,neutral
24245,CDR,2025-11-13 20:48:00,5,2025-11-21,228.2,downtrend,downtrend,downtrend,downtrend,0.0017559262510973,neutral,0.3300144225358963,neutral
24291,PKN,2025-11-14 08:46:00,0,2025-11-14,104.0,uptrend,uptrend,uptrend,uptrend,,negative,-0.4712769947946071,neutral
24291,PKN,2025-11-14 08:46:00,1,2025-11-17,102.76,uptrend,uptrend,uptrend,uptrend,-0.0119230769230769,negative,-0.4712769947946071,neutral
24291,PKN,2025-11-14 08:46:00,2,2025-11-18,100.72,uptrend,uptrend,uptrend,uptrend,-0.0198520825223823,negative,-0.4712769947946071,neutral
24291,PKN,2025-11-14 08:46:00,3,2025-11-19,101.88,uptrend,uptrend,uptrend,uptrend,0.0115170770452739,negative,-0.4712769947946071,neutral
24291,PKN,2025-11-14 08:46:00,4,2025-11-20,101.2,uptrend,uptrend,uptrend,uptrend,-0.0066745190420101,negative,-0.4712769947946071,neutral
24291,PKN,2025-11-14 08:46:00,5,2025-11-21,98.6,uptrend,uptrend,uptrend,uptrend,-0.0256916996047431,negative,-0.4712769947946071,neutral
24337,KGH,2025-11-14 10:37:00,0,2025-11-14,195.0,horizontal,uptrend,uptrend,uptrend,,neutral,-0.0041335327550768,neutral
24337,KGH,2025-11-14 10:37:00,1,2025-11-17,192.2,horizontal,uptrend,uptrend,uptrend,-0.0143589743589743,neutral,-0.0041335327550768,neutral
24337,KGH,2025-11-14 10:37:00,2,2025-11-18,189.0,horizontal,uptrend,uptrend,uptrend,-0.0166493236212278,neutral,-0.0041335327550768,neutral
24337,KGH,2025-11-14 10:37:00,3,2025-11-19,195.5,horizontal,uptrend,uptrend,uptrend,0.0343915343915344,neutral,-0.0041335327550768,neutral
24337,KGH,2025-11-14 10:37:00,4,2025-11-20,195.1,uptrend,uptrend,uptrend,uptrend,-0.0020460358056266,neutral,-0.0041335327550768,neutral
24337,KGH,2025-11-14 10:37:00,5,2025-11-21,191.05,uptrend,uptrend,uptrend,uptrend,-0.0207585853408507,neutral,-0.0041335327550768,neutral
24383,KGH,2025-11-14 14:29:00,0,2025-11-14,195.0,horizontal,uptrend,uptrend,uptrend,,negative,-0.0560281574726104,neutral
24383,KGH,2025-11-14 14:29:00,1,2025-11-17,192.2,horizontal,uptrend,uptrend,uptrend,-0.0143589743589743,negative,-0.0560281574726104,neutral
24383,KGH,2025-11-14 14:29:00,2,2025-11-18,189.0,horizontal,uptrend,uptrend,uptrend,-0.0166493236212278,negative,-0.0560281574726104,neutral
24383,KGH,2025-11-14 14:29:00,3,2025-11-19,195.5,horizontal,uptrend,uptrend,uptrend,0.0343915343915344,negative,-0.0560281574726104,neutral
24383,KGH,2025-11-14 14:29:00,4,2025-11-20,195.1,uptrend,uptrend,uptrend,uptrend,-0.0020460358056266,negative,-0.0560281574726104,neutral
24383,KGH,2025-11-14 14:29:00,5,2025-11-21,191.05,uptrend,uptrend,uptrend,uptrend,-0.0207585853408507,negative,-0.0560281574726104,neutral
24414,LPP,2025-11-14 16:45:00,0,2025-11-14,16465.0,horizontal,downtrend,downtrend,downtrend,,negative,-0.462314959615469,neutral
24414,LPP,2025-11-14 16:45:00,1,2025-11-17,16205.0,downtrend,downtrend,downtrend,downtrend,-0.0157910719708472,negative,-0.462314959615469,neutral
24414,LPP,2025-11-14 16:45:00,2,2025-11-18,15900.0,downtrend,downtrend,downtrend,downtrend,-0.0188213514347423,negative,-0.462314959615469,neutral
24414,LPP,2025-11-14 16:45:00,3,2025-11-19,16115.0,downtrend,downtrend,downtrend,downtrend,0.0135220125786164,negative,-0.462314959615469,neutral
24414,LPP,2025-11-14 16:45:00,4,2025-11-20,16145.0,downtrend,downtrend,downtrend,downtrend,0.0018616196090599,negative,-0.462314959615469,neutral
24414,LPP,2025-11-14 16:45:00,5,2025-11-21,16000.0,downtrend,downtrend,downtrend,downtrend,-0.0089811087023846,negative,-0.462314959615469,neutral
24488,CDR,2025-11-15 18:17:00,0,2025-11-17,230.9,downtrend,downtrend,downtrend,downtrend,,positive,0.9986268452194054,negative
24488,CDR,2025-11-15 18:17:00,1,2025-11-18,229.8,downtrend,downtrend,downtrend,downtrend,-0.0047639670853183,positive,0.9986268452194054,negative
24488,CDR,2025-11-15 18:17:00,2,2025-11-19,229.2,downtrend,downtrend,downtrend,downtrend,-0.0026109660574413,positive,0.9986268452194054,negative
24488,CDR,2025-11-15 18:17:00,3,2025-11-20,227.8,downtrend,downtrend,downtrend,downtrend,-0.0061082024432809,positive,0.9986268452194054,negative
24488,CDR,2025-11-15 18:17:00,4,2025-11-21,228.2,downtrend,downtrend,downtrend,downtrend,0.0017559262510973,positive,0.9986268452194054,negative
24488,CDR,2025-11-15 18:17:00,5,2025-11-24,230.9,downtrend,downtrend,downtrend,downtrend,0.0118317265556531,positive,0.9986268452194054,negative
24578,CDR,2025-11-17 11:12:00,0,2025-11-17,230.9,downtrend,downtrend,downtrend,downtrend,,negative,-0.3950204849243164,positive
24578,CDR,2025-11-17 11:12:00,1,2025-11-18,229.8,downtrend,downtrend,downtrend,downtrend,-0.0047639670853183,negative,-0.3950204849243164,positive
24578,CDR,2025-11-17 11:12:00,2,2025-11-19,229.2,downtrend,downtrend,downtrend,downtrend,-0.0026109660574413,negative,-0.3950204849243164,positive
24578,CDR,2025-11-17 11:12:00,3,2025-11-20,227.8,downtrend,downtrend,downtrend,downtrend,-0.0061082024432809,negative,-0.3950204849243164,positive
24578,CDR,2025-11-17 11:12:00,4,2025-11-21,228.2,downtrend,downtrend,downtrend,downtrend,0.0017559262510973,negative,-0.3950204849243164,positive
24578,CDR,2025-11-17 11:12:00,5,2025-11-24,230.9,downtrend,downtrend,downtrend,downtrend,0.0118317265556531,negative,-0.3950204849243164,positive
24615,CDR,2025-11-17 13:41:00,0,2025-11-17,230.9,downtrend,downtrend,downtrend,downtrend,,negative,-0.2194670736789703,neutral
24615,CDR,2025-11-17 13:41:00,1,2025-11-18,229.8,downtrend,downtrend,downtrend,downtrend,-0.0047639670853183,negative,-0.2194670736789703,neutral
24615,CDR,2025-11-17 13:41:00,2,2025-11-19,229.2,downtrend,downtrend,downtrend,downtrend,-0.0026109660574413,negative,-0.2194670736789703,neutral
24615,CDR,2025-11-17 13:41:00,3,2025-11-20,227.8,downtrend,downtrend,downtrend,downtrend,-0.0061082024432809,negative,-0.2194670736789703,neutral
24615,CDR,2025-11-17 13:41:00,4,2025-11-21,228.2,downtrend,downtrend,downtrend,downtrend,0.0017559262510973,negative,-0.2194670736789703,neutral
24615,CDR,2025-11-17 13:41:00,5,2025-11-24,230.9,downtrend,downtrend,downtrend,downtrend,0.0118317265556531,negative,-0.2194670736789703,neutral
24635,KGH,2025-11-17 16:51:00,0,2025-11-17,192.2,horizontal,uptrend,uptrend,uptrend,,positive,0.3640357777476311,negative
24635,KGH,2025-11-17 16:51:00,1,2025-11-18,189.0,horizontal,uptrend,uptrend,uptrend,-0.0166493236212278,positive,0.3640357777476311,negative
24635,KGH,2025-11-17 16:51:00,2,2025-11-19,195.5,horizontal,uptrend,uptrend,uptrend,0.0343915343915344,positive,0.3640357777476311,negative
24635,KGH,2025-11-17 16:51:00,3,2025-11-20,195.1,uptrend,uptrend,uptrend,uptrend,-0.0020460358056266,positive,0.3640357777476311,negative
24635,KGH,2025-11-17 16:51:00,4,2025-11-21,191.05,uptrend,uptrend,uptrend,uptrend,-0.0207585853408507,positive,0.3640357777476311,negative
24635,KGH,2025-11-17 16:51:00,5,2025-11-24,195.9,uptrend,uptrend,uptrend,uptrend,0.0253860246008896,positive,0.3640357777476311,negative
24636,CDR,2025-11-17 16:51:00,0,2025-11-17,230.9,downtrend,downtrend,downtrend,downtrend,,positive,0.9978166069486178,neutral
24636,CDR,2025-11-17 16:51:00,1,2025-11-18,229.8,downtrend,downtrend,downtrend,downtrend,-0.0047639670853183,positive,0.9978166069486178,neutral
24636,CDR,2025-11-17 16:51:00,2,2025-11-19,229.2,downtrend,downtrend,downtrend,downtrend,-0.0026109660574413,positive,0.9978166069486178,neutral
24636,CDR,2025-11-17 16:51:00,3,2025-11-20,227.8,downtrend,downtrend,downtrend,downtrend,-0.0061082024432809,positive,0.9978166069486178,neutral
24636,CDR,2025-11-17 16:51:00,4,2025-11-21,228.2,downtrend,downtrend,downtrend,downtrend,0.0017559262510973,positive,0.9978166069486178,neutral
24636,CDR,2025-11-17 16:51:00,5,2025-11-24,230.9,downtrend,downtrend,downtrend,downtrend,0.0118317265556531,positive,0.9978166069486178,neutral
26307,KGH,2025-12-05 16:39:00,0,2025-12-05,235.0,uptrend,uptrend,uptrend,uptrend,,positive,0.9972437284886836,neutral
26307,KGH,2025-12-05 16:39:00,1,2025-12-08,234.4,uptrend,uptrend,uptrend,uptrend,-0.0025531914893617,positive,0.9972437284886836,neutral
26307,KGH,2025-12-05 16:39:00,2,2025-12-09,235.8,uptrend,uptrend,uptrend,uptrend,0.0059726962457338,positive,0.9972437284886836,neutral
26307,KGH,2025-12-05 16:39:00,3,2025-12-10,241.5,uptrend,uptrend,uptrend,uptrend,0.0241730279898217,positive,0.9972437284886836,neutral
26307,KGH,2025-12-05 16:39:00,4,2025-12-11,245.0,uptrend,uptrend,uptrend,uptrend,0.0144927536231884,positive,0.9972437284886836,neutral
26307,KGH,2025-12-05 16:39:00,5,2025-12-12,244.5,uptrend,uptrend,uptrend,uptrend,-0.0020408163265306,positive,0.9972437284886836,neutral
26378,PKN,2025-12-06 19:05:00,0,2025-12-08,91.66,downtrend,downtrend,downtrend,horizontal,,positive,0.0579245388507843,negative
26378,PKN,2025-12-06 19:05:00,1,2025-12-09,92.48,downtrend,downtrend,downtrend,horizontal,0.0089461051712853,positive,0.0579245388507843,negative
26378,PKN,2025-12-06 19:05:00,2,2025-12-10,92.87,downtrend,downtrend,downtrend,horizontal,0.0042171280276817,positive,0.0579245388507843,negative
26378,PKN,2025-12-06 19:05:00,3,2025-12-11,94.38,downtrend,downtrend,downtrend,horizontal,0.0162592871756217,positive,0.0579245388507843,negative
26378,PKN,2025-12-06 19:05:00,4,2025-12-12,93.6,downtrend,downtrend,downtrend,horizontal,-0.0082644628099173,positive,0.0579245388507843,negative
26378,PKN,2025-12-06 19:05:00,5,2025-12-15,94.82,downtrend,downtrend,downtrend,horizontal,0.0130341880341879,positive,0.0579245388507843,negative
26408,CDR,2025-12-07 15:22:00,0,2025-12-08,243.0,uptrend,horizontal,downtrend,downtrend,,positive,0.9968330319970846,neutral
26408,CDR,2025-12-07 15:22:00,1,2025-12-09,252.8,uptrend,horizontal,uptrend,downtrend,0.0403292181069958,positive,0.9968330319970846,neutral
26408,CDR,2025-12-07 15:22:00,2,2025-12-10,245.4,uptrend,horizontal,uptrend,downtrend,-0.0292721518987342,positive,0.9968330319970846,neutral
26408,CDR,2025-12-07 15:22:00,3,2025-12-11,253.0,uptrend,uptrend,downtrend,downtrend,0.0309698451507742,positive,0.9968330319970846,neutral
26408,CDR,2025-12-07 15:22:00,4,2025-12-12,247.7,uptrend,horizontal,downtrend,downtrend,-0.0209486166007905,positive,0.9968330319970846,neutral
26408,CDR,2025-12-07 15:22:00,5,2025-12-15,247.3,uptrend,horizontal,downtrend,downtrend,-0.0016148566814694,positive,0.9968330319970846,neutral
26439,CDR,2025-12-08 09:43:00,0,2025-12-08,243.0,uptrend,horizontal,downtrend,downtrend,,positive,0.3063504993915558,negative
26439,CDR,2025-12-08 09:43:00,1,2025-12-09,252.8,uptrend,horizontal,uptrend,downtrend,0.0403292181069958,positive,0.3063504993915558,negative
26439,CDR,2025-12-08 09:43:00,2,2025-12-10,245.4,uptrend,horizontal,uptrend,downtrend,-0.0292721518987342,positive,0.3063504993915558,negative
26439,CDR,2025-12-08 09:43:00,3,2025-12-11,253.0,uptrend,uptrend,downtrend,downtrend,0.0309698451507742,positive,0.3063504993915558,negative
26439,CDR,2025-12-08 09:43:00,4,2025-12-12,247.7,uptrend,horizontal,downtrend,downtrend,-0.0209486166007905,positive,0.3063504993915558,negative
26439,CDR,2025-12-08 09:43:00,5,2025-12-15,247.3,uptrend,horizontal,downtrend,downtrend,-0.0016148566814694,positive,0.3063504993915558,negative
26485,KGH,2025-12-08 18:16:00,0,2025-12-09,235.8,uptrend,uptrend,uptrend,uptrend,,positive,0.9978354475460948,positive
26485,KGH,2025-12-08 18:16:00,1,2025-12-10,241.5,uptrend,uptrend,uptrend,uptrend,0.0241730279898217,positive,0.9978354475460948,positive
26485,KGH,2025-12-08 18:16:00,2,2025-12-11,245.0,uptrend,uptrend,uptrend,uptrend,0.0144927536231884,positive,0.9978354475460948,positive
26485,KGH,2025-12-08 18:16:00,3,2025-12-12,244.5,uptrend,uptrend,uptrend,uptrend,-0.0020408163265306,positive,0.9978354475460948,positive
26485,KGH,2025-12-08 18:16:00,4,2025-12-15,250.8,uptrend,uptrend,uptrend,uptrend,0.0257668711656442,positive,0.9978354475460948,positive
26485,KGH,2025-12-08 18:16:00,5,2025-12-16,253.7,uptrend,uptrend,uptrend,uptrend,0.0115629984051035,positive,0.9978354475460948,positive
26514,KGH,2025-12-09 08:58:00,0,2025-12-09,235.8,uptrend,uptrend,uptrend,uptrend,,neutral,0.1996089369058609,negative
26514,KGH,2025-12-09 08:58:00,1,2025-12-10,241.5,uptrend,uptrend,uptrend,uptrend,0.0241730279898217,neutral,0.1996089369058609,negative
26514,KGH,2025-12-09 08:58:00,2,2025-12-11,245.0,uptrend,uptrend,uptrend,uptrend,0.0144927536231884,neutral,0.1996089369058609,negative
26514,KGH,2025-12-09 08:58:00,3,2025-12-12,244.5,uptrend,uptrend,uptrend,uptrend,-0.0020408163265306,neutral,0.1996089369058609,negative
26514,KGH,2025-12-09 08:58:00,4,2025-12-15,250.8,uptrend,uptrend,uptrend,uptrend,0.0257668711656442,neutral,0.1996089369058609,negative
26514,KGH,2025-12-09 08:58:00,5,2025-12-16,253.7,uptrend,uptrend,uptrend,uptrend,0.0115629984051035,neutral,0.1996089369058609,negative
26548,CDR,2025-12-09 13:15:00,0,2025-12-09,252.8,uptrend,horizontal,uptrend,downtrend,,negative,-0.2814746797084808,negative
26548,CDR,2025-12-09 13:15:00,1,2025-12-10,245.4,uptrend,horizontal,uptrend,downtrend,-0.0292721518987342,negative,-0.2814746797084808,negative
26548,CDR,2025-12-09 13:15:00,2,2025-12-11,253.0,uptrend,uptrend,downtrend,downtrend,0.0309698451507742,negative,-0.2814746797084808,negative
26548,CDR,2025-12-09 13:15:00,3,2025-12-12,247.7,uptrend,horizontal,downtrend,downtrend,-0.0209486166007905,negative,-0.2814746797084808,negative
26548,CDR,2025-12-09 13:15:00,4,2025-12-15,247.3,uptrend,horizontal,downtrend,downtrend,-0.0016148566814694,negative,-0.2814746797084808,negative
26548,CDR,2025-12-09 13:15:00,5,2025-12-16,244.6,uptrend,horizontal,horizontal,downtrend,-0.0109179134654266,negative,-0.2814746797084808,negative
26685,KGH,2025-12-10 21:40:00,0,2025-12-11,245.0,uptrend,uptrend,uptrend,uptrend,,negative,-0.9973056917369832,negative
26685,KGH,2025-12-10 21:40:00,1,2025-12-12,244.5,uptrend,uptrend,uptrend,uptrend,-0.0020408163265306,negative,-0.9973056917369832,negative
26685,KGH,2025-12-10 21:40:00,2,2025-12-15,250.8,uptrend,uptrend,uptrend,uptrend,0.0257668711656442,negative,-0.9973056917369832,negative
26685,KGH,2025-12-10 21:40:00,3,2025-12-16,253.7,uptrend,uptrend,uptrend,uptrend,0.0115629984051035,negative,-0.9973056917369832,negative
26685,KGH,2025-12-10 21:40:00,4,2025-12-17,259.6,uptrend,uptrend,uptrend,uptrend,0.0232558139534884,negative,-0.9973056917369832,negative
26685,KGH,2025-12-10 21:40:00,5,2025-12-18,256.3,uptrend,uptrend,uptrend,uptrend,-0.0127118644067797,negative,-0.9973056917369832,negative
26799,KGH,2025-12-11 20:37:00,0,2025-12-12,244.5,uptrend,uptrend,uptrend,uptrend,,neutral,-0.0104951006360352,neutral
26799,KGH,2025-12-11 20:37:00,1,2025-12-15,250.8,uptrend,uptrend,uptrend,uptrend,0.0257668711656442,neutral,-0.0104951006360352,neutral
26799,KGH,2025-12-11 20:37:00,2,2025-12-16,253.7,uptrend,uptrend,uptrend,uptrend,0.0115629984051035,neutral,-0.0104951006360352,neutral
26799,KGH,2025-12-11 20:37:00,3,2025-12-17,259.6,uptrend,uptrend,uptrend,uptrend,0.0232558139534884,neutral,-0.0104951006360352,neutral
26799,KGH,2025-12-11 20:37:00,4,2025-12-18,256.3,uptrend,uptrend,uptrend,uptrend,-0.0127118644067797,neutral,-0.0104951006360352,neutral
26799,KGH,2025-12-11 20:37:00,5,2025-12-19,261.0,uptrend,uptrend,uptrend,uptrend,0.018337885290675,neutral,-0.0104951006360352,neutral
26995,PKN,2025-12-14 15:28:00,0,2025-12-15,94.82,downtrend,downtrend,downtrend,horizontal,,positive,0.1879886984825134,negative
26995,PKN,2025-12-14 15:28:00,1,2025-12-16,91.9,downtrend,downtrend,downtrend,horizontal,-0.0307951908879982,positive,0.1879886984825134,negative
26995,PKN,2025-12-14 15:28:00,2,2025-12-17,92.33,downtrend,downtrend,downtrend,horizontal,0.0046789989118607,positive,0.1879886984825134,negative
26995,PKN,2025-12-14 15:28:00,3,2025-12-18,92.35,downtrend,downtrend,downtrend,horizontal,0.0002166143182062,positive,0.1879886984825134,negative
26995,PKN,2025-12-14 15:28:00,4,2025-12-19,93.16,downtrend,downtrend,downtrend,horizontal,0.0087709799675148,positive,0.1879886984825134,negative
26995,PKN,2025-12-14 15:28:00,5,2025-12-22,94.87,horizontal,downtrend,horizontal,horizontal,0.0183555173894376,positive,0.1879886984825134,negative
26998,KGH,2025-12-14 15:59:00,0,2025-12-15,250.8,uptrend,uptrend,uptrend,uptrend,,neutral,0.0454511046409606,neutral
26998,KGH,2025-12-14 15:59:00,1,2025-12-16,253.7,uptrend,uptrend,uptrend,uptrend,0.0115629984051035,neutral,0.0454511046409606,neutral
26998,KGH,2025-12-14 15:59:00,2,2025-12-17,259.6,uptrend,uptrend,uptrend,uptrend,0.0232558139534884,neutral,0.0454511046409606,neutral
26998,KGH,2025-12-14 15:59:00,3,2025-12-18,256.3,uptrend,uptrend,uptrend,uptrend,-0.0127118644067797,neutral,0.0454511046409606,neutral
26998,KGH,2025-12-14 15:59:00,4,2025-12-19,261.0,uptrend,uptrend,uptrend,uptrend,0.018337885290675,neutral,0.0454511046409606,neutral
26998,KGH,2025-12-14 15:59:00,5,2025-12-22,272.4,uptrend,uptrend,uptrend,uptrend,0.0436781609195402,neutral,0.0454511046409606,neutral
27362,KGH,2025-12-18 10:25:00,0,2025-12-18,256.3,uptrend,uptrend,uptrend,uptrend,,neutral,-0.2069635093212127,positive
27362,KGH,2025-12-18 10:25:00,1,2025-12-19,261.0,uptrend,uptrend,uptrend,uptrend,0.018337885290675,neutral,-0.2069635093212127,positive
27362,KGH,2025-12-18 10:25:00,2,2025-12-22,272.4,uptrend,uptrend,uptrend,uptrend,0.0436781609195402,neutral,-0.2069635093212127,positive
27362,KGH,2025-12-18 10:25:00,3,2025-12-23,273.8,uptrend,uptrend,uptrend,uptrend,0.0051395007342145,neutral,-0.2069635093212127,positive
27362,KGH,2025-12-18 10:25:00,4,2025-12-29,273.1,uptrend,uptrend,uptrend,uptrend,-0.0025566106647186,neutral,-0.2069635093212127,positive
27362,KGH,2025-12-18 10:25:00,5,2025-12-30,280.8,uptrend,uptrend,uptrend,uptrend,0.0281948004393994,neutral,-0.2069635093212127,positive
27392,LPP,2025-12-18 12:48:00,0,2025-12-18,21180.0,uptrend,uptrend,uptrend,uptrend,,neutral,0.0176158854737877,neutral
27392,LPP,2025-12-18 12:48:00,1,2025-12-19,21100.0,uptrend,uptrend,uptrend,uptrend,-0.0037771482530689,neutral,0.0176158854737877,neutral
27392,LPP,2025-12-18 12:48:00,2,2025-12-22,21180.0,uptrend,uptrend,uptrend,uptrend,0.0037914691943128,neutral,0.0176158854737877,neutral
27392,LPP,2025-12-18 12:48:00,3,2025-12-23,20770.0,uptrend,uptrend,uptrend,uptrend,-0.0193578847969783,neutral,0.0176158854737877,neutral
27392,LPP,2025-12-18 12:48:00,4,2025-12-29,20800.0,uptrend,uptrend,uptrend,uptrend,0.0014443909484833,neutral,0.0176158854737877,neutral
27392,LPP,2025-12-18 12:48:00,5,2025-12-30,20810.0,uptrend,uptrend,uptrend,uptrend,0.0004807692307693,neutral,0.0176158854737877,neutral
27439,CDR,2025-12-18 18:32:00,0,2025-12-19,242.0,horizontal,horizontal,horizontal,downtrend,,neutral,0.2328907698392868,neutral
27439,CDR,2025-12-18 18:32:00,1,2025-12-22,245.8,horizontal,horizontal,horizontal,downtrend,0.0157024793388429,neutral,0.2328907698392868,neutral
27439,CDR,2025-12-18 18:32:00,2,2025-12-23,240.1,downtrend,horizontal,horizontal,downtrend,-0.0231895850284784,neutral,0.2328907698392868,neutral
27439,CDR,2025-12-18 18:32:00,3,2025-12-29,241.5,downtrend,horizontal,horizontal,downtrend,0.0058309037900874,neutral,0.2328907698392868,neutral
27439,CDR,2025-12-18 18:32:00,4,2025-12-30,241.0,downtrend,horizontal,horizontal,downtrend,-0.0020703933747412,neutral,0.2328907698392868,neutral
27439,CDR,2025-12-18 18:32:00,5,2026-01-02,241.7,downtrend,horizontal,horizontal,downtrend,0.0029045643153526,neutral,0.2328907698392868,neutral
27524,CDR,2025-12-19 14:57:00,0,2025-12-19,242.0,horizontal,horizontal,horizontal,downtrend,,negative,-0.997120727202855,negative
27524,CDR,2025-12-19 14:57:00,1,2025-12-22,245.8,horizontal,horizontal,horizontal,downtrend,0.0157024793388429,negative,-0.997120727202855,negative
27524,CDR,2025-12-19 14:57:00,2,2025-12-23,240.1,downtrend,horizontal,horizontal,downtrend,-0.0231895850284784,negative,-0.997120727202855,negative
27524,CDR,2025-12-19 14:57:00,3,2025-12-29,241.5,downtrend,horizontal,horizontal,downtrend,0.0058309037900874,negative,-0.997120727202855,negative
27524,CDR,2025-12-19 14:57:00,4,2025-12-30,241.0,downtrend,horizontal,horizontal,downtrend,-0.0020703933747412,negative,-0.997120727202855,negative
27524,CDR,2025-12-19 14:57:00,5,2026-01-02,241.7,downtrend,horizontal,horizontal,downtrend,0.0029045643153526,negative,-0.997120727202855,negative
27525,CDR,2025-12-19 15:11:00,0,2025-12-19,242.0,horizontal,horizontal,horizontal,downtrend,,positive,0.9971551817725413,neutral
27525,CDR,2025-12-19 15:11:00,1,2025-12-22,245.8,horizontal,horizontal,horizontal,downtrend,0.0157024793388429,positive,0.9971551817725413,neutral
27525,CDR,2025-12-19 15:11:00,2,2025-12-23,240.1,downtrend,horizontal,horizontal,downtrend,-0.0231895850284784,positive,0.9971551817725413,neutral
27525,CDR,2025-12-19 15:11:00,3,2025-12-29,241.5,downtrend,horizontal,horizontal,downtrend,0.0058309037900874,positive,0.9971551817725413,neutral
27525,CDR,2025-12-19 15:11:00,4,2025-12-30,241.0,downtrend,horizontal,horizontal,downtrend,-0.0020703933747412,positive,0.9971551817725413,neutral
27525,CDR,2025-12-19 15:11:00,5,2026-01-02,241.7,downtrend,horizontal,horizontal,downtrend,0.0029045643153526,positive,0.9971551817725413,neutral
27561,CDR,2025-12-19 19:24:00,0,2025-12-22,245.8,horizontal,horizontal,horizontal,downtrend,,positive,0.2154458165168762,positive
27561,CDR,2025-12-19 19:24:00,1,2025-12-23,240.1,downtrend,horizontal,horizontal,downtrend,-0.0231895850284784,positive,0.2154458165168762,positive
27561,CDR,2025-12-19 19:24:00,2,2025-12-29,241.5,downtrend,horizontal,horizontal,downtrend,0.0058309037900874,positive,0.2154458165168762,positive
27561,CDR,2025-12-19 19:24:00,3,2025-12-30,241.0,downtrend,horizontal,horizontal,downtrend,-0.0020703933747412,positive,0.2154458165168762,positive
27561,CDR,2025-12-19 19:24:00,4,2026-01-02,241.7,downtrend,horizontal,horizontal,downtrend,0.0029045643153526,positive,0.2154458165168762,positive
27561,CDR,2025-12-19 19:24:00,5,2026-01-05,239.4,downtrend,downtrend,horizontal,horizontal,-0.0095159288374017,positive,0.2154458165168762,positive
27633,KGH,2025-12-22 08:34:00,0,2025-12-22,272.4,uptrend,uptrend,uptrend,uptrend,,neutral,0.0053337640129029,negative
27633,KGH,2025-12-22 08:34:00,1,2025-12-23,273.8,uptrend,uptrend,uptrend,uptrend,0.0051395007342145,neutral,0.0053337640129029,negative
27633,KGH,2025-12-22 08:34:00,2,2025-12-29,273.1,uptrend,uptrend,uptrend,uptrend,-0.0025566106647186,neutral,0.0053337640129029,negative
27633,KGH,2025-12-22 08:34:00,3,2025-12-30,280.8,uptrend,uptrend,uptrend,uptrend,0.0281948004393994,neutral,0.0053337640129029,negative
27633,KGH,2025-12-22 08:34:00,4,2026-01-02,283.5,uptrend,uptrend,uptrend,uptrend,0.0096153846153845,neutral,0.0053337640129029,negative
27633,KGH,2025-12-22 08:34:00,5,2026-01-05,296.5,uptrend,uptrend,uptrend,uptrend,0.0458553791887126,neutral,0.0053337640129029,negative
27726,PKN,2025-12-23 00:39:00,0,2025-12-23,93.89,horizontal,downtrend,horizontal,horizontal,,neutral,0.3347782269120216,neutral
27726,PKN,2025-12-23 00:39:00,1,2025-12-29,95.62,horizontal,horizontal,horizontal,horizontal,0.0184258174459475,neutral,0.3347782269120216,neutral
27726,PKN,2025-12-23 00:39:00,2,2025-12-30,96.11,uptrend,horizontal,horizontal,horizontal,0.0051244509516836,neutral,0.3347782269120216,neutral
27726,PKN,2025-12-23 00:39:00,3,2026-01-02,101.3,uptrend,uptrend,horizontal,uptrend,0.0540006242846737,neutral,0.3347782269120216,neutral
27726,PKN,2025-12-23 00:39:00,4,2026-01-05,99.75,uptrend,uptrend,uptrend,uptrend,-0.0153010858835143,neutral,0.3347782269120216,neutral
27726,PKN,2025-12-23 00:39:00,5,2026-01-07,99.62,uptrend,uptrend,uptrend,uptrend,-0.0013032581453633,neutral,0.3347782269120216,neutral
27834,KGH,2025-12-24 10:02:00,0,2025-12-29,273.1,uptrend,uptrend,uptrend,uptrend,,positive,0.4895520433783531,positive
27834,KGH,2025-12-24 10:02:00,1,2025-12-30,280.8,uptrend,uptrend,uptrend,uptrend,0.0281948004393994,positive,0.4895520433783531,positive
27834,KGH,2025-12-24 10:02:00,2,2026-01-02,283.5,uptrend,uptrend,uptrend,uptrend,0.0096153846153845,positive,0.4895520433783531,positive
27834,KGH,2025-12-24 10:02:00,3,2026-01-05,296.5,uptrend,uptrend,uptrend,uptrend,0.0458553791887126,positive,0.4895520433783531,positive
27834,KGH,2025-12-24 10:02:00,4,2026-01-07,294.4,uptrend,uptrend,uptrend,uptrend,-0.0070826306913996,positive,0.4895520433783531,positive
27834,KGH,2025-12-24 10:02:00,5,2026-01-08,280.3,uptrend,uptrend,uptrend,uptrend,-0.0478940217391303,positive,0.4895520433783531,positive
27938,CDR,2025-12-28 16:20:00,0,2025-12-29,241.5,downtrend,horizontal,horizontal,downtrend,,positive,0.2017483413219452,neutral
27938,CDR,2025-12-28 16:20:00,1,2025-12-30,241.0,downtrend,horizontal,horizontal,downtrend,-0.0020703933747412,positive,0.2017483413219452,neutral
27938,CDR,2025-12-28 16:20:00,2,2026-01-02,241.7,downtrend,horizontal,horizontal,downtrend,0.0029045643153526,positive,0.2017483413219452,neutral
27938,CDR,2025-12-28 16:20:00,3,2026-01-05,239.4,downtrend,downtrend,horizontal,horizontal,-0.0095159288374017,positive,0.2017483413219452,neutral
27938,CDR,2025-12-28 16:20:00,4,2026-01-07,246.1,downtrend,horizontal,horizontal,horizontal,0.0279866332497911,positive,0.2017483413219452,neutral
27938,CDR,2025-12-28 16:20:00,5,2026-01-08,235.0,downtrend,downtrend,horizontal,downtrend,-0.0451036164160909,positive,0.2017483413219452,neutral
28118,CDR,2025-12-30 10:44:00,0,2025-12-30,241.0,downtrend,horizontal,horizontal,downtrend,,positive,0.1083534955978393,positive
28118,CDR,2025-12-30 10:44:00,1,2026-01-02,241.7,downtrend,horizontal,horizontal,downtrend,0.0029045643153526,positive,0.1083534955978393,positive
28118,CDR,2025-12-30 10:44:00,2,2026-01-05,239.4,downtrend,downtrend,horizontal,horizontal,-0.0095159288374017,positive,0.1083534955978393,positive
28118,CDR,2025-12-30 10:44:00,3,2026-01-07,246.1,downtrend,horizontal,horizontal,horizontal,0.0279866332497911,positive,0.1083534955978393,positive
28118,CDR,2025-12-30 10:44:00,4,2026-01-08,235.0,downtrend,downtrend,horizontal,downtrend,-0.0451036164160909,positive,0.1083534955978393,positive
28118,CDR,2025-12-30 10:44:00,5,2026-01-09,240.6,downtrend,downtrend,horizontal,horizontal,0.0238297872340425,positive,0.1083534955978393,positive
