news_id,ticker,sentiment,min_change,time_window,date_0,date_T,close_0,close_T,trend_before_sma,trend_after_sma,relevance_sma,trend_before_ema,trend_after_ema,relevance_ema,trend_before_adx,trend_after_adx,relevance_adx,trend_before_ichimoku,trend_after_ichimoku,relevance_ichimoku
1,LPP,positive,1,4,2025-12-05,2025-12-11,17040.0,17450.0,uptrend,uptrend,irrelevant,horizontal,horizontal,irrelevant,downtrend,downtrend,irrelevant,downtrend,uptrend,relevant
1,LPP,positive,2,4,2025-12-05,2025-12-11,17040.0,17450.0,uptrend,uptrend,irrelevant,horizontal,horizontal,irrelevant,downtrend,downtrend,irrelevant,downtrend,uptrend,relevant
1,LPP,positive,1,5,2025-12-05,2025-12-12,17040.0,20120.0,uptrend,uptrend,irrelevant,horizontal,uptrend,relevant,downtrend,uptrend,relevant,downtrend,uptrend,relevant
1,LPP,positive,2,5,2025-12-05,2025-12-12,17040.0,20120.0,uptrend,uptrend,irrelevant,horizontal,uptrend,relevant,downtrend,uptrend,relevant,downtrend,uptrend,relevant
1,LPP,positive,3,5,2025-12-05,2025-12-12,17040.0,20120.0,uptrend,uptrend,irrelevant,horizontal,uptrend,relevant,downtrend,uptrend,relevant,downtrend,uptrend,relevant
1,LPP,positive,4,5,2025-12-05,2025-12-12,17040.0,20120.0,uptrend,uptrend,irrelevant,horizontal,uptrend,relevant,downtrend,uptrend,relevant,downtrend,uptrend,relevant
1,LPP,positive,5,5,2025-12-05,2025-12-12,17040.0,20120.0,uptrend,uptrend,irrelevant,horizontal,uptrend,relevant,downtrend,uptrend,relevant,downtrend,uptrend,relevant
1,LPP,positive,6,5,2025-12-05,2025-12-12,17040.0,20120.0,uptrend,uptrend,irrelevant,horizontal,uptrend,relevant,downtrend,uptrend,relevant,downtrend,uptrend,relevant
1,LPP,positive,7,5,2025-12-05,2025-12-12,17040.0,20120.0,uptrend,uptrend,irrelevant,horizontal,uptrend,relevant,downtrend,uptrend,relevant,downtrend,uptrend,relevant
1,LPP,positive,8,5,2025-12-05,2025-12-12,17040.0,20120.0,uptrend,uptrend,irrelevant,horizontal,uptrend,relevant,downtrend,uptrend,relevant,downtrend,uptrend,relevant
1,LPP,positive,9,5,2025-12-05,2025-12-12,17040.0,20120.0,uptrend,uptrend,irrelevant,horizontal,uptrend,relevant,downtrend,uptrend,relevant,downtrend,uptrend,relevant
1,LPP,positive,10,5,2025-12-05,2025-12-12,17040.0,20120.0,uptrend,uptrend,irrelevant,horizontal,uptrend,relevant,downtrend,uptrend,relevant,downtrend,uptrend,relevant
2,LPP,positive,1,1,2025-12-03,2025-12-04,16760.0,16945.0,downtrend,horizontal,irrelevant,horizontal,horizontal,irrelevant,downtrend,downtrend,irrelevant,downtrend,downtrend,irrelevant
2,LPP,positive,1,2,2025-12-03,2025-12-05,16760.0,17040.0,downtrend,uptrend,relevant,horizontal,horizontal,irrelevant,downtrend,downtrend,irrelevant,downtrend,downtrend,irrelevant
2,LPP,positive,1,4,2025-12-03,2025-12-09,16760.0,17065.0,downtrend,uptrend,relevant,horizontal,horizontal,irrelevant,downtrend,downtrend,irrelevant,downtrend,downtrend,irrelevant
3,LPP,neutral,2,1,2025-11-28,2025-12-01,17010.0,16800.0,downtrend,downtrend,irrelevant,downtrend,horizontal,relevant,downtrend,downtrend,irrelevant,downtrend,downtrend,irrelevant
3,LPP,neutral,3,1,2025-11-28,2025-12-01,17010.0,16800.0,downtrend,downtrend,irrelevant,downtrend,horizontal,relevant,downtrend,downtrend,irrelevant,downtrend,downtrend,irrelevant
3,LPP,neutral,4,1,2025-11-28,2025-12-01,17010.0,16800.0,downtrend,downtrend,irrelevant,downtrend,horizontal,relevant,downtrend,downtrend,irrelevant,downtrend,downtrend,irrelevant
3,LPP,neutral,5,1,2025-11-28,2025-12-01,17010.0,16800.0,downtrend,downtrend,irrelevant,downtrend,horizontal,relevant,downtrend,downtrend,irrelevant,downtrend,downtrend,irrelevant
3,LPP,neutral,6,1,2025-11-28,2025-12-01,17010.0,16800.0,downtrend,downtrend,irrelevant,downtrend,horizontal,relevant,downtrend,downtrend,irrelevant,downtrend,downtrend,irrelevant
3,LPP,neutral,7,1,2025-11-28,2025-12-01,17010.0,16800.0,downtrend,downtrend,irrelevant,downtrend,horizontal,relevant,downtrend,downtrend,irrelevant,downtrend,downtrend,irrelevant
3,LPP,neutral,8,1,2025-11-28,2025-12-01,17010.0,16800.0,downtrend,downtrend,irrelevant,downtrend,horizontal,relevant,downtrend,downtrend,irrelevant,downtrend,downtrend,irrelevant
3,LPP,neutral,9,1,2025-11-28,2025-12-01,17010.0,16800.0,downtrend,downtrend,irrelevant,downtrend,horizontal,relevant,downtrend,downtrend,irrelevant,downtrend,downtrend,irrelevant
3,LPP,neutral,10,1,2025-11-28,2025-12-01,17010.0,16800.0,downtrend,downtrend,irrelevant,downtrend,horizontal,relevant,downtrend,downtrend,irrelevant,downtrend,downtrend,irrelevant
3,LPP,neutral,3,2,2025-11-28,2025-12-02,17010.0,16600.0,downtrend,downtrend,irrelevant,downtrend,downtrend,irrelevant,downtrend,downtrend,irrelevant,downtrend,downtrend,irrelevant
3,LPP,neutral,4,2,2025-11-28,2025-12-02,17010.0,16600.0,downtrend,downtrend,irrelevant,downtrend,downtrend,irrelevant,downtrend,downtrend,irrelevant,downtrend,downtrend,irrelevant
3,LPP,neutral,5,2,2025-11-28,2025-12-02,17010.0,16600.0,downtrend,downtrend,irrelevant,downtrend,downtrend,irrelevant,downtrend,downtrend,irrelevant,downtrend,downtrend,irrelevant
3,LPP,neutral,6,2,2025-11-28,2025-12-02,17010.0,16600.0,downtrend,downtrend,irrelevant,downtrend,downtrend,irrelevant,downtrend,downtrend,irrelevant,downtrend,downtrend,irrelevant
3,LPP,neutral,7,2,2025-11-28,2025-12-02,17010.0,16600.0,downtrend,downtrend,irrelevant,downtrend,downtrend,irrelevant,downtrend,downtrend,irrelevant,downtrend,downtrend,irrelevant
3,LPP,neutral,8,2,2025-11-28,2025-12-02,17010.0,16600.0,downtrend,downtrend,irrelevant,downtrend,downtrend,irrelevant,downtrend,downtrend,irrelevant,downtrend,downtrend,irrelevant
3,LPP,neutral,9,2,2025-11-28,2025-12-02,17010.0,16600.0,downtrend,downtrend,irrelevant,downtrend,downtrend,irrelevant,downtrend,downtrend,irrelevant,downtrend,downtrend,irrelevant
3,LPP,neutral,10,2,2025-11-28,2025-12-02,17010.0,16600.0,downtrend,downtrend,irrelevant,downtrend,downtrend,irrelevant,downtrend,downtrend,irrelevant,downtrend,downtrend,irrelevant
3,LPP,neutral,2,3,2025-11-28,2025-12-03,17010.0,16760.0,downtrend,downtrend,irrelevant,downtrend,horizontal,relevant,downtrend,downtrend,irrelevant,downtrend,downtrend,irrelevant
3,LPP,neutral,3,3,2025-11-28,2025-12-03,17010.0,16760.0,downtrend,downtrend,irrelevant,downtrend,horizontal,relevant,downtrend,downtrend,irrelevant,downtrend,downtrend,irrelevant
3,LPP,neutral,4,3,2025-11-28,2025-12-03,17010.0,16760.0,downtrend,downtrend,irrelevant,downtrend,horizontal,relevant,downtrend,downtrend,irrelevant,downtrend,downtrend,irrelevant
3,LPP,neutral,5,3,2025-11-28,2025-12-03,17010.0,16760.0,downtrend,downtrend,irrelevant,downtrend,horizontal,relevant,downtrend,downtrend,irrelevant,downtrend,downtrend,irrelevant
3,LPP,neutral,6,3,2025-11-28,2025-12-03,17010.0,16760.0,downtrend,downtrend,irrelevant,downtrend,horizontal,relevant,downtrend,downtrend,irrelevant,downtrend,downtrend,irrelevant
3,LPP,neutral,7,3,2025-11-28,2025-12-03,17010.0,16760.0,downtrend,downtrend,irrelevant,downtrend,horizontal,relevant,downtrend,downtrend,irrelevant,downtrend,downtrend,irrelevant
3,LPP,neutral,8,3,2025-11-28,2025-12-03,17010.0,16760.0,downtrend,downtrend,irrelevant,downtrend,horizontal,relevant,downtrend,downtrend,irrelevant,downtrend,downtrend,irrelevant
3,LPP,neutral,9,3,2025-11-28,2025-12-03,17010.0,16760.0,downtrend,downtrend,irrelevant,downtrend,horizontal,relevant,downtrend,downtrend,irrelevant,downtrend,downtrend,irrelevant
3,LPP,neutral,10,3,2025-11-28,2025-12-03,17010.0,16760.0,downtrend,downtrend,irrelevant,downtrend,horizontal,relevant,downtrend,downtrend,irrelevant,downtrend,downtrend,irrelevant
3,LPP,neutral,1,4,2025-11-28,2025-12-04,17010.0,16945.0,downtrend,horizontal,relevant,downtrend,horizontal,relevant,downtrend,downtrend,irrelevant,downtrend,downtrend,irrelevant
3,LPP,neutral,2,4,2025-11-28,2025-12-04,17010.0,16945.0,downtrend,horizontal,relevant,downtrend,horizontal,relevant,downtrend,downtrend,irrelevant,downtrend,downtrend,irrelevant
3,LPP,neutral,3,4,2025-11-28,2025-12-04,17010.0,16945.0,downtrend,horizontal,relevant,downtrend,horizontal,relevant,downtrend,downtrend,irrelevant,downtrend,downtrend,irrelevant
3,LPP,neutral,4,4,2025-11-28,2025-12-04,17010.0,16945.0,downtrend,horizontal,relevant,downtrend,horizontal,relevant,downtrend,downtrend,irrelevant,downtrend,downtrend,irrelevant
3,LPP,neutral,5,4,2025-11-28,2025-12-04,17010.0,16945.0,downtrend,horizontal,relevant,downtrend,horizontal,relevant,downtrend,downtrend,irrelevant,downtrend,downtrend,irrelevant
3,LPP,neutral,6,4,2025-11-28,2025-12-04,17010.0,16945.0,downtrend,horizontal,relevant,downtrend,horizontal,relevant,downtrend,downtrend,irrelevant,downtrend,downtrend,irrelevant
3,LPP,neutral,7,4,2025-11-28,2025-12-04,17010.0,16945.0,downtrend,horizontal,relevant,downtrend,horizontal,relevant,downtrend,downtrend,irrelevant,downtrend,downtrend,irrelevant
3,LPP,neutral,8,4,2025-11-28,2025-12-04,17010.0,16945.0,downtrend,horizontal,relevant,downtrend,horizontal,relevant,downtrend,downtrend,irrelevant,downtrend,downtrend,irrelevant
3,LPP,neutral,9,4,2025-11-28,2025-12-04,17010.0,16945.0,downtrend,horizontal,relevant,downtrend,horizontal,relevant,downtrend,downtrend,irrelevant,downtrend,downtrend,irrelevant
3,LPP,neutral,10,4,2025-11-28,2025-12-04,17010.0,16945.0,downtrend,horizontal,relevant,downtrend,horizontal,relevant,downtrend,downtrend,irrelevant,downtrend,downtrend,irrelevant
3,LPP,neutral,1,5,2025-11-28,2025-12-05,17010.0,17040.0,downtrend,uptrend,irrelevant,downtrend,horizontal,relevant,downtrend,downtrend,irrelevant,downtrend,downtrend,irrelevant
3,LPP,neutral,2,5,2025-11-28,2025-12-05,17010.0,17040.0,downtrend,uptrend,irrelevant,downtrend,horizontal,relevant,downtrend,downtrend,irrelevant,downtrend,downtrend,irrelevant
3,LPP,neutral,3,5,2025-11-28,2025-12-05,17010.0,17040.0,downtrend,uptrend,irrelevant,downtrend,horizontal,relevant,downtrend,downtrend,irrelevant,downtrend,downtrend,irrelevant
3,LPP,neutral,4,5,2025-11-28,2025-12-05,17010.0,17040.0,downtrend,uptrend,irrelevant,downtrend,horizontal,relevant,downtrend,downtrend,irrelevant,downtrend,downtrend,irrelevant
3,LPP,neutral,5,5,2025-11-28,2025-12-05,17010.0,17040.0,downtrend,uptrend,irrelevant,downtrend,horizontal,relevant,downtrend,downtrend,irrelevant,downtrend,downtrend,irrelevant
3,LPP,neutral,6,5,2025-11-28,2025-12-05,17010.0,17040.0,downtrend,uptrend,irrelevant,downtrend,horizontal,relevant,downtrend,downtrend,irrelevant,downtrend,downtrend,irrelevant
3,LPP,neutral,7,5,2025-11-28,2025-12-05,17010.0,17040.0,downtrend,uptrend,irrelevant,downtrend,horizontal,relevant,downtrend,downtrend,irrelevant,downtrend,downtrend,irrelevant
3,LPP,neutral,8,5,2025-11-28,2025-12-05,17010.0,17040.0,downtrend,uptrend,irrelevant,downtrend,horizontal,relevant,downtrend,downtrend,irrelevant,downtrend,downtrend,irrelevant
3,LPP,neutral,9,5,2025-11-28,2025-12-05,17010.0,17040.0,downtrend,uptrend,irrelevant,downtrend,horizontal,relevant,downtrend,downtrend,irrelevant,downtrend,downtrend,irrelevant
3,LPP,neutral,10,5,2025-11-28,2025-12-05,17010.0,17040.0,downtrend,uptrend,irrelevant,downtrend,horizontal,relevant,downtrend,downtrend,irrelevant,downtrend,downtrend,irrelevant
4,LPP,neutral,2,1,2025-11-28,2025-12-01,17010.0,16800.0,downtrend,downtrend,irrelevant,downtrend,horizontal,relevant,downtrend,downtrend,irrelevant,downtrend,downtrend,irrelevant
4,LPP,neutral,3,1,2025-11-28,2025-12-01,17010.0,16800.0,downtrend,downtrend,irrelevant,downtrend,horizontal,relevant,downtrend,downtrend,irrelevant,downtrend,downtrend,irrelevant
4,LPP,neutral,4,1,2025-11-28,2025-12-01,17010.0,16800.0,downtrend,downtrend,irrelevant,downtrend,horizontal,relevant,downtrend,downtrend,irrelevant,downtrend,downtrend,irrelevant
4,LPP,neutral,5,1,2025-11-28,2025-12-01,17010.0,16800.0,downtrend,downtrend,irrelevant,downtrend,horizontal,relevant,downtrend,downtrend,irrelevant,downtrend,downtrend,irrelevant
4,LPP,neutral,6,1,2025-11-28,2025-12-01,17010.0,16800.0,downtrend,downtrend,irrelevant,downtrend,horizontal,relevant,downtrend,downtrend,irrelevant,downtrend,downtrend,irrelevant
4,LPP,neutral,7,1,2025-11-28,2025-12-01,17010.0,16800.0,downtrend,downtrend,irrelevant,downtrend,horizontal,relevant,downtrend,downtrend,irrelevant,downtrend,downtrend,irrelevant
4,LPP,neutral,8,1,2025-11-28,2025-12-01,17010.0,16800.0,downtrend,downtrend,irrelevant,downtrend,horizontal,relevant,downtrend,downtrend,irrelevant,downtrend,downtrend,irrelevant
4,LPP,neutral,9,1,2025-11-28,2025-12-01,17010.0,16800.0,downtrend,downtrend,irrelevant,downtrend,horizontal,relevant,downtrend,downtrend,irrelevant,downtrend,downtrend,irrelevant
4,LPP,neutral,10,1,2025-11-28,2025-12-01,17010.0,16800.0,downtrend,downtrend,irrelevant,downtrend,horizontal,relevant,downtrend,downtrend,irrelevant,downtrend,downtrend,irrelevant
4,LPP,neutral,3,2,2025-11-28,2025-12-02,17010.0,16600.0,downtrend,downtrend,irrelevant,downtrend,downtrend,irrelevant,downtrend,downtrend,irrelevant,downtrend,downtrend,irrelevant
4,LPP,neutral,4,2,2025-11-28,2025-12-02,17010.0,16600.0,downtrend,downtrend,irrelevant,downtrend,downtrend,irrelevant,downtrend,downtrend,irrelevant,downtrend,downtrend,irrelevant
4,LPP,neutral,5,2,2025-11-28,2025-12-02,17010.0,16600.0,downtrend,downtrend,irrelevant,downtrend,downtrend,irrelevant,downtrend,downtrend,irrelevant,downtrend,downtrend,irrelevant
4,LPP,neutral,6,2,2025-11-28,2025-12-02,17010.0,16600.0,downtrend,downtrend,irrelevant,downtrend,downtrend,irrelevant,downtrend,downtrend,irrelevant,downtrend,downtrend,irrelevant
4,LPP,neutral,7,2,2025-11-28,2025-12-02,17010.0,16600.0,downtrend,downtrend,irrelevant,downtrend,downtrend,irrelevant,downtrend,downtrend,irrelevant,downtrend,downtrend,irrelevant
4,LPP,neutral,8,2,2025-11-28,2025-12-02,17010.0,16600.0,downtrend,downtrend,irrelevant,downtrend,downtrend,irrelevant,downtrend,downtrend,irrelevant,downtrend,downtrend,irrelevant
4,LPP,neutral,9,2,2025-11-28,2025-12-02,17010.0,16600.0,downtrend,downtrend,irrelevant,downtrend,downtrend,irrelevant,downtrend,downtrend,irrelevant,downtrend,downtrend,irrelevant
4,LPP,neutral,10,2,2025-11-28,2025-12-02,17010.0,16600.0,downtrend,downtrend,irrelevant,downtrend,downtrend,irrelevant,downtrend,downtrend,irrelevant,downtrend,downtrend,irrelevant
4,LPP,neutral,2,3,2025-11-28,2025-12-03,17010.0,16760.0,downtrend,downtrend,irrelevant,downtrend,horizontal,relevant,downtrend,downtrend,irrelevant,downtrend,downtrend,irrelevant
4,LPP,neutral,3,3,2025-11-28,2025-12-03,17010.0,16760.0,downtrend,downtrend,irrelevant,downtrend,horizontal,relevant,downtrend,downtrend,irrelevant,downtrend,downtrend,irrelevant
4,LPP,neutral,4,3,2025-11-28,2025-12-03,17010.0,16760.0,downtrend,downtrend,irrelevant,downtrend,horizontal,relevant,downtrend,downtrend,irrelevant,downtrend,downtrend,irrelevant
4,LPP,neutral,5,3,2025-11-28,2025-12-03,17010.0,16760.0,downtrend,downtrend,irrelevant,downtrend,horizontal,relevant,downtrend,downtrend,irrelevant,downtrend,downtrend,irrelevant
4,LPP,neutral,6,3,2025-11-28,2025-12-03,17010.0,16760.0,downtrend,downtrend,irrelevant,downtrend,horizontal,relevant,downtrend,downtrend,irrelevant,downtrend,downtrend,irrelevant
4,LPP,neutral,7,3,2025-11-28,2025-12-03,17010.0,16760.0,downtrend,downtrend,irrelevant,downtrend,horizontal,relevant,downtrend,downtrend,irrelevant,downtrend,downtrend,irrelevant
4,LPP,neutral,8,3,2025-11-28,2025-12-03,17010.0,16760.0,downtrend,downtrend,irrelevant,downtrend,horizontal,relevant,downtrend,downtrend,irrelevant,downtrend,downtrend,irrelevant
4,LPP,neutral,9,3,2025-11-28,2025-12-03,17010.0,16760.0,downtrend,downtrend,irrelevant,downtrend,horizontal,relevant,downtrend,downtrend,irrelevant,downtrend,downtrend,irrelevant
4,LPP,neutral,10,3,2025-11-28,2025-12-03,17010.0,16760.0,downtrend,downtrend,irrelevant,downtrend,horizontal,relevant,downtrend,downtrend,irrelevant,downtrend,downtrend,irrelevant
4,LPP,neutral,1,4,2025-11-28,2025-12-04,17010.0,16945.0,downtrend,horizontal,relevant,downtrend,horizontal,relevant,downtrend,downtrend,irrelevant,downtrend,downtrend,irrelevant
4,LPP,neutral,2,4,2025-11-28,2025-12-04,17010.0,16945.0,downtrend,horizontal,relevant,downtrend,horizontal,relevant,downtrend,downtrend,irrelevant,downtrend,downtrend,irrelevant
4,LPP,neutral,3,4,2025-11-28,2025-12-04,17010.0,16945.0,downtrend,horizontal,relevant,downtrend,horizontal,relevant,downtrend,downtrend,irrelevant,downtrend,downtrend,irrelevant
4,LPP,neutral,4,4,2025-11-28,2025-12-04,17010.0,16945.0,downtrend,horizontal,relevant,downtrend,horizontal,relevant,downtrend,downtrend,irrelevant,downtrend,downtrend,irrelevant
4,LPP,neutral,5,4,2025-11-28,2025-12-04,17010.0,16945.0,downtrend,horizontal,relevant,downtrend,horizontal,relevant,downtrend,downtrend,irrelevant,downtrend,downtrend,irrelevant
4,LPP,neutral,6,4,2025-11-28,2025-12-04,17010.0,16945.0,downtrend,horizontal,relevant,downtrend,horizontal,relevant,downtrend,downtrend,irrelevant,downtrend,downtrend,irrelevant
4,LPP,neutral,7,4,2025-11-28,2025-12-04,17010.0,16945.0,downtrend,horizontal,relevant,downtrend,horizontal,relevant,downtrend,downtrend,irrelevant,downtrend,downtrend,irrelevant
4,LPP,neutral,8,4,2025-11-28,2025-12-04,17010.0,16945.0,downtrend,horizontal,relevant,downtrend,horizontal,relevant,downtrend,downtrend,irrelevant,downtrend,downtrend,irrelevant
4,LPP,neutral,9,4,2025-11-28,2025-12-04,17010.0,16945.0,downtrend,horizontal,relevant,downtrend,horizontal,relevant,downtrend,downtrend,irrelevant,downtrend,downtrend,irrelevant
4,LPP,neutral,10,4,2025-11-28,2025-12-04,17010.0,16945.0,downtrend,horizontal,relevant,downtrend,horizontal,relevant,downtrend,downtrend,irrelevant,downtrend,downtrend,irrelevant
4,LPP,neutral,1,5,2025-11-28,2025-12-05,17010.0,17040.0,downtrend,uptrend,irrelevant,downtrend,horizontal,relevant,downtrend,downtrend,irrelevant,downtrend,downtrend,irrelevant
4,LPP,neutral,2,5,2025-11-28,2025-12-05,17010.0,17040.0,downtrend,uptrend,irrelevant,downtrend,horizontal,relevant,downtrend,downtrend,irrelevant,downtrend,downtrend,irrelevant
4,LPP,neutral,3,5,2025-11-28,2025-12-05,17010.0,17040.0,downtrend,uptrend,irrelevant,downtrend,horizontal,relevant,downtrend,downtrend,irrelevant,downtrend,downtrend,irrelevant
4,LPP,neutral,4,5,2025-11-28,2025-12-05,17010.0,17040.0,downtrend,uptrend,irrelevant,downtrend,horizontal,relevant,downtrend,downtrend,irrelevant,downtrend,downtrend,irrelevant
4,LPP,neutral,5,5,2025-11-28,2025-12-05,17010.0,17040.0,downtrend,uptrend,irrelevant,downtrend,horizontal,relevant,downtrend,downtrend,irrelevant,downtrend,downtrend,irrelevant
4,LPP,neutral,6,5,2025-11-28,2025-12-05,17010.0,17040.0,downtrend,uptrend,irrelevant,downtrend,horizontal,relevant,downtrend,downtrend,irrelevant,downtrend,downtrend,irrelevant
4,LPP,neutral,7,5,2025-11-28,2025-12-05,17010.0,17040.0,downtrend,uptrend,irrelevant,downtrend,horizontal,relevant,downtrend,downtrend,irrelevant,downtrend,downtrend,irrelevant
4,LPP,neutral,8,5,2025-11-28,2025-12-05,17010.0,17040.0,downtrend,uptrend,irrelevant,downtrend,horizontal,relevant,downtrend,downtrend,irrelevant,downtrend,downtrend,irrelevant
4,LPP,neutral,9,5,2025-11-28,2025-12-05,17010.0,17040.0,downtrend,uptrend,irrelevant,downtrend,horizontal,relevant,downtrend,downtrend,irrelevant,downtrend,downtrend,irrelevant
4,LPP,neutral,10,5,2025-11-28,2025-12-05,17010.0,17040.0,downtrend,uptrend,irrelevant,downtrend,horizontal,relevant,downtrend,downtrend,irrelevant,downtrend,downtrend,irrelevant
6,LPP,positive,1,3,2025-11-20,2025-11-25,16145.0,16830.0,downtrend,downtrend,irrelevant,downtrend,downtrend,irrelevant,downtrend,downtrend,irrelevant,downtrend,downtrend,irrelevant
6,LPP,positive,2,3,2025-11-20,2025-11-25,16145.0,16830.0,downtrend,downtrend,irrelevant,downtrend,downtrend,irrelevant,downtrend,downtrend,irrelevant,downtrend,downtrend,irrelevant
6,LPP,positive,3,3,2025-11-20,2025-11-25,16145.0,16830.0,downtrend,downtrend,irrelevant,downtrend,downtrend,irrelevant,downtrend,downtrend,irrelevant,downtrend,downtrend,irrelevant
6,LPP,positive,4,3,2025-11-20,2025-11-25,16145.0,16830.0,downtrend,downtrend,irrelevant,downtrend,downtrend,irrelevant,downtrend,downtrend,irrelevant,downtrend,downtrend,irrelevant
6,LPP,positive,1,4,2025-11-20,2025-11-26,16145.0,17305.0,downtrend,downtrend,irrelevant,downtrend,downtrend,irrelevant,downtrend,downtrend,irrelevant,downtrend,horizontal,irrelevant
6,LPP,positive,2,4,2025-11-20,2025-11-26,16145.0,17305.0,downtrend,downtrend,irrelevant,downtrend,downtrend,irrelevant,downtrend,downtrend,irrelevant,downtrend,horizontal,irrelevant
6,LPP,positive,3,4,2025-11-20,2025-11-26,16145.0,17305.0,downtrend,downtrend,irrelevant,downtrend,downtrend,irrelevant,downtrend,downtrend,irrelevant,downtrend,horizontal,irrelevant
6,LPP,positive,4,4,2025-11-20,2025-11-26,16145.0,17305.0,downtrend,downtrend,irrelevant,downtrend,downtrend,irrelevant,downtrend,downtrend,irrelevant,downtrend,horizontal,irrelevant
6,LPP,positive,5,4,2025-11-20,2025-11-26,16145.0,17305.0,downtrend,downtrend,irrelevant,downtrend,downtrend,irrelevant,downtrend,downtrend,irrelevant,downtrend,horizontal,irrelevant
6,LPP,positive,6,4,2025-11-20,2025-11-26,16145.0,17305.0,downtrend,downtrend,irrelevant,downtrend,downtrend,irrelevant,downtrend,downtrend,irrelevant,downtrend,horizontal,irrelevant
6,LPP,positive,7,4,2025-11-20,2025-11-26,16145.0,17305.0,downtrend,downtrend,irrelevant,downtrend,downtrend,irrelevant,downtrend,downtrend,irrelevant,downtrend,horizontal,irrelevant
6,LPP,positive,1,5,2025-11-20,2025-11-27,16145.0,17205.0,downtrend,downtrend,irrelevant,downtrend,downtrend,irrelevant,downtrend,uptrend,relevant,downtrend,downtrend,irrelevant
6,LPP,positive,2,5,2025-11-20,2025-11-27,16145.0,17205.0,downtrend,downtrend,irrelevant,downtrend,downtrend,irrelevant,downtrend,uptrend,relevant,downtrend,downtrend,irrelevant
6,LPP,positive,3,5,2025-11-20,2025-11-27,16145.0,17205.0,downtrend,downtrend,irrelevant,downtrend,downtrend,irrelevant,downtrend,uptrend,relevant,downtrend,downtrend,irrelevant
6,LPP,positive,4,5,2025-11-20,2025-11-27,16145.0,17205.0,downtrend,downtrend,irrelevant,downtrend,downtrend,irrelevant,downtrend,uptrend,relevant,downtrend,downtrend,irrelevant
6,LPP,positive,5,5,2025-11-20,2025-11-27,16145.0,17205.0,downtrend,downtrend,irrelevant,downtrend,downtrend,irrelevant,downtrend,uptrend,relevant,downtrend,downtrend,irrelevant
6,LPP,positive,6,5,2025-11-20,2025-11-27,16145.0,17205.0,downtrend,downtrend,irrelevant,downtrend,downtrend,irrelevant,downtrend,uptrend,relevant,downtrend,downtrend,irrelevant
7,LPP,positive,1,1,2025-11-18,2025-11-19,15900.0,16115.0,downtrend,downtrend,irrelevant,downtrend,downtrend,irrelevant,downtrend,downtrend,irrelevant,downtrend,downtrend,irrelevant
7,LPP,positive,1,2,2025-11-18,2025-11-20,15900.0,16145.0,downtrend,downtrend,irrelevant,downtrend,downtrend,irrelevant,downtrend,downtrend,irrelevant,downtrend,downtrend,irrelevant
7,LPP,positive,1,4,2025-11-18,2025-11-24,15900.0,16140.0,downtrend,downtrend,irrelevant,downtrend,downtrend,irrelevant,downtrend,downtrend,irrelevant,downtrend,downtrend,irrelevant
7,LPP,positive,1,5,2025-11-18,2025-11-25,15900.0,16830.0,downtrend,downtrend,irrelevant,downtrend,downtrend,irrelevant,downtrend,downtrend,irrelevant,downtrend,downtrend,irrelevant
7,LPP,positive,2,5,2025-11-18,2025-11-25,15900.0,16830.0,downtrend,downtrend,irrelevant,downtrend,downtrend,irrelevant,downtrend,downtrend,irrelevant,downtrend,downtrend,irrelevant
7,LPP,positive,3,5,2025-11-18,2025-11-25,15900.0,16830.0,downtrend,downtrend,irrelevant,downtrend,downtrend,irrelevant,downtrend,downtrend,irrelevant,downtrend,downtrend,irrelevant
7,LPP,positive,4,5,2025-11-18,2025-11-25,15900.0,16830.0,downtrend,downtrend,irrelevant,downtrend,downtrend,irrelevant,downtrend,downtrend,irrelevant,downtrend,downtrend,irrelevant
7,LPP,positive,5,5,2025-11-18,2025-11-25,15900.0,16830.0,downtrend,downtrend,irrelevant,downtrend,downtrend,irrelevant,downtrend,downtrend,irrelevant,downtrend,downtrend,irrelevant
11,LPP,positive,1,2,2025-10-03,2025-10-07,17400.0,17830.0,downtrend,downtrend,irrelevant,horizontal,horizontal,irrelevant,horizontal,horizontal,irrelevant,uptrend,uptrend,irrelevant
11,LPP,positive,2,2,2025-10-03,2025-10-07,17400.0,17830.0,downtrend,downtrend,irrelevant,horizontal,horizontal,irrelevant,horizontal,horizontal,irrelevant,uptrend,uptrend,irrelevant
11,LPP,positive,1,3,2025-10-03,2025-10-08,17400.0,17690.0,downtrend,downtrend,irrelevant,horizontal,horizontal,irrelevant,horizontal,horizontal,irrelevant,uptrend,uptrend,irrelevant
16,LPP,neutral,2,1,2025-08-12,2025-08-13,16260.0,16505.0,uptrend,uptrend,irrelevant,uptrend,uptrend,irrelevant,uptrend,uptrend,irrelevant,uptrend,uptrend,irrelevant
16,LPP,neutral,3,1,2025-08-12,2025-08-13,16260.0,16505.0,uptrend,uptrend,irrelevant,uptrend,uptrend,irrelevant,uptrend,uptrend,irrelevant,uptrend,uptrend,irrelevant
16,LPP,neutral,4,1,2025-08-12,2025-08-13,16260.0,16505.0,uptrend,uptrend,irrelevant,uptrend,uptrend,irrelevant,uptrend,uptrend,irrelevant,uptrend,uptrend,irrelevant
16,LPP,neutral,5,1,2025-08-12,2025-08-13,16260.0,16505.0,uptrend,uptrend,irrelevant,uptrend,uptrend,irrelevant,uptrend,uptrend,irrelevant,uptrend,uptrend,irrelevant
16,LPP,neutral,6,1,2025-08-12,2025-08-13,16260.0,16505.0,uptrend,uptrend,irrelevant,uptrend,uptrend,irrelevant,uptrend,uptrend,irrelevant,uptrend,uptrend,irrelevant
16,LPP,neutral,7,1,2025-08-12,2025-08-13,16260.0,16505.0,uptrend,uptrend,irrelevant,uptrend,uptrend,irrelevant,uptrend,uptrend,irrelevant,uptrend,uptrend,irrelevant
16,LPP,neutral,8,1,2025-08-12,2025-08-13,16260.0,16505.0,uptrend,uptrend,irrelevant,uptrend,uptrend,irrelevant,uptrend,uptrend,irrelevant,uptrend,uptrend,irrelevant
16,LPP,neutral,9,1,2025-08-12,2025-08-13,16260.0,16505.0,uptrend,uptrend,irrelevant,uptrend,uptrend,irrelevant,uptrend,uptrend,irrelevant,uptrend,uptrend,irrelevant
16,LPP,neutral,10,1,2025-08-12,2025-08-13,16260.0,16505.0,uptrend,uptrend,irrelevant,uptrend,uptrend,irrelevant,uptrend,uptrend,irrelevant,uptrend,uptrend,irrelevant
16,LPP,neutral,1,2,2025-08-12,2025-08-14,16260.0,16380.0,uptrend,uptrend,irrelevant,uptrend,uptrend,irrelevant,uptrend,uptrend,irrelevant,uptrend,uptrend,irrelevant
16,LPP,neutral,2,2,2025-08-12,2025-08-14,16260.0,16380.0,uptrend,uptrend,irrelevant,uptrend,uptrend,irrelevant,uptrend,uptrend,irrelevant,uptrend,uptrend,irrelevant
16,LPP,neutral,3,2,2025-08-12,2025-08-14,16260.0,16380.0,uptrend,uptrend,irrelevant,uptrend,uptrend,irrelevant,uptrend,uptrend,irrelevant,uptrend,uptrend,irrelevant
16,LPP,neutral,4,2,2025-08-12,2025-08-14,16260.0,16380.0,uptrend,uptrend,irrelevant,uptrend,uptrend,irrelevant,uptrend,uptrend,irrelevant,uptrend,uptrend,irrelevant
16,LPP,neutral,5,2,2025-08-12,2025-08-14,16260.0,16380.0,uptrend,uptrend,irrelevant,uptrend,uptrend,irrelevant,uptrend,uptrend,irrelevant,uptrend,uptrend,irrelevant
16,LPP,neutral,6,2,2025-08-12,2025-08-14,16260.0,16380.0,uptrend,uptrend,irrelevant,uptrend,uptrend,irrelevant,uptrend,uptrend,irrelevant,uptrend,uptrend,irrelevant
16,LPP,neutral,7,2,2025-08-12,2025-08-14,16260.0,16380.0,uptrend,uptrend,irrelevant,uptrend,uptrend,irrelevant,uptrend,uptrend,irrelevant,uptrend,uptrend,irrelevant
16,LPP,neutral,8,2,2025-08-12,2025-08-14,16260.0,16380.0,uptrend,uptrend,irrelevant,uptrend,uptrend,irrelevant,uptrend,uptrend,irrelevant,uptrend,uptrend,irrelevant
16,LPP,neutral,9,2,2025-08-12,2025-08-14,16260.0,16380.0,uptrend,uptrend,irrelevant,uptrend,uptrend,irrelevant,uptrend,uptrend,irrelevant,uptrend,uptrend,irrelevant
16,LPP,neutral,10,2,2025-08-12,2025-08-14,16260.0,16380.0,uptrend,uptrend,irrelevant,uptrend,uptrend,irrelevant,uptrend,uptrend,irrelevant,uptrend,uptrend,irrelevant
16,LPP,neutral,2,3,2025-08-12,2025-08-18,16260.0,16445.0,uptrend,uptrend,irrelevant,uptrend,uptrend,irrelevant,uptrend,uptrend,irrelevant,uptrend,uptrend,irrelevant
16,LPP,neutral,3,3,2025-08-12,2025-08-18,16260.0,16445.0,uptrend,uptrend,irrelevant,uptrend,uptrend,irrelevant,uptrend,uptrend,irrelevant,uptrend,uptrend,irrelevant
16,LPP,neutral,4,3,2025-08-12,2025-08-18,16260.0,16445.0,uptrend,uptrend,irrelevant,uptrend,uptrend,irrelevant,uptrend,uptrend,irrelevant,uptrend,uptrend,irrelevant
16,LPP,neutral,5,3,2025-08-12,2025-08-18,16260.0,16445.0,uptrend,uptrend,irrelevant,uptrend,uptrend,irrelevant,uptrend,uptrend,irrelevant,uptrend,uptrend,irrelevant
16,LPP,neutral,6,3,2025-08-12,2025-08-18,16260.0,16445.0,uptrend,uptrend,irrelevant,uptrend,uptrend,irrelevant,uptrend,uptrend,irrelevant,uptrend,uptrend,irrelevant
16,LPP,neutral,7,3,2025-08-12,2025-08-18,16260.0,16445.0,uptrend,uptrend,irrelevant,uptrend,uptrend,irrelevant,uptrend,uptrend,irrelevant,uptrend,uptrend,irrelevant
16,LPP,neutral,8,3,2025-08-12,2025-08-18,16260.0,16445.0,uptrend,uptrend,irrelevant,uptrend,uptrend,irrelevant,uptrend,uptrend,irrelevant,uptrend,uptrend,irrelevant
16,LPP,neutral,9,3,2025-08-12,2025-08-18,16260.0,16445.0,uptrend,uptrend,irrelevant,uptrend,uptrend,irrelevant,uptrend,uptrend,irrelevant,uptrend,uptrend,irrelevant
16,LPP,neutral,10,3,2025-08-12,2025-08-18,16260.0,16445.0,uptrend,uptrend,irrelevant,uptrend,uptrend,irrelevant,uptrend,uptrend,irrelevant,uptrend,uptrend,irrelevant
16,LPP,neutral,4,4,2025-08-12,2025-08-19,16260.0,16900.0,uptrend,uptrend,irrelevant,uptrend,uptrend,irrelevant,uptrend,uptrend,irrelevant,uptrend,uptrend,irrelevant
16,LPP,neutral,5,4,2025-08-12,2025-08-19,16260.0,16900.0,uptrend,uptrend,irrelevant,uptrend,uptrend,irrelevant,uptrend,uptrend,irrelevant,uptrend,uptrend,irrelevant
16,LPP,neutral,6,4,2025-08-12,2025-08-19,16260.0,16900.0,uptrend,uptrend,irrelevant,uptrend,uptrend,irrelevant,uptrend,uptrend,irrelevant,uptrend,uptrend,irrelevant
16,LPP,neutral,7,4,2025-08-12,2025-08-19,16260.0,16900.0,uptrend,uptrend,irrelevant,uptrend,uptrend,irrelevant,uptrend,uptrend,irrelevant,uptrend,uptrend,irrelevant
16,LPP,neutral,8,4,2025-08-12,2025-08-19,16260.0,16900.0,uptrend,uptrend,irrelevant,uptrend,uptrend,irrelevant,uptrend,uptrend,irrelevant,uptrend,uptrend,irrelevant
16,LPP,neutral,9,4,2025-08-12,2025-08-19,16260.0,16900.0,uptrend,uptrend,irrelevant,uptrend,uptrend,irrelevant,uptrend,uptrend,irrelevant,uptrend,uptrend,irrelevant
16,LPP,neutral,10,4,2025-08-12,2025-08-19,16260.0,16900.0,uptrend,uptrend,irrelevant,uptrend,uptrend,irrelevant,uptrend,uptrend,irrelevant,uptrend,uptrend,irrelevant
16,LPP,neutral,4,5,2025-08-12,2025-08-20,16260.0,16850.0,uptrend,uptrend,irrelevant,uptrend,uptrend,irrelevant,uptrend,uptrend,irrelevant,uptrend,uptrend,irrelevant
16,LPP,neutral,5,5,2025-08-12,2025-08-20,16260.0,16850.0,uptrend,uptrend,irrelevant,uptrend,uptrend,irrelevant,uptrend,uptrend,irrelevant,uptrend,uptrend,irrelevant
16,LPP,neutral,6,5,2025-08-12,2025-08-20,16260.0,16850.0,uptrend,uptrend,irrelevant,uptrend,uptrend,irrelevant,uptrend,uptrend,irrelevant,uptrend,uptrend,irrelevant
16,LPP,neutral,7,5,2025-08-12,2025-08-20,16260.0,16850.0,uptrend,uptrend,irrelevant,uptrend,uptrend,irrelevant,uptrend,uptrend,irrelevant,uptrend,uptrend,irrelevant
16,LPP,neutral,8,5,2025-08-12,2025-08-20,16260.0,16850.0,uptrend,uptrend,irrelevant,uptrend,uptrend,irrelevant,uptrend,uptrend,irrelevant,uptrend,uptrend,irrelevant
16,LPP,neutral,9,5,2025-08-12,2025-08-20,16260.0,16850.0,uptrend,uptrend,irrelevant,uptrend,uptrend,irrelevant,uptrend,uptrend,irrelevant,uptrend,uptrend,irrelevant
16,LPP,neutral,10,5,2025-08-12,2025-08-20,16260.0,16850.0,uptrend,uptrend,irrelevant,uptrend,uptrend,irrelevant,uptrend,uptrend,irrelevant,uptrend,uptrend,irrelevant
17,LPP,positive,1,1,2025-08-05,2025-08-06,16205.0,16385.0,uptrend,uptrend,irrelevant,uptrend,uptrend,irrelevant,uptrend,uptrend,irrelevant,uptrend,uptrend,irrelevant
17,LPP,positive,1,2,2025-08-05,2025-08-07,16205.0,16430.0,uptrend,uptrend,irrelevant,uptrend,uptrend,irrelevant,uptrend,uptrend,irrelevant,uptrend,uptrend,irrelevant
17,LPP,positive,1,3,2025-08-05,2025-08-08,16205.0,16835.0,uptrend,uptrend,irrelevant,uptrend,uptrend,irrelevant,uptrend,uptrend,irrelevant,uptrend,uptrend,irrelevant
17,LPP,positive,2,3,2025-08-05,2025-08-08,16205.0,16835.0,uptrend,uptrend,irrelevant,uptrend,uptrend,irrelevant,uptrend,uptrend,irrelevant,uptrend,uptrend,irrelevant
17,LPP,positive,3,3,2025-08-05,2025-08-08,16205.0,16835.0,uptrend,uptrend,irrelevant,uptrend,uptrend,irrelevant,uptrend,uptrend,irrelevant,uptrend,uptrend,irrelevant
20,LPP,neutral,2,1,2025-07-30,2025-07-31,16875.0,16690.0,uptrend,uptrend,irrelevant,uptrend,uptrend,irrelevant,uptrend,uptrend,irrelevant,uptrend,uptrend,irrelevant
20,LPP,neutral,3,1,2025-07-30,2025-07-31,16875.0,16690.0,uptrend,uptrend,irrelevant,uptrend,uptrend,irrelevant,uptrend,uptrend,irrelevant,uptrend,uptrend,irrelevant
20,LPP,neutral,4,1,2025-07-30,2025-07-31,16875.0,16690.0,uptrend,uptrend,irrelevant,uptrend,uptrend,irrelevant,uptrend,uptrend,irrelevant,uptrend,uptrend,irrelevant
20,LPP,neutral,5,1,2025-07-30,2025-07-31,16875.0,16690.0,uptrend,uptrend,irrelevant,uptrend,uptrend,irrelevant,uptrend,uptrend,irrelevant,uptrend,uptrend,irrelevant
20,LPP,neutral,6,1,2025-07-30,2025-07-31,16875.0,16690.0,uptrend,uptrend,irrelevant,uptrend,uptrend,irrelevant,uptrend,uptrend,irrelevant,uptrend,uptrend,irrelevant
20,LPP,neutral,7,1,2025-07-30,2025-07-31,16875.0,16690.0,uptrend,uptrend,irrelevant,uptrend,uptrend,irrelevant,uptrend,uptrend,irrelevant,uptrend,uptrend,irrelevant
20,LPP,neutral,8,1,2025-07-30,2025-07-31,16875.0,16690.0,uptrend,uptrend,irrelevant,uptrend,uptrend,irrelevant,uptrend,uptrend,irrelevant,uptrend,uptrend,irrelevant
20,LPP,neutral,9,1,2025-07-30,2025-07-31,16875.0,16690.0,uptrend,uptrend,irrelevant,uptrend,uptrend,irrelevant,uptrend,uptrend,irrelevant,uptrend,uptrend,irrelevant
20,LPP,neutral,10,1,2025-07-30,2025-07-31,16875.0,16690.0,uptrend,uptrend,irrelevant,uptrend,uptrend,irrelevant,uptrend,uptrend,irrelevant,uptrend,uptrend,irrelevant
20,LPP,neutral,5,2,2025-07-30,2025-08-01,16875.0,16185.0,uptrend,uptrend,irrelevant,uptrend,uptrend,irrelevant,uptrend,uptrend,irrelevant,uptrend,uptrend,irrelevant
20,LPP,neutral,6,2,2025-07-30,2025-08-01,16875.0,16185.0,uptrend,uptrend,irrelevant,uptrend,uptrend,irrelevant,uptrend,uptrend,irrelevant,uptrend,uptrend,irrelevant
20,LPP,neutral,7,2,2025-07-30,2025-08-01,16875.0,16185.0,uptrend,uptrend,irrelevant,uptrend,uptrend,irrelevant,uptrend,uptrend,irrelevant,uptrend,uptrend,irrelevant
20,LPP,neutral,8,2,2025-07-30,2025-08-01,16875.0,16185.0,uptrend,uptrend,irrelevant,uptrend,uptrend,irrelevant,uptrend,uptrend,irrelevant,uptrend,uptrend,irrelevant
20,LPP,neutral,9,2,2025-07-30,2025-08-01,16875.0,16185.0,uptrend,uptrend,irrelevant,uptrend,uptrend,irrelevant,uptrend,uptrend,irrelevant,uptrend,uptrend,irrelevant
20,LPP,neutral,10,2,2025-07-30,2025-08-01,16875.0,16185.0,uptrend,uptrend,irrelevant,uptrend,uptrend,irrelevant,uptrend,uptrend,irrelevant,uptrend,uptrend,irrelevant
20,LPP,neutral,3,3,2025-07-30,2025-08-04,16875.0,16435.0,uptrend,uptrend,irrelevant,uptrend,uptrend,irrelevant,uptrend,uptrend,irrelevant,uptrend,uptrend,irrelevant
20,LPP,neutral,4,3,2025-07-30,2025-08-04,16875.0,16435.0,uptrend,uptrend,irrelevant,uptrend,uptrend,irrelevant,uptrend,uptrend,irrelevant,uptrend,uptrend,irrelevant
20,LPP,neutral,5,3,2025-07-30,2025-08-04,16875.0,16435.0,uptrend,uptrend,irrelevant,uptrend,uptrend,irrelevant,uptrend,uptrend,irrelevant,uptrend,uptrend,irrelevant
20,LPP,neutral,6,3,2025-07-30,2025-08-04,16875.0,16435.0,uptrend,uptrend,irrelevant,uptrend,uptrend,irrelevant,uptrend,uptrend,irrelevant,uptrend,uptrend,irrelevant
20,LPP,neutral,7,3,2025-07-30,2025-08-04,16875.0,16435.0,uptrend,uptrend,irrelevant,uptrend,uptrend,irrelevant,uptrend,uptrend,irrelevant,uptrend,uptrend,irrelevant
20,LPP,neutral,8,3,2025-07-30,2025-08-04,16875.0,16435.0,uptrend,uptrend,irrelevant,uptrend,uptrend,irrelevant,uptrend,uptrend,irrelevant,uptrend,uptrend,irrelevant
20,LPP,neutral,9,3,2025-07-30,2025-08-04,16875.0,16435.0,uptrend,uptrend,irrelevant,uptrend,uptrend,irrelevant,uptrend,uptrend,irrelevant,uptrend,uptrend,irrelevant
20,LPP,neutral,10,3,2025-07-30,2025-08-04,16875.0,16435.0,uptrend,uptrend,irrelevant,uptrend,uptrend,irrelevant,uptrend,uptrend,irrelevant,uptrend,uptrend,irrelevant
20,LPP,neutral,4,4,2025-07-30,2025-08-05,16875.0,16205.0,uptrend,uptrend,irrelevant,uptrend,uptrend,irrelevant,uptrend,uptrend,irrelevant,uptrend,uptrend,irrelevant
20,LPP,neutral,5,4,2025-07-30,2025-08-05,16875.0,16205.0,uptrend,uptrend,irrelevant,uptrend,uptrend,irrelevant,uptrend,uptrend,irrelevant,uptrend,uptrend,irrelevant
20,LPP,neutral,6,4,2025-07-30,2025-08-05,16875.0,16205.0,uptrend,uptrend,irrelevant,uptrend,uptrend,irrelevant,uptrend,uptrend,irrelevant,uptrend,uptrend,irrelevant
20,LPP,neutral,7,4,2025-07-30,2025-08-05,16875.0,16205.0,uptrend,uptrend,irrelevant,uptrend,uptrend,irrelevant,uptrend,uptrend,irrelevant,uptrend,uptrend,irrelevant
20,LPP,neutral,8,4,2025-07-30,2025-08-05,16875.0,16205.0,uptrend,uptrend,irrelevant,uptrend,uptrend,irrelevant,uptrend,uptrend,irrelevant,uptrend,uptrend,irrelevant
20,LPP,neutral,9,4,2025-07-30,2025-08-05,16875.0,16205.0,uptrend,uptrend,irrelevant,uptrend,uptrend,irrelevant,uptrend,uptrend,irrelevant,uptrend,uptrend,irrelevant
20,LPP,neutral,10,4,2025-07-30,2025-08-05,16875.0,16205.0,uptrend,uptrend,irrelevant,uptrend,uptrend,irrelevant,uptrend,uptrend,irrelevant,uptrend,uptrend,irrelevant
20,LPP,neutral,3,5,2025-07-30,2025-08-06,16875.0,16385.0,uptrend,uptrend,irrelevant,uptrend,uptrend,irrelevant,uptrend,uptrend,irrelevant,uptrend,uptrend,irrelevant
20,LPP,neutral,4,5,2025-07-30,2025-08-06,16875.0,16385.0,uptrend,uptrend,irrelevant,uptrend,uptrend,irrelevant,uptrend,uptrend,irrelevant,uptrend,uptrend,irrelevant
20,LPP,neutral,5,5,2025-07-30,2025-08-06,16875.0,16385.0,uptrend,uptrend,irrelevant,uptrend,uptrend,irrelevant,uptrend,uptrend,irrelevant,uptrend,uptrend,irrelevant
20,LPP,neutral,6,5,2025-07-30,2025-08-06,16875.0,16385.0,uptrend,uptrend,irrelevant,uptrend,uptrend,irrelevant,uptrend,uptrend,irrelevant,uptrend,uptrend,irrelevant
20,LPP,neutral,7,5,2025-07-30,2025-08-06,16875.0,16385.0,uptrend,uptrend,irrelevant,uptrend,uptrend,irrelevant,uptrend,uptrend,irrelevant,uptrend,uptrend,irrelevant
20,LPP,neutral,8,5,2025-07-30,2025-08-06,16875.0,16385.0,uptrend,uptrend,irrelevant,uptrend,uptrend,irrelevant,uptrend,uptrend,irrelevant,uptrend,uptrend,irrelevant
20,LPP,neutral,9,5,2025-07-30,2025-08-06,16875.0,16385.0,uptrend,uptrend,irrelevant,uptrend,uptrend,irrelevant,uptrend,uptrend,irrelevant,uptrend,uptrend,irrelevant
20,LPP,neutral,10,5,2025-07-30,2025-08-06,16875.0,16385.0,uptrend,uptrend,irrelevant,uptrend,uptrend,irrelevant,uptrend,uptrend,irrelevant,uptrend,uptrend,irrelevant
21,LPP,positive,1,3,2025-07-11,2025-07-16,14585.0,14815.0,uptrend,uptrend,irrelevant,horizontal,horizontal,irrelevant,horizontal,horizontal,irrelevant,downtrend,downtrend,irrelevant
21,LPP,positive,1,4,2025-07-11,2025-07-17,14585.0,15240.0,uptrend,uptrend,irrelevant,horizontal,uptrend,relevant,horizontal,horizontal,irrelevant,downtrend,horizontal,irrelevant
21,LPP,positive,2,4,2025-07-11,2025-07-17,14585.0,15240.0,uptrend,uptrend,irrelevant,horizontal,uptrend,relevant,horizontal,horizontal,irrelevant,downtrend,horizontal,irrelevant
21,LPP,positive,3,4,2025-07-11,2025-07-17,14585.0,15240.0,uptrend,uptrend,irrelevant,horizontal,uptrend,relevant,horizontal,horizontal,irrelevant,downtrend,horizontal,irrelevant
21,LPP,positive,4,4,2025-07-11,2025-07-17,14585.0,15240.0,uptrend,uptrend,irrelevant,horizontal,uptrend,relevant,horizontal,horizontal,irrelevant,downtrend,horizontal,irrelevant
21,LPP,positive,1,5,2025-07-11,2025-07-18,14585.0,15790.0,uptrend,uptrend,irrelevant,horizontal,uptrend,relevant,horizontal,horizontal,irrelevant,downtrend,horizontal,irrelevant
21,LPP,positive,2,5,2025-07-11,2025-07-18,14585.0,15790.0,uptrend,uptrend,irrelevant,horizontal,uptrend,relevant,horizontal,horizontal,irrelevant,downtrend,horizontal,irrelevant
21,LPP,positive,3,5,2025-07-11,2025-07-18,14585.0,15790.0,uptrend,uptrend,irrelevant,horizontal,uptrend,relevant,horizontal,horizontal,irrelevant,downtrend,horizontal,irrelevant
21,LPP,positive,4,5,2025-07-11,2025-07-18,14585.0,15790.0,uptrend,uptrend,irrelevant,horizontal,uptrend,relevant,horizontal,horizontal,irrelevant,downtrend,horizontal,irrelevant
21,LPP,positive,5,5,2025-07-11,2025-07-18,14585.0,15790.0,uptrend,uptrend,irrelevant,horizontal,uptrend,relevant,horizontal,horizontal,irrelevant,downtrend,horizontal,irrelevant
21,LPP,positive,6,5,2025-07-11,2025-07-18,14585.0,15790.0,uptrend,uptrend,irrelevant,horizontal,uptrend,relevant,horizontal,horizontal,irrelevant,downtrend,horizontal,irrelevant
21,LPP,positive,7,5,2025-07-11,2025-07-18,14585.0,15790.0,uptrend,uptrend,irrelevant,horizontal,uptrend,relevant,horizontal,horizontal,irrelevant,downtrend,horizontal,irrelevant
21,LPP,positive,8,5,2025-07-11,2025-07-18,14585.0,15790.0,uptrend,uptrend,irrelevant,horizontal,uptrend,relevant,horizontal,horizontal,irrelevant,downtrend,horizontal,irrelevant
23,LPP,neutral,2,1,2025-06-30,2025-07-01,14670.0,14875.0,downtrend,horizontal,relevant,downtrend,horizontal,relevant,uptrend,uptrend,irrelevant,downtrend,downtrend,irrelevant
23,LPP,neutral,3,1,2025-06-30,2025-07-01,14670.0,14875.0,downtrend,horizontal,relevant,downtrend,horizontal,relevant,uptrend,uptrend,irrelevant,downtrend,downtrend,irrelevant
23,LPP,neutral,4,1,2025-06-30,2025-07-01,14670.0,14875.0,downtrend,horizontal,relevant,downtrend,horizontal,relevant,uptrend,uptrend,irrelevant,downtrend,downtrend,irrelevant
23,LPP,neutral,5,1,2025-06-30,2025-07-01,14670.0,14875.0,downtrend,horizontal,relevant,downtrend,horizontal,relevant,uptrend,uptrend,irrelevant,downtrend,downtrend,irrelevant
23,LPP,neutral,6,1,2025-06-30,2025-07-01,14670.0,14875.0,downtrend,horizontal,relevant,downtrend,horizontal,relevant,uptrend,uptrend,irrelevant,downtrend,downtrend,irrelevant
23,LPP,neutral,7,1,2025-06-30,2025-07-01,14670.0,14875.0,downtrend,horizontal,relevant,downtrend,horizontal,relevant,uptrend,uptrend,irrelevant,downtrend,downtrend,irrelevant
23,LPP,neutral,8,1,2025-06-30,2025-07-01,14670.0,14875.0,downtrend,horizontal,relevant,downtrend,horizontal,relevant,uptrend,uptrend,irrelevant,downtrend,downtrend,irrelevant
23,LPP,neutral,9,1,2025-06-30,2025-07-01,14670.0,14875.0,downtrend,horizontal,relevant,downtrend,horizontal,relevant,uptrend,uptrend,irrelevant,downtrend,downtrend,irrelevant
23,LPP,neutral,10,1,2025-06-30,2025-07-01,14670.0,14875.0,downtrend,horizontal,relevant,downtrend,horizontal,relevant,uptrend,uptrend,irrelevant,downtrend,downtrend,irrelevant
23,LPP,neutral,3,2,2025-06-30,2025-07-02,14670.0,14975.0,downtrend,horizontal,relevant,downtrend,horizontal,relevant,uptrend,uptrend,irrelevant,downtrend,downtrend,irrelevant
23,LPP,neutral,4,2,2025-06-30,2025-07-02,14670.0,14975.0,downtrend,horizontal,relevant,downtrend,horizontal,relevant,uptrend,uptrend,irrelevant,downtrend,downtrend,irrelevant
23,LPP,neutral,5,2,2025-06-30,2025-07-02,14670.0,14975.0,downtrend,horizontal,relevant,downtrend,horizontal,relevant,uptrend,uptrend,irrelevant,downtrend,downtrend,irrelevant
23,LPP,neutral,6,2,2025-06-30,2025-07-02,14670.0,14975.0,downtrend,horizontal,relevant,downtrend,horizontal,relevant,uptrend,uptrend,irrelevant,downtrend,downtrend,irrelevant
23,LPP,neutral,7,2,2025-06-30,2025-07-02,14670.0,14975.0,downtrend,horizontal,relevant,downtrend,horizontal,relevant,uptrend,uptrend,irrelevant,downtrend,downtrend,irrelevant
23,LPP,neutral,8,2,2025-06-30,2025-07-02,14670.0,14975.0,downtrend,horizontal,relevant,downtrend,horizontal,relevant,uptrend,uptrend,irrelevant,downtrend,downtrend,irrelevant
23,LPP,neutral,9,2,2025-06-30,2025-07-02,14670.0,14975.0,downtrend,horizontal,relevant,downtrend,horizontal,relevant,uptrend,uptrend,irrelevant,downtrend,downtrend,irrelevant
23,LPP,neutral,10,2,2025-06-30,2025-07-02,14670.0,14975.0,downtrend,horizontal,relevant,downtrend,horizontal,relevant,uptrend,uptrend,irrelevant,downtrend,downtrend,irrelevant
23,LPP,neutral,2,3,2025-06-30,2025-07-03,14670.0,14880.0,downtrend,uptrend,irrelevant,downtrend,horizontal,relevant,uptrend,uptrend,irrelevant,downtrend,downtrend,irrelevant
23,LPP,neutral,3,3,2025-06-30,2025-07-03,14670.0,14880.0,downtrend,uptrend,irrelevant,downtrend,horizontal,relevant,uptrend,uptrend,irrelevant,downtrend,downtrend,irrelevant
23,LPP,neutral,4,3,2025-06-30,2025-07-03,14670.0,14880.0,downtrend,uptrend,irrelevant,downtrend,horizontal,relevant,uptrend,uptrend,irrelevant,downtrend,downtrend,irrelevant
23,LPP,neutral,5,3,2025-06-30,2025-07-03,14670.0,14880.0,downtrend,uptrend,irrelevant,downtrend,horizontal,relevant,uptrend,uptrend,irrelevant,downtrend,downtrend,irrelevant
23,LPP,neutral,6,3,2025-06-30,2025-07-03,14670.0,14880.0,downtrend,uptrend,irrelevant,downtrend,horizontal,relevant,uptrend,uptrend,irrelevant,downtrend,downtrend,irrelevant
23,LPP,neutral,7,3,2025-06-30,2025-07-03,14670.0,14880.0,downtrend,uptrend,irrelevant,downtrend,horizontal,relevant,uptrend,uptrend,irrelevant,downtrend,downtrend,irrelevant
23,LPP,neutral,8,3,2025-06-30,2025-07-03,14670.0,14880.0,downtrend,uptrend,irrelevant,downtrend,horizontal,relevant,uptrend,uptrend,irrelevant,downtrend,downtrend,irrelevant
23,LPP,neutral,9,3,2025-06-30,2025-07-03,14670.0,14880.0,downtrend,uptrend,irrelevant,downtrend,horizontal,relevant,uptrend,uptrend,irrelevant,downtrend,downtrend,irrelevant
23,LPP,neutral,10,3,2025-06-30,2025-07-03,14670.0,14880.0,downtrend,uptrend,irrelevant,downtrend,horizontal,relevant,uptrend,uptrend,irrelevant,downtrend,downtrend,irrelevant
23,LPP,neutral,1,4,2025-06-30,2025-07-04,14670.0,14800.0,downtrend,uptrend,irrelevant,downtrend,horizontal,relevant,uptrend,uptrend,irrelevant,downtrend,downtrend,irrelevant
23,LPP,neutral,2,4,2025-06-30,2025-07-04,14670.0,14800.0,downtrend,uptrend,irrelevant,downtrend,horizontal,relevant,uptrend,uptrend,irrelevant,downtrend,downtrend,irrelevant
23,LPP,neutral,3,4,2025-06-30,2025-07-04,14670.0,14800.0,downtrend,uptrend,irrelevant,downtrend,horizontal,relevant,uptrend,uptrend,irrelevant,downtrend,downtrend,irrelevant
23,LPP,neutral,4,4,2025-06-30,2025-07-04,14670.0,14800.0,downtrend,uptrend,irrelevant,downtrend,horizontal,relevant,uptrend,uptrend,irrelevant,downtrend,downtrend,irrelevant
23,LPP,neutral,5,4,2025-06-30,2025-07-04,14670.0,14800.0,downtrend,uptrend,irrelevant,downtrend,horizontal,relevant,uptrend,uptrend,irrelevant,downtrend,downtrend,irrelevant
23,LPP,neutral,6,4,2025-06-30,2025-07-04,14670.0,14800.0,downtrend,uptrend,irrelevant,downtrend,horizontal,relevant,uptrend,uptrend,irrelevant,downtrend,downtrend,irrelevant
23,LPP,neutral,7,4,2025-06-30,2025-07-04,14670.0,14800.0,downtrend,uptrend,irrelevant,downtrend,horizontal,relevant,uptrend,uptrend,irrelevant,downtrend,downtrend,irrelevant
23,LPP,neutral,8,4,2025-06-30,2025-07-04,14670.0,14800.0,downtrend,uptrend,irrelevant,downtrend,horizontal,relevant,uptrend,uptrend,irrelevant,downtrend,downtrend,irrelevant
23,LPP,neutral,9,4,2025-06-30,2025-07-04,14670.0,14800.0,downtrend,uptrend,irrelevant,downtrend,horizontal,relevant,uptrend,uptrend,irrelevant,downtrend,downtrend,irrelevant
23,LPP,neutral,10,4,2025-06-30,2025-07-04,14670.0,14800.0,downtrend,uptrend,irrelevant,downtrend,horizontal,relevant,uptrend,uptrend,irrelevant,downtrend,downtrend,irrelevant
23,LPP,neutral,2,5,2025-06-30,2025-07-07,14670.0,14465.0,downtrend,uptrend,irrelevant,downtrend,horizontal,relevant,uptrend,uptrend,irrelevant,downtrend,downtrend,irrelevant
23,LPP,neutral,3,5,2025-06-30,2025-07-07,14670.0,14465.0,downtrend,uptrend,irrelevant,downtrend,horizontal,relevant,uptrend,uptrend,irrelevant,downtrend,downtrend,irrelevant
23,LPP,neutral,4,5,2025-06-30,2025-07-07,14670.0,14465.0,downtrend,uptrend,irrelevant,downtrend,horizontal,relevant,uptrend,uptrend,irrelevant,downtrend,downtrend,irrelevant
23,LPP,neutral,5,5,2025-06-30,2025-07-07,14670.0,14465.0,downtrend,uptrend,irrelevant,downtrend,horizontal,relevant,uptrend,uptrend,irrelevant,downtrend,downtrend,irrelevant
23,LPP,neutral,6,5,2025-06-30,2025-07-07,14670.0,14465.0,downtrend,uptrend,irrelevant,downtrend,horizontal,relevant,uptrend,uptrend,irrelevant,downtrend,downtrend,irrelevant
23,LPP,neutral,7,5,2025-06-30,2025-07-07,14670.0,14465.0,downtrend,uptrend,irrelevant,downtrend,horizontal,relevant,uptrend,uptrend,irrelevant,downtrend,downtrend,irrelevant
23,LPP,neutral,8,5,2025-06-30,2025-07-07,14670.0,14465.0,downtrend,uptrend,irrelevant,downtrend,horizontal,relevant,uptrend,uptrend,irrelevant,downtrend,downtrend,irrelevant
23,LPP,neutral,9,5,2025-06-30,2025-07-07,14670.0,14465.0,downtrend,uptrend,irrelevant,downtrend,horizontal,relevant,uptrend,uptrend,irrelevant,downtrend,downtrend,irrelevant
23,LPP,neutral,10,5,2025-06-30,2025-07-07,14670.0,14465.0,downtrend,uptrend,irrelevant,downtrend,horizontal,relevant,uptrend,uptrend,irrelevant,downtrend,downtrend,irrelevant
24,LPP,positive,1,1,2025-06-30,2025-07-01,14670.0,14875.0,downtrend,horizontal,irrelevant,downtrend,horizontal,irrelevant,uptrend,uptrend,irrelevant,downtrend,downtrend,irrelevant
24,LPP,positive,1,2,2025-06-30,2025-07-02,14670.0,14975.0,downtrend,horizontal,irrelevant,downtrend,horizontal,irrelevant,uptrend,uptrend,irrelevant,downtrend,downtrend,irrelevant
24,LPP,positive,2,2,2025-06-30,2025-07-02,14670.0,14975.0,downtrend,horizontal,irrelevant,downtrend,horizontal,irrelevant,uptrend,uptrend,irrelevant,downtrend,downtrend,irrelevant
24,LPP,positive,1,3,2025-06-30,2025-07-03,14670.0,14880.0,downtrend,uptrend,relevant,downtrend,horizontal,irrelevant,uptrend,uptrend,irrelevant,downtrend,downtrend,irrelevant
25,LPP,neutral,1,1,2025-06-13,2025-06-16,14100.0,14215.0,downtrend,downtrend,irrelevant,downtrend,downtrend,irrelevant,downtrend,downtrend,irrelevant,downtrend,downtrend,irrelevant
25,LPP,neutral,2,1,2025-06-13,2025-06-16,14100.0,14215.0,downtrend,downtrend,irrelevant,downtrend,downtrend,irrelevant,downtrend,downtrend,irrelevant,downtrend,downtrend,irrelevant
25,LPP,neutral,3,1,2025-06-13,2025-06-16,14100.0,14215.0,downtrend,downtrend,irrelevant,downtrend,downtrend,irrelevant,downtrend,downtrend,irrelevant,downtrend,downtrend,irrelevant
25,LPP,neutral,4,1,2025-06-13,2025-06-16,14100.0,14215.0,downtrend,downtrend,irrelevant,downtrend,downtrend,irrelevant,downtrend,downtrend,irrelevant,downtrend,downtrend,irrelevant
25,LPP,neutral,5,1,2025-06-13,2025-06-16,14100.0,14215.0,downtrend,downtrend,irrelevant,downtrend,downtrend,irrelevant,downtrend,downtrend,irrelevant,downtrend,downtrend,irrelevant
25,LPP,neutral,6,1,2025-06-13,2025-06-16,14100.0,14215.0,downtrend,downtrend,irrelevant,downtrend,downtrend,irrelevant,downtrend,downtrend,irrelevant,downtrend,downtrend,irrelevant
25,LPP,neutral,7,1,2025-06-13,2025-06-16,14100.0,14215.0,downtrend,downtrend,irrelevant,downtrend,downtrend,irrelevant,downtrend,downtrend,irrelevant,downtrend,downtrend,irrelevant
25,LPP,neutral,8,1,2025-06-13,2025-06-16,14100.0,14215.0,downtrend,downtrend,irrelevant,downtrend,downtrend,irrelevant,downtrend,downtrend,irrelevant,downtrend,downtrend,irrelevant
25,LPP,neutral,9,1,2025-06-13,2025-06-16,14100.0,14215.0,downtrend,downtrend,irrelevant,downtrend,downtrend,irrelevant,downtrend,downtrend,irrelevant,downtrend,downtrend,irrelevant
25,LPP,neutral,10,1,2025-06-13,2025-06-16,14100.0,14215.0,downtrend,downtrend,irrelevant,downtrend,downtrend,irrelevant,downtrend,downtrend,irrelevant,downtrend,downtrend,irrelevant
25,LPP,neutral,2,2,2025-06-13,2025-06-17,14100.0,13825.0,downtrend,downtrend,irrelevant,downtrend,downtrend,irrelevant,downtrend,downtrend,irrelevant,downtrend,downtrend,irrelevant
25,LPP,neutral,3,2,2025-06-13,2025-06-17,14100.0,13825.0,downtrend,downtrend,irrelevant,downtrend,downtrend,irrelevant,downtrend,downtrend,irrelevant,downtrend,downtrend,irrelevant
25,LPP,neutral,4,2,2025-06-13,2025-06-17,14100.0,13825.0,downtrend,downtrend,irrelevant,downtrend,downtrend,irrelevant,downtrend,downtrend,irrelevant,downtrend,downtrend,irrelevant
25,LPP,neutral,5,2,2025-06-13,2025-06-17,14100.0,13825.0,downtrend,downtrend,irrelevant,downtrend,downtrend,irrelevant,downtrend,downtrend,irrelevant,downtrend,downtrend,irrelevant
25,LPP,neutral,6,2,2025-06-13,2025-06-17,14100.0,13825.0,downtrend,downtrend,irrelevant,downtrend,downtrend,irrelevant,downtrend,downtrend,irrelevant,downtrend,downtrend,irrelevant
25,LPP,neutral,7,2,2025-06-13,2025-06-17,14100.0,13825.0,downtrend,downtrend,irrelevant,downtrend,downtrend,irrelevant,downtrend,downtrend,irrelevant,downtrend,downtrend,irrelevant
25,LPP,neutral,8,2,2025-06-13,2025-06-17,14100.0,13825.0,downtrend,downtrend,irrelevant,downtrend,downtrend,irrelevant,downtrend,downtrend,irrelevant,downtrend,downtrend,irrelevant
25,LPP,neutral,9,2,2025-06-13,2025-06-17,14100.0,13825.0,downtrend,downtrend,irrelevant,downtrend,downtrend,irrelevant,downtrend,downtrend,irrelevant,downtrend,downtrend,irrelevant
25,LPP,neutral,10,2,2025-06-13,2025-06-17,14100.0,13825.0,downtrend,downtrend,irrelevant,downtrend,downtrend,irrelevant,downtrend,downtrend,irrelevant,downtrend,downtrend,irrelevant
25,LPP,neutral,2,3,2025-06-13,2025-06-18,14100.0,13910.0,downtrend,downtrend,irrelevant,downtrend,downtrend,irrelevant,downtrend,downtrend,irrelevant,downtrend,downtrend,irrelevant
25,LPP,neutral,3,3,2025-06-13,2025-06-18,14100.0,13910.0,downtrend,downtrend,irrelevant,downtrend,downtrend,irrelevant,downtrend,downtrend,irrelevant,downtrend,downtrend,irrelevant
25,LPP,neutral,4,3,2025-06-13,2025-06-18,14100.0,13910.0,downtrend,downtrend,irrelevant,downtrend,downtrend,irrelevant,downtrend,downtrend,irrelevant,downtrend,downtrend,irrelevant
25,LPP,neutral,5,3,2025-06-13,2025-06-18,14100.0,13910.0,downtrend,downtrend,irrelevant,downtrend,downtrend,irrelevant,downtrend,downtrend,irrelevant,downtrend,downtrend,irrelevant
25,LPP,neutral,6,3,2025-06-13,2025-06-18,14100.0,13910.0,downtrend,downtrend,irrelevant,downtrend,downtrend,irrelevant,downtrend,downtrend,irrelevant,downtrend,downtrend,irrelevant
25,LPP,neutral,7,3,2025-06-13,2025-06-18,14100.0,13910.0,downtrend,downtrend,irrelevant,downtrend,downtrend,irrelevant,downtrend,downtrend,irrelevant,downtrend,downtrend,irrelevant
25,LPP,neutral,8,3,2025-06-13,2025-06-18,14100.0,13910.0,downtrend,downtrend,irrelevant,downtrend,downtrend,irrelevant,downtrend,downtrend,irrelevant,downtrend,downtrend,irrelevant
25,LPP,neutral,9,3,2025-06-13,2025-06-18,14100.0,13910.0,downtrend,downtrend,irrelevant,downtrend,downtrend,irrelevant,downtrend,downtrend,irrelevant,downtrend,downtrend,irrelevant
25,LPP,neutral,10,3,2025-06-13,2025-06-18,14100.0,13910.0,downtrend,downtrend,irrelevant,downtrend,downtrend,irrelevant,downtrend,downtrend,irrelevant,downtrend,downtrend,irrelevant
25,LPP,neutral,1,4,2025-06-13,2025-06-20,14100.0,14045.0,downtrend,downtrend,irrelevant,downtrend,downtrend,irrelevant,downtrend,downtrend,irrelevant,downtrend,downtrend,irrelevant
25,LPP,neutral,2,4,2025-06-13,2025-06-20,14100.0,14045.0,downtrend,downtrend,irrelevant,downtrend,downtrend,irrelevant,downtrend,downtrend,irrelevant,downtrend,downtrend,irrelevant
25,LPP,neutral,3,4,2025-06-13,2025-06-20,14100.0,14045.0,downtrend,downtrend,irrelevant,downtrend,downtrend,irrelevant,downtrend,downtrend,irrelevant,downtrend,downtrend,irrelevant
25,LPP,neutral,4,4,2025-06-13,2025-06-20,14100.0,14045.0,downtrend,downtrend,irrelevant,downtrend,downtrend,irrelevant,downtrend,downtrend,irrelevant,downtrend,downtrend,irrelevant
25,LPP,neutral,5,4,2025-06-13,2025-06-20,14100.0,14045.0,downtrend,downtrend,irrelevant,downtrend,downtrend,irrelevant,downtrend,downtrend,irrelevant,downtrend,downtrend,irrelevant
25,LPP,neutral,6,4,2025-06-13,2025-06-20,14100.0,14045.0,downtrend,downtrend,irrelevant,downtrend,downtrend,irrelevant,downtrend,downtrend,irrelevant,downtrend,downtrend,irrelevant
25,LPP,neutral,7,4,2025-06-13,2025-06-20,14100.0,14045.0,downtrend,downtrend,irrelevant,downtrend,downtrend,irrelevant,downtrend,downtrend,irrelevant,downtrend,downtrend,irrelevant
25,LPP,neutral,8,4,2025-06-13,2025-06-20,14100.0,14045.0,downtrend,downtrend,irrelevant,downtrend,downtrend,irrelevant,downtrend,downtrend,irrelevant,downtrend,downtrend,irrelevant
25,LPP,neutral,9,4,2025-06-13,2025-06-20,14100.0,14045.0,downtrend,downtrend,irrelevant,downtrend,downtrend,irrelevant,downtrend,downtrend,irrelevant,downtrend,downtrend,irrelevant
25,LPP,neutral,10,4,2025-06-13,2025-06-20,14100.0,14045.0,downtrend,downtrend,irrelevant,downtrend,downtrend,irrelevant,downtrend,downtrend,irrelevant,downtrend,downtrend,irrelevant
25,LPP,neutral,4,5,2025-06-13,2025-06-23,14100.0,13660.0,downtrend,downtrend,irrelevant,downtrend,downtrend,irrelevant,downtrend,downtrend,irrelevant,downtrend,downtrend,irrelevant
25,LPP,neutral,5,5,2025-06-13,2025-06-23,14100.0,13660.0,downtrend,downtrend,irrelevant,downtrend,downtrend,irrelevant,downtrend,downtrend,irrelevant,downtrend,downtrend,irrelevant
25,LPP,neutral,6,5,2025-06-13,2025-06-23,14100.0,13660.0,downtrend,downtrend,irrelevant,downtrend,downtrend,irrelevant,downtrend,downtrend,irrelevant,downtrend,downtrend,irrelevant
25,LPP,neutral,7,5,2025-06-13,2025-06-23,14100.0,13660.0,downtrend,downtrend,irrelevant,downtrend,downtrend,irrelevant,downtrend,downtrend,irrelevant,downtrend,downtrend,irrelevant
25,LPP,neutral,8,5,2025-06-13,2025-06-23,14100.0,13660.0,downtrend,downtrend,irrelevant,downtrend,downtrend,irrelevant,downtrend,downtrend,irrelevant,downtrend,downtrend,irrelevant
25,LPP,neutral,9,5,2025-06-13,2025-06-23,14100.0,13660.0,downtrend,downtrend,irrelevant,downtrend,downtrend,irrelevant,downtrend,downtrend,irrelevant,downtrend,downtrend,irrelevant
25,LPP,neutral,10,5,2025-06-13,2025-06-23,14100.0,13660.0,downtrend,downtrend,irrelevant,downtrend,downtrend,irrelevant,downtrend,downtrend,irrelevant,downtrend,downtrend,irrelevant
31,LPP,neutral,2,1,2025-06-10,2025-06-11,14575.0,14425.0,downtrend,downtrend,irrelevant,downtrend,downtrend,irrelevant,downtrend,downtrend,irrelevant,downtrend,downtrend,irrelevant
31,LPP,neutral,3,1,2025-06-10,2025-06-11,14575.0,14425.0,downtrend,downtrend,irrelevant,downtrend,downtrend,irrelevant,downtrend,downtrend,irrelevant,downtrend,downtrend,irrelevant
31,LPP,neutral,4,1,2025-06-10,2025-06-11,14575.0,14425.0,downtrend,downtrend,irrelevant,downtrend,downtrend,irrelevant,downtrend,downtrend,irrelevant,downtrend,downtrend,irrelevant
31,LPP,neutral,5,1,2025-06-10,2025-06-11,14575.0,14425.0,downtrend,downtrend,irrelevant,downtrend,downtrend,irrelevant,downtrend,downtrend,irrelevant,downtrend,downtrend,irrelevant
31,LPP,neutral,6,1,2025-06-10,2025-06-11,14575.0,14425.0,downtrend,downtrend,irrelevant,downtrend,downtrend,irrelevant,downtrend,downtrend,irrelevant,downtrend,downtrend,irrelevant
31,LPP,neutral,7,1,2025-06-10,2025-06-11,14575.0,14425.0,downtrend,downtrend,irrelevant,downtrend,downtrend,irrelevant,downtrend,downtrend,irrelevant,downtrend,downtrend,irrelevant
31,LPP,neutral,8,1,2025-06-10,2025-06-11,14575.0,14425.0,downtrend,downtrend,irrelevant,downtrend,downtrend,irrelevant,downtrend,downtrend,irrelevant,downtrend,downtrend,irrelevant
31,LPP,neutral,9,1,2025-06-10,2025-06-11,14575.0,14425.0,downtrend,downtrend,irrelevant,downtrend,downtrend,irrelevant,downtrend,downtrend,irrelevant,downtrend,downtrend,irrelevant
31,LPP,neutral,10,1,2025-06-10,2025-06-11,14575.0,14425.0,downtrend,downtrend,irrelevant,downtrend,downtrend,irrelevant,downtrend,downtrend,irrelevant,downtrend,downtrend,irrelevant
31,LPP,neutral,1,2,2025-06-10,2025-06-12,14575.0,14470.0,downtrend,downtrend,irrelevant,downtrend,downtrend,irrelevant,downtrend,downtrend,irrelevant,downtrend,downtrend,irrelevant
31,LPP,neutral,2,2,2025-06-10,2025-06-12,14575.0,14470.0,downtrend,downtrend,irrelevant,downtrend,downtrend,irrelevant,downtrend,downtrend,irrelevant,downtrend,downtrend,irrelevant
31,LPP,neutral,3,2,2025-06-10,2025-06-12,14575.0,14470.0,downtrend,downtrend,irrelevant,downtrend,downtrend,irrelevant,downtrend,downtrend,irrelevant,downtrend,downtrend,irrelevant
31,LPP,neutral,4,2,2025-06-10,2025-06-12,14575.0,14470.0,downtrend,downtrend,irrelevant,downtrend,downtrend,irrelevant,downtrend,downtrend,irrelevant,downtrend,downtrend,irrelevant
31,LPP,neutral,5,2,2025-06-10,2025-06-12,14575.0,14470.0,downtrend,downtrend,irrelevant,downtrend,downtrend,irrelevant,downtrend,downtrend,irrelevant,downtrend,downtrend,irrelevant
31,LPP,neutral,6,2,2025-06-10,2025-06-12,14575.0,14470.0,downtrend,downtrend,irrelevant,downtrend,downtrend,irrelevant,downtrend,downtrend,irrelevant,downtrend,downtrend,irrelevant
31,LPP,neutral,7,2,2025-06-10,2025-06-12,14575.0,14470.0,downtrend,downtrend,irrelevant,downtrend,downtrend,irrelevant,downtrend,downtrend,irrelevant,downtrend,downtrend,irrelevant
31,LPP,neutral,8,2,2025-06-10,2025-06-12,14575.0,14470.0,downtrend,downtrend,irrelevant,downtrend,downtrend,irrelevant,downtrend,downtrend,irrelevant,downtrend,downtrend,irrelevant
31,LPP,neutral,9,2,2025-06-10,2025-06-12,14575.0,14470.0,downtrend,downtrend,irrelevant,downtrend,downtrend,irrelevant,downtrend,downtrend,irrelevant,downtrend,downtrend,irrelevant
31,LPP,neutral,10,2,2025-06-10,2025-06-12,14575.0,14470.0,downtrend,downtrend,irrelevant,downtrend,downtrend,irrelevant,downtrend,downtrend,irrelevant,downtrend,downtrend,irrelevant
31,LPP,neutral,4,3,2025-06-10,2025-06-13,14575.0,14100.0,downtrend,downtrend,irrelevant,downtrend,downtrend,irrelevant,downtrend,downtrend,irrelevant,downtrend,downtrend,irrelevant
31,LPP,neutral,5,3,2025-06-10,2025-06-13,14575.0,14100.0,downtrend,downtrend,irrelevant,downtrend,downtrend,irrelevant,downtrend,downtrend,irrelevant,downtrend,downtrend,irrelevant
31,LPP,neutral,6,3,2025-06-10,2025-06-13,14575.0,14100.0,downtrend,downtrend,irrelevant,downtrend,downtrend,irrelevant,downtrend,downtrend,irrelevant,downtrend,downtrend,irrelevant
31,LPP,neutral,7,3,2025-06-10,2025-06-13,14575.0,14100.0,downtrend,downtrend,irrelevant,downtrend,downtrend,irrelevant,downtrend,downtrend,irrelevant,downtrend,downtrend,irrelevant
31,LPP,neutral,8,3,2025-06-10,2025-06-13,14575.0,14100.0,downtrend,downtrend,irrelevant,downtrend,downtrend,irrelevant,downtrend,downtrend,irrelevant,downtrend,downtrend,irrelevant
31,LPP,neutral,9,3,2025-06-10,2025-06-13,14575.0,14100.0,downtrend,downtrend,irrelevant,downtrend,downtrend,irrelevant,downtrend,downtrend,irrelevant,downtrend,downtrend,irrelevant
31,LPP,neutral,10,3,2025-06-10,2025-06-13,14575.0,14100.0,downtrend,downtrend,irrelevant,downtrend,downtrend,irrelevant,downtrend,downtrend,irrelevant,downtrend,downtrend,irrelevant
31,LPP,neutral,3,4,2025-06-10,2025-06-16,14575.0,14215.0,downtrend,downtrend,irrelevant,downtrend,downtrend,irrelevant,downtrend,downtrend,irrelevant,downtrend,downtrend,irrelevant
31,LPP,neutral,4,4,2025-06-10,2025-06-16,14575.0,14215.0,downtrend,downtrend,irrelevant,downtrend,downtrend,irrelevant,downtrend,downtrend,irrelevant,downtrend,downtrend,irrelevant
31,LPP,neutral,5,4,2025-06-10,2025-06-16,14575.0,14215.0,downtrend,downtrend,irrelevant,downtrend,downtrend,irrelevant,downtrend,downtrend,irrelevant,downtrend,downtrend,irrelevant
31,LPP,neutral,6,4,2025-06-10,2025-06-16,14575.0,14215.0,downtrend,downtrend,irrelevant,downtrend,downtrend,irrelevant,downtrend,downtrend,irrelevant,downtrend,downtrend,irrelevant
31,LPP,neutral,7,4,2025-06-10,2025-06-16,14575.0,14215.0,downtrend,downtrend,irrelevant,downtrend,downtrend,irrelevant,downtrend,downtrend,irrelevant,downtrend,downtrend,irrelevant
31,LPP,neutral,8,4,2025-06-10,2025-06-16,14575.0,14215.0,downtrend,downtrend,irrelevant,downtrend,downtrend,irrelevant,downtrend,downtrend,irrelevant,downtrend,downtrend,irrelevant
31,LPP,neutral,9,4,2025-06-10,2025-06-16,14575.0,14215.0,downtrend,downtrend,irrelevant,downtrend,downtrend,irrelevant,downtrend,downtrend,irrelevant,downtrend,downtrend,irrelevant
31,LPP,neutral,10,4,2025-06-10,2025-06-16,14575.0,14215.0,downtrend,downtrend,irrelevant,downtrend,downtrend,irrelevant,downtrend,downtrend,irrelevant,downtrend,downtrend,irrelevant
31,LPP,neutral,6,5,2025-06-10,2025-06-17,14575.0,13825.0,downtrend,downtrend,irrelevant,downtrend,downtrend,irrelevant,downtrend,downtrend,irrelevant,downtrend,downtrend,irrelevant
31,LPP,neutral,7,5,2025-06-10,2025-06-17,14575.0,13825.0,downtrend,downtrend,irrelevant,downtrend,downtrend,irrelevant,downtrend,downtrend,irrelevant,downtrend,downtrend,irrelevant
31,LPP,neutral,8,5,2025-06-10,2025-06-17,14575.0,13825.0,downtrend,downtrend,irrelevant,downtrend,downtrend,irrelevant,downtrend,downtrend,irrelevant,downtrend,downtrend,irrelevant
31,LPP,neutral,9,5,2025-06-10,2025-06-17,14575.0,13825.0,downtrend,downtrend,irrelevant,downtrend,downtrend,irrelevant,downtrend,downtrend,irrelevant,downtrend,downtrend,irrelevant
31,LPP,neutral,10,5,2025-06-10,2025-06-17,14575.0,13825.0,downtrend,downtrend,irrelevant,downtrend,downtrend,irrelevant,downtrend,downtrend,irrelevant,downtrend,downtrend,irrelevant
32,LPP,positive,1,4,2025-06-03,2025-06-09,14260.0,14415.0,downtrend,downtrend,irrelevant,downtrend,downtrend,irrelevant,downtrend,downtrend,irrelevant,downtrend,downtrend,irrelevant
32,LPP,positive,1,5,2025-06-03,2025-06-10,14260.0,14575.0,downtrend,downtrend,irrelevant,downtrend,downtrend,irrelevant,downtrend,downtrend,irrelevant,downtrend,downtrend,irrelevant
32,LPP,positive,2,5,2025-06-03,2025-06-10,14260.0,14575.0,downtrend,downtrend,irrelevant,downtrend,downtrend,irrelevant,downtrend,downtrend,irrelevant,downtrend,downtrend,irrelevant
33,PKN,positive,1,2,2025-12-09,2025-12-11,92.48,94.38,downtrend,downtrend,irrelevant,downtrend,downtrend,irrelevant,downtrend,downtrend,irrelevant,horizontal,horizontal,irrelevant
33,PKN,positive,2,2,2025-12-09,2025-12-11,92.48,94.38,downtrend,downtrend,irrelevant,downtrend,downtrend,irrelevant,downtrend,downtrend,irrelevant,horizontal,horizontal,irrelevant
33,PKN,positive,1,3,2025-12-09,2025-12-12,92.48,93.6,downtrend,downtrend,irrelevant,downtrend,downtrend,irrelevant,downtrend,downtrend,irrelevant,horizontal,horizontal,irrelevant
33,PKN,positive,1,4,2025-12-09,2025-12-15,92.48,94.82,downtrend,downtrend,irrelevant,downtrend,downtrend,irrelevant,downtrend,downtrend,irrelevant,horizontal,horizontal,irrelevant
33,PKN,positive,2,4,2025-12-09,2025-12-15,92.48,94.82,downtrend,downtrend,irrelevant,downtrend,downtrend,irrelevant,downtrend,downtrend,irrelevant,horizontal,horizontal,irrelevant
34,PKN,positive,1,2,2025-12-09,2025-12-11,92.48,94.38,downtrend,downtrend,irrelevant,downtrend,downtrend,irrelevant,downtrend,downtrend,irrelevant,horizontal,horizontal,irrelevant
34,PKN,positive,2,2,2025-12-09,2025-12-11,92.48,94.38,downtrend,downtrend,irrelevant,downtrend,downtrend,irrelevant,downtrend,downtrend,irrelevant,horizontal,horizontal,irrelevant
34,PKN,positive,1,3,2025-12-09,2025-12-12,92.48,93.6,downtrend,downtrend,irrelevant,downtrend,downtrend,irrelevant,downtrend,downtrend,irrelevant,horizontal,horizontal,irrelevant
34,PKN,positive,1,4,2025-12-09,2025-12-15,92.48,94.82,downtrend,downtrend,irrelevant,downtrend,downtrend,irrelevant,downtrend,downtrend,irrelevant,horizontal,horizontal,irrelevant
34,PKN,positive,2,4,2025-12-09,2025-12-15,92.48,94.82,downtrend,downtrend,irrelevant,downtrend,downtrend,irrelevant,downtrend,downtrend,irrelevant,horizontal,horizontal,irrelevant
35,PKN,positive,1,2,2025-12-09,2025-12-11,92.48,94.38,downtrend,downtrend,irrelevant,downtrend,downtrend,irrelevant,downtrend,downtrend,irrelevant,horizontal,horizontal,irrelevant
35,PKN,positive,2,2,2025-12-09,2025-12-11,92.48,94.38,downtrend,downtrend,irrelevant,downtrend,downtrend,irrelevant,downtrend,downtrend,irrelevant,horizontal,horizontal,irrelevant
35,PKN,positive,1,3,2025-12-09,2025-12-12,92.48,93.6,downtrend,downtrend,irrelevant,downtrend,downtrend,irrelevant,downtrend,downtrend,irrelevant,horizontal,horizontal,irrelevant
35,PKN,positive,1,4,2025-12-09,2025-12-15,92.48,94.82,downtrend,downtrend,irrelevant,downtrend,downtrend,irrelevant,downtrend,downtrend,irrelevant,horizontal,horizontal,irrelevant
35,PKN,positive,2,4,2025-12-09,2025-12-15,92.48,94.82,downtrend,downtrend,irrelevant,downtrend,downtrend,irrelevant,downtrend,downtrend,irrelevant,horizontal,horizontal,irrelevant
36,PKN,positive,1,4,2025-12-04,2025-12-10,91.67,92.87,downtrend,downtrend,irrelevant,downtrend,downtrend,irrelevant,downtrend,downtrend,irrelevant,horizontal,horizontal,irrelevant
36,PKN,positive,1,5,2025-12-04,2025-12-11,91.67,94.38,downtrend,downtrend,irrelevant,downtrend,downtrend,irrelevant,downtrend,downtrend,irrelevant,horizontal,horizontal,irrelevant
36,PKN,positive,2,5,2025-12-04,2025-12-11,91.67,94.38,downtrend,downtrend,irrelevant,downtrend,downtrend,irrelevant,downtrend,downtrend,irrelevant,horizontal,horizontal,irrelevant
37,PKN,positive,1,5,2025-12-03,2025-12-10,91.57,92.87,downtrend,downtrend,irrelevant,downtrend,downtrend,irrelevant,downtrend,downtrend,irrelevant,horizontal,horizontal,irrelevant
38,PKN,positive,1,5,2025-12-03,2025-12-10,91.57,92.87,downtrend,downtrend,irrelevant,downtrend,downtrend,irrelevant,downtrend,downtrend,irrelevant,horizontal,horizontal,irrelevant
39,PKN,neutral,1,1,2025-12-03,2025-12-04,91.57,91.67,downtrend,downtrend,irrelevant,downtrend,downtrend,irrelevant,downtrend,downtrend,irrelevant,horizontal,horizontal,irrelevant
39,PKN,neutral,2,1,2025-12-03,2025-12-04,91.57,91.67,downtrend,downtrend,irrelevant,downtrend,downtrend,irrelevant,downtrend,downtrend,irrelevant,horizontal,horizontal,irrelevant
39,PKN,neutral,3,1,2025-12-03,2025-12-04,91.57,91.67,downtrend,downtrend,irrelevant,downtrend,downtrend,irrelevant,downtrend,downtrend,irrelevant,horizontal,horizontal,irrelevant
39,PKN,neutral,4,1,2025-12-03,2025-12-04,91.57,91.67,downtrend,downtrend,irrelevant,downtrend,downtrend,irrelevant,downtrend,downtrend,irrelevant,horizontal,horizontal,irrelevant
39,PKN,neutral,5,1,2025-12-03,2025-12-04,91.57,91.67,downtrend,downtrend,irrelevant,downtrend,downtrend,irrelevant,downtrend,downtrend,irrelevant,horizontal,horizontal,irrelevant
39,PKN,neutral,6,1,2025-12-03,2025-12-04,91.57,91.67,downtrend,downtrend,irrelevant,downtrend,downtrend,irrelevant,downtrend,downtrend,irrelevant,horizontal,horizontal,irrelevant
39,PKN,neutral,7,1,2025-12-03,2025-12-04,91.57,91.67,downtrend,downtrend,irrelevant,downtrend,downtrend,irrelevant,downtrend,downtrend,irrelevant,horizontal,horizontal,irrelevant
39,PKN,neutral,8,1,2025-12-03,2025-12-04,91.57,91.67,downtrend,downtrend,irrelevant,downtrend,downtrend,irrelevant,downtrend,downtrend,irrelevant,horizontal,horizontal,irrelevant
39,PKN,neutral,9,1,2025-12-03,2025-12-04,91.57,91.67,downtrend,downtrend,irrelevant,downtrend,downtrend,irrelevant,downtrend,downtrend,irrelevant,horizontal,horizontal,irrelevant
39,PKN,neutral,10,1,2025-12-03,2025-12-04,91.57,91.67,downtrend,downtrend,irrelevant,downtrend,downtrend,irrelevant,downtrend,downtrend,irrelevant,horizontal,horizontal,irrelevant
39,PKN,neutral,1,2,2025-12-03,2025-12-05,91.57,91.66,downtrend,downtrend,irrelevant,downtrend,downtrend,irrelevant,downtrend,downtrend,irrelevant,horizontal,horizontal,irrelevant
39,PKN,neutral,2,2,2025-12-03,2025-12-05,91.57,91.66,downtrend,downtrend,irrelevant,downtrend,downtrend,irrelevant,downtrend,downtrend,irrelevant,horizontal,horizontal,irrelevant
39,PKN,neutral,3,2,2025-12-03,2025-12-05,91.57,91.66,downtrend,downtrend,irrelevant,downtrend,downtrend,irrelevant,downtrend,downtrend,irrelevant,horizontal,horizontal,irrelevant
39,PKN,neutral,4,2,2025-12-03,2025-12-05,91.57,91.66,downtrend,downtrend,irrelevant,downtrend,downtrend,irrelevant,downtrend,downtrend,irrelevant,horizontal,horizontal,irrelevant
39,PKN,neutral,5,2,2025-12-03,2025-12-05,91.57,91.66,downtrend,downtrend,irrelevant,downtrend,downtrend,irrelevant,downtrend,downtrend,irrelevant,horizontal,horizontal,irrelevant
39,PKN,neutral,6,2,2025-12-03,2025-12-05,91.57,91.66,downtrend,downtrend,irrelevant,downtrend,downtrend,irrelevant,downtrend,downtrend,irrelevant,horizontal,horizontal,irrelevant
39,PKN,neutral,7,2,2025-12-03,2025-12-05,91.57,91.66,downtrend,downtrend,irrelevant,downtrend,downtrend,irrelevant,downtrend,downtrend,irrelevant,horizontal,horizontal,irrelevant
39,PKN,neutral,8,2,2025-12-03,2025-12-05,91.57,91.66,downtrend,downtrend,irrelevant,downtrend,downtrend,irrelevant,downtrend,downtrend,irrelevant,horizontal,horizontal,irrelevant
39,PKN,neutral,9,2,2025-12-03,2025-12-05,91.57,91.66,downtrend,downtrend,irrelevant,downtrend,downtrend,irrelevant,downtrend,downtrend,irrelevant,horizontal,horizontal,irrelevant
39,PKN,neutral,10,2,2025-12-03,2025-12-05,91.57,91.66,downtrend,downtrend,irrelevant,downtrend,downtrend,irrelevant,downtrend,downtrend,irrelevant,horizontal,horizontal,irrelevant
39,PKN,neutral,1,3,2025-12-03,2025-12-08,91.57,91.66,downtrend,downtrend,irrelevant,downtrend,downtrend,irrelevant,downtrend,downtrend,irrelevant,horizontal,horizontal,irrelevant
39,PKN,neutral,2,3,2025-12-03,2025-12-08,91.57,91.66,downtrend,downtrend,irrelevant,downtrend,downtrend,irrelevant,downtrend,downtrend,irrelevant,horizontal,horizontal,irrelevant
39,PKN,neutral,3,3,2025-12-03,2025-12-08,91.57,91.66,downtrend,downtrend,irrelevant,downtrend,downtrend,irrelevant,downtrend,downtrend,irrelevant,horizontal,horizontal,irrelevant
39,PKN,neutral,4,3,2025-12-03,2025-12-08,91.57,91.66,downtrend,downtrend,irrelevant,downtrend,downtrend,irrelevant,downtrend,downtrend,irrelevant,horizontal,horizontal,irrelevant
39,PKN,neutral,5,3,2025-12-03,2025-12-08,91.57,91.66,downtrend,downtrend,irrelevant,downtrend,downtrend,irrelevant,downtrend,downtrend,irrelevant,horizontal,horizontal,irrelevant
39,PKN,neutral,6,3,2025-12-03,2025-12-08,91.57,91.66,downtrend,downtrend,irrelevant,downtrend,downtrend,irrelevant,downtrend,downtrend,irrelevant,horizontal,horizontal,irrelevant
39,PKN,neutral,7,3,2025-12-03,2025-12-08,91.57,91.66,downtrend,downtrend,irrelevant,downtrend,downtrend,irrelevant,downtrend,downtrend,irrelevant,horizontal,horizontal,irrelevant
39,PKN,neutral,8,3,2025-12-03,2025-12-08,91.57,91.66,downtrend,downtrend,irrelevant,downtrend,downtrend,irrelevant,downtrend,downtrend,irrelevant,horizontal,horizontal,irrelevant
39,PKN,neutral,9,3,2025-12-03,2025-12-08,91.57,91.66,downtrend,downtrend,irrelevant,downtrend,downtrend,irrelevant,downtrend,downtrend,irrelevant,horizontal,horizontal,irrelevant
39,PKN,neutral,10,3,2025-12-03,2025-12-08,91.57,91.66,downtrend,downtrend,irrelevant,downtrend,downtrend,irrelevant,downtrend,downtrend,irrelevant,horizontal,horizontal,irrelevant
39,PKN,neutral,1,4,2025-12-03,2025-12-09,91.57,92.48,downtrend,downtrend,irrelevant,downtrend,downtrend,irrelevant,downtrend,downtrend,irrelevant,horizontal,horizontal,irrelevant
39,PKN,neutral,2,4,2025-12-03,2025-12-09,91.57,92.48,downtrend,downtrend,irrelevant,downtrend,downtrend,irrelevant,downtrend,downtrend,irrelevant,horizontal,horizontal,irrelevant
39,PKN,neutral,3,4,2025-12-03,2025-12-09,91.57,92.48,downtrend,downtrend,irrelevant,downtrend,downtrend,irrelevant,downtrend,downtrend,irrelevant,horizontal,horizontal,irrelevant
39,PKN,neutral,4,4,2025-12-03,2025-12-09,91.57,92.48,downtrend,downtrend,irrelevant,downtrend,downtrend,irrelevant,downtrend,downtrend,irrelevant,horizontal,horizontal,irrelevant
39,PKN,neutral,5,4,2025-12-03,2025-12-09,91.57,92.48,downtrend,downtrend,irrelevant,downtrend,downtrend,irrelevant,downtrend,downtrend,irrelevant,horizontal,horizontal,irrelevant
39,PKN,neutral,6,4,2025-12-03,2025-12-09,91.57,92.48,downtrend,downtrend,irrelevant,downtrend,downtrend,irrelevant,downtrend,downtrend,irrelevant,horizontal,horizontal,irrelevant
39,PKN,neutral,7,4,2025-12-03,2025-12-09,91.57,92.48,downtrend,downtrend,irrelevant,downtrend,downtrend,irrelevant,downtrend,downtrend,irrelevant,horizontal,horizontal,irrelevant
39,PKN,neutral,8,4,2025-12-03,2025-12-09,91.57,92.48,downtrend,downtrend,irrelevant,downtrend,downtrend,irrelevant,downtrend,downtrend,irrelevant,horizontal,horizontal,irrelevant
39,PKN,neutral,9,4,2025-12-03,2025-12-09,91.57,92.48,downtrend,downtrend,irrelevant,downtrend,downtrend,irrelevant,downtrend,downtrend,irrelevant,horizontal,horizontal,irrelevant
39,PKN,neutral,10,4,2025-12-03,2025-12-09,91.57,92.48,downtrend,downtrend,irrelevant,downtrend,downtrend,irrelevant,downtrend,downtrend,irrelevant,horizontal,horizontal,irrelevant
39,PKN,neutral,2,5,2025-12-03,2025-12-10,91.57,92.87,downtrend,downtrend,irrelevant,downtrend,downtrend,irrelevant,downtrend,downtrend,irrelevant,horizontal,horizontal,irrelevant
39,PKN,neutral,3,5,2025-12-03,2025-12-10,91.57,92.87,downtrend,downtrend,irrelevant,downtrend,downtrend,irrelevant,downtrend,downtrend,irrelevant,horizontal,horizontal,irrelevant
39,PKN,neutral,4,5,2025-12-03,2025-12-10,91.57,92.87,downtrend,downtrend,irrelevant,downtrend,downtrend,irrelevant,downtrend,downtrend,irrelevant,horizontal,horizontal,irrelevant
39,PKN,neutral,5,5,2025-12-03,2025-12-10,91.57,92.87,downtrend,downtrend,irrelevant,downtrend,downtrend,irrelevant,downtrend,downtrend,irrelevant,horizontal,horizontal,irrelevant
39,PKN,neutral,6,5,2025-12-03,2025-12-10,91.57,92.87,downtrend,downtrend,irrelevant,downtrend,downtrend,irrelevant,downtrend,downtrend,irrelevant,horizontal,horizontal,irrelevant
39,PKN,neutral,7,5,2025-12-03,2025-12-10,91.57,92.87,downtrend,downtrend,irrelevant,downtrend,downtrend,irrelevant,downtrend,downtrend,irrelevant,horizontal,horizontal,irrelevant
39,PKN,neutral,8,5,2025-12-03,2025-12-10,91.57,92.87,downtrend,downtrend,irrelevant,downtrend,downtrend,irrelevant,downtrend,downtrend,irrelevant,horizontal,horizontal,irrelevant
39,PKN,neutral,9,5,2025-12-03,2025-12-10,91.57,92.87,downtrend,downtrend,irrelevant,downtrend,downtrend,irrelevant,downtrend,downtrend,irrelevant,horizontal,horizontal,irrelevant
39,PKN,neutral,10,5,2025-12-03,2025-12-10,91.57,92.87,downtrend,downtrend,irrelevant,downtrend,downtrend,irrelevant,downtrend,downtrend,irrelevant,horizontal,horizontal,irrelevant
44,PKN,positive,1,2,2025-11-27,2025-12-01,93.31,94.39,downtrend,downtrend,irrelevant,horizontal,downtrend,irrelevant,downtrend,downtrend,irrelevant,uptrend,uptrend,irrelevant
45,PKN,negative,1,4,2025-11-27,2025-12-03,93.31,91.57,downtrend,downtrend,irrelevant,horizontal,downtrend,relevant,downtrend,downtrend,irrelevant,uptrend,horizontal,irrelevant
45,PKN,negative,1,5,2025-11-27,2025-12-04,93.31,91.67,downtrend,downtrend,irrelevant,horizontal,downtrend,relevant,downtrend,downtrend,irrelevant,uptrend,horizontal,irrelevant
46,PKN,positive,1,2,2025-11-27,2025-12-01,93.31,94.39,downtrend,downtrend,irrelevant,horizontal,downtrend,irrelevant,downtrend,downtrend,irrelevant,uptrend,uptrend,irrelevant
47,PKN,positive,1,2,2025-11-27,2025-12-01,93.31,94.39,downtrend,downtrend,irrelevant,horizontal,downtrend,irrelevant,downtrend,downtrend,irrelevant,uptrend,uptrend,irrelevant
48,PKN,positive,1,2,2025-11-27,2025-12-01,93.31,94.39,downtrend,downtrend,irrelevant,horizontal,downtrend,irrelevant,downtrend,downtrend,irrelevant,uptrend,uptrend,irrelevant
49,PKN,positive,1,2,2025-11-27,2025-12-01,93.31,94.39,downtrend,downtrend,irrelevant,horizontal,downtrend,irrelevant,downtrend,downtrend,irrelevant,uptrend,uptrend,irrelevant
50,PKN,neutral,3,1,2025-11-26,2025-11-27,95.58,93.31,horizontal,downtrend,irrelevant,horizontal,horizontal,irrelevant,downtrend,downtrend,irrelevant,uptrend,uptrend,irrelevant
50,PKN,neutral,4,1,2025-11-26,2025-11-27,95.58,93.31,horizontal,downtrend,irrelevant,horizontal,horizontal,irrelevant,downtrend,downtrend,irrelevant,uptrend,uptrend,irrelevant
50,PKN,neutral,5,1,2025-11-26,2025-11-27,95.58,93.31,horizontal,downtrend,irrelevant,horizontal,horizontal,irrelevant,downtrend,downtrend,irrelevant,uptrend,uptrend,irrelevant
50,PKN,neutral,6,1,2025-11-26,2025-11-27,95.58,93.31,horizontal,downtrend,irrelevant,horizontal,horizontal,irrelevant,downtrend,downtrend,irrelevant,uptrend,uptrend,irrelevant
50,PKN,neutral,7,1,2025-11-26,2025-11-27,95.58,93.31,horizontal,downtrend,irrelevant,horizontal,horizontal,irrelevant,downtrend,downtrend,irrelevant,uptrend,uptrend,irrelevant
50,PKN,neutral,8,1,2025-11-26,2025-11-27,95.58,93.31,horizontal,downtrend,irrelevant,horizontal,horizontal,irrelevant,downtrend,downtrend,irrelevant,uptrend,uptrend,irrelevant
50,PKN,neutral,9,1,2025-11-26,2025-11-27,95.58,93.31,horizontal,downtrend,irrelevant,horizontal,horizontal,irrelevant,downtrend,downtrend,irrelevant,uptrend,uptrend,irrelevant
50,PKN,neutral,10,1,2025-11-26,2025-11-27,95.58,93.31,horizontal,downtrend,irrelevant,horizontal,horizontal,irrelevant,downtrend,downtrend,irrelevant,uptrend,uptrend,irrelevant
50,PKN,neutral,2,2,2025-11-26,2025-11-28,95.58,94.02,horizontal,downtrend,irrelevant,horizontal,downtrend,irrelevant,downtrend,downtrend,irrelevant,uptrend,uptrend,irrelevant
50,PKN,neutral,3,2,2025-11-26,2025-11-28,95.58,94.02,horizontal,downtrend,irrelevant,horizontal,downtrend,irrelevant,downtrend,downtrend,irrelevant,uptrend,uptrend,irrelevant
50,PKN,neutral,4,2,2025-11-26,2025-11-28,95.58,94.02,horizontal,downtrend,irrelevant,horizontal,downtrend,irrelevant,downtrend,downtrend,irrelevant,uptrend,uptrend,irrelevant
50,PKN,neutral,5,2,2025-11-26,2025-11-28,95.58,94.02,horizontal,downtrend,irrelevant,horizontal,downtrend,irrelevant,downtrend,downtrend,irrelevant,uptrend,uptrend,irrelevant
50,PKN,neutral,6,2,2025-11-26,2025-11-28,95.58,94.02,horizontal,downtrend,irrelevant,horizontal,downtrend,irrelevant,downtrend,downtrend,irrelevant,uptrend,uptrend,irrelevant
50,PKN,neutral,7,2,2025-11-26,2025-11-28,95.58,94.02,horizontal,downtrend,irrelevant,horizontal,downtrend,irrelevant,downtrend,downtrend,irrelevant,uptrend,uptrend,irrelevant
50,PKN,neutral,8,2,2025-11-26,2025-11-28,95.58,94.02,horizontal,downtrend,irrelevant,horizontal,downtrend,irrelevant,downtrend,downtrend,irrelevant,uptrend,uptrend,irrelevant
50,PKN,neutral,9,2,2025-11-26,2025-11-28,95.58,94.02,horizontal,downtrend,irrelevant,horizontal,downtrend,irrelevant,downtrend,downtrend,irrelevant,uptrend,uptrend,irrelevant
50,PKN,neutral,10,2,2025-11-26,2025-11-28,95.58,94.02,horizontal,downtrend,irrelevant,horizontal,downtrend,irrelevant,downtrend,downtrend,irrelevant,uptrend,uptrend,irrelevant
50,PKN,neutral,2,3,2025-11-26,2025-12-01,95.58,94.39,horizontal,downtrend,irrelevant,horizontal,downtrend,irrelevant,downtrend,downtrend,irrelevant,uptrend,uptrend,irrelevant
50,PKN,neutral,3,3,2025-11-26,2025-12-01,95.58,94.39,horizontal,downtrend,irrelevant,horizontal,downtrend,irrelevant,downtrend,downtrend,irrelevant,uptrend,uptrend,irrelevant
50,PKN,neutral,4,3,2025-11-26,2025-12-01,95.58,94.39,horizontal,downtrend,irrelevant,horizontal,downtrend,irrelevant,downtrend,downtrend,irrelevant,uptrend,uptrend,irrelevant
50,PKN,neutral,5,3,2025-11-26,2025-12-01,95.58,94.39,horizontal,downtrend,irrelevant,horizontal,downtrend,irrelevant,downtrend,downtrend,irrelevant,uptrend,uptrend,irrelevant
50,PKN,neutral,6,3,2025-11-26,2025-12-01,95.58,94.39,horizontal,downtrend,irrelevant,horizontal,downtrend,irrelevant,downtrend,downtrend,irrelevant,uptrend,uptrend,irrelevant
50,PKN,neutral,7,3,2025-11-26,2025-12-01,95.58,94.39,horizontal,downtrend,irrelevant,horizontal,downtrend,irrelevant,downtrend,downtrend,irrelevant,uptrend,uptrend,irrelevant
50,PKN,neutral,8,3,2025-11-26,2025-12-01,95.58,94.39,horizontal,downtrend,irrelevant,horizontal,downtrend,irrelevant,downtrend,downtrend,irrelevant,uptrend,uptrend,irrelevant
50,PKN,neutral,9,3,2025-11-26,2025-12-01,95.58,94.39,horizontal,downtrend,irrelevant,horizontal,downtrend,irrelevant,downtrend,downtrend,irrelevant,uptrend,uptrend,irrelevant
50,PKN,neutral,10,3,2025-11-26,2025-12-01,95.58,94.39,horizontal,downtrend,irrelevant,horizontal,downtrend,irrelevant,downtrend,downtrend,irrelevant,uptrend,uptrend,irrelevant
50,PKN,neutral,3,4,2025-11-26,2025-12-02,95.58,93.0,horizontal,downtrend,irrelevant,horizontal,downtrend,irrelevant,downtrend,downtrend,irrelevant,uptrend,uptrend,irrelevant
50,PKN,neutral,4,4,2025-11-26,2025-12-02,95.58,93.0,horizontal,downtrend,irrelevant,horizontal,downtrend,irrelevant,downtrend,downtrend,irrelevant,uptrend,uptrend,irrelevant
50,PKN,neutral,5,4,2025-11-26,2025-12-02,95.58,93.0,horizontal,downtrend,irrelevant,horizontal,downtrend,irrelevant,downtrend,downtrend,irrelevant,uptrend,uptrend,irrelevant
50,PKN,neutral,6,4,2025-11-26,2025-12-02,95.58,93.0,horizontal,downtrend,irrelevant,horizontal,downtrend,irrelevant,downtrend,downtrend,irrelevant,uptrend,uptrend,irrelevant
50,PKN,neutral,7,4,2025-11-26,2025-12-02,95.58,93.0,horizontal,downtrend,irrelevant,horizontal,downtrend,irrelevant,downtrend,downtrend,irrelevant,uptrend,uptrend,irrelevant
50,PKN,neutral,8,4,2025-11-26,2025-12-02,95.58,93.0,horizontal,downtrend,irrelevant,horizontal,downtrend,irrelevant,downtrend,downtrend,irrelevant,uptrend,uptrend,irrelevant
50,PKN,neutral,9,4,2025-11-26,2025-12-02,95.58,93.0,horizontal,downtrend,irrelevant,horizontal,downtrend,irrelevant,downtrend,downtrend,irrelevant,uptrend,uptrend,irrelevant
50,PKN,neutral,10,4,2025-11-26,2025-12-02,95.58,93.0,horizontal,downtrend,irrelevant,horizontal,downtrend,irrelevant,downtrend,downtrend,irrelevant,uptrend,uptrend,irrelevant
50,PKN,neutral,5,5,2025-11-26,2025-12-03,95.58,91.57,horizontal,downtrend,irrelevant,horizontal,downtrend,irrelevant,downtrend,downtrend,irrelevant,uptrend,horizontal,relevant
50,PKN,neutral,6,5,2025-11-26,2025-12-03,95.58,91.57,horizontal,downtrend,irrelevant,horizontal,downtrend,irrelevant,downtrend,downtrend,irrelevant,uptrend,horizontal,relevant
50,PKN,neutral,7,5,2025-11-26,2025-12-03,95.58,91.57,horizontal,downtrend,irrelevant,horizontal,downtrend,irrelevant,downtrend,downtrend,irrelevant,uptrend,horizontal,relevant
50,PKN,neutral,8,5,2025-11-26,2025-12-03,95.58,91.57,horizontal,downtrend,irrelevant,horizontal,downtrend,irrelevant,downtrend,downtrend,irrelevant,uptrend,horizontal,relevant
50,PKN,neutral,9,5,2025-11-26,2025-12-03,95.58,91.57,horizontal,downtrend,irrelevant,horizontal,downtrend,irrelevant,downtrend,downtrend,irrelevant,uptrend,horizontal,relevant
50,PKN,neutral,10,5,2025-11-26,2025-12-03,95.58,91.57,horizontal,downtrend,irrelevant,horizontal,downtrend,irrelevant,downtrend,downtrend,irrelevant,uptrend,horizontal,relevant
53,PKN,negative,1,2,2025-11-25,2025-11-27,95.19,93.31,uptrend,downtrend,relevant,uptrend,horizontal,irrelevant,downtrend,downtrend,irrelevant,uptrend,uptrend,irrelevant
53,PKN,negative,1,3,2025-11-25,2025-11-28,95.19,94.02,uptrend,downtrend,relevant,uptrend,downtrend,relevant,downtrend,downtrend,irrelevant,uptrend,uptrend,irrelevant
53,PKN,negative,1,5,2025-11-25,2025-12-02,95.19,93.0,uptrend,downtrend,relevant,uptrend,downtrend,relevant,downtrend,downtrend,irrelevant,uptrend,uptrend,irrelevant
53,PKN,negative,2,5,2025-11-25,2025-12-02,95.19,93.0,uptrend,downtrend,relevant,uptrend,downtrend,relevant,downtrend,downtrend,irrelevant,uptrend,uptrend,irrelevant
55,PKN,neutral,2,1,2025-11-24,2025-11-25,96.58,95.19,uptrend,uptrend,irrelevant,uptrend,uptrend,irrelevant,downtrend,downtrend,irrelevant,uptrend,uptrend,irrelevant
55,PKN,neutral,3,1,2025-11-24,2025-11-25,96.58,95.19,uptrend,uptrend,irrelevant,uptrend,uptrend,irrelevant,downtrend,downtrend,irrelevant,uptrend,uptrend,irrelevant
55,PKN,neutral,4,1,2025-11-24,2025-11-25,96.58,95.19,uptrend,uptrend,irrelevant,uptrend,uptrend,irrelevant,downtrend,downtrend,irrelevant,uptrend,uptrend,irrelevant
55,PKN,neutral,5,1,2025-11-24,2025-11-25,96.58,95.19,uptrend,uptrend,irrelevant,uptrend,uptrend,irrelevant,downtrend,downtrend,irrelevant,uptrend,uptrend,irrelevant
55,PKN,neutral,6,1,2025-11-24,2025-11-25,96.58,95.19,uptrend,uptrend,irrelevant,uptrend,uptrend,irrelevant,downtrend,downtrend,irrelevant,uptrend,uptrend,irrelevant
55,PKN,neutral,7,1,2025-11-24,2025-11-25,96.58,95.19,uptrend,uptrend,irrelevant,uptrend,uptrend,irrelevant,downtrend,downtrend,irrelevant,uptrend,uptrend,irrelevant
55,PKN,neutral,8,1,2025-11-24,2025-11-25,96.58,95.19,uptrend,uptrend,irrelevant,uptrend,uptrend,irrelevant,downtrend,downtrend,irrelevant,uptrend,uptrend,irrelevant
55,PKN,neutral,9,1,2025-11-24,2025-11-25,96.58,95.19,uptrend,uptrend,irrelevant,uptrend,uptrend,irrelevant,downtrend,downtrend,irrelevant,uptrend,uptrend,irrelevant
55,PKN,neutral,10,1,2025-11-24,2025-11-25,96.58,95.19,uptrend,uptrend,irrelevant,uptrend,uptrend,irrelevant,downtrend,downtrend,irrelevant,uptrend,uptrend,irrelevant
55,PKN,neutral,2,2,2025-11-24,2025-11-26,96.58,95.58,uptrend,horizontal,relevant,uptrend,horizontal,relevant,downtrend,downtrend,irrelevant,uptrend,uptrend,irrelevant
55,PKN,neutral,3,2,2025-11-24,2025-11-26,96.58,95.58,uptrend,horizontal,relevant,uptrend,horizontal,relevant,downtrend,downtrend,irrelevant,uptrend,uptrend,irrelevant
55,PKN,neutral,4,2,2025-11-24,2025-11-26,96.58,95.58,uptrend,horizontal,relevant,uptrend,horizontal,relevant,downtrend,downtrend,irrelevant,uptrend,uptrend,irrelevant
55,PKN,neutral,5,2,2025-11-24,2025-11-26,96.58,95.58,uptrend,horizontal,relevant,uptrend,horizontal,relevant,downtrend,downtrend,irrelevant,uptrend,uptrend,irrelevant
55,PKN,neutral,6,2,2025-11-24,2025-11-26,96.58,95.58,uptrend,horizontal,relevant,uptrend,horizontal,relevant,downtrend,downtrend,irrelevant,uptrend,uptrend,irrelevant
55,PKN,neutral,7,2,2025-11-24,2025-11-26,96.58,95.58,uptrend,horizontal,relevant,uptrend,horizontal,relevant,downtrend,downtrend,irrelevant,uptrend,uptrend,irrelevant
55,PKN,neutral,8,2,2025-11-24,2025-11-26,96.58,95.58,uptrend,horizontal,relevant,uptrend,horizontal,relevant,downtrend,downtrend,irrelevant,uptrend,uptrend,irrelevant
55,PKN,neutral,9,2,2025-11-24,2025-11-26,96.58,95.58,uptrend,horizontal,relevant,uptrend,horizontal,relevant,downtrend,downtrend,irrelevant,uptrend,uptrend,irrelevant
55,PKN,neutral,10,2,2025-11-24,2025-11-26,96.58,95.58,uptrend,horizontal,relevant,uptrend,horizontal,relevant,downtrend,downtrend,irrelevant,uptrend,uptrend,irrelevant
55,PKN,neutral,4,3,2025-11-24,2025-11-27,96.58,93.31,uptrend,downtrend,irrelevant,uptrend,horizontal,relevant,downtrend,downtrend,irrelevant,uptrend,uptrend,irrelevant
55,PKN,neutral,5,3,2025-11-24,2025-11-27,96.58,93.31,uptrend,downtrend,irrelevant,uptrend,horizontal,relevant,downtrend,downtrend,irrelevant,uptrend,uptrend,irrelevant
55,PKN,neutral,6,3,2025-11-24,2025-11-27,96.58,93.31,uptrend,downtrend,irrelevant,uptrend,horizontal,relevant,downtrend,downtrend,irrelevant,uptrend,uptrend,irrelevant
55,PKN,neutral,7,3,2025-11-24,2025-11-27,96.58,93.31,uptrend,downtrend,irrelevant,uptrend,horizontal,relevant,downtrend,downtrend,irrelevant,uptrend,uptrend,irrelevant
55,PKN,neutral,8,3,2025-11-24,2025-11-27,96.58,93.31,uptrend,downtrend,irrelevant,uptrend,horizontal,relevant,downtrend,downtrend,irrelevant,uptrend,uptrend,irrelevant
55,PKN,neutral,9,3,2025-11-24,2025-11-27,96.58,93.31,uptrend,downtrend,irrelevant,uptrend,horizontal,relevant,downtrend,downtrend,irrelevant,uptrend,uptrend,irrelevant
55,PKN,neutral,10,3,2025-11-24,2025-11-27,96.58,93.31,uptrend,downtrend,irrelevant,uptrend,horizontal,relevant,downtrend,downtrend,irrelevant,uptrend,uptrend,irrelevant
55,PKN,neutral,3,4,2025-11-24,2025-11-28,96.58,94.02,uptrend,downtrend,irrelevant,uptrend,downtrend,irrelevant,downtrend,downtrend,irrelevant,uptrend,uptrend,irrelevant
55,PKN,neutral,4,4,2025-11-24,2025-11-28,96.58,94.02,uptrend,downtrend,irrelevant,uptrend,downtrend,irrelevant,downtrend,downtrend,irrelevant,uptrend,uptrend,irrelevant
55,PKN,neutral,5,4,2025-11-24,2025-11-28,96.58,94.02,uptrend,downtrend,irrelevant,uptrend,downtrend,irrelevant,downtrend,downtrend,irrelevant,uptrend,uptrend,irrelevant
55,PKN,neutral,6,4,2025-11-24,2025-11-28,96.58,94.02,uptrend,downtrend,irrelevant,uptrend,downtrend,irrelevant,downtrend,downtrend,irrelevant,uptrend,uptrend,irrelevant
55,PKN,neutral,7,4,2025-11-24,2025-11-28,96.58,94.02,uptrend,downtrend,irrelevant,uptrend,downtrend,irrelevant,downtrend,downtrend,irrelevant,uptrend,uptrend,irrelevant
55,PKN,neutral,8,4,2025-11-24,2025-11-28,96.58,94.02,uptrend,downtrend,irrelevant,uptrend,downtrend,irrelevant,downtrend,downtrend,irrelevant,uptrend,uptrend,irrelevant
55,PKN,neutral,9,4,2025-11-24,2025-11-28,96.58,94.02,uptrend,downtrend,irrelevant,uptrend,downtrend,irrelevant,downtrend,downtrend,irrelevant,uptrend,uptrend,irrelevant
55,PKN,neutral,10,4,2025-11-24,2025-11-28,96.58,94.02,uptrend,downtrend,irrelevant,uptrend,downtrend,irrelevant,downtrend,downtrend,irrelevant,uptrend,uptrend,irrelevant
55,PKN,neutral,3,5,2025-11-24,2025-12-01,96.58,94.39,uptrend,downtrend,irrelevant,uptrend,downtrend,irrelevant,downtrend,downtrend,irrelevant,uptrend,uptrend,irrelevant
55,PKN,neutral,4,5,2025-11-24,2025-12-01,96.58,94.39,uptrend,downtrend,irrelevant,uptrend,downtrend,irrelevant,downtrend,downtrend,irrelevant,uptrend,uptrend,irrelevant
55,PKN,neutral,5,5,2025-11-24,2025-12-01,96.58,94.39,uptrend,downtrend,irrelevant,uptrend,downtrend,irrelevant,downtrend,downtrend,irrelevant,uptrend,uptrend,irrelevant
55,PKN,neutral,6,5,2025-11-24,2025-12-01,96.58,94.39,uptrend,downtrend,irrelevant,uptrend,downtrend,irrelevant,downtrend,downtrend,irrelevant,uptrend,uptrend,irrelevant
55,PKN,neutral,7,5,2025-11-24,2025-12-01,96.58,94.39,uptrend,downtrend,irrelevant,uptrend,downtrend,irrelevant,downtrend,downtrend,irrelevant,uptrend,uptrend,irrelevant
55,PKN,neutral,8,5,2025-11-24,2025-12-01,96.58,94.39,uptrend,downtrend,irrelevant,uptrend,downtrend,irrelevant,downtrend,downtrend,irrelevant,uptrend,uptrend,irrelevant
55,PKN,neutral,9,5,2025-11-24,2025-12-01,96.58,94.39,uptrend,downtrend,irrelevant,uptrend,downtrend,irrelevant,downtrend,downtrend,irrelevant,uptrend,uptrend,irrelevant
55,PKN,neutral,10,5,2025-11-24,2025-12-01,96.58,94.39,uptrend,downtrend,irrelevant,uptrend,downtrend,irrelevant,downtrend,downtrend,irrelevant,uptrend,uptrend,irrelevant
67,PKN,positive,1,1,2025-11-18,2025-11-19,100.72,101.88,uptrend,uptrend,irrelevant,uptrend,uptrend,irrelevant,uptrend,uptrend,irrelevant,uptrend,uptrend,irrelevant
68,PKN,positive,1,1,2025-11-18,2025-11-19,100.72,101.88,uptrend,uptrend,irrelevant,uptrend,uptrend,irrelevant,uptrend,uptrend,irrelevant,uptrend,uptrend,irrelevant
69,PKN,positive,1,1,2025-11-18,2025-11-19,100.72,101.88,uptrend,uptrend,irrelevant,uptrend,uptrend,irrelevant,uptrend,uptrend,irrelevant,uptrend,uptrend,irrelevant
70,PKN,neutral,2,1,2025-11-14,2025-11-17,104.0,102.76,uptrend,uptrend,irrelevant,uptrend,uptrend,irrelevant,uptrend,uptrend,irrelevant,uptrend,uptrend,irrelevant
70,PKN,neutral,3,1,2025-11-14,2025-11-17,104.0,102.76,uptrend,uptrend,irrelevant,uptrend,uptrend,irrelevant,uptrend,uptrend,irrelevant,uptrend,uptrend,irrelevant
70,PKN,neutral,4,1,2025-11-14,2025-11-17,104.0,102.76,uptrend,uptrend,irrelevant,uptrend,uptrend,irrelevant,uptrend,uptrend,irrelevant,uptrend,uptrend,irrelevant
70,PKN,neutral,5,1,2025-11-14,2025-11-17,104.0,102.76,uptrend,uptrend,irrelevant,uptrend,uptrend,irrelevant,uptrend,uptrend,irrelevant,uptrend,uptrend,irrelevant
70,PKN,neutral,6,1,2025-11-14,2025-11-17,104.0,102.76,uptrend,uptrend,irrelevant,uptrend,uptrend,irrelevant,uptrend,uptrend,irrelevant,uptrend,uptrend,irrelevant
70,PKN,neutral,7,1,2025-11-14,2025-11-17,104.0,102.76,uptrend,uptrend,irrelevant,uptrend,uptrend,irrelevant,uptrend,uptrend,irrelevant,uptrend,uptrend,irrelevant
70,PKN,neutral,8,1,2025-11-14,2025-11-17,104.0,102.76,uptrend,uptrend,irrelevant,uptrend,uptrend,irrelevant,uptrend,uptrend,irrelevant,uptrend,uptrend,irrelevant
70,PKN,neutral,9,1,2025-11-14,2025-11-17,104.0,102.76,uptrend,uptrend,irrelevant,uptrend,uptrend,irrelevant,uptrend,uptrend,irrelevant,uptrend,uptrend,irrelevant
70,PKN,neutral,10,1,2025-11-14,2025-11-17,104.0,102.76,uptrend,uptrend,irrelevant,uptrend,uptrend,irrelevant,uptrend,uptrend,irrelevant,uptrend,uptrend,irrelevant
70,PKN,neutral,4,2,2025-11-14,2025-11-18,104.0,100.72,uptrend,uptrend,irrelevant,uptrend,uptrend,irrelevant,uptrend,uptrend,irrelevant,uptrend,uptrend,irrelevant
70,PKN,neutral,5,2,2025-11-14,2025-11-18,104.0,100.72,uptrend,uptrend,irrelevant,uptrend,uptrend,irrelevant,uptrend,uptrend,irrelevant,uptrend,uptrend,irrelevant
70,PKN,neutral,6,2,2025-11-14,2025-11-18,104.0,100.72,uptrend,uptrend,irrelevant,uptrend,uptrend,irrelevant,uptrend,uptrend,irrelevant,uptrend,uptrend,irrelevant
70,PKN,neutral,7,2,2025-11-14,2025-11-18,104.0,100.72,uptrend,uptrend,irrelevant,uptrend,uptrend,irrelevant,uptrend,uptrend,irrelevant,uptrend,uptrend,irrelevant
70,PKN,neutral,8,2,2025-11-14,2025-11-18,104.0,100.72,uptrend,uptrend,irrelevant,uptrend,uptrend,irrelevant,uptrend,uptrend,irrelevant,uptrend,uptrend,irrelevant
70,PKN,neutral,9,2,2025-11-14,2025-11-18,104.0,100.72,uptrend,uptrend,irrelevant,uptrend,uptrend,irrelevant,uptrend,uptrend,irrelevant,uptrend,uptrend,irrelevant
70,PKN,neutral,10,2,2025-11-14,2025-11-18,104.0,100.72,uptrend,uptrend,irrelevant,uptrend,uptrend,irrelevant,uptrend,uptrend,irrelevant,uptrend,uptrend,irrelevant
70,PKN,neutral,3,3,2025-11-14,2025-11-19,104.0,101.88,uptrend,uptrend,irrelevant,uptrend,uptrend,irrelevant,uptrend,uptrend,irrelevant,uptrend,uptrend,irrelevant
70,PKN,neutral,4,3,2025-11-14,2025-11-19,104.0,101.88,uptrend,uptrend,irrelevant,uptrend,uptrend,irrelevant,uptrend,uptrend,irrelevant,uptrend,uptrend,irrelevant
70,PKN,neutral,5,3,2025-11-14,2025-11-19,104.0,101.88,uptrend,uptrend,irrelevant,uptrend,uptrend,irrelevant,uptrend,uptrend,irrelevant,uptrend,uptrend,irrelevant
70,PKN,neutral,6,3,2025-11-14,2025-11-19,104.0,101.88,uptrend,uptrend,irrelevant,uptrend,uptrend,irrelevant,uptrend,uptrend,irrelevant,uptrend,uptrend,irrelevant
70,PKN,neutral,7,3,2025-11-14,2025-11-19,104.0,101.88,uptrend,uptrend,irrelevant,uptrend,uptrend,irrelevant,uptrend,uptrend,irrelevant,uptrend,uptrend,irrelevant
70,PKN,neutral,8,3,2025-11-14,2025-11-19,104.0,101.88,uptrend,uptrend,irrelevant,uptrend,uptrend,irrelevant,uptrend,uptrend,irrelevant,uptrend,uptrend,irrelevant
70,PKN,neutral,9,3,2025-11-14,2025-11-19,104.0,101.88,uptrend,uptrend,irrelevant,uptrend,uptrend,irrelevant,uptrend,uptrend,irrelevant,uptrend,uptrend,irrelevant
70,PKN,neutral,10,3,2025-11-14,2025-11-19,104.0,101.88,uptrend,uptrend,irrelevant,uptrend,uptrend,irrelevant,uptrend,uptrend,irrelevant,uptrend,uptrend,irrelevant
70,PKN,neutral,3,4,2025-11-14,2025-11-20,104.0,101.2,uptrend,uptrend,irrelevant,uptrend,uptrend,irrelevant,uptrend,uptrend,irrelevant,uptrend,uptrend,irrelevant
70,PKN,neutral,4,4,2025-11-14,2025-11-20,104.0,101.2,uptrend,uptrend,irrelevant,uptrend,uptrend,irrelevant,uptrend,uptrend,irrelevant,uptrend,uptrend,irrelevant
70,PKN,neutral,5,4,2025-11-14,2025-11-20,104.0,101.2,uptrend,uptrend,irrelevant,uptrend,uptrend,irrelevant,uptrend,uptrend,irrelevant,uptrend,uptrend,irrelevant
70,PKN,neutral,6,4,2025-11-14,2025-11-20,104.0,101.2,uptrend,uptrend,irrelevant,uptrend,uptrend,irrelevant,uptrend,uptrend,irrelevant,uptrend,uptrend,irrelevant
70,PKN,neutral,7,4,2025-11-14,2025-11-20,104.0,101.2,uptrend,uptrend,irrelevant,uptrend,uptrend,irrelevant,uptrend,uptrend,irrelevant,uptrend,uptrend,irrelevant
70,PKN,neutral,8,4,2025-11-14,2025-11-20,104.0,101.2,uptrend,uptrend,irrelevant,uptrend,uptrend,irrelevant,uptrend,uptrend,irrelevant,uptrend,uptrend,irrelevant
70,PKN,neutral,9,4,2025-11-14,2025-11-20,104.0,101.2,uptrend,uptrend,irrelevant,uptrend,uptrend,irrelevant,uptrend,uptrend,irrelevant,uptrend,uptrend,irrelevant
70,PKN,neutral,10,4,2025-11-14,2025-11-20,104.0,101.2,uptrend,uptrend,irrelevant,uptrend,uptrend,irrelevant,uptrend,uptrend,irrelevant,uptrend,uptrend,irrelevant
70,PKN,neutral,6,5,2025-11-14,2025-11-21,104.0,98.6,uptrend,uptrend,irrelevant,uptrend,uptrend,irrelevant,uptrend,uptrend,irrelevant,uptrend,uptrend,irrelevant
70,PKN,neutral,7,5,2025-11-14,2025-11-21,104.0,98.6,uptrend,uptrend,irrelevant,uptrend,uptrend,irrelevant,uptrend,uptrend,irrelevant,uptrend,uptrend,irrelevant
70,PKN,neutral,8,5,2025-11-14,2025-11-21,104.0,98.6,uptrend,uptrend,irrelevant,uptrend,uptrend,irrelevant,uptrend,uptrend,irrelevant,uptrend,uptrend,irrelevant
70,PKN,neutral,9,5,2025-11-14,2025-11-21,104.0,98.6,uptrend,uptrend,irrelevant,uptrend,uptrend,irrelevant,uptrend,uptrend,irrelevant,uptrend,uptrend,irrelevant
70,PKN,neutral,10,5,2025-11-14,2025-11-21,104.0,98.6,uptrend,uptrend,irrelevant,uptrend,uptrend,irrelevant,uptrend,uptrend,irrelevant,uptrend,uptrend,irrelevant
72,PKN,neutral,1,1,2025-11-12,2025-11-13,103.5,103.76,uptrend,uptrend,irrelevant,uptrend,uptrend,irrelevant,uptrend,uptrend,irrelevant,uptrend,uptrend,irrelevant
72,PKN,neutral,2,1,2025-11-12,2025-11-13,103.5,103.76,uptrend,uptrend,irrelevant,uptrend,uptrend,irrelevant,uptrend,uptrend,irrelevant,uptrend,uptrend,irrelevant
72,PKN,neutral,3,1,2025-11-12,2025-11-13,103.5,103.76,uptrend,uptrend,irrelevant,uptrend,uptrend,irrelevant,uptrend,uptrend,irrelevant,uptrend,uptrend,irrelevant
72,PKN,neutral,4,1,2025-11-12,2025-11-13,103.5,103.76,uptrend,uptrend,irrelevant,uptrend,uptrend,irrelevant,uptrend,uptrend,irrelevant,uptrend,uptrend,irrelevant
72,PKN,neutral,5,1,2025-11-12,2025-11-13,103.5,103.76,uptrend,uptrend,irrelevant,uptrend,uptrend,irrelevant,uptrend,uptrend,irrelevant,uptrend,uptrend,irrelevant
72,PKN,neutral,6,1,2025-11-12,2025-11-13,103.5,103.76,uptrend,uptrend,irrelevant,uptrend,uptrend,irrelevant,uptrend,uptrend,irrelevant,uptrend,uptrend,irrelevant
72,PKN,neutral,7,1,2025-11-12,2025-11-13,103.5,103.76,uptrend,uptrend,irrelevant,uptrend,uptrend,irrelevant,uptrend,uptrend,irrelevant,uptrend,uptrend,irrelevant
72,PKN,neutral,8,1,2025-11-12,2025-11-13,103.5,103.76,uptrend,uptrend,irrelevant,uptrend,uptrend,irrelevant,uptrend,uptrend,irrelevant,uptrend,uptrend,irrelevant
72,PKN,neutral,9,1,2025-11-12,2025-11-13,103.5,103.76,uptrend,uptrend,irrelevant,uptrend,uptrend,irrelevant,uptrend,uptrend,irrelevant,uptrend,uptrend,irrelevant
72,PKN,neutral,10,1,2025-11-12,2025-11-13,103.5,103.76,uptrend,uptrend,irrelevant,uptrend,uptrend,irrelevant,uptrend,uptrend,irrelevant,uptrend,uptrend,irrelevant
72,PKN,neutral,1,2,2025-11-12,2025-11-14,103.5,104.0,uptrend,uptrend,irrelevant,uptrend,uptrend,irrelevant,uptrend,uptrend,irrelevant,uptrend,uptrend,irrelevant
72,PKN,neutral,2,2,2025-11-12,2025-11-14,103.5,104.0,uptrend,uptrend,irrelevant,uptrend,uptrend,irrelevant,uptrend,uptrend,irrelevant,uptrend,uptrend,irrelevant
72,PKN,neutral,3,2,2025-11-12,2025-11-14,103.5,104.0,uptrend,uptrend,irrelevant,uptrend,uptrend,irrelevant,uptrend,uptrend,irrelevant,uptrend,uptrend,irrelevant
72,PKN,neutral,4,2,2025-11-12,2025-11-14,103.5,104.0,uptrend,uptrend,irrelevant,uptrend,uptrend,irrelevant,uptrend,uptrend,irrelevant,uptrend,uptrend,irrelevant
72,PKN,neutral,5,2,2025-11-12,2025-11-14,103.5,104.0,uptrend,uptrend,irrelevant,uptrend,uptrend,irrelevant,uptrend,uptrend,irrelevant,uptrend,uptrend,irrelevant
72,PKN,neutral,6,2,2025-11-12,2025-11-14,103.5,104.0,uptrend,uptrend,irrelevant,uptrend,uptrend,irrelevant,uptrend,uptrend,irrelevant,uptrend,uptrend,irrelevant
72,PKN,neutral,7,2,2025-11-12,2025-11-14,103.5,104.0,uptrend,uptrend,irrelevant,uptrend,uptrend,irrelevant,uptrend,uptrend,irrelevant,uptrend,uptrend,irrelevant
72,PKN,neutral,8,2,2025-11-12,2025-11-14,103.5,104.0,uptrend,uptrend,irrelevant,uptrend,uptrend,irrelevant,uptrend,uptrend,irrelevant,uptrend,uptrend,irrelevant
72,PKN,neutral,9,2,2025-11-12,2025-11-14,103.5,104.0,uptrend,uptrend,irrelevant,uptrend,uptrend,irrelevant,uptrend,uptrend,irrelevant,uptrend,uptrend,irrelevant
72,PKN,neutral,10,2,2025-11-12,2025-11-14,103.5,104.0,uptrend,uptrend,irrelevant,uptrend,uptrend,irrelevant,uptrend,uptrend,irrelevant,uptrend,uptrend,irrelevant
72,PKN,neutral,1,3,2025-11-12,2025-11-17,103.5,102.76,uptrend,uptrend,irrelevant,uptrend,uptrend,irrelevant,uptrend,uptrend,irrelevant,uptrend,uptrend,irrelevant
72,PKN,neutral,2,3,2025-11-12,2025-11-17,103.5,102.76,uptrend,uptrend,irrelevant,uptrend,uptrend,irrelevant,uptrend,uptrend,irrelevant,uptrend,uptrend,irrelevant
72,PKN,neutral,3,3,2025-11-12,2025-11-17,103.5,102.76,uptrend,uptrend,irrelevant,uptrend,uptrend,irrelevant,uptrend,uptrend,irrelevant,uptrend,uptrend,irrelevant
72,PKN,neutral,4,3,2025-11-12,2025-11-17,103.5,102.76,uptrend,uptrend,irrelevant,uptrend,uptrend,irrelevant,uptrend,uptrend,irrelevant,uptrend,uptrend,irrelevant
72,PKN,neutral,5,3,2025-11-12,2025-11-17,103.5,102.76,uptrend,uptrend,irrelevant,uptrend,uptrend,irrelevant,uptrend,uptrend,irrelevant,uptrend,uptrend,irrelevant
72,PKN,neutral,6,3,2025-11-12,2025-11-17,103.5,102.76,uptrend,uptrend,irrelevant,uptrend,uptrend,irrelevant,uptrend,uptrend,irrelevant,uptrend,uptrend,irrelevant
72,PKN,neutral,7,3,2025-11-12,2025-11-17,103.5,102.76,uptrend,uptrend,irrelevant,uptrend,uptrend,irrelevant,uptrend,uptrend,irrelevant,uptrend,uptrend,irrelevant
72,PKN,neutral,8,3,2025-11-12,2025-11-17,103.5,102.76,uptrend,uptrend,irrelevant,uptrend,uptrend,irrelevant,uptrend,uptrend,irrelevant,uptrend,uptrend,irrelevant
72,PKN,neutral,9,3,2025-11-12,2025-11-17,103.5,102.76,uptrend,uptrend,irrelevant,uptrend,uptrend,irrelevant,uptrend,uptrend,irrelevant,uptrend,uptrend,irrelevant
72,PKN,neutral,10,3,2025-11-12,2025-11-17,103.5,102.76,uptrend,uptrend,irrelevant,uptrend,uptrend,irrelevant,uptrend,uptrend,irrelevant,uptrend,uptrend,irrelevant
72,PKN,neutral,3,4,2025-11-12,2025-11-18,103.5,100.72,uptrend,uptrend,irrelevant,uptrend,uptrend,irrelevant,uptrend,uptrend,irrelevant,uptrend,uptrend,irrelevant
72,PKN,neutral,4,4,2025-11-12,2025-11-18,103.5,100.72,uptrend,uptrend,irrelevant,uptrend,uptrend,irrelevant,uptrend,uptrend,irrelevant,uptrend,uptrend,irrelevant
72,PKN,neutral,5,4,2025-11-12,2025-11-18,103.5,100.72,uptrend,uptrend,irrelevant,uptrend,uptrend,irrelevant,uptrend,uptrend,irrelevant,uptrend,uptrend,irrelevant
72,PKN,neutral,6,4,2025-11-12,2025-11-18,103.5,100.72,uptrend,uptrend,irrelevant,uptrend,uptrend,irrelevant,uptrend,uptrend,irrelevant,uptrend,uptrend,irrelevant
72,PKN,neutral,7,4,2025-11-12,2025-11-18,103.5,100.72,uptrend,uptrend,irrelevant,uptrend,uptrend,irrelevant,uptrend,uptrend,irrelevant,uptrend,uptrend,irrelevant
72,PKN,neutral,8,4,2025-11-12,2025-11-18,103.5,100.72,uptrend,uptrend,irrelevant,uptrend,uptrend,irrelevant,uptrend,uptrend,irrelevant,uptrend,uptrend,irrelevant
72,PKN,neutral,9,4,2025-11-12,2025-11-18,103.5,100.72,uptrend,uptrend,irrelevant,uptrend,uptrend,irrelevant,uptrend,uptrend,irrelevant,uptrend,uptrend,irrelevant
72,PKN,neutral,10,4,2025-11-12,2025-11-18,103.5,100.72,uptrend,uptrend,irrelevant,uptrend,uptrend,irrelevant,uptrend,uptrend,irrelevant,uptrend,uptrend,irrelevant
72,PKN,neutral,2,5,2025-11-12,2025-11-19,103.5,101.88,uptrend,uptrend,irrelevant,uptrend,uptrend,irrelevant,uptrend,uptrend,irrelevant,uptrend,uptrend,irrelevant
72,PKN,neutral,3,5,2025-11-12,2025-11-19,103.5,101.88,uptrend,uptrend,irrelevant,uptrend,uptrend,irrelevant,uptrend,uptrend,irrelevant,uptrend,uptrend,irrelevant
72,PKN,neutral,4,5,2025-11-12,2025-11-19,103.5,101.88,uptrend,uptrend,irrelevant,uptrend,uptrend,irrelevant,uptrend,uptrend,irrelevant,uptrend,uptrend,irrelevant
72,PKN,neutral,5,5,2025-11-12,2025-11-19,103.5,101.88,uptrend,uptrend,irrelevant,uptrend,uptrend,irrelevant,uptrend,uptrend,irrelevant,uptrend,uptrend,irrelevant
72,PKN,neutral,6,5,2025-11-12,2025-11-19,103.5,101.88,uptrend,uptrend,irrelevant,uptrend,uptrend,irrelevant,uptrend,uptrend,irrelevant,uptrend,uptrend,irrelevant
72,PKN,neutral,7,5,2025-11-12,2025-11-19,103.5,101.88,uptrend,uptrend,irrelevant,uptrend,uptrend,irrelevant,uptrend,uptrend,irrelevant,uptrend,uptrend,irrelevant
72,PKN,neutral,8,5,2025-11-12,2025-11-19,103.5,101.88,uptrend,uptrend,irrelevant,uptrend,uptrend,irrelevant,uptrend,uptrend,irrelevant,uptrend,uptrend,irrelevant
72,PKN,neutral,9,5,2025-11-12,2025-11-19,103.5,101.88,uptrend,uptrend,irrelevant,uptrend,uptrend,irrelevant,uptrend,uptrend,irrelevant,uptrend,uptrend,irrelevant
72,PKN,neutral,10,5,2025-11-12,2025-11-19,103.5,101.88,uptrend,uptrend,irrelevant,uptrend,uptrend,irrelevant,uptrend,uptrend,irrelevant,uptrend,uptrend,irrelevant
74,PKN,neutral,1,1,2025-11-12,2025-11-13,103.5,103.76,uptrend,uptrend,irrelevant,uptrend,uptrend,irrelevant,uptrend,uptrend,irrelevant,uptrend,uptrend,irrelevant
74,PKN,neutral,2,1,2025-11-12,2025-11-13,103.5,103.76,uptrend,uptrend,irrelevant,uptrend,uptrend,irrelevant,uptrend,uptrend,irrelevant,uptrend,uptrend,irrelevant
74,PKN,neutral,3,1,2025-11-12,2025-11-13,103.5,103.76,uptrend,uptrend,irrelevant,uptrend,uptrend,irrelevant,uptrend,uptrend,irrelevant,uptrend,uptrend,irrelevant
74,PKN,neutral,4,1,2025-11-12,2025-11-13,103.5,103.76,uptrend,uptrend,irrelevant,uptrend,uptrend,irrelevant,uptrend,uptrend,irrelevant,uptrend,uptrend,irrelevant
74,PKN,neutral,5,1,2025-11-12,2025-11-13,103.5,103.76,uptrend,uptrend,irrelevant,uptrend,uptrend,irrelevant,uptrend,uptrend,irrelevant,uptrend,uptrend,irrelevant
74,PKN,neutral,6,1,2025-11-12,2025-11-13,103.5,103.76,uptrend,uptrend,irrelevant,uptrend,uptrend,irrelevant,uptrend,uptrend,irrelevant,uptrend,uptrend,irrelevant
74,PKN,neutral,7,1,2025-11-12,2025-11-13,103.5,103.76,uptrend,uptrend,irrelevant,uptrend,uptrend,irrelevant,uptrend,uptrend,irrelevant,uptrend,uptrend,irrelevant
74,PKN,neutral,8,1,2025-11-12,2025-11-13,103.5,103.76,uptrend,uptrend,irrelevant,uptrend,uptrend,irrelevant,uptrend,uptrend,irrelevant,uptrend,uptrend,irrelevant
74,PKN,neutral,9,1,2025-11-12,2025-11-13,103.5,103.76,uptrend,uptrend,irrelevant,uptrend,uptrend,irrelevant,uptrend,uptrend,irrelevant,uptrend,uptrend,irrelevant
74,PKN,neutral,10,1,2025-11-12,2025-11-13,103.5,103.76,uptrend,uptrend,irrelevant,uptrend,uptrend,irrelevant,uptrend,uptrend,irrelevant,uptrend,uptrend,irrelevant
74,PKN,neutral,1,2,2025-11-12,2025-11-14,103.5,104.0,uptrend,uptrend,irrelevant,uptrend,uptrend,irrelevant,uptrend,uptrend,irrelevant,uptrend,uptrend,irrelevant
74,PKN,neutral,2,2,2025-11-12,2025-11-14,103.5,104.0,uptrend,uptrend,irrelevant,uptrend,uptrend,irrelevant,uptrend,uptrend,irrelevant,uptrend,uptrend,irrelevant
74,PKN,neutral,3,2,2025-11-12,2025-11-14,103.5,104.0,uptrend,uptrend,irrelevant,uptrend,uptrend,irrelevant,uptrend,uptrend,irrelevant,uptrend,uptrend,irrelevant
74,PKN,neutral,4,2,2025-11-12,2025-11-14,103.5,104.0,uptrend,uptrend,irrelevant,uptrend,uptrend,irrelevant,uptrend,uptrend,irrelevant,uptrend,uptrend,irrelevant
74,PKN,neutral,5,2,2025-11-12,2025-11-14,103.5,104.0,uptrend,uptrend,irrelevant,uptrend,uptrend,irrelevant,uptrend,uptrend,irrelevant,uptrend,uptrend,irrelevant
74,PKN,neutral,6,2,2025-11-12,2025-11-14,103.5,104.0,uptrend,uptrend,irrelevant,uptrend,uptrend,irrelevant,uptrend,uptrend,irrelevant,uptrend,uptrend,irrelevant
74,PKN,neutral,7,2,2025-11-12,2025-11-14,103.5,104.0,uptrend,uptrend,irrelevant,uptrend,uptrend,irrelevant,uptrend,uptrend,irrelevant,uptrend,uptrend,irrelevant
74,PKN,neutral,8,2,2025-11-12,2025-11-14,103.5,104.0,uptrend,uptrend,irrelevant,uptrend,uptrend,irrelevant,uptrend,uptrend,irrelevant,uptrend,uptrend,irrelevant
74,PKN,neutral,9,2,2025-11-12,2025-11-14,103.5,104.0,uptrend,uptrend,irrelevant,uptrend,uptrend,irrelevant,uptrend,uptrend,irrelevant,uptrend,uptrend,irrelevant
74,PKN,neutral,10,2,2025-11-12,2025-11-14,103.5,104.0,uptrend,uptrend,irrelevant,uptrend,uptrend,irrelevant,uptrend,uptrend,irrelevant,uptrend,uptrend,irrelevant
74,PKN,neutral,1,3,2025-11-12,2025-11-17,103.5,102.76,uptrend,uptrend,irrelevant,uptrend,uptrend,irrelevant,uptrend,uptrend,irrelevant,uptrend,uptrend,irrelevant
74,PKN,neutral,2,3,2025-11-12,2025-11-17,103.5,102.76,uptrend,uptrend,irrelevant,uptrend,uptrend,irrelevant,uptrend,uptrend,irrelevant,uptrend,uptrend,irrelevant
74,PKN,neutral,3,3,2025-11-12,2025-11-17,103.5,102.76,uptrend,uptrend,irrelevant,uptrend,uptrend,irrelevant,uptrend,uptrend,irrelevant,uptrend,uptrend,irrelevant
74,PKN,neutral,4,3,2025-11-12,2025-11-17,103.5,102.76,uptrend,uptrend,irrelevant,uptrend,uptrend,irrelevant,uptrend,uptrend,irrelevant,uptrend,uptrend,irrelevant
74,PKN,neutral,5,3,2025-11-12,2025-11-17,103.5,102.76,uptrend,uptrend,irrelevant,uptrend,uptrend,irrelevant,uptrend,uptrend,irrelevant,uptrend,uptrend,irrelevant
74,PKN,neutral,6,3,2025-11-12,2025-11-17,103.5,102.76,uptrend,uptrend,irrelevant,uptrend,uptrend,irrelevant,uptrend,uptrend,irrelevant,uptrend,uptrend,irrelevant
74,PKN,neutral,7,3,2025-11-12,2025-11-17,103.5,102.76,uptrend,uptrend,irrelevant,uptrend,uptrend,irrelevant,uptrend,uptrend,irrelevant,uptrend,uptrend,irrelevant
74,PKN,neutral,8,3,2025-11-12,2025-11-17,103.5,102.76,uptrend,uptrend,irrelevant,uptrend,uptrend,irrelevant,uptrend,uptrend,irrelevant,uptrend,uptrend,irrelevant
74,PKN,neutral,9,3,2025-11-12,2025-11-17,103.5,102.76,uptrend,uptrend,irrelevant,uptrend,uptrend,irrelevant,uptrend,uptrend,irrelevant,uptrend,uptrend,irrelevant
74,PKN,neutral,10,3,2025-11-12,2025-11-17,103.5,102.76,uptrend,uptrend,irrelevant,uptrend,uptrend,irrelevant,uptrend,uptrend,irrelevant,uptrend,uptrend,irrelevant
74,PKN,neutral,3,4,2025-11-12,2025-11-18,103.5,100.72,uptrend,uptrend,irrelevant,uptrend,uptrend,irrelevant,uptrend,uptrend,irrelevant,uptrend,uptrend,irrelevant
74,PKN,neutral,4,4,2025-11-12,2025-11-18,103.5,100.72,uptrend,uptrend,irrelevant,uptrend,uptrend,irrelevant,uptrend,uptrend,irrelevant,uptrend,uptrend,irrelevant
74,PKN,neutral,5,4,2025-11-12,2025-11-18,103.5,100.72,uptrend,uptrend,irrelevant,uptrend,uptrend,irrelevant,uptrend,uptrend,irrelevant,uptrend,uptrend,irrelevant
74,PKN,neutral,6,4,2025-11-12,2025-11-18,103.5,100.72,uptrend,uptrend,irrelevant,uptrend,uptrend,irrelevant,uptrend,uptrend,irrelevant,uptrend,uptrend,irrelevant
74,PKN,neutral,7,4,2025-11-12,2025-11-18,103.5,100.72,uptrend,uptrend,irrelevant,uptrend,uptrend,irrelevant,uptrend,uptrend,irrelevant,uptrend,uptrend,irrelevant
74,PKN,neutral,8,4,2025-11-12,2025-11-18,103.5,100.72,uptrend,uptrend,irrelevant,uptrend,uptrend,irrelevant,uptrend,uptrend,irrelevant,uptrend,uptrend,irrelevant
74,PKN,neutral,9,4,2025-11-12,2025-11-18,103.5,100.72,uptrend,uptrend,irrelevant,uptrend,uptrend,irrelevant,uptrend,uptrend,irrelevant,uptrend,uptrend,irrelevant
74,PKN,neutral,10,4,2025-11-12,2025-11-18,103.5,100.72,uptrend,uptrend,irrelevant,uptrend,uptrend,irrelevant,uptrend,uptrend,irrelevant,uptrend,uptrend,irrelevant
74,PKN,neutral,2,5,2025-11-12,2025-11-19,103.5,101.88,uptrend,uptrend,irrelevant,uptrend,uptrend,irrelevant,uptrend,uptrend,irrelevant,uptrend,uptrend,irrelevant
74,PKN,neutral,3,5,2025-11-12,2025-11-19,103.5,101.88,uptrend,uptrend,irrelevant,uptrend,uptrend,irrelevant,uptrend,uptrend,irrelevant,uptrend,uptrend,irrelevant
74,PKN,neutral,4,5,2025-11-12,2025-11-19,103.5,101.88,uptrend,uptrend,irrelevant,uptrend,uptrend,irrelevant,uptrend,uptrend,irrelevant,uptrend,uptrend,irrelevant
74,PKN,neutral,5,5,2025-11-12,2025-11-19,103.5,101.88,uptrend,uptrend,irrelevant,uptrend,uptrend,irrelevant,uptrend,uptrend,irrelevant,uptrend,uptrend,irrelevant
74,PKN,neutral,6,5,2025-11-12,2025-11-19,103.5,101.88,uptrend,uptrend,irrelevant,uptrend,uptrend,irrelevant,uptrend,uptrend,irrelevant,uptrend,uptrend,irrelevant
74,PKN,neutral,7,5,2025-11-12,2025-11-19,103.5,101.88,uptrend,uptrend,irrelevant,uptrend,uptrend,irrelevant,uptrend,uptrend,irrelevant,uptrend,uptrend,irrelevant
74,PKN,neutral,8,5,2025-11-12,2025-11-19,103.5,101.88,uptrend,uptrend,irrelevant,uptrend,uptrend,irrelevant,uptrend,uptrend,irrelevant,uptrend,uptrend,irrelevant
74,PKN,neutral,9,5,2025-11-12,2025-11-19,103.5,101.88,uptrend,uptrend,irrelevant,uptrend,uptrend,irrelevant,uptrend,uptrend,irrelevant,uptrend,uptrend,irrelevant
74,PKN,neutral,10,5,2025-11-12,2025-11-19,103.5,101.88,uptrend,uptrend,irrelevant,uptrend,uptrend,irrelevant,uptrend,uptrend,irrelevant,uptrend,uptrend,irrelevant
75,PKN,negative,1,5,2025-11-10,2025-11-18,101.8,100.72,uptrend,uptrend,irrelevant,uptrend,uptrend,irrelevant,uptrend,uptrend,irrelevant,uptrend,uptrend,irrelevant
76,PKN,neutral,2,1,2025-11-10,2025-11-12,101.8,103.5,uptrend,uptrend,irrelevant,uptrend,uptrend,irrelevant,uptrend,uptrend,irrelevant,uptrend,uptrend,irrelevant
76,PKN,neutral,3,1,2025-11-10,2025-11-12,101.8,103.5,uptrend,uptrend,irrelevant,uptrend,uptrend,irrelevant,uptrend,uptrend,irrelevant,uptrend,uptrend,irrelevant
76,PKN,neutral,4,1,2025-11-10,2025-11-12,101.8,103.5,uptrend,uptrend,irrelevant,uptrend,uptrend,irrelevant,uptrend,uptrend,irrelevant,uptrend,uptrend,irrelevant
76,PKN,neutral,5,1,2025-11-10,2025-11-12,101.8,103.5,uptrend,uptrend,irrelevant,uptrend,uptrend,irrelevant,uptrend,uptrend,irrelevant,uptrend,uptrend,irrelevant
76,PKN,neutral,6,1,2025-11-10,2025-11-12,101.8,103.5,uptrend,uptrend,irrelevant,uptrend,uptrend,irrelevant,uptrend,uptrend,irrelevant,uptrend,uptrend,irrelevant
76,PKN,neutral,7,1,2025-11-10,2025-11-12,101.8,103.5,uptrend,uptrend,irrelevant,uptrend,uptrend,irrelevant,uptrend,uptrend,irrelevant,uptrend,uptrend,irrelevant
76,PKN,neutral,8,1,2025-11-10,2025-11-12,101.8,103.5,uptrend,uptrend,irrelevant,uptrend,uptrend,irrelevant,uptrend,uptrend,irrelevant,uptrend,uptrend,irrelevant
76,PKN,neutral,9,1,2025-11-10,2025-11-12,101.8,103.5,uptrend,uptrend,irrelevant,uptrend,uptrend,irrelevant,uptrend,uptrend,irrelevant,uptrend,uptrend,irrelevant
76,PKN,neutral,10,1,2025-11-10,2025-11-12,101.8,103.5,uptrend,uptrend,irrelevant,uptrend,uptrend,irrelevant,uptrend,uptrend,irrelevant,uptrend,uptrend,irrelevant
76,PKN,neutral,2,2,2025-11-10,2025-11-13,101.8,103.76,uptrend,uptrend,irrelevant,uptrend,uptrend,irrelevant,uptrend,uptrend,irrelevant,uptrend,uptrend,irrelevant
76,PKN,neutral,3,2,2025-11-10,2025-11-13,101.8,103.76,uptrend,uptrend,irrelevant,uptrend,uptrend,irrelevant,uptrend,uptrend,irrelevant,uptrend,uptrend,irrelevant
76,PKN,neutral,4,2,2025-11-10,2025-11-13,101.8,103.76,uptrend,uptrend,irrelevant,uptrend,uptrend,irrelevant,uptrend,uptrend,irrelevant,uptrend,uptrend,irrelevant
76,PKN,neutral,5,2,2025-11-10,2025-11-13,101.8,103.76,uptrend,uptrend,irrelevant,uptrend,uptrend,irrelevant,uptrend,uptrend,irrelevant,uptrend,uptrend,irrelevant
76,PKN,neutral,6,2,2025-11-10,2025-11-13,101.8,103.76,uptrend,uptrend,irrelevant,uptrend,uptrend,irrelevant,uptrend,uptrend,irrelevant,uptrend,uptrend,irrelevant
76,PKN,neutral,7,2,2025-11-10,2025-11-13,101.8,103.76,uptrend,uptrend,irrelevant,uptrend,uptrend,irrelevant,uptrend,uptrend,irrelevant,uptrend,uptrend,irrelevant
76,PKN,neutral,8,2,2025-11-10,2025-11-13,101.8,103.76,uptrend,uptrend,irrelevant,uptrend,uptrend,irrelevant,uptrend,uptrend,irrelevant,uptrend,uptrend,irrelevant
76,PKN,neutral,9,2,2025-11-10,2025-11-13,101.8,103.76,uptrend,uptrend,irrelevant,uptrend,uptrend,irrelevant,uptrend,uptrend,irrelevant,uptrend,uptrend,irrelevant
76,PKN,neutral,10,2,2025-11-10,2025-11-13,101.8,103.76,uptrend,uptrend,irrelevant,uptrend,uptrend,irrelevant,uptrend,uptrend,irrelevant,uptrend,uptrend,irrelevant
76,PKN,neutral,3,3,2025-11-10,2025-11-14,101.8,104.0,uptrend,uptrend,irrelevant,uptrend,uptrend,irrelevant,uptrend,uptrend,irrelevant,uptrend,uptrend,irrelevant
76,PKN,neutral,4,3,2025-11-10,2025-11-14,101.8,104.0,uptrend,uptrend,irrelevant,uptrend,uptrend,irrelevant,uptrend,uptrend,irrelevant,uptrend,uptrend,irrelevant
76,PKN,neutral,5,3,2025-11-10,2025-11-14,101.8,104.0,uptrend,uptrend,irrelevant,uptrend,uptrend,irrelevant,uptrend,uptrend,irrelevant,uptrend,uptrend,irrelevant
76,PKN,neutral,6,3,2025-11-10,2025-11-14,101.8,104.0,uptrend,uptrend,irrelevant,uptrend,uptrend,irrelevant,uptrend,uptrend,irrelevant,uptrend,uptrend,irrelevant
76,PKN,neutral,7,3,2025-11-10,2025-11-14,101.8,104.0,uptrend,uptrend,irrelevant,uptrend,uptrend,irrelevant,uptrend,uptrend,irrelevant,uptrend,uptrend,irrelevant
76,PKN,neutral,8,3,2025-11-10,2025-11-14,101.8,104.0,uptrend,uptrend,irrelevant,uptrend,uptrend,irrelevant,uptrend,uptrend,irrelevant,uptrend,uptrend,irrelevant
76,PKN,neutral,9,3,2025-11-10,2025-11-14,101.8,104.0,uptrend,uptrend,irrelevant,uptrend,uptrend,irrelevant,uptrend,uptrend,irrelevant,uptrend,uptrend,irrelevant
76,PKN,neutral,10,3,2025-11-10,2025-11-14,101.8,104.0,uptrend,uptrend,irrelevant,uptrend,uptrend,irrelevant,uptrend,uptrend,irrelevant,uptrend,uptrend,irrelevant
76,PKN,neutral,1,4,2025-11-10,2025-11-17,101.8,102.76,uptrend,uptrend,irrelevant,uptrend,uptrend,irrelevant,uptrend,uptrend,irrelevant,uptrend,uptrend,irrelevant
76,PKN,neutral,2,4,2025-11-10,2025-11-17,101.8,102.76,uptrend,uptrend,irrelevant,uptrend,uptrend,irrelevant,uptrend,uptrend,irrelevant,uptrend,uptrend,irrelevant
76,PKN,neutral,3,4,2025-11-10,2025-11-17,101.8,102.76,uptrend,uptrend,irrelevant,uptrend,uptrend,irrelevant,uptrend,uptrend,irrelevant,uptrend,uptrend,irrelevant
76,PKN,neutral,4,4,2025-11-10,2025-11-17,101.8,102.76,uptrend,uptrend,irrelevant,uptrend,uptrend,irrelevant,uptrend,uptrend,irrelevant,uptrend,uptrend,irrelevant
76,PKN,neutral,5,4,2025-11-10,2025-11-17,101.8,102.76,uptrend,uptrend,irrelevant,uptrend,uptrend,irrelevant,uptrend,uptrend,irrelevant,uptrend,uptrend,irrelevant
76,PKN,neutral,6,4,2025-11-10,2025-11-17,101.8,102.76,uptrend,uptrend,irrelevant,uptrend,uptrend,irrelevant,uptrend,uptrend,irrelevant,uptrend,uptrend,irrelevant
76,PKN,neutral,7,4,2025-11-10,2025-11-17,101.8,102.76,uptrend,uptrend,irrelevant,uptrend,uptrend,irrelevant,uptrend,uptrend,irrelevant,uptrend,uptrend,irrelevant
76,PKN,neutral,8,4,2025-11-10,2025-11-17,101.8,102.76,uptrend,uptrend,irrelevant,uptrend,uptrend,irrelevant,uptrend,uptrend,irrelevant,uptrend,uptrend,irrelevant
76,PKN,neutral,9,4,2025-11-10,2025-11-17,101.8,102.76,uptrend,uptrend,irrelevant,uptrend,uptrend,irrelevant,uptrend,uptrend,irrelevant,uptrend,uptrend,irrelevant
76,PKN,neutral,10,4,2025-11-10,2025-11-17,101.8,102.76,uptrend,uptrend,irrelevant,uptrend,uptrend,irrelevant,uptrend,uptrend,irrelevant,uptrend,uptrend,irrelevant
76,PKN,neutral,2,5,2025-11-10,2025-11-18,101.8,100.72,uptrend,uptrend,irrelevant,uptrend,uptrend,irrelevant,uptrend,uptrend,irrelevant,uptrend,uptrend,irrelevant
76,PKN,neutral,3,5,2025-11-10,2025-11-18,101.8,100.72,uptrend,uptrend,irrelevant,uptrend,uptrend,irrelevant,uptrend,uptrend,irrelevant,uptrend,uptrend,irrelevant
76,PKN,neutral,4,5,2025-11-10,2025-11-18,101.8,100.72,uptrend,uptrend,irrelevant,uptrend,uptrend,irrelevant,uptrend,uptrend,irrelevant,uptrend,uptrend,irrelevant
76,PKN,neutral,5,5,2025-11-10,2025-11-18,101.8,100.72,uptrend,uptrend,irrelevant,uptrend,uptrend,irrelevant,uptrend,uptrend,irrelevant,uptrend,uptrend,irrelevant
76,PKN,neutral,6,5,2025-11-10,2025-11-18,101.8,100.72,uptrend,uptrend,irrelevant,uptrend,uptrend,irrelevant,uptrend,uptrend,irrelevant,uptrend,uptrend,irrelevant
76,PKN,neutral,7,5,2025-11-10,2025-11-18,101.8,100.72,uptrend,uptrend,irrelevant,uptrend,uptrend,irrelevant,uptrend,uptrend,irrelevant,uptrend,uptrend,irrelevant
76,PKN,neutral,8,5,2025-11-10,2025-11-18,101.8,100.72,uptrend,uptrend,irrelevant,uptrend,uptrend,irrelevant,uptrend,uptrend,irrelevant,uptrend,uptrend,irrelevant
76,PKN,neutral,9,5,2025-11-10,2025-11-18,101.8,100.72,uptrend,uptrend,irrelevant,uptrend,uptrend,irrelevant,uptrend,uptrend,irrelevant,uptrend,uptrend,irrelevant
76,PKN,neutral,10,5,2025-11-10,2025-11-18,101.8,100.72,uptrend,uptrend,irrelevant,uptrend,uptrend,irrelevant,uptrend,uptrend,irrelevant,uptrend,uptrend,irrelevant
77,PKN,positive,1,1,2025-11-10,2025-11-12,101.8,103.5,uptrend,uptrend,irrelevant,uptrend,uptrend,irrelevant,uptrend,uptrend,irrelevant,uptrend,uptrend,irrelevant
77,PKN,positive,1,2,2025-11-10,2025-11-13,101.8,103.76,uptrend,uptrend,irrelevant,uptrend,uptrend,irrelevant,uptrend,uptrend,irrelevant,uptrend,uptrend,irrelevant
77,PKN,positive,1,3,2025-11-10,2025-11-14,101.8,104.0,uptrend,uptrend,irrelevant,uptrend,uptrend,irrelevant,uptrend,uptrend,irrelevant,uptrend,uptrend,irrelevant
77,PKN,positive,2,3,2025-11-10,2025-11-14,101.8,104.0,uptrend,uptrend,irrelevant,uptrend,uptrend,irrelevant,uptrend,uptrend,irrelevant,uptrend,uptrend,irrelevant
78,PKN,positive,1,1,2025-11-10,2025-11-12,101.8,103.5,uptrend,uptrend,irrelevant,uptrend,uptrend,irrelevant,uptrend,uptrend,irrelevant,uptrend,uptrend,irrelevant
78,PKN,positive,1,2,2025-11-10,2025-11-13,101.8,103.76,uptrend,uptrend,irrelevant,uptrend,uptrend,irrelevant,uptrend,uptrend,irrelevant,uptrend,uptrend,irrelevant
78,PKN,positive,1,3,2025-11-10,2025-11-14,101.8,104.0,uptrend,uptrend,irrelevant,uptrend,uptrend,irrelevant,uptrend,uptrend,irrelevant,uptrend,uptrend,irrelevant
78,PKN,positive,2,3,2025-11-10,2025-11-14,101.8,104.0,uptrend,uptrend,irrelevant,uptrend,uptrend,irrelevant,uptrend,uptrend,irrelevant,uptrend,uptrend,irrelevant
79,PKN,positive,1,1,2025-11-07,2025-11-10,98.93,101.8,uptrend,uptrend,irrelevant,uptrend,uptrend,irrelevant,uptrend,uptrend,irrelevant,uptrend,uptrend,irrelevant
79,PKN,positive,2,1,2025-11-07,2025-11-10,98.93,101.8,uptrend,uptrend,irrelevant,uptrend,uptrend,irrelevant,uptrend,uptrend,irrelevant,uptrend,uptrend,irrelevant
79,PKN,positive,1,2,2025-11-07,2025-11-12,98.93,103.5,uptrend,uptrend,irrelevant,uptrend,uptrend,irrelevant,uptrend,uptrend,irrelevant,uptrend,uptrend,irrelevant
79,PKN,positive,2,2,2025-11-07,2025-11-12,98.93,103.5,uptrend,uptrend,irrelevant,uptrend,uptrend,irrelevant,uptrend,uptrend,irrelevant,uptrend,uptrend,irrelevant
79,PKN,positive,3,2,2025-11-07,2025-11-12,98.93,103.5,uptrend,uptrend,irrelevant,uptrend,uptrend,irrelevant,uptrend,uptrend,irrelevant,uptrend,uptrend,irrelevant
79,PKN,positive,4,2,2025-11-07,2025-11-12,98.93,103.5,uptrend,uptrend,irrelevant,uptrend,uptrend,irrelevant,uptrend,uptrend,irrelevant,uptrend,uptrend,irrelevant
79,PKN,positive,1,3,2025-11-07,2025-11-13,98.93,103.76,uptrend,uptrend,irrelevant,uptrend,uptrend,irrelevant,uptrend,uptrend,irrelevant,uptrend,uptrend,irrelevant
79,PKN,positive,2,3,2025-11-07,2025-11-13,98.93,103.76,uptrend,uptrend,irrelevant,uptrend,uptrend,irrelevant,uptrend,uptrend,irrelevant,uptrend,uptrend,irrelevant
79,PKN,positive,3,3,2025-11-07,2025-11-13,98.93,103.76,uptrend,uptrend,irrelevant,uptrend,uptrend,irrelevant,uptrend,uptrend,irrelevant,uptrend,uptrend,irrelevant
79,PKN,positive,4,3,2025-11-07,2025-11-13,98.93,103.76,uptrend,uptrend,irrelevant,uptrend,uptrend,irrelevant,uptrend,uptrend,irrelevant,uptrend,uptrend,irrelevant
79,PKN,positive,1,4,2025-11-07,2025-11-14,98.93,104.0,uptrend,uptrend,irrelevant,uptrend,uptrend,irrelevant,uptrend,uptrend,irrelevant,uptrend,uptrend,irrelevant
79,PKN,positive,2,4,2025-11-07,2025-11-14,98.93,104.0,uptrend,uptrend,irrelevant,uptrend,uptrend,irrelevant,uptrend,uptrend,irrelevant,uptrend,uptrend,irrelevant
79,PKN,positive,3,4,2025-11-07,2025-11-14,98.93,104.0,uptrend,uptrend,irrelevant,uptrend,uptrend,irrelevant,uptrend,uptrend,irrelevant,uptrend,uptrend,irrelevant
79,PKN,positive,4,4,2025-11-07,2025-11-14,98.93,104.0,uptrend,uptrend,irrelevant,uptrend,uptrend,irrelevant,uptrend,uptrend,irrelevant,uptrend,uptrend,irrelevant
79,PKN,positive,5,4,2025-11-07,2025-11-14,98.93,104.0,uptrend,uptrend,irrelevant,uptrend,uptrend,irrelevant,uptrend,uptrend,irrelevant,uptrend,uptrend,irrelevant
79,PKN,positive,1,5,2025-11-07,2025-11-17,98.93,102.76,uptrend,uptrend,irrelevant,uptrend,uptrend,irrelevant,uptrend,uptrend,irrelevant,uptrend,uptrend,irrelevant
79,PKN,positive,2,5,2025-11-07,2025-11-17,98.93,102.76,uptrend,uptrend,irrelevant,uptrend,uptrend,irrelevant,uptrend,uptrend,irrelevant,uptrend,uptrend,irrelevant
79,PKN,positive,3,5,2025-11-07,2025-11-17,98.93,102.76,uptrend,uptrend,irrelevant,uptrend,uptrend,irrelevant,uptrend,uptrend,irrelevant,uptrend,uptrend,irrelevant
80,PKN,positive,1,2,2025-11-06,2025-11-10,98.6,101.8,uptrend,uptrend,irrelevant,uptrend,uptrend,irrelevant,uptrend,uptrend,irrelevant,uptrend,uptrend,irrelevant
80,PKN,positive,2,2,2025-11-06,2025-11-10,98.6,101.8,uptrend,uptrend,irrelevant,uptrend,uptrend,irrelevant,uptrend,uptrend,irrelevant,uptrend,uptrend,irrelevant
80,PKN,positive,3,2,2025-11-06,2025-11-10,98.6,101.8,uptrend,uptrend,irrelevant,uptrend,uptrend,irrelevant,uptrend,uptrend,irrelevant,uptrend,uptrend,irrelevant
80,PKN,positive,1,3,2025-11-06,2025-11-12,98.6,103.5,uptrend,uptrend,irrelevant,uptrend,uptrend,irrelevant,uptrend,uptrend,irrelevant,uptrend,uptrend,irrelevant
80,PKN,positive,2,3,2025-11-06,2025-11-12,98.6,103.5,uptrend,uptrend,irrelevant,uptrend,uptrend,irrelevant,uptrend,uptrend,irrelevant,uptrend,uptrend,irrelevant
80,PKN,positive,3,3,2025-11-06,2025-11-12,98.6,103.5,uptrend,uptrend,irrelevant,uptrend,uptrend,irrelevant,uptrend,uptrend,irrelevant,uptrend,uptrend,irrelevant
80,PKN,positive,4,3,2025-11-06,2025-11-12,98.6,103.5,uptrend,uptrend,irrelevant,uptrend,uptrend,irrelevant,uptrend,uptrend,irrelevant,uptrend,uptrend,irrelevant
80,PKN,positive,1,4,2025-11-06,2025-11-13,98.6,103.76,uptrend,uptrend,irrelevant,uptrend,uptrend,irrelevant,uptrend,uptrend,irrelevant,uptrend,uptrend,irrelevant
80,PKN,positive,2,4,2025-11-06,2025-11-13,98.6,103.76,uptrend,uptrend,irrelevant,uptrend,uptrend,irrelevant,uptrend,uptrend,irrelevant,uptrend,uptrend,irrelevant
80,PKN,positive,3,4,2025-11-06,2025-11-13,98.6,103.76,uptrend,uptrend,irrelevant,uptrend,uptrend,irrelevant,uptrend,uptrend,irrelevant,uptrend,uptrend,irrelevant
80,PKN,positive,4,4,2025-11-06,2025-11-13,98.6,103.76,uptrend,uptrend,irrelevant,uptrend,uptrend,irrelevant,uptrend,uptrend,irrelevant,uptrend,uptrend,irrelevant
80,PKN,positive,5,4,2025-11-06,2025-11-13,98.6,103.76,uptrend,uptrend,irrelevant,uptrend,uptrend,irrelevant,uptrend,uptrend,irrelevant,uptrend,uptrend,irrelevant
80,PKN,positive,1,5,2025-11-06,2025-11-14,98.6,104.0,uptrend,uptrend,irrelevant,uptrend,uptrend,irrelevant,uptrend,uptrend,irrelevant,uptrend,uptrend,irrelevant
80,PKN,positive,2,5,2025-11-06,2025-11-14,98.6,104.0,uptrend,uptrend,irrelevant,uptrend,uptrend,irrelevant,uptrend,uptrend,irrelevant,uptrend,uptrend,irrelevant
80,PKN,positive,3,5,2025-11-06,2025-11-14,98.6,104.0,uptrend,uptrend,irrelevant,uptrend,uptrend,irrelevant,uptrend,uptrend,irrelevant,uptrend,uptrend,irrelevant
80,PKN,positive,4,5,2025-11-06,2025-11-14,98.6,104.0,uptrend,uptrend,irrelevant,uptrend,uptrend,irrelevant,uptrend,uptrend,irrelevant,uptrend,uptrend,irrelevant
80,PKN,positive,5,5,2025-11-06,2025-11-14,98.6,104.0,uptrend,uptrend,irrelevant,uptrend,uptrend,irrelevant,uptrend,uptrend,irrelevant,uptrend,uptrend,irrelevant
81,PKN,positive,1,2,2025-11-06,2025-11-10,98.6,101.8,uptrend,uptrend,irrelevant,uptrend,uptrend,irrelevant,uptrend,uptrend,irrelevant,uptrend,uptrend,irrelevant
81,PKN,positive,2,2,2025-11-06,2025-11-10,98.6,101.8,uptrend,uptrend,irrelevant,uptrend,uptrend,irrelevant,uptrend,uptrend,irrelevant,uptrend,uptrend,irrelevant
81,PKN,positive,3,2,2025-11-06,2025-11-10,98.6,101.8,uptrend,uptrend,irrelevant,uptrend,uptrend,irrelevant,uptrend,uptrend,irrelevant,uptrend,uptrend,irrelevant
81,PKN,positive,1,3,2025-11-06,2025-11-12,98.6,103.5,uptrend,uptrend,irrelevant,uptrend,uptrend,irrelevant,uptrend,uptrend,irrelevant,uptrend,uptrend,irrelevant
81,PKN,positive,2,3,2025-11-06,2025-11-12,98.6,103.5,uptrend,uptrend,irrelevant,uptrend,uptrend,irrelevant,uptrend,uptrend,irrelevant,uptrend,uptrend,irrelevant
81,PKN,positive,3,3,2025-11-06,2025-11-12,98.6,103.5,uptrend,uptrend,irrelevant,uptrend,uptrend,irrelevant,uptrend,uptrend,irrelevant,uptrend,uptrend,irrelevant
81,PKN,positive,4,3,2025-11-06,2025-11-12,98.6,103.5,uptrend,uptrend,irrelevant,uptrend,uptrend,irrelevant,uptrend,uptrend,irrelevant,uptrend,uptrend,irrelevant
81,PKN,positive,1,4,2025-11-06,2025-11-13,98.6,103.76,uptrend,uptrend,irrelevant,uptrend,uptrend,irrelevant,uptrend,uptrend,irrelevant,uptrend,uptrend,irrelevant
81,PKN,positive,2,4,2025-11-06,2025-11-13,98.6,103.76,uptrend,uptrend,irrelevant,uptrend,uptrend,irrelevant,uptrend,uptrend,irrelevant,uptrend,uptrend,irrelevant
81,PKN,positive,3,4,2025-11-06,2025-11-13,98.6,103.76,uptrend,uptrend,irrelevant,uptrend,uptrend,irrelevant,uptrend,uptrend,irrelevant,uptrend,uptrend,irrelevant
81,PKN,positive,4,4,2025-11-06,2025-11-13,98.6,103.76,uptrend,uptrend,irrelevant,uptrend,uptrend,irrelevant,uptrend,uptrend,irrelevant,uptrend,uptrend,irrelevant
81,PKN,positive,5,4,2025-11-06,2025-11-13,98.6,103.76,uptrend,uptrend,irrelevant,uptrend,uptrend,irrelevant,uptrend,uptrend,irrelevant,uptrend,uptrend,irrelevant
81,PKN,positive,1,5,2025-11-06,2025-11-14,98.6,104.0,uptrend,uptrend,irrelevant,uptrend,uptrend,irrelevant,uptrend,uptrend,irrelevant,uptrend,uptrend,irrelevant
81,PKN,positive,2,5,2025-11-06,2025-11-14,98.6,104.0,uptrend,uptrend,irrelevant,uptrend,uptrend,irrelevant,uptrend,uptrend,irrelevant,uptrend,uptrend,irrelevant
81,PKN,positive,3,5,2025-11-06,2025-11-14,98.6,104.0,uptrend,uptrend,irrelevant,uptrend,uptrend,irrelevant,uptrend,uptrend,irrelevant,uptrend,uptrend,irrelevant
81,PKN,positive,4,5,2025-11-06,2025-11-14,98.6,104.0,uptrend,uptrend,irrelevant,uptrend,uptrend,irrelevant,uptrend,uptrend,irrelevant,uptrend,uptrend,irrelevant
81,PKN,positive,5,5,2025-11-06,2025-11-14,98.6,104.0,uptrend,uptrend,irrelevant,uptrend,uptrend,irrelevant,uptrend,uptrend,irrelevant,uptrend,uptrend,irrelevant
82,PKN,positive,1,2,2025-11-06,2025-11-10,98.6,101.8,uptrend,uptrend,irrelevant,uptrend,uptrend,irrelevant,uptrend,uptrend,irrelevant,uptrend,uptrend,irrelevant
82,PKN,positive,2,2,2025-11-06,2025-11-10,98.6,101.8,uptrend,uptrend,irrelevant,uptrend,uptrend,irrelevant,uptrend,uptrend,irrelevant,uptrend,uptrend,irrelevant
82,PKN,positive,3,2,2025-11-06,2025-11-10,98.6,101.8,uptrend,uptrend,irrelevant,uptrend,uptrend,irrelevant,uptrend,uptrend,irrelevant,uptrend,uptrend,irrelevant
82,PKN,positive,1,3,2025-11-06,2025-11-12,98.6,103.5,uptrend,uptrend,irrelevant,uptrend,uptrend,irrelevant,uptrend,uptrend,irrelevant,uptrend,uptrend,irrelevant
82,PKN,positive,2,3,2025-11-06,2025-11-12,98.6,103.5,uptrend,uptrend,irrelevant,uptrend,uptrend,irrelevant,uptrend,uptrend,irrelevant,uptrend,uptrend,irrelevant
82,PKN,positive,3,3,2025-11-06,2025-11-12,98.6,103.5,uptrend,uptrend,irrelevant,uptrend,uptrend,irrelevant,uptrend,uptrend,irrelevant,uptrend,uptrend,irrelevant
82,PKN,positive,4,3,2025-11-06,2025-11-12,98.6,103.5,uptrend,uptrend,irrelevant,uptrend,uptrend,irrelevant,uptrend,uptrend,irrelevant,uptrend,uptrend,irrelevant
82,PKN,positive,1,4,2025-11-06,2025-11-13,98.6,103.76,uptrend,uptrend,irrelevant,uptrend,uptrend,irrelevant,uptrend,uptrend,irrelevant,uptrend,uptrend,irrelevant
82,PKN,positive,2,4,2025-11-06,2025-11-13,98.6,103.76,uptrend,uptrend,irrelevant,uptrend,uptrend,irrelevant,uptrend,uptrend,irrelevant,uptrend,uptrend,irrelevant
82,PKN,positive,3,4,2025-11-06,2025-11-13,98.6,103.76,uptrend,uptrend,irrelevant,uptrend,uptrend,irrelevant,uptrend,uptrend,irrelevant,uptrend,uptrend,irrelevant
82,PKN,positive,4,4,2025-11-06,2025-11-13,98.6,103.76,uptrend,uptrend,irrelevant,uptrend,uptrend,irrelevant,uptrend,uptrend,irrelevant,uptrend,uptrend,irrelevant
82,PKN,positive,5,4,2025-11-06,2025-11-13,98.6,103.76,uptrend,uptrend,irrelevant,uptrend,uptrend,irrelevant,uptrend,uptrend,irrelevant,uptrend,uptrend,irrelevant
82,PKN,positive,1,5,2025-11-06,2025-11-14,98.6,104.0,uptrend,uptrend,irrelevant,uptrend,uptrend,irrelevant,uptrend,uptrend,irrelevant,uptrend,uptrend,irrelevant
82,PKN,positive,2,5,2025-11-06,2025-11-14,98.6,104.0,uptrend,uptrend,irrelevant,uptrend,uptrend,irrelevant,uptrend,uptrend,irrelevant,uptrend,uptrend,irrelevant
82,PKN,positive,3,5,2025-11-06,2025-11-14,98.6,104.0,uptrend,uptrend,irrelevant,uptrend,uptrend,irrelevant,uptrend,uptrend,irrelevant,uptrend,uptrend,irrelevant
82,PKN,positive,4,5,2025-11-06,2025-11-14,98.6,104.0,uptrend,uptrend,irrelevant,uptrend,uptrend,irrelevant,uptrend,uptrend,irrelevant,uptrend,uptrend,irrelevant
82,PKN,positive,5,5,2025-11-06,2025-11-14,98.6,104.0,uptrend,uptrend,irrelevant,uptrend,uptrend,irrelevant,uptrend,uptrend,irrelevant,uptrend,uptrend,irrelevant
83,PKN,positive,1,3,2025-11-05,2025-11-10,97.96,101.8,uptrend,uptrend,irrelevant,uptrend,uptrend,irrelevant,uptrend,uptrend,irrelevant,uptrend,uptrend,irrelevant
83,PKN,positive,2,3,2025-11-05,2025-11-10,97.96,101.8,uptrend,uptrend,irrelevant,uptrend,uptrend,irrelevant,uptrend,uptrend,irrelevant,uptrend,uptrend,irrelevant
83,PKN,positive,3,3,2025-11-05,2025-11-10,97.96,101.8,uptrend,uptrend,irrelevant,uptrend,uptrend,irrelevant,uptrend,uptrend,irrelevant,uptrend,uptrend,irrelevant
83,PKN,positive,1,4,2025-11-05,2025-11-12,97.96,103.5,uptrend,uptrend,irrelevant,uptrend,uptrend,irrelevant,uptrend,uptrend,irrelevant,uptrend,uptrend,irrelevant
83,PKN,positive,2,4,2025-11-05,2025-11-12,97.96,103.5,uptrend,uptrend,irrelevant,uptrend,uptrend,irrelevant,uptrend,uptrend,irrelevant,uptrend,uptrend,irrelevant
83,PKN,positive,3,4,2025-11-05,2025-11-12,97.96,103.5,uptrend,uptrend,irrelevant,uptrend,uptrend,irrelevant,uptrend,uptrend,irrelevant,uptrend,uptrend,irrelevant
83,PKN,positive,4,4,2025-11-05,2025-11-12,97.96,103.5,uptrend,uptrend,irrelevant,uptrend,uptrend,irrelevant,uptrend,uptrend,irrelevant,uptrend,uptrend,irrelevant
83,PKN,positive,5,4,2025-11-05,2025-11-12,97.96,103.5,uptrend,uptrend,irrelevant,uptrend,uptrend,irrelevant,uptrend,uptrend,irrelevant,uptrend,uptrend,irrelevant
83,PKN,positive,1,5,2025-11-05,2025-11-13,97.96,103.76,uptrend,uptrend,irrelevant,uptrend,uptrend,irrelevant,uptrend,uptrend,irrelevant,uptrend,uptrend,irrelevant
83,PKN,positive,2,5,2025-11-05,2025-11-13,97.96,103.76,uptrend,uptrend,irrelevant,uptrend,uptrend,irrelevant,uptrend,uptrend,irrelevant,uptrend,uptrend,irrelevant
83,PKN,positive,3,5,2025-11-05,2025-11-13,97.96,103.76,uptrend,uptrend,irrelevant,uptrend,uptrend,irrelevant,uptrend,uptrend,irrelevant,uptrend,uptrend,irrelevant
83,PKN,positive,4,5,2025-11-05,2025-11-13,97.96,103.76,uptrend,uptrend,irrelevant,uptrend,uptrend,irrelevant,uptrend,uptrend,irrelevant,uptrend,uptrend,irrelevant
83,PKN,positive,5,5,2025-11-05,2025-11-13,97.96,103.76,uptrend,uptrend,irrelevant,uptrend,uptrend,irrelevant,uptrend,uptrend,irrelevant,uptrend,uptrend,irrelevant
84,PKN,positive,1,3,2025-11-05,2025-11-10,97.96,101.8,uptrend,uptrend,irrelevant,uptrend,uptrend,irrelevant,uptrend,uptrend,irrelevant,uptrend,uptrend,irrelevant
84,PKN,positive,2,3,2025-11-05,2025-11-10,97.96,101.8,uptrend,uptrend,irrelevant,uptrend,uptrend,irrelevant,uptrend,uptrend,irrelevant,uptrend,uptrend,irrelevant
84,PKN,positive,3,3,2025-11-05,2025-11-10,97.96,101.8,uptrend,uptrend,irrelevant,uptrend,uptrend,irrelevant,uptrend,uptrend,irrelevant,uptrend,uptrend,irrelevant
84,PKN,positive,1,4,2025-11-05,2025-11-12,97.96,103.5,uptrend,uptrend,irrelevant,uptrend,uptrend,irrelevant,uptrend,uptrend,irrelevant,uptrend,uptrend,irrelevant
84,PKN,positive,2,4,2025-11-05,2025-11-12,97.96,103.5,uptrend,uptrend,irrelevant,uptrend,uptrend,irrelevant,uptrend,uptrend,irrelevant,uptrend,uptrend,irrelevant
84,PKN,positive,3,4,2025-11-05,2025-11-12,97.96,103.5,uptrend,uptrend,irrelevant,uptrend,uptrend,irrelevant,uptrend,uptrend,irrelevant,uptrend,uptrend,irrelevant
84,PKN,positive,4,4,2025-11-05,2025-11-12,97.96,103.5,uptrend,uptrend,irrelevant,uptrend,uptrend,irrelevant,uptrend,uptrend,irrelevant,uptrend,uptrend,irrelevant
84,PKN,positive,5,4,2025-11-05,2025-11-12,97.96,103.5,uptrend,uptrend,irrelevant,uptrend,uptrend,irrelevant,uptrend,uptrend,irrelevant,uptrend,uptrend,irrelevant
84,PKN,positive,1,5,2025-11-05,2025-11-13,97.96,103.76,uptrend,uptrend,irrelevant,uptrend,uptrend,irrelevant,uptrend,uptrend,irrelevant,uptrend,uptrend,irrelevant
84,PKN,positive,2,5,2025-11-05,2025-11-13,97.96,103.76,uptrend,uptrend,irrelevant,uptrend,uptrend,irrelevant,uptrend,uptrend,irrelevant,uptrend,uptrend,irrelevant
84,PKN,positive,3,5,2025-11-05,2025-11-13,97.96,103.76,uptrend,uptrend,irrelevant,uptrend,uptrend,irrelevant,uptrend,uptrend,irrelevant,uptrend,uptrend,irrelevant
84,PKN,positive,4,5,2025-11-05,2025-11-13,97.96,103.76,uptrend,uptrend,irrelevant,uptrend,uptrend,irrelevant,uptrend,uptrend,irrelevant,uptrend,uptrend,irrelevant
84,PKN,positive,5,5,2025-11-05,2025-11-13,97.96,103.76,uptrend,uptrend,irrelevant,uptrend,uptrend,irrelevant,uptrend,uptrend,irrelevant,uptrend,uptrend,irrelevant
85,PKN,positive,1,3,2025-11-04,2025-11-07,97.72,98.93,uptrend,uptrend,irrelevant,uptrend,uptrend,irrelevant,uptrend,uptrend,irrelevant,uptrend,uptrend,irrelevant
85,PKN,positive,1,4,2025-11-04,2025-11-10,97.72,101.8,uptrend,uptrend,irrelevant,uptrend,uptrend,irrelevant,uptrend,uptrend,irrelevant,uptrend,uptrend,irrelevant
85,PKN,positive,2,4,2025-11-04,2025-11-10,97.72,101.8,uptrend,uptrend,irrelevant,uptrend,uptrend,irrelevant,uptrend,uptrend,irrelevant,uptrend,uptrend,irrelevant
85,PKN,positive,3,4,2025-11-04,2025-11-10,97.72,101.8,uptrend,uptrend,irrelevant,uptrend,uptrend,irrelevant,uptrend,uptrend,irrelevant,uptrend,uptrend,irrelevant
85,PKN,positive,4,4,2025-11-04,2025-11-10,97.72,101.8,uptrend,uptrend,irrelevant,uptrend,uptrend,irrelevant,uptrend,uptrend,irrelevant,uptrend,uptrend,irrelevant
85,PKN,positive,1,5,2025-11-04,2025-11-12,97.72,103.5,uptrend,uptrend,irrelevant,uptrend,uptrend,irrelevant,uptrend,uptrend,irrelevant,uptrend,uptrend,irrelevant
85,PKN,positive,2,5,2025-11-04,2025-11-12,97.72,103.5,uptrend,uptrend,irrelevant,uptrend,uptrend,irrelevant,uptrend,uptrend,irrelevant,uptrend,uptrend,irrelevant
85,PKN,positive,3,5,2025-11-04,2025-11-12,97.72,103.5,uptrend,uptrend,irrelevant,uptrend,uptrend,irrelevant,uptrend,uptrend,irrelevant,uptrend,uptrend,irrelevant
85,PKN,positive,4,5,2025-11-04,2025-11-12,97.72,103.5,uptrend,uptrend,irrelevant,uptrend,uptrend,irrelevant,uptrend,uptrend,irrelevant,uptrend,uptrend,irrelevant
85,PKN,positive,5,5,2025-11-04,2025-11-12,97.72,103.5,uptrend,uptrend,irrelevant,uptrend,uptrend,irrelevant,uptrend,uptrend,irrelevant,uptrend,uptrend,irrelevant
86,PKN,positive,1,3,2025-11-04,2025-11-07,97.72,98.93,uptrend,uptrend,irrelevant,uptrend,uptrend,irrelevant,uptrend,uptrend,irrelevant,uptrend,uptrend,irrelevant
86,PKN,positive,1,4,2025-11-04,2025-11-10,97.72,101.8,uptrend,uptrend,irrelevant,uptrend,uptrend,irrelevant,uptrend,uptrend,irrelevant,uptrend,uptrend,irrelevant
86,PKN,positive,2,4,2025-11-04,2025-11-10,97.72,101.8,uptrend,uptrend,irrelevant,uptrend,uptrend,irrelevant,uptrend,uptrend,irrelevant,uptrend,uptrend,irrelevant
86,PKN,positive,3,4,2025-11-04,2025-11-10,97.72,101.8,uptrend,uptrend,irrelevant,uptrend,uptrend,irrelevant,uptrend,uptrend,irrelevant,uptrend,uptrend,irrelevant
86,PKN,positive,4,4,2025-11-04,2025-11-10,97.72,101.8,uptrend,uptrend,irrelevant,uptrend,uptrend,irrelevant,uptrend,uptrend,irrelevant,uptrend,uptrend,irrelevant
86,PKN,positive,1,5,2025-11-04,2025-11-12,97.72,103.5,uptrend,uptrend,irrelevant,uptrend,uptrend,irrelevant,uptrend,uptrend,irrelevant,uptrend,uptrend,irrelevant
86,PKN,positive,2,5,2025-11-04,2025-11-12,97.72,103.5,uptrend,uptrend,irrelevant,uptrend,uptrend,irrelevant,uptrend,uptrend,irrelevant,uptrend,uptrend,irrelevant
86,PKN,positive,3,5,2025-11-04,2025-11-12,97.72,103.5,uptrend,uptrend,irrelevant,uptrend,uptrend,irrelevant,uptrend,uptrend,irrelevant,uptrend,uptrend,irrelevant
86,PKN,positive,4,5,2025-11-04,2025-11-12,97.72,103.5,uptrend,uptrend,irrelevant,uptrend,uptrend,irrelevant,uptrend,uptrend,irrelevant,uptrend,uptrend,irrelevant
86,PKN,positive,5,5,2025-11-04,2025-11-12,97.72,103.5,uptrend,uptrend,irrelevant,uptrend,uptrend,irrelevant,uptrend,uptrend,irrelevant,uptrend,uptrend,irrelevant
87,PKN,positive,1,3,2025-11-04,2025-11-07,97.72,98.93,uptrend,uptrend,irrelevant,uptrend,uptrend,irrelevant,uptrend,uptrend,irrelevant,uptrend,uptrend,irrelevant
87,PKN,positive,1,4,2025-11-04,2025-11-10,97.72,101.8,uptrend,uptrend,irrelevant,uptrend,uptrend,irrelevant,uptrend,uptrend,irrelevant,uptrend,uptrend,irrelevant
87,PKN,positive,2,4,2025-11-04,2025-11-10,97.72,101.8,uptrend,uptrend,irrelevant,uptrend,uptrend,irrelevant,uptrend,uptrend,irrelevant,uptrend,uptrend,irrelevant
87,PKN,positive,3,4,2025-11-04,2025-11-10,97.72,101.8,uptrend,uptrend,irrelevant,uptrend,uptrend,irrelevant,uptrend,uptrend,irrelevant,uptrend,uptrend,irrelevant
87,PKN,positive,4,4,2025-11-04,2025-11-10,97.72,101.8,uptrend,uptrend,irrelevant,uptrend,uptrend,irrelevant,uptrend,uptrend,irrelevant,uptrend,uptrend,irrelevant
87,PKN,positive,1,5,2025-11-04,2025-11-12,97.72,103.5,uptrend,uptrend,irrelevant,uptrend,uptrend,irrelevant,uptrend,uptrend,irrelevant,uptrend,uptrend,irrelevant
87,PKN,positive,2,5,2025-11-04,2025-11-12,97.72,103.5,uptrend,uptrend,irrelevant,uptrend,uptrend,irrelevant,uptrend,uptrend,irrelevant,uptrend,uptrend,irrelevant
87,PKN,positive,3,5,2025-11-04,2025-11-12,97.72,103.5,uptrend,uptrend,irrelevant,uptrend,uptrend,irrelevant,uptrend,uptrend,irrelevant,uptrend,uptrend,irrelevant
87,PKN,positive,4,5,2025-11-04,2025-11-12,97.72,103.5,uptrend,uptrend,irrelevant,uptrend,uptrend,irrelevant,uptrend,uptrend,irrelevant,uptrend,uptrend,irrelevant
87,PKN,positive,5,5,2025-11-04,2025-11-12,97.72,103.5,uptrend,uptrend,irrelevant,uptrend,uptrend,irrelevant,uptrend,uptrend,irrelevant,uptrend,uptrend,irrelevant
88,PKN,positive,1,3,2025-11-04,2025-11-07,97.72,98.93,uptrend,uptrend,irrelevant,uptrend,uptrend,irrelevant,uptrend,uptrend,irrelevant,uptrend,uptrend,irrelevant
88,PKN,positive,1,4,2025-11-04,2025-11-10,97.72,101.8,uptrend,uptrend,irrelevant,uptrend,uptrend,irrelevant,uptrend,uptrend,irrelevant,uptrend,uptrend,irrelevant
88,PKN,positive,2,4,2025-11-04,2025-11-10,97.72,101.8,uptrend,uptrend,irrelevant,uptrend,uptrend,irrelevant,uptrend,uptrend,irrelevant,uptrend,uptrend,irrelevant
88,PKN,positive,3,4,2025-11-04,2025-11-10,97.72,101.8,uptrend,uptrend,irrelevant,uptrend,uptrend,irrelevant,uptrend,uptrend,irrelevant,uptrend,uptrend,irrelevant
88,PKN,positive,4,4,2025-11-04,2025-11-10,97.72,101.8,uptrend,uptrend,irrelevant,uptrend,uptrend,irrelevant,uptrend,uptrend,irrelevant,uptrend,uptrend,irrelevant
88,PKN,positive,1,5,2025-11-04,2025-11-12,97.72,103.5,uptrend,uptrend,irrelevant,uptrend,uptrend,irrelevant,uptrend,uptrend,irrelevant,uptrend,uptrend,irrelevant
88,PKN,positive,2,5,2025-11-04,2025-11-12,97.72,103.5,uptrend,uptrend,irrelevant,uptrend,uptrend,irrelevant,uptrend,uptrend,irrelevant,uptrend,uptrend,irrelevant
88,PKN,positive,3,5,2025-11-04,2025-11-12,97.72,103.5,uptrend,uptrend,irrelevant,uptrend,uptrend,irrelevant,uptrend,uptrend,irrelevant,uptrend,uptrend,irrelevant
88,PKN,positive,4,5,2025-11-04,2025-11-12,97.72,103.5,uptrend,uptrend,irrelevant,uptrend,uptrend,irrelevant,uptrend,uptrend,irrelevant,uptrend,uptrend,irrelevant
88,PKN,positive,5,5,2025-11-04,2025-11-12,97.72,103.5,uptrend,uptrend,irrelevant,uptrend,uptrend,irrelevant,uptrend,uptrend,irrelevant,uptrend,uptrend,irrelevant
89,PKN,positive,1,3,2025-11-04,2025-11-07,97.72,98.93,uptrend,uptrend,irrelevant,uptrend,uptrend,irrelevant,uptrend,uptrend,irrelevant,uptrend,uptrend,irrelevant
89,PKN,positive,1,4,2025-11-04,2025-11-10,97.72,101.8,uptrend,uptrend,irrelevant,uptrend,uptrend,irrelevant,uptrend,uptrend,irrelevant,uptrend,uptrend,irrelevant
89,PKN,positive,2,4,2025-11-04,2025-11-10,97.72,101.8,uptrend,uptrend,irrelevant,uptrend,uptrend,irrelevant,uptrend,uptrend,irrelevant,uptrend,uptrend,irrelevant
89,PKN,positive,3,4,2025-11-04,2025-11-10,97.72,101.8,uptrend,uptrend,irrelevant,uptrend,uptrend,irrelevant,uptrend,uptrend,irrelevant,uptrend,uptrend,irrelevant
89,PKN,positive,4,4,2025-11-04,2025-11-10,97.72,101.8,uptrend,uptrend,irrelevant,uptrend,uptrend,irrelevant,uptrend,uptrend,irrelevant,uptrend,uptrend,irrelevant
89,PKN,positive,1,5,2025-11-04,2025-11-12,97.72,103.5,uptrend,uptrend,irrelevant,uptrend,uptrend,irrelevant,uptrend,uptrend,irrelevant,uptrend,uptrend,irrelevant
89,PKN,positive,2,5,2025-11-04,2025-11-12,97.72,103.5,uptrend,uptrend,irrelevant,uptrend,uptrend,irrelevant,uptrend,uptrend,irrelevant,uptrend,uptrend,irrelevant
89,PKN,positive,3,5,2025-11-04,2025-11-12,97.72,103.5,uptrend,uptrend,irrelevant,uptrend,uptrend,irrelevant,uptrend,uptrend,irrelevant,uptrend,uptrend,irrelevant
89,PKN,positive,4,5,2025-11-04,2025-11-12,97.72,103.5,uptrend,uptrend,irrelevant,uptrend,uptrend,irrelevant,uptrend,uptrend,irrelevant,uptrend,uptrend,irrelevant
89,PKN,positive,5,5,2025-11-04,2025-11-12,97.72,103.5,uptrend,uptrend,irrelevant,uptrend,uptrend,irrelevant,uptrend,uptrend,irrelevant,uptrend,uptrend,irrelevant
90,PKN,negative,1,1,2025-11-03,2025-11-04,99.09,97.72,uptrend,uptrend,irrelevant,uptrend,uptrend,irrelevant,uptrend,uptrend,irrelevant,uptrend,uptrend,irrelevant
90,PKN,negative,1,2,2025-11-03,2025-11-05,99.09,97.96,uptrend,uptrend,irrelevant,uptrend,uptrend,irrelevant,uptrend,uptrend,irrelevant,uptrend,uptrend,irrelevant
91,PKN,positive,1,5,2025-11-03,2025-11-10,99.09,101.8,uptrend,uptrend,irrelevant,uptrend,uptrend,irrelevant,uptrend,uptrend,irrelevant,uptrend,uptrend,irrelevant
91,PKN,positive,2,5,2025-11-03,2025-11-10,99.09,101.8,uptrend,uptrend,irrelevant,uptrend,uptrend,irrelevant,uptrend,uptrend,irrelevant,uptrend,uptrend,irrelevant
93,PKN,neutral,1,1,2025-10-31,2025-11-03,100.06,99.09,uptrend,uptrend,irrelevant,uptrend,uptrend,irrelevant,uptrend,uptrend,irrelevant,uptrend,uptrend,irrelevant
93,PKN,neutral,2,1,2025-10-31,2025-11-03,100.06,99.09,uptrend,uptrend,irrelevant,uptrend,uptrend,irrelevant,uptrend,uptrend,irrelevant,uptrend,uptrend,irrelevant
93,PKN,neutral,3,1,2025-10-31,2025-11-03,100.06,99.09,uptrend,uptrend,irrelevant,uptrend,uptrend,irrelevant,uptrend,uptrend,irrelevant,uptrend,uptrend,irrelevant
93,PKN,neutral,4,1,2025-10-31,2025-11-03,100.06,99.09,uptrend,uptrend,irrelevant,uptrend,uptrend,irrelevant,uptrend,uptrend,irrelevant,uptrend,uptrend,irrelevant
93,PKN,neutral,5,1,2025-10-31,2025-11-03,100.06,99.09,uptrend,uptrend,irrelevant,uptrend,uptrend,irrelevant,uptrend,uptrend,irrelevant,uptrend,uptrend,irrelevant
93,PKN,neutral,6,1,2025-10-31,2025-11-03,100.06,99.09,uptrend,uptrend,irrelevant,uptrend,uptrend,irrelevant,uptrend,uptrend,irrelevant,uptrend,uptrend,irrelevant
93,PKN,neutral,7,1,2025-10-31,2025-11-03,100.06,99.09,uptrend,uptrend,irrelevant,uptrend,uptrend,irrelevant,uptrend,uptrend,irrelevant,uptrend,uptrend,irrelevant
93,PKN,neutral,8,1,2025-10-31,2025-11-03,100.06,99.09,uptrend,uptrend,irrelevant,uptrend,uptrend,irrelevant,uptrend,uptrend,irrelevant,uptrend,uptrend,irrelevant
93,PKN,neutral,9,1,2025-10-31,2025-11-03,100.06,99.09,uptrend,uptrend,irrelevant,uptrend,uptrend,irrelevant,uptrend,uptrend,irrelevant,uptrend,uptrend,irrelevant
93,PKN,neutral,10,1,2025-10-31,2025-11-03,100.06,99.09,uptrend,uptrend,irrelevant,uptrend,uptrend,irrelevant,uptrend,uptrend,irrelevant,uptrend,uptrend,irrelevant
93,PKN,neutral,3,2,2025-10-31,2025-11-04,100.06,97.72,uptrend,uptrend,irrelevant,uptrend,uptrend,irrelevant,uptrend,uptrend,irrelevant,uptrend,uptrend,irrelevant
93,PKN,neutral,4,2,2025-10-31,2025-11-04,100.06,97.72,uptrend,uptrend,irrelevant,uptrend,uptrend,irrelevant,uptrend,uptrend,irrelevant,uptrend,uptrend,irrelevant
93,PKN,neutral,5,2,2025-10-31,2025-11-04,100.06,97.72,uptrend,uptrend,irrelevant,uptrend,uptrend,irrelevant,uptrend,uptrend,irrelevant,uptrend,uptrend,irrelevant
93,PKN,neutral,6,2,2025-10-31,2025-11-04,100.06,97.72,uptrend,uptrend,irrelevant,uptrend,uptrend,irrelevant,uptrend,uptrend,irrelevant,uptrend,uptrend,irrelevant
93,PKN,neutral,7,2,2025-10-31,2025-11-04,100.06,97.72,uptrend,uptrend,irrelevant,uptrend,uptrend,irrelevant,uptrend,uptrend,irrelevant,uptrend,uptrend,irrelevant
93,PKN,neutral,8,2,2025-10-31,2025-11-04,100.06,97.72,uptrend,uptrend,irrelevant,uptrend,uptrend,irrelevant,uptrend,uptrend,irrelevant,uptrend,uptrend,irrelevant
93,PKN,neutral,9,2,2025-10-31,2025-11-04,100.06,97.72,uptrend,uptrend,irrelevant,uptrend,uptrend,irrelevant,uptrend,uptrend,irrelevant,uptrend,uptrend,irrelevant
93,PKN,neutral,10,2,2025-10-31,2025-11-04,100.06,97.72,uptrend,uptrend,irrelevant,uptrend,uptrend,irrelevant,uptrend,uptrend,irrelevant,uptrend,uptrend,irrelevant
93,PKN,neutral,3,3,2025-10-31,2025-11-05,100.06,97.96,uptrend,uptrend,irrelevant,uptrend,uptrend,irrelevant,uptrend,uptrend,irrelevant,uptrend,uptrend,irrelevant
93,PKN,neutral,4,3,2025-10-31,2025-11-05,100.06,97.96,uptrend,uptrend,irrelevant,uptrend,uptrend,irrelevant,uptrend,uptrend,irrelevant,uptrend,uptrend,irrelevant
93,PKN,neutral,5,3,2025-10-31,2025-11-05,100.06,97.96,uptrend,uptrend,irrelevant,uptrend,uptrend,irrelevant,uptrend,uptrend,irrelevant,uptrend,uptrend,irrelevant
93,PKN,neutral,6,3,2025-10-31,2025-11-05,100.06,97.96,uptrend,uptrend,irrelevant,uptrend,uptrend,irrelevant,uptrend,uptrend,irrelevant,uptrend,uptrend,irrelevant
93,PKN,neutral,7,3,2025-10-31,2025-11-05,100.06,97.96,uptrend,uptrend,irrelevant,uptrend,uptrend,irrelevant,uptrend,uptrend,irrelevant,uptrend,uptrend,irrelevant
93,PKN,neutral,8,3,2025-10-31,2025-11-05,100.06,97.96,uptrend,uptrend,irrelevant,uptrend,uptrend,irrelevant,uptrend,uptrend,irrelevant,uptrend,uptrend,irrelevant
93,PKN,neutral,9,3,2025-10-31,2025-11-05,100.06,97.96,uptrend,uptrend,irrelevant,uptrend,uptrend,irrelevant,uptrend,uptrend,irrelevant,uptrend,uptrend,irrelevant
93,PKN,neutral,10,3,2025-10-31,2025-11-05,100.06,97.96,uptrend,uptrend,irrelevant,uptrend,uptrend,irrelevant,uptrend,uptrend,irrelevant,uptrend,uptrend,irrelevant
93,PKN,neutral,2,4,2025-10-31,2025-11-06,100.06,98.6,uptrend,uptrend,irrelevant,uptrend,uptrend,irrelevant,uptrend,uptrend,irrelevant,uptrend,uptrend,irrelevant
93,PKN,neutral,3,4,2025-10-31,2025-11-06,100.06,98.6,uptrend,uptrend,irrelevant,uptrend,uptrend,irrelevant,uptrend,uptrend,irrelevant,uptrend,uptrend,irrelevant
93,PKN,neutral,4,4,2025-10-31,2025-11-06,100.06,98.6,uptrend,uptrend,irrelevant,uptrend,uptrend,irrelevant,uptrend,uptrend,irrelevant,uptrend,uptrend,irrelevant
93,PKN,neutral,5,4,2025-10-31,2025-11-06,100.06,98.6,uptrend,uptrend,irrelevant,uptrend,uptrend,irrelevant,uptrend,uptrend,irrelevant,uptrend,uptrend,irrelevant
93,PKN,neutral,6,4,2025-10-31,2025-11-06,100.06,98.6,uptrend,uptrend,irrelevant,uptrend,uptrend,irrelevant,uptrend,uptrend,irrelevant,uptrend,uptrend,irrelevant
93,PKN,neutral,7,4,2025-10-31,2025-11-06,100.06,98.6,uptrend,uptrend,irrelevant,uptrend,uptrend,irrelevant,uptrend,uptrend,irrelevant,uptrend,uptrend,irrelevant
93,PKN,neutral,8,4,2025-10-31,2025-11-06,100.06,98.6,uptrend,uptrend,irrelevant,uptrend,uptrend,irrelevant,uptrend,uptrend,irrelevant,uptrend,uptrend,irrelevant
93,PKN,neutral,9,4,2025-10-31,2025-11-06,100.06,98.6,uptrend,uptrend,irrelevant,uptrend,uptrend,irrelevant,uptrend,uptrend,irrelevant,uptrend,uptrend,irrelevant
93,PKN,neutral,10,4,2025-10-31,2025-11-06,100.06,98.6,uptrend,uptrend,irrelevant,uptrend,uptrend,irrelevant,uptrend,uptrend,irrelevant,uptrend,uptrend,irrelevant
93,PKN,neutral,2,5,2025-10-31,2025-11-07,100.06,98.93,uptrend,uptrend,irrelevant,uptrend,uptrend,irrelevant,uptrend,uptrend,irrelevant,uptrend,uptrend,irrelevant
93,PKN,neutral,3,5,2025-10-31,2025-11-07,100.06,98.93,uptrend,uptrend,irrelevant,uptrend,uptrend,irrelevant,uptrend,uptrend,irrelevant,uptrend,uptrend,irrelevant
93,PKN,neutral,4,5,2025-10-31,2025-11-07,100.06,98.93,uptrend,uptrend,irrelevant,uptrend,uptrend,irrelevant,uptrend,uptrend,irrelevant,uptrend,uptrend,irrelevant
93,PKN,neutral,5,5,2025-10-31,2025-11-07,100.06,98.93,uptrend,uptrend,irrelevant,uptrend,uptrend,irrelevant,uptrend,uptrend,irrelevant,uptrend,uptrend,irrelevant
93,PKN,neutral,6,5,2025-10-31,2025-11-07,100.06,98.93,uptrend,uptrend,irrelevant,uptrend,uptrend,irrelevant,uptrend,uptrend,irrelevant,uptrend,uptrend,irrelevant
93,PKN,neutral,7,5,2025-10-31,2025-11-07,100.06,98.93,uptrend,uptrend,irrelevant,uptrend,uptrend,irrelevant,uptrend,uptrend,irrelevant,uptrend,uptrend,irrelevant
93,PKN,neutral,8,5,2025-10-31,2025-11-07,100.06,98.93,uptrend,uptrend,irrelevant,uptrend,uptrend,irrelevant,uptrend,uptrend,irrelevant,uptrend,uptrend,irrelevant
93,PKN,neutral,9,5,2025-10-31,2025-11-07,100.06,98.93,uptrend,uptrend,irrelevant,uptrend,uptrend,irrelevant,uptrend,uptrend,irrelevant,uptrend,uptrend,irrelevant
93,PKN,neutral,10,5,2025-10-31,2025-11-07,100.06,98.93,uptrend,uptrend,irrelevant,uptrend,uptrend,irrelevant,uptrend,uptrend,irrelevant,uptrend,uptrend,irrelevant
97,PKN,neutral,1,1,2025-10-29,2025-10-30,99.82,100.6,uptrend,uptrend,irrelevant,uptrend,uptrend,irrelevant,uptrend,uptrend,irrelevant,uptrend,uptrend,irrelevant
97,PKN,neutral,2,1,2025-10-29,2025-10-30,99.82,100.6,uptrend,uptrend,irrelevant,uptrend,uptrend,irrelevant,uptrend,uptrend,irrelevant,uptrend,uptrend,irrelevant
97,PKN,neutral,3,1,2025-10-29,2025-10-30,99.82,100.6,uptrend,uptrend,irrelevant,uptrend,uptrend,irrelevant,uptrend,uptrend,irrelevant,uptrend,uptrend,irrelevant
97,PKN,neutral,4,1,2025-10-29,2025-10-30,99.82,100.6,uptrend,uptrend,irrelevant,uptrend,uptrend,irrelevant,uptrend,uptrend,irrelevant,uptrend,uptrend,irrelevant
97,PKN,neutral,5,1,2025-10-29,2025-10-30,99.82,100.6,uptrend,uptrend,irrelevant,uptrend,uptrend,irrelevant,uptrend,uptrend,irrelevant,uptrend,uptrend,irrelevant
97,PKN,neutral,6,1,2025-10-29,2025-10-30,99.82,100.6,uptrend,uptrend,irrelevant,uptrend,uptrend,irrelevant,uptrend,uptrend,irrelevant,uptrend,uptrend,irrelevant
97,PKN,neutral,7,1,2025-10-29,2025-10-30,99.82,100.6,uptrend,uptrend,irrelevant,uptrend,uptrend,irrelevant,uptrend,uptrend,irrelevant,uptrend,uptrend,irrelevant
97,PKN,neutral,8,1,2025-10-29,2025-10-30,99.82,100.6,uptrend,uptrend,irrelevant,uptrend,uptrend,irrelevant,uptrend,uptrend,irrelevant,uptrend,uptrend,irrelevant
97,PKN,neutral,9,1,2025-10-29,2025-10-30,99.82,100.6,uptrend,uptrend,irrelevant,uptrend,uptrend,irrelevant,uptrend,uptrend,irrelevant,uptrend,uptrend,irrelevant
97,PKN,neutral,10,1,2025-10-29,2025-10-30,99.82,100.6,uptrend,uptrend,irrelevant,uptrend,uptrend,irrelevant,uptrend,uptrend,irrelevant,uptrend,uptrend,irrelevant
97,PKN,neutral,1,2,2025-10-29,2025-10-31,99.82,100.06,uptrend,uptrend,irrelevant,uptrend,uptrend,irrelevant,uptrend,uptrend,irrelevant,uptrend,uptrend,irrelevant
97,PKN,neutral,2,2,2025-10-29,2025-10-31,99.82,100.06,uptrend,uptrend,irrelevant,uptrend,uptrend,irrelevant,uptrend,uptrend,irrelevant,uptrend,uptrend,irrelevant
97,PKN,neutral,3,2,2025-10-29,2025-10-31,99.82,100.06,uptrend,uptrend,irrelevant,uptrend,uptrend,irrelevant,uptrend,uptrend,irrelevant,uptrend,uptrend,irrelevant
97,PKN,neutral,4,2,2025-10-29,2025-10-31,99.82,100.06,uptrend,uptrend,irrelevant,uptrend,uptrend,irrelevant,uptrend,uptrend,irrelevant,uptrend,uptrend,irrelevant
97,PKN,neutral,5,2,2025-10-29,2025-10-31,99.82,100.06,uptrend,uptrend,irrelevant,uptrend,uptrend,irrelevant,uptrend,uptrend,irrelevant,uptrend,uptrend,irrelevant
97,PKN,neutral,6,2,2025-10-29,2025-10-31,99.82,100.06,uptrend,uptrend,irrelevant,uptrend,uptrend,irrelevant,uptrend,uptrend,irrelevant,uptrend,uptrend,irrelevant
97,PKN,neutral,7,2,2025-10-29,2025-10-31,99.82,100.06,uptrend,uptrend,irrelevant,uptrend,uptrend,irrelevant,uptrend,uptrend,irrelevant,uptrend,uptrend,irrelevant
97,PKN,neutral,8,2,2025-10-29,2025-10-31,99.82,100.06,uptrend,uptrend,irrelevant,uptrend,uptrend,irrelevant,uptrend,uptrend,irrelevant,uptrend,uptrend,irrelevant
97,PKN,neutral,9,2,2025-10-29,2025-10-31,99.82,100.06,uptrend,uptrend,irrelevant,uptrend,uptrend,irrelevant,uptrend,uptrend,irrelevant,uptrend,uptrend,irrelevant
97,PKN,neutral,10,2,2025-10-29,2025-10-31,99.82,100.06,uptrend,uptrend,irrelevant,uptrend,uptrend,irrelevant,uptrend,uptrend,irrelevant,uptrend,uptrend,irrelevant
97,PKN,neutral,1,3,2025-10-29,2025-11-03,99.82,99.09,uptrend,uptrend,irrelevant,uptrend,uptrend,irrelevant,uptrend,uptrend,irrelevant,uptrend,uptrend,irrelevant
97,PKN,neutral,2,3,2025-10-29,2025-11-03,99.82,99.09,uptrend,uptrend,irrelevant,uptrend,uptrend,irrelevant,uptrend,uptrend,irrelevant,uptrend,uptrend,irrelevant
97,PKN,neutral,3,3,2025-10-29,2025-11-03,99.82,99.09,uptrend,uptrend,irrelevant,uptrend,uptrend,irrelevant,uptrend,uptrend,irrelevant,uptrend,uptrend,irrelevant
97,PKN,neutral,4,3,2025-10-29,2025-11-03,99.82,99.09,uptrend,uptrend,irrelevant,uptrend,uptrend,irrelevant,uptrend,uptrend,irrelevant,uptrend,uptrend,irrelevant
97,PKN,neutral,5,3,2025-10-29,2025-11-03,99.82,99.09,uptrend,uptrend,irrelevant,uptrend,uptrend,irrelevant,uptrend,uptrend,irrelevant,uptrend,uptrend,irrelevant
97,PKN,neutral,6,3,2025-10-29,2025-11-03,99.82,99.09,uptrend,uptrend,irrelevant,uptrend,uptrend,irrelevant,uptrend,uptrend,irrelevant,uptrend,uptrend,irrelevant
97,PKN,neutral,7,3,2025-10-29,2025-11-03,99.82,99.09,uptrend,uptrend,irrelevant,uptrend,uptrend,irrelevant,uptrend,uptrend,irrelevant,uptrend,uptrend,irrelevant
97,PKN,neutral,8,3,2025-10-29,2025-11-03,99.82,99.09,uptrend,uptrend,irrelevant,uptrend,uptrend,irrelevant,uptrend,uptrend,irrelevant,uptrend,uptrend,irrelevant
97,PKN,neutral,9,3,2025-10-29,2025-11-03,99.82,99.09,uptrend,uptrend,irrelevant,uptrend,uptrend,irrelevant,uptrend,uptrend,irrelevant,uptrend,uptrend,irrelevant
97,PKN,neutral,10,3,2025-10-29,2025-11-03,99.82,99.09,uptrend,uptrend,irrelevant,uptrend,uptrend,irrelevant,uptrend,uptrend,irrelevant,uptrend,uptrend,irrelevant
97,PKN,neutral,3,4,2025-10-29,2025-11-04,99.82,97.72,uptrend,uptrend,irrelevant,uptrend,uptrend,irrelevant,uptrend,uptrend,irrelevant,uptrend,uptrend,irrelevant
97,PKN,neutral,4,4,2025-10-29,2025-11-04,99.82,97.72,uptrend,uptrend,irrelevant,uptrend,uptrend,irrelevant,uptrend,uptrend,irrelevant,uptrend,uptrend,irrelevant
97,PKN,neutral,5,4,2025-10-29,2025-11-04,99.82,97.72,uptrend,uptrend,irrelevant,uptrend,uptrend,irrelevant,uptrend,uptrend,irrelevant,uptrend,uptrend,irrelevant
97,PKN,neutral,6,4,2025-10-29,2025-11-04,99.82,97.72,uptrend,uptrend,irrelevant,uptrend,uptrend,irrelevant,uptrend,uptrend,irrelevant,uptrend,uptrend,irrelevant
97,PKN,neutral,7,4,2025-10-29,2025-11-04,99.82,97.72,uptrend,uptrend,irrelevant,uptrend,uptrend,irrelevant,uptrend,uptrend,irrelevant,uptrend,uptrend,irrelevant
97,PKN,neutral,8,4,2025-10-29,2025-11-04,99.82,97.72,uptrend,uptrend,irrelevant,uptrend,uptrend,irrelevant,uptrend,uptrend,irrelevant,uptrend,uptrend,irrelevant
97,PKN,neutral,9,4,2025-10-29,2025-11-04,99.82,97.72,uptrend,uptrend,irrelevant,uptrend,uptrend,irrelevant,uptrend,uptrend,irrelevant,uptrend,uptrend,irrelevant
97,PKN,neutral,10,4,2025-10-29,2025-11-04,99.82,97.72,uptrend,uptrend,irrelevant,uptrend,uptrend,irrelevant,uptrend,uptrend,irrelevant,uptrend,uptrend,irrelevant
97,PKN,neutral,2,5,2025-10-29,2025-11-05,99.82,97.96,uptrend,uptrend,irrelevant,uptrend,uptrend,irrelevant,uptrend,uptrend,irrelevant,uptrend,uptrend,irrelevant
97,PKN,neutral,3,5,2025-10-29,2025-11-05,99.82,97.96,uptrend,uptrend,irrelevant,uptrend,uptrend,irrelevant,uptrend,uptrend,irrelevant,uptrend,uptrend,irrelevant
97,PKN,neutral,4,5,2025-10-29,2025-11-05,99.82,97.96,uptrend,uptrend,irrelevant,uptrend,uptrend,irrelevant,uptrend,uptrend,irrelevant,uptrend,uptrend,irrelevant
97,PKN,neutral,5,5,2025-10-29,2025-11-05,99.82,97.96,uptrend,uptrend,irrelevant,uptrend,uptrend,irrelevant,uptrend,uptrend,irrelevant,uptrend,uptrend,irrelevant
97,PKN,neutral,6,5,2025-10-29,2025-11-05,99.82,97.96,uptrend,uptrend,irrelevant,uptrend,uptrend,irrelevant,uptrend,uptrend,irrelevant,uptrend,uptrend,irrelevant
97,PKN,neutral,7,5,2025-10-29,2025-11-05,99.82,97.96,uptrend,uptrend,irrelevant,uptrend,uptrend,irrelevant,uptrend,uptrend,irrelevant,uptrend,uptrend,irrelevant
97,PKN,neutral,8,5,2025-10-29,2025-11-05,99.82,97.96,uptrend,uptrend,irrelevant,uptrend,uptrend,irrelevant,uptrend,uptrend,irrelevant,uptrend,uptrend,irrelevant
97,PKN,neutral,9,5,2025-10-29,2025-11-05,99.82,97.96,uptrend,uptrend,irrelevant,uptrend,uptrend,irrelevant,uptrend,uptrend,irrelevant,uptrend,uptrend,irrelevant
97,PKN,neutral,10,5,2025-10-29,2025-11-05,99.82,97.96,uptrend,uptrend,irrelevant,uptrend,uptrend,irrelevant,uptrend,uptrend,irrelevant,uptrend,uptrend,irrelevant
99,PKN,neutral,1,1,2025-10-28,2025-10-29,98.92,99.82,uptrend,uptrend,irrelevant,uptrend,uptrend,irrelevant,uptrend,uptrend,irrelevant,uptrend,uptrend,irrelevant
99,PKN,neutral,2,1,2025-10-28,2025-10-29,98.92,99.82,uptrend,uptrend,irrelevant,uptrend,uptrend,irrelevant,uptrend,uptrend,irrelevant,uptrend,uptrend,irrelevant
99,PKN,neutral,3,1,2025-10-28,2025-10-29,98.92,99.82,uptrend,uptrend,irrelevant,uptrend,uptrend,irrelevant,uptrend,uptrend,irrelevant,uptrend,uptrend,irrelevant
99,PKN,neutral,4,1,2025-10-28,2025-10-29,98.92,99.82,uptrend,uptrend,irrelevant,uptrend,uptrend,irrelevant,uptrend,uptrend,irrelevant,uptrend,uptrend,irrelevant
99,PKN,neutral,5,1,2025-10-28,2025-10-29,98.92,99.82,uptrend,uptrend,irrelevant,uptrend,uptrend,irrelevant,uptrend,uptrend,irrelevant,uptrend,uptrend,irrelevant
99,PKN,neutral,6,1,2025-10-28,2025-10-29,98.92,99.82,uptrend,uptrend,irrelevant,uptrend,uptrend,irrelevant,uptrend,uptrend,irrelevant,uptrend,uptrend,irrelevant
99,PKN,neutral,7,1,2025-10-28,2025-10-29,98.92,99.82,uptrend,uptrend,irrelevant,uptrend,uptrend,irrelevant,uptrend,uptrend,irrelevant,uptrend,uptrend,irrelevant
99,PKN,neutral,8,1,2025-10-28,2025-10-29,98.92,99.82,uptrend,uptrend,irrelevant,uptrend,uptrend,irrelevant,uptrend,uptrend,irrelevant,uptrend,uptrend,irrelevant
99,PKN,neutral,9,1,2025-10-28,2025-10-29,98.92,99.82,uptrend,uptrend,irrelevant,uptrend,uptrend,irrelevant,uptrend,uptrend,irrelevant,uptrend,uptrend,irrelevant
99,PKN,neutral,10,1,2025-10-28,2025-10-29,98.92,99.82,uptrend,uptrend,irrelevant,uptrend,uptrend,irrelevant,uptrend,uptrend,irrelevant,uptrend,uptrend,irrelevant
99,PKN,neutral,2,2,2025-10-28,2025-10-30,98.92,100.6,uptrend,uptrend,irrelevant,uptrend,uptrend,irrelevant,uptrend,uptrend,irrelevant,uptrend,uptrend,irrelevant
99,PKN,neutral,3,2,2025-10-28,2025-10-30,98.92,100.6,uptrend,uptrend,irrelevant,uptrend,uptrend,irrelevant,uptrend,uptrend,irrelevant,uptrend,uptrend,irrelevant
99,PKN,neutral,4,2,2025-10-28,2025-10-30,98.92,100.6,uptrend,uptrend,irrelevant,uptrend,uptrend,irrelevant,uptrend,uptrend,irrelevant,uptrend,uptrend,irrelevant
99,PKN,neutral,5,2,2025-10-28,2025-10-30,98.92,100.6,uptrend,uptrend,irrelevant,uptrend,uptrend,irrelevant,uptrend,uptrend,irrelevant,uptrend,uptrend,irrelevant
99,PKN,neutral,6,2,2025-10-28,2025-10-30,98.92,100.6,uptrend,uptrend,irrelevant,uptrend,uptrend,irrelevant,uptrend,uptrend,irrelevant,uptrend,uptrend,irrelevant
99,PKN,neutral,7,2,2025-10-28,2025-10-30,98.92,100.6,uptrend,uptrend,irrelevant,uptrend,uptrend,irrelevant,uptrend,uptrend,irrelevant,uptrend,uptrend,irrelevant
99,PKN,neutral,8,2,2025-10-28,2025-10-30,98.92,100.6,uptrend,uptrend,irrelevant,uptrend,uptrend,irrelevant,uptrend,uptrend,irrelevant,uptrend,uptrend,irrelevant
99,PKN,neutral,9,2,2025-10-28,2025-10-30,98.92,100.6,uptrend,uptrend,irrelevant,uptrend,uptrend,irrelevant,uptrend,uptrend,irrelevant,uptrend,uptrend,irrelevant
99,PKN,neutral,10,2,2025-10-28,2025-10-30,98.92,100.6,uptrend,uptrend,irrelevant,uptrend,uptrend,irrelevant,uptrend,uptrend,irrelevant,uptrend,uptrend,irrelevant
99,PKN,neutral,2,3,2025-10-28,2025-10-31,98.92,100.06,uptrend,uptrend,irrelevant,uptrend,uptrend,irrelevant,uptrend,uptrend,irrelevant,uptrend,uptrend,irrelevant
99,PKN,neutral,3,3,2025-10-28,2025-10-31,98.92,100.06,uptrend,uptrend,irrelevant,uptrend,uptrend,irrelevant,uptrend,uptrend,irrelevant,uptrend,uptrend,irrelevant
99,PKN,neutral,4,3,2025-10-28,2025-10-31,98.92,100.06,uptrend,uptrend,irrelevant,uptrend,uptrend,irrelevant,uptrend,uptrend,irrelevant,uptrend,uptrend,irrelevant
99,PKN,neutral,5,3,2025-10-28,2025-10-31,98.92,100.06,uptrend,uptrend,irrelevant,uptrend,uptrend,irrelevant,uptrend,uptrend,irrelevant,uptrend,uptrend,irrelevant
99,PKN,neutral,6,3,2025-10-28,2025-10-31,98.92,100.06,uptrend,uptrend,irrelevant,uptrend,uptrend,irrelevant,uptrend,uptrend,irrelevant,uptrend,uptrend,irrelevant
99,PKN,neutral,7,3,2025-10-28,2025-10-31,98.92,100.06,uptrend,uptrend,irrelevant,uptrend,uptrend,irrelevant,uptrend,uptrend,irrelevant,uptrend,uptrend,irrelevant
99,PKN,neutral,8,3,2025-10-28,2025-10-31,98.92,100.06,uptrend,uptrend,irrelevant,uptrend,uptrend,irrelevant,uptrend,uptrend,irrelevant,uptrend,uptrend,irrelevant
99,PKN,neutral,9,3,2025-10-28,2025-10-31,98.92,100.06,uptrend,uptrend,irrelevant,uptrend,uptrend,irrelevant,uptrend,uptrend,irrelevant,uptrend,uptrend,irrelevant
99,PKN,neutral,10,3,2025-10-28,2025-10-31,98.92,100.06,uptrend,uptrend,irrelevant,uptrend,uptrend,irrelevant,uptrend,uptrend,irrelevant,uptrend,uptrend,irrelevant
99,PKN,neutral,1,4,2025-10-28,2025-11-03,98.92,99.09,uptrend,uptrend,irrelevant,uptrend,uptrend,irrelevant,uptrend,uptrend,irrelevant,uptrend,uptrend,irrelevant
99,PKN,neutral,2,4,2025-10-28,2025-11-03,98.92,99.09,uptrend,uptrend,irrelevant,uptrend,uptrend,irrelevant,uptrend,uptrend,irrelevant,uptrend,uptrend,irrelevant
99,PKN,neutral,3,4,2025-10-28,2025-11-03,98.92,99.09,uptrend,uptrend,irrelevant,uptrend,uptrend,irrelevant,uptrend,uptrend,irrelevant,uptrend,uptrend,irrelevant
99,PKN,neutral,4,4,2025-10-28,2025-11-03,98.92,99.09,uptrend,uptrend,irrelevant,uptrend,uptrend,irrelevant,uptrend,uptrend,irrelevant,uptrend,uptrend,irrelevant
99,PKN,neutral,5,4,2025-10-28,2025-11-03,98.92,99.09,uptrend,uptrend,irrelevant,uptrend,uptrend,irrelevant,uptrend,uptrend,irrelevant,uptrend,uptrend,irrelevant
99,PKN,neutral,6,4,2025-10-28,2025-11-03,98.92,99.09,uptrend,uptrend,irrelevant,uptrend,uptrend,irrelevant,uptrend,uptrend,irrelevant,uptrend,uptrend,irrelevant
99,PKN,neutral,7,4,2025-10-28,2025-11-03,98.92,99.09,uptrend,uptrend,irrelevant,uptrend,uptrend,irrelevant,uptrend,uptrend,irrelevant,uptrend,uptrend,irrelevant
99,PKN,neutral,8,4,2025-10-28,2025-11-03,98.92,99.09,uptrend,uptrend,irrelevant,uptrend,uptrend,irrelevant,uptrend,uptrend,irrelevant,uptrend,uptrend,irrelevant
99,PKN,neutral,9,4,2025-10-28,2025-11-03,98.92,99.09,uptrend,uptrend,irrelevant,uptrend,uptrend,irrelevant,uptrend,uptrend,irrelevant,uptrend,uptrend,irrelevant
99,PKN,neutral,10,4,2025-10-28,2025-11-03,98.92,99.09,uptrend,uptrend,irrelevant,uptrend,uptrend,irrelevant,uptrend,uptrend,irrelevant,uptrend,uptrend,irrelevant
99,PKN,neutral,2,5,2025-10-28,2025-11-04,98.92,97.72,uptrend,uptrend,irrelevant,uptrend,uptrend,irrelevant,uptrend,uptrend,irrelevant,uptrend,uptrend,irrelevant
99,PKN,neutral,3,5,2025-10-28,2025-11-04,98.92,97.72,uptrend,uptrend,irrelevant,uptrend,uptrend,irrelevant,uptrend,uptrend,irrelevant,uptrend,uptrend,irrelevant
99,PKN,neutral,4,5,2025-10-28,2025-11-04,98.92,97.72,uptrend,uptrend,irrelevant,uptrend,uptrend,irrelevant,uptrend,uptrend,irrelevant,uptrend,uptrend,irrelevant
99,PKN,neutral,5,5,2025-10-28,2025-11-04,98.92,97.72,uptrend,uptrend,irrelevant,uptrend,uptrend,irrelevant,uptrend,uptrend,irrelevant,uptrend,uptrend,irrelevant
99,PKN,neutral,6,5,2025-10-28,2025-11-04,98.92,97.72,uptrend,uptrend,irrelevant,uptrend,uptrend,irrelevant,uptrend,uptrend,irrelevant,uptrend,uptrend,irrelevant
99,PKN,neutral,7,5,2025-10-28,2025-11-04,98.92,97.72,uptrend,uptrend,irrelevant,uptrend,uptrend,irrelevant,uptrend,uptrend,irrelevant,uptrend,uptrend,irrelevant
99,PKN,neutral,8,5,2025-10-28,2025-11-04,98.92,97.72,uptrend,uptrend,irrelevant,uptrend,uptrend,irrelevant,uptrend,uptrend,irrelevant,uptrend,uptrend,irrelevant
99,PKN,neutral,9,5,2025-10-28,2025-11-04,98.92,97.72,uptrend,uptrend,irrelevant,uptrend,uptrend,irrelevant,uptrend,uptrend,irrelevant,uptrend,uptrend,irrelevant
99,PKN,neutral,10,5,2025-10-28,2025-11-04,98.92,97.72,uptrend,uptrend,irrelevant,uptrend,uptrend,irrelevant,uptrend,uptrend,irrelevant,uptrend,uptrend,irrelevant
100,PKN,positive,1,2,2025-10-28,2025-10-30,98.92,100.6,uptrend,uptrend,irrelevant,uptrend,uptrend,irrelevant,uptrend,uptrend,irrelevant,uptrend,uptrend,irrelevant
100,PKN,positive,1,3,2025-10-28,2025-10-31,98.92,100.06,uptrend,uptrend,irrelevant,uptrend,uptrend,irrelevant,uptrend,uptrend,irrelevant,uptrend,uptrend,irrelevant
101,PKN,positive,1,2,2025-10-28,2025-10-30,98.92,100.6,uptrend,uptrend,irrelevant,uptrend,uptrend,irrelevant,uptrend,uptrend,irrelevant,uptrend,uptrend,irrelevant
101,PKN,positive,1,3,2025-10-28,2025-10-31,98.92,100.06,uptrend,uptrend,irrelevant,uptrend,uptrend,irrelevant,uptrend,uptrend,irrelevant,uptrend,uptrend,irrelevant
102,PKN,neutral,2,1,2025-10-27,2025-10-28,97.9,98.92,uptrend,uptrend,irrelevant,uptrend,uptrend,irrelevant,uptrend,uptrend,irrelevant,uptrend,uptrend,irrelevant
102,PKN,neutral,3,1,2025-10-27,2025-10-28,97.9,98.92,uptrend,uptrend,irrelevant,uptrend,uptrend,irrelevant,uptrend,uptrend,irrelevant,uptrend,uptrend,irrelevant
102,PKN,neutral,4,1,2025-10-27,2025-10-28,97.9,98.92,uptrend,uptrend,irrelevant,uptrend,uptrend,irrelevant,uptrend,uptrend,irrelevant,uptrend,uptrend,irrelevant
102,PKN,neutral,5,1,2025-10-27,2025-10-28,97.9,98.92,uptrend,uptrend,irrelevant,uptrend,uptrend,irrelevant,uptrend,uptrend,irrelevant,uptrend,uptrend,irrelevant
102,PKN,neutral,6,1,2025-10-27,2025-10-28,97.9,98.92,uptrend,uptrend,irrelevant,uptrend,uptrend,irrelevant,uptrend,uptrend,irrelevant,uptrend,uptrend,irrelevant
102,PKN,neutral,7,1,2025-10-27,2025-10-28,97.9,98.92,uptrend,uptrend,irrelevant,uptrend,uptrend,irrelevant,uptrend,uptrend,irrelevant,uptrend,uptrend,irrelevant
102,PKN,neutral,8,1,2025-10-27,2025-10-28,97.9,98.92,uptrend,uptrend,irrelevant,uptrend,uptrend,irrelevant,uptrend,uptrend,irrelevant,uptrend,uptrend,irrelevant
102,PKN,neutral,9,1,2025-10-27,2025-10-28,97.9,98.92,uptrend,uptrend,irrelevant,uptrend,uptrend,irrelevant,uptrend,uptrend,irrelevant,uptrend,uptrend,irrelevant
102,PKN,neutral,10,1,2025-10-27,2025-10-28,97.9,98.92,uptrend,uptrend,irrelevant,uptrend,uptrend,irrelevant,uptrend,uptrend,irrelevant,uptrend,uptrend,irrelevant
102,PKN,neutral,2,2,2025-10-27,2025-10-29,97.9,99.82,uptrend,uptrend,irrelevant,uptrend,uptrend,irrelevant,uptrend,uptrend,irrelevant,uptrend,uptrend,irrelevant
102,PKN,neutral,3,2,2025-10-27,2025-10-29,97.9,99.82,uptrend,uptrend,irrelevant,uptrend,uptrend,irrelevant,uptrend,uptrend,irrelevant,uptrend,uptrend,irrelevant
102,PKN,neutral,4,2,2025-10-27,2025-10-29,97.9,99.82,uptrend,uptrend,irrelevant,uptrend,uptrend,irrelevant,uptrend,uptrend,irrelevant,uptrend,uptrend,irrelevant
102,PKN,neutral,5,2,2025-10-27,2025-10-29,97.9,99.82,uptrend,uptrend,irrelevant,uptrend,uptrend,irrelevant,uptrend,uptrend,irrelevant,uptrend,uptrend,irrelevant
102,PKN,neutral,6,2,2025-10-27,2025-10-29,97.9,99.82,uptrend,uptrend,irrelevant,uptrend,uptrend,irrelevant,uptrend,uptrend,irrelevant,uptrend,uptrend,irrelevant
102,PKN,neutral,7,2,2025-10-27,2025-10-29,97.9,99.82,uptrend,uptrend,irrelevant,uptrend,uptrend,irrelevant,uptrend,uptrend,irrelevant,uptrend,uptrend,irrelevant
102,PKN,neutral,8,2,2025-10-27,2025-10-29,97.9,99.82,uptrend,uptrend,irrelevant,uptrend,uptrend,irrelevant,uptrend,uptrend,irrelevant,uptrend,uptrend,irrelevant
102,PKN,neutral,9,2,2025-10-27,2025-10-29,97.9,99.82,uptrend,uptrend,irrelevant,uptrend,uptrend,irrelevant,uptrend,uptrend,irrelevant,uptrend,uptrend,irrelevant
102,PKN,neutral,10,2,2025-10-27,2025-10-29,97.9,99.82,uptrend,uptrend,irrelevant,uptrend,uptrend,irrelevant,uptrend,uptrend,irrelevant,uptrend,uptrend,irrelevant
102,PKN,neutral,3,3,2025-10-27,2025-10-30,97.9,100.6,uptrend,uptrend,irrelevant,uptrend,uptrend,irrelevant,uptrend,uptrend,irrelevant,uptrend,uptrend,irrelevant
102,PKN,neutral,4,3,2025-10-27,2025-10-30,97.9,100.6,uptrend,uptrend,irrelevant,uptrend,uptrend,irrelevant,uptrend,uptrend,irrelevant,uptrend,uptrend,irrelevant
102,PKN,neutral,5,3,2025-10-27,2025-10-30,97.9,100.6,uptrend,uptrend,irrelevant,uptrend,uptrend,irrelevant,uptrend,uptrend,irrelevant,uptrend,uptrend,irrelevant
102,PKN,neutral,6,3,2025-10-27,2025-10-30,97.9,100.6,uptrend,uptrend,irrelevant,uptrend,uptrend,irrelevant,uptrend,uptrend,irrelevant,uptrend,uptrend,irrelevant
102,PKN,neutral,7,3,2025-10-27,2025-10-30,97.9,100.6,uptrend,uptrend,irrelevant,uptrend,uptrend,irrelevant,uptrend,uptrend,irrelevant,uptrend,uptrend,irrelevant
102,PKN,neutral,8,3,2025-10-27,2025-10-30,97.9,100.6,uptrend,uptrend,irrelevant,uptrend,uptrend,irrelevant,uptrend,uptrend,irrelevant,uptrend,uptrend,irrelevant
102,PKN,neutral,9,3,2025-10-27,2025-10-30,97.9,100.6,uptrend,uptrend,irrelevant,uptrend,uptrend,irrelevant,uptrend,uptrend,irrelevant,uptrend,uptrend,irrelevant
102,PKN,neutral,10,3,2025-10-27,2025-10-30,97.9,100.6,uptrend,uptrend,irrelevant,uptrend,uptrend,irrelevant,uptrend,uptrend,irrelevant,uptrend,uptrend,irrelevant
102,PKN,neutral,3,4,2025-10-27,2025-10-31,97.9,100.06,uptrend,uptrend,irrelevant,uptrend,uptrend,irrelevant,uptrend,uptrend,irrelevant,uptrend,uptrend,irrelevant
102,PKN,neutral,4,4,2025-10-27,2025-10-31,97.9,100.06,uptrend,uptrend,irrelevant,uptrend,uptrend,irrelevant,uptrend,uptrend,irrelevant,uptrend,uptrend,irrelevant
102,PKN,neutral,5,4,2025-10-27,2025-10-31,97.9,100.06,uptrend,uptrend,irrelevant,uptrend,uptrend,irrelevant,uptrend,uptrend,irrelevant,uptrend,uptrend,irrelevant
102,PKN,neutral,6,4,2025-10-27,2025-10-31,97.9,100.06,uptrend,uptrend,irrelevant,uptrend,uptrend,irrelevant,uptrend,uptrend,irrelevant,uptrend,uptrend,irrelevant
102,PKN,neutral,7,4,2025-10-27,2025-10-31,97.9,100.06,uptrend,uptrend,irrelevant,uptrend,uptrend,irrelevant,uptrend,uptrend,irrelevant,uptrend,uptrend,irrelevant
102,PKN,neutral,8,4,2025-10-27,2025-10-31,97.9,100.06,uptrend,uptrend,irrelevant,uptrend,uptrend,irrelevant,uptrend,uptrend,irrelevant,uptrend,uptrend,irrelevant
102,PKN,neutral,9,4,2025-10-27,2025-10-31,97.9,100.06,uptrend,uptrend,irrelevant,uptrend,uptrend,irrelevant,uptrend,uptrend,irrelevant,uptrend,uptrend,irrelevant
102,PKN,neutral,10,4,2025-10-27,2025-10-31,97.9,100.06,uptrend,uptrend,irrelevant,uptrend,uptrend,irrelevant,uptrend,uptrend,irrelevant,uptrend,uptrend,irrelevant
102,PKN,neutral,2,5,2025-10-27,2025-11-03,97.9,99.09,uptrend,uptrend,irrelevant,uptrend,uptrend,irrelevant,uptrend,uptrend,irrelevant,uptrend,uptrend,irrelevant
102,PKN,neutral,3,5,2025-10-27,2025-11-03,97.9,99.09,uptrend,uptrend,irrelevant,uptrend,uptrend,irrelevant,uptrend,uptrend,irrelevant,uptrend,uptrend,irrelevant
102,PKN,neutral,4,5,2025-10-27,2025-11-03,97.9,99.09,uptrend,uptrend,irrelevant,uptrend,uptrend,irrelevant,uptrend,uptrend,irrelevant,uptrend,uptrend,irrelevant
102,PKN,neutral,5,5,2025-10-27,2025-11-03,97.9,99.09,uptrend,uptrend,irrelevant,uptrend,uptrend,irrelevant,uptrend,uptrend,irrelevant,uptrend,uptrend,irrelevant
102,PKN,neutral,6,5,2025-10-27,2025-11-03,97.9,99.09,uptrend,uptrend,irrelevant,uptrend,uptrend,irrelevant,uptrend,uptrend,irrelevant,uptrend,uptrend,irrelevant
102,PKN,neutral,7,5,2025-10-27,2025-11-03,97.9,99.09,uptrend,uptrend,irrelevant,uptrend,uptrend,irrelevant,uptrend,uptrend,irrelevant,uptrend,uptrend,irrelevant
102,PKN,neutral,8,5,2025-10-27,2025-11-03,97.9,99.09,uptrend,uptrend,irrelevant,uptrend,uptrend,irrelevant,uptrend,uptrend,irrelevant,uptrend,uptrend,irrelevant
102,PKN,neutral,9,5,2025-10-27,2025-11-03,97.9,99.09,uptrend,uptrend,irrelevant,uptrend,uptrend,irrelevant,uptrend,uptrend,irrelevant,uptrend,uptrend,irrelevant
102,PKN,neutral,10,5,2025-10-27,2025-11-03,97.9,99.09,uptrend,uptrend,irrelevant,uptrend,uptrend,irrelevant,uptrend,uptrend,irrelevant,uptrend,uptrend,irrelevant
103,PKN,positive,1,2,2025-10-24,2025-10-28,97.65,98.92,uptrend,uptrend,irrelevant,uptrend,uptrend,irrelevant,uptrend,uptrend,irrelevant,uptrend,uptrend,irrelevant
103,PKN,positive,1,3,2025-10-24,2025-10-29,97.65,99.82,uptrend,uptrend,irrelevant,uptrend,uptrend,irrelevant,uptrend,uptrend,irrelevant,uptrend,uptrend,irrelevant
103,PKN,positive,2,3,2025-10-24,2025-10-29,97.65,99.82,uptrend,uptrend,irrelevant,uptrend,uptrend,irrelevant,uptrend,uptrend,irrelevant,uptrend,uptrend,irrelevant
103,PKN,positive,1,4,2025-10-24,2025-10-30,97.65,100.6,uptrend,uptrend,irrelevant,uptrend,uptrend,irrelevant,uptrend,uptrend,irrelevant,uptrend,uptrend,irrelevant
103,PKN,positive,2,4,2025-10-24,2025-10-30,97.65,100.6,uptrend,uptrend,irrelevant,uptrend,uptrend,irrelevant,uptrend,uptrend,irrelevant,uptrend,uptrend,irrelevant
103,PKN,positive,3,4,2025-10-24,2025-10-30,97.65,100.6,uptrend,uptrend,irrelevant,uptrend,uptrend,irrelevant,uptrend,uptrend,irrelevant,uptrend,uptrend,irrelevant
103,PKN,positive,1,5,2025-10-24,2025-10-31,97.65,100.06,uptrend,uptrend,irrelevant,uptrend,uptrend,irrelevant,uptrend,uptrend,irrelevant,uptrend,uptrend,irrelevant
103,PKN,positive,2,5,2025-10-24,2025-10-31,97.65,100.06,uptrend,uptrend,irrelevant,uptrend,uptrend,irrelevant,uptrend,uptrend,irrelevant,uptrend,uptrend,irrelevant
104,PKN,positive,1,1,2025-10-21,2025-10-22,91.82,95.0,uptrend,uptrend,irrelevant,uptrend,uptrend,irrelevant,horizontal,horizontal,irrelevant,uptrend,uptrend,irrelevant
104,PKN,positive,2,1,2025-10-21,2025-10-22,91.82,95.0,uptrend,uptrend,irrelevant,uptrend,uptrend,irrelevant,horizontal,horizontal,irrelevant,uptrend,uptrend,irrelevant
104,PKN,positive,3,1,2025-10-21,2025-10-22,91.82,95.0,uptrend,uptrend,irrelevant,uptrend,uptrend,irrelevant,horizontal,horizontal,irrelevant,uptrend,uptrend,irrelevant
104,PKN,positive,1,2,2025-10-21,2025-10-23,91.82,97.3,uptrend,uptrend,irrelevant,uptrend,uptrend,irrelevant,horizontal,uptrend,relevant,uptrend,uptrend,irrelevant
104,PKN,positive,2,2,2025-10-21,2025-10-23,91.82,97.3,uptrend,uptrend,irrelevant,uptrend,uptrend,irrelevant,horizontal,uptrend,relevant,uptrend,uptrend,irrelevant
104,PKN,positive,3,2,2025-10-21,2025-10-23,91.82,97.3,uptrend,uptrend,irrelevant,uptrend,uptrend,irrelevant,horizontal,uptrend,relevant,uptrend,uptrend,irrelevant
104,PKN,positive,4,2,2025-10-21,2025-10-23,91.82,97.3,uptrend,uptrend,irrelevant,uptrend,uptrend,irrelevant,horizontal,uptrend,relevant,uptrend,uptrend,irrelevant
104,PKN,positive,5,2,2025-10-21,2025-10-23,91.82,97.3,uptrend,uptrend,irrelevant,uptrend,uptrend,irrelevant,horizontal,uptrend,relevant,uptrend,uptrend,irrelevant
104,PKN,positive,1,3,2025-10-21,2025-10-24,91.82,97.65,uptrend,uptrend,irrelevant,uptrend,uptrend,irrelevant,horizontal,uptrend,relevant,uptrend,uptrend,irrelevant
104,PKN,positive,2,3,2025-10-21,2025-10-24,91.82,97.65,uptrend,uptrend,irrelevant,uptrend,uptrend,irrelevant,horizontal,uptrend,relevant,uptrend,uptrend,irrelevant
104,PKN,positive,3,3,2025-10-21,2025-10-24,91.82,97.65,uptrend,uptrend,irrelevant,uptrend,uptrend,irrelevant,horizontal,uptrend,relevant,uptrend,uptrend,irrelevant
104,PKN,positive,4,3,2025-10-21,2025-10-24,91.82,97.65,uptrend,uptrend,irrelevant,uptrend,uptrend,irrelevant,horizontal,uptrend,relevant,uptrend,uptrend,irrelevant
104,PKN,positive,5,3,2025-10-21,2025-10-24,91.82,97.65,uptrend,uptrend,irrelevant,uptrend,uptrend,irrelevant,horizontal,uptrend,relevant,uptrend,uptrend,irrelevant
104,PKN,positive,6,3,2025-10-21,2025-10-24,91.82,97.65,uptrend,uptrend,irrelevant,uptrend,uptrend,irrelevant,horizontal,uptrend,relevant,uptrend,uptrend,irrelevant
104,PKN,positive,1,4,2025-10-21,2025-10-27,91.82,97.9,uptrend,uptrend,irrelevant,uptrend,uptrend,irrelevant,horizontal,uptrend,relevant,uptrend,uptrend,irrelevant
104,PKN,positive,2,4,2025-10-21,2025-10-27,91.82,97.9,uptrend,uptrend,irrelevant,uptrend,uptrend,irrelevant,horizontal,uptrend,relevant,uptrend,uptrend,irrelevant
104,PKN,positive,3,4,2025-10-21,2025-10-27,91.82,97.9,uptrend,uptrend,irrelevant,uptrend,uptrend,irrelevant,horizontal,uptrend,relevant,uptrend,uptrend,irrelevant
104,PKN,positive,4,4,2025-10-21,2025-10-27,91.82,97.9,uptrend,uptrend,irrelevant,uptrend,uptrend,irrelevant,horizontal,uptrend,relevant,uptrend,uptrend,irrelevant
104,PKN,positive,5,4,2025-10-21,2025-10-27,91.82,97.9,uptrend,uptrend,irrelevant,uptrend,uptrend,irrelevant,horizontal,uptrend,relevant,uptrend,uptrend,irrelevant
104,PKN,positive,6,4,2025-10-21,2025-10-27,91.82,97.9,uptrend,uptrend,irrelevant,uptrend,uptrend,irrelevant,horizontal,uptrend,relevant,uptrend,uptrend,irrelevant
104,PKN,positive,1,5,2025-10-21,2025-10-28,91.82,98.92,uptrend,uptrend,irrelevant,uptrend,uptrend,irrelevant,horizontal,uptrend,relevant,uptrend,uptrend,irrelevant
104,PKN,positive,2,5,2025-10-21,2025-10-28,91.82,98.92,uptrend,uptrend,irrelevant,uptrend,uptrend,irrelevant,horizontal,uptrend,relevant,uptrend,uptrend,irrelevant
104,PKN,positive,3,5,2025-10-21,2025-10-28,91.82,98.92,uptrend,uptrend,irrelevant,uptrend,uptrend,irrelevant,horizontal,uptrend,relevant,uptrend,uptrend,irrelevant
104,PKN,positive,4,5,2025-10-21,2025-10-28,91.82,98.92,uptrend,uptrend,irrelevant,uptrend,uptrend,irrelevant,horizontal,uptrend,relevant,uptrend,uptrend,irrelevant
104,PKN,positive,5,5,2025-10-21,2025-10-28,91.82,98.92,uptrend,uptrend,irrelevant,uptrend,uptrend,irrelevant,horizontal,uptrend,relevant,uptrend,uptrend,irrelevant
104,PKN,positive,6,5,2025-10-21,2025-10-28,91.82,98.92,uptrend,uptrend,irrelevant,uptrend,uptrend,irrelevant,horizontal,uptrend,relevant,uptrend,uptrend,irrelevant
104,PKN,positive,7,5,2025-10-21,2025-10-28,91.82,98.92,uptrend,uptrend,irrelevant,uptrend,uptrend,irrelevant,horizontal,uptrend,relevant,uptrend,uptrend,irrelevant
105,PKN,neutral,1,1,2025-10-15,2025-10-16,89.34,89.94,uptrend,uptrend,irrelevant,uptrend,uptrend,irrelevant,horizontal,horizontal,irrelevant,uptrend,uptrend,irrelevant
105,PKN,neutral,2,1,2025-10-15,2025-10-16,89.34,89.94,uptrend,uptrend,irrelevant,uptrend,uptrend,irrelevant,horizontal,horizontal,irrelevant,uptrend,uptrend,irrelevant
105,PKN,neutral,3,1,2025-10-15,2025-10-16,89.34,89.94,uptrend,uptrend,irrelevant,uptrend,uptrend,irrelevant,horizontal,horizontal,irrelevant,uptrend,uptrend,irrelevant
105,PKN,neutral,4,1,2025-10-15,2025-10-16,89.34,89.94,uptrend,uptrend,irrelevant,uptrend,uptrend,irrelevant,horizontal,horizontal,irrelevant,uptrend,uptrend,irrelevant
105,PKN,neutral,5,1,2025-10-15,2025-10-16,89.34,89.94,uptrend,uptrend,irrelevant,uptrend,uptrend,irrelevant,horizontal,horizontal,irrelevant,uptrend,uptrend,irrelevant
105,PKN,neutral,6,1,2025-10-15,2025-10-16,89.34,89.94,uptrend,uptrend,irrelevant,uptrend,uptrend,irrelevant,horizontal,horizontal,irrelevant,uptrend,uptrend,irrelevant
105,PKN,neutral,7,1,2025-10-15,2025-10-16,89.34,89.94,uptrend,uptrend,irrelevant,uptrend,uptrend,irrelevant,horizontal,horizontal,irrelevant,uptrend,uptrend,irrelevant
105,PKN,neutral,8,1,2025-10-15,2025-10-16,89.34,89.94,uptrend,uptrend,irrelevant,uptrend,uptrend,irrelevant,horizontal,horizontal,irrelevant,uptrend,uptrend,irrelevant
105,PKN,neutral,9,1,2025-10-15,2025-10-16,89.34,89.94,uptrend,uptrend,irrelevant,uptrend,uptrend,irrelevant,horizontal,horizontal,irrelevant,uptrend,uptrend,irrelevant
105,PKN,neutral,10,1,2025-10-15,2025-10-16,89.34,89.94,uptrend,uptrend,irrelevant,uptrend,uptrend,irrelevant,horizontal,horizontal,irrelevant,uptrend,uptrend,irrelevant
105,PKN,neutral,1,2,2025-10-15,2025-10-17,89.34,88.85,uptrend,uptrend,irrelevant,uptrend,uptrend,irrelevant,horizontal,horizontal,irrelevant,uptrend,uptrend,irrelevant
105,PKN,neutral,2,2,2025-10-15,2025-10-17,89.34,88.85,uptrend,uptrend,irrelevant,uptrend,uptrend,irrelevant,horizontal,horizontal,irrelevant,uptrend,uptrend,irrelevant
105,PKN,neutral,3,2,2025-10-15,2025-10-17,89.34,88.85,uptrend,uptrend,irrelevant,uptrend,uptrend,irrelevant,horizontal,horizontal,irrelevant,uptrend,uptrend,irrelevant
105,PKN,neutral,4,2,2025-10-15,2025-10-17,89.34,88.85,uptrend,uptrend,irrelevant,uptrend,uptrend,irrelevant,horizontal,horizontal,irrelevant,uptrend,uptrend,irrelevant
105,PKN,neutral,5,2,2025-10-15,2025-10-17,89.34,88.85,uptrend,uptrend,irrelevant,uptrend,uptrend,irrelevant,horizontal,horizontal,irrelevant,uptrend,uptrend,irrelevant
105,PKN,neutral,6,2,2025-10-15,2025-10-17,89.34,88.85,uptrend,uptrend,irrelevant,uptrend,uptrend,irrelevant,horizontal,horizontal,irrelevant,uptrend,uptrend,irrelevant
105,PKN,neutral,7,2,2025-10-15,2025-10-17,89.34,88.85,uptrend,uptrend,irrelevant,uptrend,uptrend,irrelevant,horizontal,horizontal,irrelevant,uptrend,uptrend,irrelevant
105,PKN,neutral,8,2,2025-10-15,2025-10-17,89.34,88.85,uptrend,uptrend,irrelevant,uptrend,uptrend,irrelevant,horizontal,horizontal,irrelevant,uptrend,uptrend,irrelevant
105,PKN,neutral,9,2,2025-10-15,2025-10-17,89.34,88.85,uptrend,uptrend,irrelevant,uptrend,uptrend,irrelevant,horizontal,horizontal,irrelevant,uptrend,uptrend,irrelevant
105,PKN,neutral,10,2,2025-10-15,2025-10-17,89.34,88.85,uptrend,uptrend,irrelevant,uptrend,uptrend,irrelevant,horizontal,horizontal,irrelevant,uptrend,uptrend,irrelevant
105,PKN,neutral,4,3,2025-10-15,2025-10-20,89.34,92.09,uptrend,uptrend,irrelevant,uptrend,uptrend,irrelevant,horizontal,horizontal,irrelevant,uptrend,uptrend,irrelevant
105,PKN,neutral,5,3,2025-10-15,2025-10-20,89.34,92.09,uptrend,uptrend,irrelevant,uptrend,uptrend,irrelevant,horizontal,horizontal,irrelevant,uptrend,uptrend,irrelevant
105,PKN,neutral,6,3,2025-10-15,2025-10-20,89.34,92.09,uptrend,uptrend,irrelevant,uptrend,uptrend,irrelevant,horizontal,horizontal,irrelevant,uptrend,uptrend,irrelevant
105,PKN,neutral,7,3,2025-10-15,2025-10-20,89.34,92.09,uptrend,uptrend,irrelevant,uptrend,uptrend,irrelevant,horizontal,horizontal,irrelevant,uptrend,uptrend,irrelevant
105,PKN,neutral,8,3,2025-10-15,2025-10-20,89.34,92.09,uptrend,uptrend,irrelevant,uptrend,uptrend,irrelevant,horizontal,horizontal,irrelevant,uptrend,uptrend,irrelevant
105,PKN,neutral,9,3,2025-10-15,2025-10-20,89.34,92.09,uptrend,uptrend,irrelevant,uptrend,uptrend,irrelevant,horizontal,horizontal,irrelevant,uptrend,uptrend,irrelevant
105,PKN,neutral,10,3,2025-10-15,2025-10-20,89.34,92.09,uptrend,uptrend,irrelevant,uptrend,uptrend,irrelevant,horizontal,horizontal,irrelevant,uptrend,uptrend,irrelevant
105,PKN,neutral,3,4,2025-10-15,2025-10-21,89.34,91.82,uptrend,uptrend,irrelevant,uptrend,uptrend,irrelevant,horizontal,horizontal,irrelevant,uptrend,uptrend,irrelevant
105,PKN,neutral,4,4,2025-10-15,2025-10-21,89.34,91.82,uptrend,uptrend,irrelevant,uptrend,uptrend,irrelevant,horizontal,horizontal,irrelevant,uptrend,uptrend,irrelevant
105,PKN,neutral,5,4,2025-10-15,2025-10-21,89.34,91.82,uptrend,uptrend,irrelevant,uptrend,uptrend,irrelevant,horizontal,horizontal,irrelevant,uptrend,uptrend,irrelevant
105,PKN,neutral,6,4,2025-10-15,2025-10-21,89.34,91.82,uptrend,uptrend,irrelevant,uptrend,uptrend,irrelevant,horizontal,horizontal,irrelevant,uptrend,uptrend,irrelevant
105,PKN,neutral,7,4,2025-10-15,2025-10-21,89.34,91.82,uptrend,uptrend,irrelevant,uptrend,uptrend,irrelevant,horizontal,horizontal,irrelevant,uptrend,uptrend,irrelevant
105,PKN,neutral,8,4,2025-10-15,2025-10-21,89.34,91.82,uptrend,uptrend,irrelevant,uptrend,uptrend,irrelevant,horizontal,horizontal,irrelevant,uptrend,uptrend,irrelevant
105,PKN,neutral,9,4,2025-10-15,2025-10-21,89.34,91.82,uptrend,uptrend,irrelevant,uptrend,uptrend,irrelevant,horizontal,horizontal,irrelevant,uptrend,uptrend,irrelevant
105,PKN,neutral,10,4,2025-10-15,2025-10-21,89.34,91.82,uptrend,uptrend,irrelevant,uptrend,uptrend,irrelevant,horizontal,horizontal,irrelevant,uptrend,uptrend,irrelevant
105,PKN,neutral,7,5,2025-10-15,2025-10-22,89.34,95.0,uptrend,uptrend,irrelevant,uptrend,uptrend,irrelevant,horizontal,horizontal,irrelevant,uptrend,uptrend,irrelevant
105,PKN,neutral,8,5,2025-10-15,2025-10-22,89.34,95.0,uptrend,uptrend,irrelevant,uptrend,uptrend,irrelevant,horizontal,horizontal,irrelevant,uptrend,uptrend,irrelevant
105,PKN,neutral,9,5,2025-10-15,2025-10-22,89.34,95.0,uptrend,uptrend,irrelevant,uptrend,uptrend,irrelevant,horizontal,horizontal,irrelevant,uptrend,uptrend,irrelevant
105,PKN,neutral,10,5,2025-10-15,2025-10-22,89.34,95.0,uptrend,uptrend,irrelevant,uptrend,uptrend,irrelevant,horizontal,horizontal,irrelevant,uptrend,uptrend,irrelevant
106,PKN,positive,1,3,2025-10-15,2025-10-20,89.34,92.09,uptrend,uptrend,irrelevant,uptrend,uptrend,irrelevant,horizontal,horizontal,irrelevant,uptrend,uptrend,irrelevant
106,PKN,positive,2,3,2025-10-15,2025-10-20,89.34,92.09,uptrend,uptrend,irrelevant,uptrend,uptrend,irrelevant,horizontal,horizontal,irrelevant,uptrend,uptrend,irrelevant
106,PKN,positive,3,3,2025-10-15,2025-10-20,89.34,92.09,uptrend,uptrend,irrelevant,uptrend,uptrend,irrelevant,horizontal,horizontal,irrelevant,uptrend,uptrend,irrelevant
106,PKN,positive,1,4,2025-10-15,2025-10-21,89.34,91.82,uptrend,uptrend,irrelevant,uptrend,uptrend,irrelevant,horizontal,horizontal,irrelevant,uptrend,uptrend,irrelevant
106,PKN,positive,2,4,2025-10-15,2025-10-21,89.34,91.82,uptrend,uptrend,irrelevant,uptrend,uptrend,irrelevant,horizontal,horizontal,irrelevant,uptrend,uptrend,irrelevant
106,PKN,positive,1,5,2025-10-15,2025-10-22,89.34,95.0,uptrend,uptrend,irrelevant,uptrend,uptrend,irrelevant,horizontal,horizontal,irrelevant,uptrend,uptrend,irrelevant
106,PKN,positive,2,5,2025-10-15,2025-10-22,89.34,95.0,uptrend,uptrend,irrelevant,uptrend,uptrend,irrelevant,horizontal,horizontal,irrelevant,uptrend,uptrend,irrelevant
106,PKN,positive,3,5,2025-10-15,2025-10-22,89.34,95.0,uptrend,uptrend,irrelevant,uptrend,uptrend,irrelevant,horizontal,horizontal,irrelevant,uptrend,uptrend,irrelevant
106,PKN,positive,4,5,2025-10-15,2025-10-22,89.34,95.0,uptrend,uptrend,irrelevant,uptrend,uptrend,irrelevant,horizontal,horizontal,irrelevant,uptrend,uptrend,irrelevant
106,PKN,positive,5,5,2025-10-15,2025-10-22,89.34,95.0,uptrend,uptrend,irrelevant,uptrend,uptrend,irrelevant,horizontal,horizontal,irrelevant,uptrend,uptrend,irrelevant
106,PKN,positive,6,5,2025-10-15,2025-10-22,89.34,95.0,uptrend,uptrend,irrelevant,uptrend,uptrend,irrelevant,horizontal,horizontal,irrelevant,uptrend,uptrend,irrelevant
107,PKN,neutral,2,1,2025-10-13,2025-10-14,88.63,87.13,uptrend,uptrend,irrelevant,uptrend,uptrend,irrelevant,horizontal,horizontal,irrelevant,uptrend,uptrend,irrelevant
107,PKN,neutral,3,1,2025-10-13,2025-10-14,88.63,87.13,uptrend,uptrend,irrelevant,uptrend,uptrend,irrelevant,horizontal,horizontal,irrelevant,uptrend,uptrend,irrelevant
107,PKN,neutral,4,1,2025-10-13,2025-10-14,88.63,87.13,uptrend,uptrend,irrelevant,uptrend,uptrend,irrelevant,horizontal,horizontal,irrelevant,uptrend,uptrend,irrelevant
107,PKN,neutral,5,1,2025-10-13,2025-10-14,88.63,87.13,uptrend,uptrend,irrelevant,uptrend,uptrend,irrelevant,horizontal,horizontal,irrelevant,uptrend,uptrend,irrelevant
107,PKN,neutral,6,1,2025-10-13,2025-10-14,88.63,87.13,uptrend,uptrend,irrelevant,uptrend,uptrend,irrelevant,horizontal,horizontal,irrelevant,uptrend,uptrend,irrelevant
107,PKN,neutral,7,1,2025-10-13,2025-10-14,88.63,87.13,uptrend,uptrend,irrelevant,uptrend,uptrend,irrelevant,horizontal,horizontal,irrelevant,uptrend,uptrend,irrelevant
107,PKN,neutral,8,1,2025-10-13,2025-10-14,88.63,87.13,uptrend,uptrend,irrelevant,uptrend,uptrend,irrelevant,horizontal,horizontal,irrelevant,uptrend,uptrend,irrelevant
107,PKN,neutral,9,1,2025-10-13,2025-10-14,88.63,87.13,uptrend,uptrend,irrelevant,uptrend,uptrend,irrelevant,horizontal,horizontal,irrelevant,uptrend,uptrend,irrelevant
107,PKN,neutral,10,1,2025-10-13,2025-10-14,88.63,87.13,uptrend,uptrend,irrelevant,uptrend,uptrend,irrelevant,horizontal,horizontal,irrelevant,uptrend,uptrend,irrelevant
107,PKN,neutral,1,2,2025-10-13,2025-10-15,88.63,89.34,uptrend,uptrend,irrelevant,uptrend,uptrend,irrelevant,horizontal,horizontal,irrelevant,uptrend,uptrend,irrelevant
107,PKN,neutral,2,2,2025-10-13,2025-10-15,88.63,89.34,uptrend,uptrend,irrelevant,uptrend,uptrend,irrelevant,horizontal,horizontal,irrelevant,uptrend,uptrend,irrelevant
107,PKN,neutral,3,2,2025-10-13,2025-10-15,88.63,89.34,uptrend,uptrend,irrelevant,uptrend,uptrend,irrelevant,horizontal,horizontal,irrelevant,uptrend,uptrend,irrelevant
107,PKN,neutral,4,2,2025-10-13,2025-10-15,88.63,89.34,uptrend,uptrend,irrelevant,uptrend,uptrend,irrelevant,horizontal,horizontal,irrelevant,uptrend,uptrend,irrelevant
107,PKN,neutral,5,2,2025-10-13,2025-10-15,88.63,89.34,uptrend,uptrend,irrelevant,uptrend,uptrend,irrelevant,horizontal,horizontal,irrelevant,uptrend,uptrend,irrelevant
107,PKN,neutral,6,2,2025-10-13,2025-10-15,88.63,89.34,uptrend,uptrend,irrelevant,uptrend,uptrend,irrelevant,horizontal,horizontal,irrelevant,uptrend,uptrend,irrelevant
107,PKN,neutral,7,2,2025-10-13,2025-10-15,88.63,89.34,uptrend,uptrend,irrelevant,uptrend,uptrend,irrelevant,horizontal,horizontal,irrelevant,uptrend,uptrend,irrelevant
107,PKN,neutral,8,2,2025-10-13,2025-10-15,88.63,89.34,uptrend,uptrend,irrelevant,uptrend,uptrend,irrelevant,horizontal,horizontal,irrelevant,uptrend,uptrend,irrelevant
107,PKN,neutral,9,2,2025-10-13,2025-10-15,88.63,89.34,uptrend,uptrend,irrelevant,uptrend,uptrend,irrelevant,horizontal,horizontal,irrelevant,uptrend,uptrend,irrelevant
107,PKN,neutral,10,2,2025-10-13,2025-10-15,88.63,89.34,uptrend,uptrend,irrelevant,uptrend,uptrend,irrelevant,horizontal,horizontal,irrelevant,uptrend,uptrend,irrelevant
107,PKN,neutral,2,3,2025-10-13,2025-10-16,88.63,89.94,uptrend,uptrend,irrelevant,uptrend,uptrend,irrelevant,horizontal,horizontal,irrelevant,uptrend,uptrend,irrelevant
107,PKN,neutral,3,3,2025-10-13,2025-10-16,88.63,89.94,uptrend,uptrend,irrelevant,uptrend,uptrend,irrelevant,horizontal,horizontal,irrelevant,uptrend,uptrend,irrelevant
107,PKN,neutral,4,3,2025-10-13,2025-10-16,88.63,89.94,uptrend,uptrend,irrelevant,uptrend,uptrend,irrelevant,horizontal,horizontal,irrelevant,uptrend,uptrend,irrelevant
107,PKN,neutral,5,3,2025-10-13,2025-10-16,88.63,89.94,uptrend,uptrend,irrelevant,uptrend,uptrend,irrelevant,horizontal,horizontal,irrelevant,uptrend,uptrend,irrelevant
107,PKN,neutral,6,3,2025-10-13,2025-10-16,88.63,89.94,uptrend,uptrend,irrelevant,uptrend,uptrend,irrelevant,horizontal,horizontal,irrelevant,uptrend,uptrend,irrelevant
107,PKN,neutral,7,3,2025-10-13,2025-10-16,88.63,89.94,uptrend,uptrend,irrelevant,uptrend,uptrend,irrelevant,horizontal,horizontal,irrelevant,uptrend,uptrend,irrelevant
107,PKN,neutral,8,3,2025-10-13,2025-10-16,88.63,89.94,uptrend,uptrend,irrelevant,uptrend,uptrend,irrelevant,horizontal,horizontal,irrelevant,uptrend,uptrend,irrelevant
107,PKN,neutral,9,3,2025-10-13,2025-10-16,88.63,89.94,uptrend,uptrend,irrelevant,uptrend,uptrend,irrelevant,horizontal,horizontal,irrelevant,uptrend,uptrend,irrelevant
107,PKN,neutral,10,3,2025-10-13,2025-10-16,88.63,89.94,uptrend,uptrend,irrelevant,uptrend,uptrend,irrelevant,horizontal,horizontal,irrelevant,uptrend,uptrend,irrelevant
107,PKN,neutral,1,4,2025-10-13,2025-10-17,88.63,88.85,uptrend,uptrend,irrelevant,uptrend,uptrend,irrelevant,horizontal,horizontal,irrelevant,uptrend,uptrend,irrelevant
107,PKN,neutral,2,4,2025-10-13,2025-10-17,88.63,88.85,uptrend,uptrend,irrelevant,uptrend,uptrend,irrelevant,horizontal,horizontal,irrelevant,uptrend,uptrend,irrelevant
107,PKN,neutral,3,4,2025-10-13,2025-10-17,88.63,88.85,uptrend,uptrend,irrelevant,uptrend,uptrend,irrelevant,horizontal,horizontal,irrelevant,uptrend,uptrend,irrelevant
107,PKN,neutral,4,4,2025-10-13,2025-10-17,88.63,88.85,uptrend,uptrend,irrelevant,uptrend,uptrend,irrelevant,horizontal,horizontal,irrelevant,uptrend,uptrend,irrelevant
107,PKN,neutral,5,4,2025-10-13,2025-10-17,88.63,88.85,uptrend,uptrend,irrelevant,uptrend,uptrend,irrelevant,horizontal,horizontal,irrelevant,uptrend,uptrend,irrelevant
107,PKN,neutral,6,4,2025-10-13,2025-10-17,88.63,88.85,uptrend,uptrend,irrelevant,uptrend,uptrend,irrelevant,horizontal,horizontal,irrelevant,uptrend,uptrend,irrelevant
107,PKN,neutral,7,4,2025-10-13,2025-10-17,88.63,88.85,uptrend,uptrend,irrelevant,uptrend,uptrend,irrelevant,horizontal,horizontal,irrelevant,uptrend,uptrend,irrelevant
107,PKN,neutral,8,4,2025-10-13,2025-10-17,88.63,88.85,uptrend,uptrend,irrelevant,uptrend,uptrend,irrelevant,horizontal,horizontal,irrelevant,uptrend,uptrend,irrelevant
107,PKN,neutral,9,4,2025-10-13,2025-10-17,88.63,88.85,uptrend,uptrend,irrelevant,uptrend,uptrend,irrelevant,horizontal,horizontal,irrelevant,uptrend,uptrend,irrelevant
107,PKN,neutral,10,4,2025-10-13,2025-10-17,88.63,88.85,uptrend,uptrend,irrelevant,uptrend,uptrend,irrelevant,horizontal,horizontal,irrelevant,uptrend,uptrend,irrelevant
107,PKN,neutral,4,5,2025-10-13,2025-10-20,88.63,92.09,uptrend,uptrend,irrelevant,uptrend,uptrend,irrelevant,horizontal,horizontal,irrelevant,uptrend,uptrend,irrelevant
107,PKN,neutral,5,5,2025-10-13,2025-10-20,88.63,92.09,uptrend,uptrend,irrelevant,uptrend,uptrend,irrelevant,horizontal,horizontal,irrelevant,uptrend,uptrend,irrelevant
107,PKN,neutral,6,5,2025-10-13,2025-10-20,88.63,92.09,uptrend,uptrend,irrelevant,uptrend,uptrend,irrelevant,horizontal,horizontal,irrelevant,uptrend,uptrend,irrelevant
107,PKN,neutral,7,5,2025-10-13,2025-10-20,88.63,92.09,uptrend,uptrend,irrelevant,uptrend,uptrend,irrelevant,horizontal,horizontal,irrelevant,uptrend,uptrend,irrelevant
107,PKN,neutral,8,5,2025-10-13,2025-10-20,88.63,92.09,uptrend,uptrend,irrelevant,uptrend,uptrend,irrelevant,horizontal,horizontal,irrelevant,uptrend,uptrend,irrelevant
107,PKN,neutral,9,5,2025-10-13,2025-10-20,88.63,92.09,uptrend,uptrend,irrelevant,uptrend,uptrend,irrelevant,horizontal,horizontal,irrelevant,uptrend,uptrend,irrelevant
107,PKN,neutral,10,5,2025-10-13,2025-10-20,88.63,92.09,uptrend,uptrend,irrelevant,uptrend,uptrend,irrelevant,horizontal,horizontal,irrelevant,uptrend,uptrend,irrelevant
108,PKN,neutral,2,1,2025-10-13,2025-10-14,88.63,87.13,uptrend,uptrend,irrelevant,uptrend,uptrend,irrelevant,horizontal,horizontal,irrelevant,uptrend,uptrend,irrelevant
108,PKN,neutral,3,1,2025-10-13,2025-10-14,88.63,87.13,uptrend,uptrend,irrelevant,uptrend,uptrend,irrelevant,horizontal,horizontal,irrelevant,uptrend,uptrend,irrelevant
108,PKN,neutral,4,1,2025-10-13,2025-10-14,88.63,87.13,uptrend,uptrend,irrelevant,uptrend,uptrend,irrelevant,horizontal,horizontal,irrelevant,uptrend,uptrend,irrelevant
108,PKN,neutral,5,1,2025-10-13,2025-10-14,88.63,87.13,uptrend,uptrend,irrelevant,uptrend,uptrend,irrelevant,horizontal,horizontal,irrelevant,uptrend,uptrend,irrelevant
108,PKN,neutral,6,1,2025-10-13,2025-10-14,88.63,87.13,uptrend,uptrend,irrelevant,uptrend,uptrend,irrelevant,horizontal,horizontal,irrelevant,uptrend,uptrend,irrelevant
108,PKN,neutral,7,1,2025-10-13,2025-10-14,88.63,87.13,uptrend,uptrend,irrelevant,uptrend,uptrend,irrelevant,horizontal,horizontal,irrelevant,uptrend,uptrend,irrelevant
108,PKN,neutral,8,1,2025-10-13,2025-10-14,88.63,87.13,uptrend,uptrend,irrelevant,uptrend,uptrend,irrelevant,horizontal,horizontal,irrelevant,uptrend,uptrend,irrelevant
108,PKN,neutral,9,1,2025-10-13,2025-10-14,88.63,87.13,uptrend,uptrend,irrelevant,uptrend,uptrend,irrelevant,horizontal,horizontal,irrelevant,uptrend,uptrend,irrelevant
108,PKN,neutral,10,1,2025-10-13,2025-10-14,88.63,87.13,uptrend,uptrend,irrelevant,uptrend,uptrend,irrelevant,horizontal,horizontal,irrelevant,uptrend,uptrend,irrelevant
108,PKN,neutral,1,2,2025-10-13,2025-10-15,88.63,89.34,uptrend,uptrend,irrelevant,uptrend,uptrend,irrelevant,horizontal,horizontal,irrelevant,uptrend,uptrend,irrelevant
108,PKN,neutral,2,2,2025-10-13,2025-10-15,88.63,89.34,uptrend,uptrend,irrelevant,uptrend,uptrend,irrelevant,horizontal,horizontal,irrelevant,uptrend,uptrend,irrelevant
108,PKN,neutral,3,2,2025-10-13,2025-10-15,88.63,89.34,uptrend,uptrend,irrelevant,uptrend,uptrend,irrelevant,horizontal,horizontal,irrelevant,uptrend,uptrend,irrelevant
108,PKN,neutral,4,2,2025-10-13,2025-10-15,88.63,89.34,uptrend,uptrend,irrelevant,uptrend,uptrend,irrelevant,horizontal,horizontal,irrelevant,uptrend,uptrend,irrelevant
108,PKN,neutral,5,2,2025-10-13,2025-10-15,88.63,89.34,uptrend,uptrend,irrelevant,uptrend,uptrend,irrelevant,horizontal,horizontal,irrelevant,uptrend,uptrend,irrelevant
108,PKN,neutral,6,2,2025-10-13,2025-10-15,88.63,89.34,uptrend,uptrend,irrelevant,uptrend,uptrend,irrelevant,horizontal,horizontal,irrelevant,uptrend,uptrend,irrelevant
108,PKN,neutral,7,2,2025-10-13,2025-10-15,88.63,89.34,uptrend,uptrend,irrelevant,uptrend,uptrend,irrelevant,horizontal,horizontal,irrelevant,uptrend,uptrend,irrelevant
108,PKN,neutral,8,2,2025-10-13,2025-10-15,88.63,89.34,uptrend,uptrend,irrelevant,uptrend,uptrend,irrelevant,horizontal,horizontal,irrelevant,uptrend,uptrend,irrelevant
108,PKN,neutral,9,2,2025-10-13,2025-10-15,88.63,89.34,uptrend,uptrend,irrelevant,uptrend,uptrend,irrelevant,horizontal,horizontal,irrelevant,uptrend,uptrend,irrelevant
108,PKN,neutral,10,2,2025-10-13,2025-10-15,88.63,89.34,uptrend,uptrend,irrelevant,uptrend,uptrend,irrelevant,horizontal,horizontal,irrelevant,uptrend,uptrend,irrelevant
108,PKN,neutral,2,3,2025-10-13,2025-10-16,88.63,89.94,uptrend,uptrend,irrelevant,uptrend,uptrend,irrelevant,horizontal,horizontal,irrelevant,uptrend,uptrend,irrelevant
108,PKN,neutral,3,3,2025-10-13,2025-10-16,88.63,89.94,uptrend,uptrend,irrelevant,uptrend,uptrend,irrelevant,horizontal,horizontal,irrelevant,uptrend,uptrend,irrelevant
108,PKN,neutral,4,3,2025-10-13,2025-10-16,88.63,89.94,uptrend,uptrend,irrelevant,uptrend,uptrend,irrelevant,horizontal,horizontal,irrelevant,uptrend,uptrend,irrelevant
108,PKN,neutral,5,3,2025-10-13,2025-10-16,88.63,89.94,uptrend,uptrend,irrelevant,uptrend,uptrend,irrelevant,horizontal,horizontal,irrelevant,uptrend,uptrend,irrelevant
108,PKN,neutral,6,3,2025-10-13,2025-10-16,88.63,89.94,uptrend,uptrend,irrelevant,uptrend,uptrend,irrelevant,horizontal,horizontal,irrelevant,uptrend,uptrend,irrelevant
108,PKN,neutral,7,3,2025-10-13,2025-10-16,88.63,89.94,uptrend,uptrend,irrelevant,uptrend,uptrend,irrelevant,horizontal,horizontal,irrelevant,uptrend,uptrend,irrelevant
108,PKN,neutral,8,3,2025-10-13,2025-10-16,88.63,89.94,uptrend,uptrend,irrelevant,uptrend,uptrend,irrelevant,horizontal,horizontal,irrelevant,uptrend,uptrend,irrelevant
108,PKN,neutral,9,3,2025-10-13,2025-10-16,88.63,89.94,uptrend,uptrend,irrelevant,uptrend,uptrend,irrelevant,horizontal,horizontal,irrelevant,uptrend,uptrend,irrelevant
108,PKN,neutral,10,3,2025-10-13,2025-10-16,88.63,89.94,uptrend,uptrend,irrelevant,uptrend,uptrend,irrelevant,horizontal,horizontal,irrelevant,uptrend,uptrend,irrelevant
108,PKN,neutral,1,4,2025-10-13,2025-10-17,88.63,88.85,uptrend,uptrend,irrelevant,uptrend,uptrend,irrelevant,horizontal,horizontal,irrelevant,uptrend,uptrend,irrelevant
108,PKN,neutral,2,4,2025-10-13,2025-10-17,88.63,88.85,uptrend,uptrend,irrelevant,uptrend,uptrend,irrelevant,horizontal,horizontal,irrelevant,uptrend,uptrend,irrelevant
108,PKN,neutral,3,4,2025-10-13,2025-10-17,88.63,88.85,uptrend,uptrend,irrelevant,uptrend,uptrend,irrelevant,horizontal,horizontal,irrelevant,uptrend,uptrend,irrelevant
108,PKN,neutral,4,4,2025-10-13,2025-10-17,88.63,88.85,uptrend,uptrend,irrelevant,uptrend,uptrend,irrelevant,horizontal,horizontal,irrelevant,uptrend,uptrend,irrelevant
108,PKN,neutral,5,4,2025-10-13,2025-10-17,88.63,88.85,uptrend,uptrend,irrelevant,uptrend,uptrend,irrelevant,horizontal,horizontal,irrelevant,uptrend,uptrend,irrelevant
108,PKN,neutral,6,4,2025-10-13,2025-10-17,88.63,88.85,uptrend,uptrend,irrelevant,uptrend,uptrend,irrelevant,horizontal,horizontal,irrelevant,uptrend,uptrend,irrelevant
108,PKN,neutral,7,4,2025-10-13,2025-10-17,88.63,88.85,uptrend,uptrend,irrelevant,uptrend,uptrend,irrelevant,horizontal,horizontal,irrelevant,uptrend,uptrend,irrelevant
108,PKN,neutral,8,4,2025-10-13,2025-10-17,88.63,88.85,uptrend,uptrend,irrelevant,uptrend,uptrend,irrelevant,horizontal,horizontal,irrelevant,uptrend,uptrend,irrelevant
108,PKN,neutral,9,4,2025-10-13,2025-10-17,88.63,88.85,uptrend,uptrend,irrelevant,uptrend,uptrend,irrelevant,horizontal,horizontal,irrelevant,uptrend,uptrend,irrelevant
108,PKN,neutral,10,4,2025-10-13,2025-10-17,88.63,88.85,uptrend,uptrend,irrelevant,uptrend,uptrend,irrelevant,horizontal,horizontal,irrelevant,uptrend,uptrend,irrelevant
108,PKN,neutral,4,5,2025-10-13,2025-10-20,88.63,92.09,uptrend,uptrend,irrelevant,uptrend,uptrend,irrelevant,horizontal,horizontal,irrelevant,uptrend,uptrend,irrelevant
108,PKN,neutral,5,5,2025-10-13,2025-10-20,88.63,92.09,uptrend,uptrend,irrelevant,uptrend,uptrend,irrelevant,horizontal,horizontal,irrelevant,uptrend,uptrend,irrelevant
108,PKN,neutral,6,5,2025-10-13,2025-10-20,88.63,92.09,uptrend,uptrend,irrelevant,uptrend,uptrend,irrelevant,horizontal,horizontal,irrelevant,uptrend,uptrend,irrelevant
108,PKN,neutral,7,5,2025-10-13,2025-10-20,88.63,92.09,uptrend,uptrend,irrelevant,uptrend,uptrend,irrelevant,horizontal,horizontal,irrelevant,uptrend,uptrend,irrelevant
108,PKN,neutral,8,5,2025-10-13,2025-10-20,88.63,92.09,uptrend,uptrend,irrelevant,uptrend,uptrend,irrelevant,horizontal,horizontal,irrelevant,uptrend,uptrend,irrelevant
108,PKN,neutral,9,5,2025-10-13,2025-10-20,88.63,92.09,uptrend,uptrend,irrelevant,uptrend,uptrend,irrelevant,horizontal,horizontal,irrelevant,uptrend,uptrend,irrelevant
108,PKN,neutral,10,5,2025-10-13,2025-10-20,88.63,92.09,uptrend,uptrend,irrelevant,uptrend,uptrend,irrelevant,horizontal,horizontal,irrelevant,uptrend,uptrend,irrelevant
109,PKN,neutral,1,1,2025-10-09,2025-10-10,88.88,89.0,uptrend,uptrend,irrelevant,uptrend,uptrend,irrelevant,horizontal,horizontal,irrelevant,uptrend,uptrend,irrelevant
109,PKN,neutral,2,1,2025-10-09,2025-10-10,88.88,89.0,uptrend,uptrend,irrelevant,uptrend,uptrend,irrelevant,horizontal,horizontal,irrelevant,uptrend,uptrend,irrelevant
109,PKN,neutral,3,1,2025-10-09,2025-10-10,88.88,89.0,uptrend,uptrend,irrelevant,uptrend,uptrend,irrelevant,horizontal,horizontal,irrelevant,uptrend,uptrend,irrelevant
109,PKN,neutral,4,1,2025-10-09,2025-10-10,88.88,89.0,uptrend,uptrend,irrelevant,uptrend,uptrend,irrelevant,horizontal,horizontal,irrelevant,uptrend,uptrend,irrelevant
109,PKN,neutral,5,1,2025-10-09,2025-10-10,88.88,89.0,uptrend,uptrend,irrelevant,uptrend,uptrend,irrelevant,horizontal,horizontal,irrelevant,uptrend,uptrend,irrelevant
109,PKN,neutral,6,1,2025-10-09,2025-10-10,88.88,89.0,uptrend,uptrend,irrelevant,uptrend,uptrend,irrelevant,horizontal,horizontal,irrelevant,uptrend,uptrend,irrelevant
109,PKN,neutral,7,1,2025-10-09,2025-10-10,88.88,89.0,uptrend,uptrend,irrelevant,uptrend,uptrend,irrelevant,horizontal,horizontal,irrelevant,uptrend,uptrend,irrelevant
109,PKN,neutral,8,1,2025-10-09,2025-10-10,88.88,89.0,uptrend,uptrend,irrelevant,uptrend,uptrend,irrelevant,horizontal,horizontal,irrelevant,uptrend,uptrend,irrelevant
109,PKN,neutral,9,1,2025-10-09,2025-10-10,88.88,89.0,uptrend,uptrend,irrelevant,uptrend,uptrend,irrelevant,horizontal,horizontal,irrelevant,uptrend,uptrend,irrelevant
109,PKN,neutral,10,1,2025-10-09,2025-10-10,88.88,89.0,uptrend,uptrend,irrelevant,uptrend,uptrend,irrelevant,horizontal,horizontal,irrelevant,uptrend,uptrend,irrelevant
109,PKN,neutral,1,2,2025-10-09,2025-10-13,88.88,88.63,uptrend,uptrend,irrelevant,uptrend,uptrend,irrelevant,horizontal,horizontal,irrelevant,uptrend,uptrend,irrelevant
109,PKN,neutral,2,2,2025-10-09,2025-10-13,88.88,88.63,uptrend,uptrend,irrelevant,uptrend,uptrend,irrelevant,horizontal,horizontal,irrelevant,uptrend,uptrend,irrelevant
109,PKN,neutral,3,2,2025-10-09,2025-10-13,88.88,88.63,uptrend,uptrend,irrelevant,uptrend,uptrend,irrelevant,horizontal,horizontal,irrelevant,uptrend,uptrend,irrelevant
109,PKN,neutral,4,2,2025-10-09,2025-10-13,88.88,88.63,uptrend,uptrend,irrelevant,uptrend,uptrend,irrelevant,horizontal,horizontal,irrelevant,uptrend,uptrend,irrelevant
109,PKN,neutral,5,2,2025-10-09,2025-10-13,88.88,88.63,uptrend,uptrend,irrelevant,uptrend,uptrend,irrelevant,horizontal,horizontal,irrelevant,uptrend,uptrend,irrelevant
109,PKN,neutral,6,2,2025-10-09,2025-10-13,88.88,88.63,uptrend,uptrend,irrelevant,uptrend,uptrend,irrelevant,horizontal,horizontal,irrelevant,uptrend,uptrend,irrelevant
109,PKN,neutral,7,2,2025-10-09,2025-10-13,88.88,88.63,uptrend,uptrend,irrelevant,uptrend,uptrend,irrelevant,horizontal,horizontal,irrelevant,uptrend,uptrend,irrelevant
109,PKN,neutral,8,2,2025-10-09,2025-10-13,88.88,88.63,uptrend,uptrend,irrelevant,uptrend,uptrend,irrelevant,horizontal,horizontal,irrelevant,uptrend,uptrend,irrelevant
109,PKN,neutral,9,2,2025-10-09,2025-10-13,88.88,88.63,uptrend,uptrend,irrelevant,uptrend,uptrend,irrelevant,horizontal,horizontal,irrelevant,uptrend,uptrend,irrelevant
109,PKN,neutral,10,2,2025-10-09,2025-10-13,88.88,88.63,uptrend,uptrend,irrelevant,uptrend,uptrend,irrelevant,horizontal,horizontal,irrelevant,uptrend,uptrend,irrelevant
109,PKN,neutral,2,3,2025-10-09,2025-10-14,88.88,87.13,uptrend,uptrend,irrelevant,uptrend,uptrend,irrelevant,horizontal,horizontal,irrelevant,uptrend,uptrend,irrelevant
109,PKN,neutral,3,3,2025-10-09,2025-10-14,88.88,87.13,uptrend,uptrend,irrelevant,uptrend,uptrend,irrelevant,horizontal,horizontal,irrelevant,uptrend,uptrend,irrelevant
109,PKN,neutral,4,3,2025-10-09,2025-10-14,88.88,87.13,uptrend,uptrend,irrelevant,uptrend,uptrend,irrelevant,horizontal,horizontal,irrelevant,uptrend,uptrend,irrelevant
109,PKN,neutral,5,3,2025-10-09,2025-10-14,88.88,87.13,uptrend,uptrend,irrelevant,uptrend,uptrend,irrelevant,horizontal,horizontal,irrelevant,uptrend,uptrend,irrelevant
109,PKN,neutral,6,3,2025-10-09,2025-10-14,88.88,87.13,uptrend,uptrend,irrelevant,uptrend,uptrend,irrelevant,horizontal,horizontal,irrelevant,uptrend,uptrend,irrelevant
109,PKN,neutral,7,3,2025-10-09,2025-10-14,88.88,87.13,uptrend,uptrend,irrelevant,uptrend,uptrend,irrelevant,horizontal,horizontal,irrelevant,uptrend,uptrend,irrelevant
109,PKN,neutral,8,3,2025-10-09,2025-10-14,88.88,87.13,uptrend,uptrend,irrelevant,uptrend,uptrend,irrelevant,horizontal,horizontal,irrelevant,uptrend,uptrend,irrelevant
109,PKN,neutral,9,3,2025-10-09,2025-10-14,88.88,87.13,uptrend,uptrend,irrelevant,uptrend,uptrend,irrelevant,horizontal,horizontal,irrelevant,uptrend,uptrend,irrelevant
109,PKN,neutral,10,3,2025-10-09,2025-10-14,88.88,87.13,uptrend,uptrend,irrelevant,uptrend,uptrend,irrelevant,horizontal,horizontal,irrelevant,uptrend,uptrend,irrelevant
109,PKN,neutral,1,4,2025-10-09,2025-10-15,88.88,89.34,uptrend,uptrend,irrelevant,uptrend,uptrend,irrelevant,horizontal,horizontal,irrelevant,uptrend,uptrend,irrelevant
109,PKN,neutral,2,4,2025-10-09,2025-10-15,88.88,89.34,uptrend,uptrend,irrelevant,uptrend,uptrend,irrelevant,horizontal,horizontal,irrelevant,uptrend,uptrend,irrelevant
109,PKN,neutral,3,4,2025-10-09,2025-10-15,88.88,89.34,uptrend,uptrend,irrelevant,uptrend,uptrend,irrelevant,horizontal,horizontal,irrelevant,uptrend,uptrend,irrelevant
109,PKN,neutral,4,4,2025-10-09,2025-10-15,88.88,89.34,uptrend,uptrend,irrelevant,uptrend,uptrend,irrelevant,horizontal,horizontal,irrelevant,uptrend,uptrend,irrelevant
109,PKN,neutral,5,4,2025-10-09,2025-10-15,88.88,89.34,uptrend,uptrend,irrelevant,uptrend,uptrend,irrelevant,horizontal,horizontal,irrelevant,uptrend,uptrend,irrelevant
109,PKN,neutral,6,4,2025-10-09,2025-10-15,88.88,89.34,uptrend,uptrend,irrelevant,uptrend,uptrend,irrelevant,horizontal,horizontal,irrelevant,uptrend,uptrend,irrelevant
109,PKN,neutral,7,4,2025-10-09,2025-10-15,88.88,89.34,uptrend,uptrend,irrelevant,uptrend,uptrend,irrelevant,horizontal,horizontal,irrelevant,uptrend,uptrend,irrelevant
109,PKN,neutral,8,4,2025-10-09,2025-10-15,88.88,89.34,uptrend,uptrend,irrelevant,uptrend,uptrend,irrelevant,horizontal,horizontal,irrelevant,uptrend,uptrend,irrelevant
109,PKN,neutral,9,4,2025-10-09,2025-10-15,88.88,89.34,uptrend,uptrend,irrelevant,uptrend,uptrend,irrelevant,horizontal,horizontal,irrelevant,uptrend,uptrend,irrelevant
109,PKN,neutral,10,4,2025-10-09,2025-10-15,88.88,89.34,uptrend,uptrend,irrelevant,uptrend,uptrend,irrelevant,horizontal,horizontal,irrelevant,uptrend,uptrend,irrelevant
109,PKN,neutral,2,5,2025-10-09,2025-10-16,88.88,89.94,uptrend,uptrend,irrelevant,uptrend,uptrend,irrelevant,horizontal,horizontal,irrelevant,uptrend,uptrend,irrelevant
109,PKN,neutral,3,5,2025-10-09,2025-10-16,88.88,89.94,uptrend,uptrend,irrelevant,uptrend,uptrend,irrelevant,horizontal,horizontal,irrelevant,uptrend,uptrend,irrelevant
109,PKN,neutral,4,5,2025-10-09,2025-10-16,88.88,89.94,uptrend,uptrend,irrelevant,uptrend,uptrend,irrelevant,horizontal,horizontal,irrelevant,uptrend,uptrend,irrelevant
109,PKN,neutral,5,5,2025-10-09,2025-10-16,88.88,89.94,uptrend,uptrend,irrelevant,uptrend,uptrend,irrelevant,horizontal,horizontal,irrelevant,uptrend,uptrend,irrelevant
109,PKN,neutral,6,5,2025-10-09,2025-10-16,88.88,89.94,uptrend,uptrend,irrelevant,uptrend,uptrend,irrelevant,horizontal,horizontal,irrelevant,uptrend,uptrend,irrelevant
109,PKN,neutral,7,5,2025-10-09,2025-10-16,88.88,89.94,uptrend,uptrend,irrelevant,uptrend,uptrend,irrelevant,horizontal,horizontal,irrelevant,uptrend,uptrend,irrelevant
109,PKN,neutral,8,5,2025-10-09,2025-10-16,88.88,89.94,uptrend,uptrend,irrelevant,uptrend,uptrend,irrelevant,horizontal,horizontal,irrelevant,uptrend,uptrend,irrelevant
109,PKN,neutral,9,5,2025-10-09,2025-10-16,88.88,89.94,uptrend,uptrend,irrelevant,uptrend,uptrend,irrelevant,horizontal,horizontal,irrelevant,uptrend,uptrend,irrelevant
109,PKN,neutral,10,5,2025-10-09,2025-10-16,88.88,89.94,uptrend,uptrend,irrelevant,uptrend,uptrend,irrelevant,horizontal,horizontal,irrelevant,uptrend,uptrend,irrelevant
110,PKN,positive,1,2,2025-10-08,2025-10-10,88.1,89.0,uptrend,uptrend,irrelevant,uptrend,uptrend,irrelevant,horizontal,horizontal,irrelevant,uptrend,uptrend,irrelevant
110,PKN,positive,1,5,2025-10-08,2025-10-15,88.1,89.34,uptrend,uptrend,irrelevant,uptrend,uptrend,irrelevant,horizontal,horizontal,irrelevant,uptrend,uptrend,irrelevant
111,PKN,neutral,1,1,2025-10-07,2025-10-08,87.23,88.1,uptrend,uptrend,irrelevant,uptrend,uptrend,irrelevant,horizontal,horizontal,irrelevant,uptrend,uptrend,irrelevant
111,PKN,neutral,2,1,2025-10-07,2025-10-08,87.23,88.1,uptrend,uptrend,irrelevant,uptrend,uptrend,irrelevant,horizontal,horizontal,irrelevant,uptrend,uptrend,irrelevant
111,PKN,neutral,3,1,2025-10-07,2025-10-08,87.23,88.1,uptrend,uptrend,irrelevant,uptrend,uptrend,irrelevant,horizontal,horizontal,irrelevant,uptrend,uptrend,irrelevant
111,PKN,neutral,4,1,2025-10-07,2025-10-08,87.23,88.1,uptrend,uptrend,irrelevant,uptrend,uptrend,irrelevant,horizontal,horizontal,irrelevant,uptrend,uptrend,irrelevant
111,PKN,neutral,5,1,2025-10-07,2025-10-08,87.23,88.1,uptrend,uptrend,irrelevant,uptrend,uptrend,irrelevant,horizontal,horizontal,irrelevant,uptrend,uptrend,irrelevant
111,PKN,neutral,6,1,2025-10-07,2025-10-08,87.23,88.1,uptrend,uptrend,irrelevant,uptrend,uptrend,irrelevant,horizontal,horizontal,irrelevant,uptrend,uptrend,irrelevant
111,PKN,neutral,7,1,2025-10-07,2025-10-08,87.23,88.1,uptrend,uptrend,irrelevant,uptrend,uptrend,irrelevant,horizontal,horizontal,irrelevant,uptrend,uptrend,irrelevant
111,PKN,neutral,8,1,2025-10-07,2025-10-08,87.23,88.1,uptrend,uptrend,irrelevant,uptrend,uptrend,irrelevant,horizontal,horizontal,irrelevant,uptrend,uptrend,irrelevant
111,PKN,neutral,9,1,2025-10-07,2025-10-08,87.23,88.1,uptrend,uptrend,irrelevant,uptrend,uptrend,irrelevant,horizontal,horizontal,irrelevant,uptrend,uptrend,irrelevant
111,PKN,neutral,10,1,2025-10-07,2025-10-08,87.23,88.1,uptrend,uptrend,irrelevant,uptrend,uptrend,irrelevant,horizontal,horizontal,irrelevant,uptrend,uptrend,irrelevant
111,PKN,neutral,2,2,2025-10-07,2025-10-09,87.23,88.88,uptrend,uptrend,irrelevant,uptrend,uptrend,irrelevant,horizontal,horizontal,irrelevant,uptrend,uptrend,irrelevant
111,PKN,neutral,3,2,2025-10-07,2025-10-09,87.23,88.88,uptrend,uptrend,irrelevant,uptrend,uptrend,irrelevant,horizontal,horizontal,irrelevant,uptrend,uptrend,irrelevant
111,PKN,neutral,4,2,2025-10-07,2025-10-09,87.23,88.88,uptrend,uptrend,irrelevant,uptrend,uptrend,irrelevant,horizontal,horizontal,irrelevant,uptrend,uptrend,irrelevant
111,PKN,neutral,5,2,2025-10-07,2025-10-09,87.23,88.88,uptrend,uptrend,irrelevant,uptrend,uptrend,irrelevant,horizontal,horizontal,irrelevant,uptrend,uptrend,irrelevant
111,PKN,neutral,6,2,2025-10-07,2025-10-09,87.23,88.88,uptrend,uptrend,irrelevant,uptrend,uptrend,irrelevant,horizontal,horizontal,irrelevant,uptrend,uptrend,irrelevant
111,PKN,neutral,7,2,2025-10-07,2025-10-09,87.23,88.88,uptrend,uptrend,irrelevant,uptrend,uptrend,irrelevant,horizontal,horizontal,irrelevant,uptrend,uptrend,irrelevant
111,PKN,neutral,8,2,2025-10-07,2025-10-09,87.23,88.88,uptrend,uptrend,irrelevant,uptrend,uptrend,irrelevant,horizontal,horizontal,irrelevant,uptrend,uptrend,irrelevant
111,PKN,neutral,9,2,2025-10-07,2025-10-09,87.23,88.88,uptrend,uptrend,irrelevant,uptrend,uptrend,irrelevant,horizontal,horizontal,irrelevant,uptrend,uptrend,irrelevant
111,PKN,neutral,10,2,2025-10-07,2025-10-09,87.23,88.88,uptrend,uptrend,irrelevant,uptrend,uptrend,irrelevant,horizontal,horizontal,irrelevant,uptrend,uptrend,irrelevant
111,PKN,neutral,3,3,2025-10-07,2025-10-10,87.23,89.0,uptrend,uptrend,irrelevant,uptrend,uptrend,irrelevant,horizontal,horizontal,irrelevant,uptrend,uptrend,irrelevant
111,PKN,neutral,4,3,2025-10-07,2025-10-10,87.23,89.0,uptrend,uptrend,irrelevant,uptrend,uptrend,irrelevant,horizontal,horizontal,irrelevant,uptrend,uptrend,irrelevant
111,PKN,neutral,5,3,2025-10-07,2025-10-10,87.23,89.0,uptrend,uptrend,irrelevant,uptrend,uptrend,irrelevant,horizontal,horizontal,irrelevant,uptrend,uptrend,irrelevant
111,PKN,neutral,6,3,2025-10-07,2025-10-10,87.23,89.0,uptrend,uptrend,irrelevant,uptrend,uptrend,irrelevant,horizontal,horizontal,irrelevant,uptrend,uptrend,irrelevant
111,PKN,neutral,7,3,2025-10-07,2025-10-10,87.23,89.0,uptrend,uptrend,irrelevant,uptrend,uptrend,irrelevant,horizontal,horizontal,irrelevant,uptrend,uptrend,irrelevant
111,PKN,neutral,8,3,2025-10-07,2025-10-10,87.23,89.0,uptrend,uptrend,irrelevant,uptrend,uptrend,irrelevant,horizontal,horizontal,irrelevant,uptrend,uptrend,irrelevant
111,PKN,neutral,9,3,2025-10-07,2025-10-10,87.23,89.0,uptrend,uptrend,irrelevant,uptrend,uptrend,irrelevant,horizontal,horizontal,irrelevant,uptrend,uptrend,irrelevant
111,PKN,neutral,10,3,2025-10-07,2025-10-10,87.23,89.0,uptrend,uptrend,irrelevant,uptrend,uptrend,irrelevant,horizontal,horizontal,irrelevant,uptrend,uptrend,irrelevant
111,PKN,neutral,2,4,2025-10-07,2025-10-13,87.23,88.63,uptrend,uptrend,irrelevant,uptrend,uptrend,irrelevant,horizontal,horizontal,irrelevant,uptrend,uptrend,irrelevant
111,PKN,neutral,3,4,2025-10-07,2025-10-13,87.23,88.63,uptrend,uptrend,irrelevant,uptrend,uptrend,irrelevant,horizontal,horizontal,irrelevant,uptrend,uptrend,irrelevant
111,PKN,neutral,4,4,2025-10-07,2025-10-13,87.23,88.63,uptrend,uptrend,irrelevant,uptrend,uptrend,irrelevant,horizontal,horizontal,irrelevant,uptrend,uptrend,irrelevant
111,PKN,neutral,5,4,2025-10-07,2025-10-13,87.23,88.63,uptrend,uptrend,irrelevant,uptrend,uptrend,irrelevant,horizontal,horizontal,irrelevant,uptrend,uptrend,irrelevant
111,PKN,neutral,6,4,2025-10-07,2025-10-13,87.23,88.63,uptrend,uptrend,irrelevant,uptrend,uptrend,irrelevant,horizontal,horizontal,irrelevant,uptrend,uptrend,irrelevant
111,PKN,neutral,7,4,2025-10-07,2025-10-13,87.23,88.63,uptrend,uptrend,irrelevant,uptrend,uptrend,irrelevant,horizontal,horizontal,irrelevant,uptrend,uptrend,irrelevant
111,PKN,neutral,8,4,2025-10-07,2025-10-13,87.23,88.63,uptrend,uptrend,irrelevant,uptrend,uptrend,irrelevant,horizontal,horizontal,irrelevant,uptrend,uptrend,irrelevant
111,PKN,neutral,9,4,2025-10-07,2025-10-13,87.23,88.63,uptrend,uptrend,irrelevant,uptrend,uptrend,irrelevant,horizontal,horizontal,irrelevant,uptrend,uptrend,irrelevant
111,PKN,neutral,10,4,2025-10-07,2025-10-13,87.23,88.63,uptrend,uptrend,irrelevant,uptrend,uptrend,irrelevant,horizontal,horizontal,irrelevant,uptrend,uptrend,irrelevant
111,PKN,neutral,1,5,2025-10-07,2025-10-14,87.23,87.13,uptrend,uptrend,irrelevant,uptrend,uptrend,irrelevant,horizontal,horizontal,irrelevant,uptrend,uptrend,irrelevant
111,PKN,neutral,2,5,2025-10-07,2025-10-14,87.23,87.13,uptrend,uptrend,irrelevant,uptrend,uptrend,irrelevant,horizontal,horizontal,irrelevant,uptrend,uptrend,irrelevant
111,PKN,neutral,3,5,2025-10-07,2025-10-14,87.23,87.13,uptrend,uptrend,irrelevant,uptrend,uptrend,irrelevant,horizontal,horizontal,irrelevant,uptrend,uptrend,irrelevant
111,PKN,neutral,4,5,2025-10-07,2025-10-14,87.23,87.13,uptrend,uptrend,irrelevant,uptrend,uptrend,irrelevant,horizontal,horizontal,irrelevant,uptrend,uptrend,irrelevant
111,PKN,neutral,5,5,2025-10-07,2025-10-14,87.23,87.13,uptrend,uptrend,irrelevant,uptrend,uptrend,irrelevant,horizontal,horizontal,irrelevant,uptrend,uptrend,irrelevant
111,PKN,neutral,6,5,2025-10-07,2025-10-14,87.23,87.13,uptrend,uptrend,irrelevant,uptrend,uptrend,irrelevant,horizontal,horizontal,irrelevant,uptrend,uptrend,irrelevant
111,PKN,neutral,7,5,2025-10-07,2025-10-14,87.23,87.13,uptrend,uptrend,irrelevant,uptrend,uptrend,irrelevant,horizontal,horizontal,irrelevant,uptrend,uptrend,irrelevant
111,PKN,neutral,8,5,2025-10-07,2025-10-14,87.23,87.13,uptrend,uptrend,irrelevant,uptrend,uptrend,irrelevant,horizontal,horizontal,irrelevant,uptrend,uptrend,irrelevant
111,PKN,neutral,9,5,2025-10-07,2025-10-14,87.23,87.13,uptrend,uptrend,irrelevant,uptrend,uptrend,irrelevant,horizontal,horizontal,irrelevant,uptrend,uptrend,irrelevant
111,PKN,neutral,10,5,2025-10-07,2025-10-14,87.23,87.13,uptrend,uptrend,irrelevant,uptrend,uptrend,irrelevant,horizontal,horizontal,irrelevant,uptrend,uptrend,irrelevant
112,PKN,positive,1,2,2025-10-07,2025-10-09,87.23,88.88,uptrend,uptrend,irrelevant,uptrend,uptrend,irrelevant,horizontal,horizontal,irrelevant,uptrend,uptrend,irrelevant
112,PKN,positive,1,3,2025-10-07,2025-10-10,87.23,89.0,uptrend,uptrend,irrelevant,uptrend,uptrend,irrelevant,horizontal,horizontal,irrelevant,uptrend,uptrend,irrelevant
112,PKN,positive,2,3,2025-10-07,2025-10-10,87.23,89.0,uptrend,uptrend,irrelevant,uptrend,uptrend,irrelevant,horizontal,horizontal,irrelevant,uptrend,uptrend,irrelevant
112,PKN,positive,1,4,2025-10-07,2025-10-13,87.23,88.63,uptrend,uptrend,irrelevant,uptrend,uptrend,irrelevant,horizontal,horizontal,irrelevant,uptrend,uptrend,irrelevant
113,PKN,positive,1,2,2025-10-07,2025-10-09,87.23,88.88,uptrend,uptrend,irrelevant,uptrend,uptrend,irrelevant,horizontal,horizontal,irrelevant,uptrend,uptrend,irrelevant
113,PKN,positive,1,3,2025-10-07,2025-10-10,87.23,89.0,uptrend,uptrend,irrelevant,uptrend,uptrend,irrelevant,horizontal,horizontal,irrelevant,uptrend,uptrend,irrelevant
113,PKN,positive,2,3,2025-10-07,2025-10-10,87.23,89.0,uptrend,uptrend,irrelevant,uptrend,uptrend,irrelevant,horizontal,horizontal,irrelevant,uptrend,uptrend,irrelevant
113,PKN,positive,1,4,2025-10-07,2025-10-13,87.23,88.63,uptrend,uptrend,irrelevant,uptrend,uptrend,irrelevant,horizontal,horizontal,irrelevant,uptrend,uptrend,irrelevant
114,PKN,positive,1,2,2025-10-07,2025-10-09,87.23,88.88,uptrend,uptrend,irrelevant,uptrend,uptrend,irrelevant,horizontal,horizontal,irrelevant,uptrend,uptrend,irrelevant
114,PKN,positive,1,3,2025-10-07,2025-10-10,87.23,89.0,uptrend,uptrend,irrelevant,uptrend,uptrend,irrelevant,horizontal,horizontal,irrelevant,uptrend,uptrend,irrelevant
114,PKN,positive,2,3,2025-10-07,2025-10-10,87.23,89.0,uptrend,uptrend,irrelevant,uptrend,uptrend,irrelevant,horizontal,horizontal,irrelevant,uptrend,uptrend,irrelevant
114,PKN,positive,1,4,2025-10-07,2025-10-13,87.23,88.63,uptrend,uptrend,irrelevant,uptrend,uptrend,irrelevant,horizontal,horizontal,irrelevant,uptrend,uptrend,irrelevant
115,PKN,positive,1,2,2025-10-03,2025-10-07,86.15,87.23,uptrend,uptrend,irrelevant,uptrend,uptrend,irrelevant,horizontal,horizontal,irrelevant,uptrend,uptrend,irrelevant
115,PKN,positive,1,3,2025-10-03,2025-10-08,86.15,88.1,uptrend,uptrend,irrelevant,uptrend,uptrend,irrelevant,horizontal,horizontal,irrelevant,uptrend,uptrend,irrelevant
115,PKN,positive,2,3,2025-10-03,2025-10-08,86.15,88.1,uptrend,uptrend,irrelevant,uptrend,uptrend,irrelevant,horizontal,horizontal,irrelevant,uptrend,uptrend,irrelevant
115,PKN,positive,1,4,2025-10-03,2025-10-09,86.15,88.88,uptrend,uptrend,irrelevant,uptrend,uptrend,irrelevant,horizontal,horizontal,irrelevant,uptrend,uptrend,irrelevant
115,PKN,positive,2,4,2025-10-03,2025-10-09,86.15,88.88,uptrend,uptrend,irrelevant,uptrend,uptrend,irrelevant,horizontal,horizontal,irrelevant,uptrend,uptrend,irrelevant
115,PKN,positive,3,4,2025-10-03,2025-10-09,86.15,88.88,uptrend,uptrend,irrelevant,uptrend,uptrend,irrelevant,horizontal,horizontal,irrelevant,uptrend,uptrend,irrelevant
115,PKN,positive,1,5,2025-10-03,2025-10-10,86.15,89.0,uptrend,uptrend,irrelevant,uptrend,uptrend,irrelevant,horizontal,horizontal,irrelevant,uptrend,uptrend,irrelevant
115,PKN,positive,2,5,2025-10-03,2025-10-10,86.15,89.0,uptrend,uptrend,irrelevant,uptrend,uptrend,irrelevant,horizontal,horizontal,irrelevant,uptrend,uptrend,irrelevant
115,PKN,positive,3,5,2025-10-03,2025-10-10,86.15,89.0,uptrend,uptrend,irrelevant,uptrend,uptrend,irrelevant,horizontal,horizontal,irrelevant,uptrend,uptrend,irrelevant
116,PKN,positive,1,2,2025-10-03,2025-10-07,86.15,87.23,uptrend,uptrend,irrelevant,uptrend,uptrend,irrelevant,horizontal,horizontal,irrelevant,uptrend,uptrend,irrelevant
116,PKN,positive,1,3,2025-10-03,2025-10-08,86.15,88.1,uptrend,uptrend,irrelevant,uptrend,uptrend,irrelevant,horizontal,horizontal,irrelevant,uptrend,uptrend,irrelevant
116,PKN,positive,2,3,2025-10-03,2025-10-08,86.15,88.1,uptrend,uptrend,irrelevant,uptrend,uptrend,irrelevant,horizontal,horizontal,irrelevant,uptrend,uptrend,irrelevant
116,PKN,positive,1,4,2025-10-03,2025-10-09,86.15,88.88,uptrend,uptrend,irrelevant,uptrend,uptrend,irrelevant,horizontal,horizontal,irrelevant,uptrend,uptrend,irrelevant
116,PKN,positive,2,4,2025-10-03,2025-10-09,86.15,88.88,uptrend,uptrend,irrelevant,uptrend,uptrend,irrelevant,horizontal,horizontal,irrelevant,uptrend,uptrend,irrelevant
116,PKN,positive,3,4,2025-10-03,2025-10-09,86.15,88.88,uptrend,uptrend,irrelevant,uptrend,uptrend,irrelevant,horizontal,horizontal,irrelevant,uptrend,uptrend,irrelevant
116,PKN,positive,1,5,2025-10-03,2025-10-10,86.15,89.0,uptrend,uptrend,irrelevant,uptrend,uptrend,irrelevant,horizontal,horizontal,irrelevant,uptrend,uptrend,irrelevant
116,PKN,positive,2,5,2025-10-03,2025-10-10,86.15,89.0,uptrend,uptrend,irrelevant,uptrend,uptrend,irrelevant,horizontal,horizontal,irrelevant,uptrend,uptrend,irrelevant
116,PKN,positive,3,5,2025-10-03,2025-10-10,86.15,89.0,uptrend,uptrend,irrelevant,uptrend,uptrend,irrelevant,horizontal,horizontal,irrelevant,uptrend,uptrend,irrelevant
117,PKN,positive,1,4,2025-10-02,2025-10-08,86.61,88.1,uptrend,uptrend,irrelevant,uptrend,uptrend,irrelevant,horizontal,horizontal,irrelevant,uptrend,uptrend,irrelevant
117,PKN,positive,1,5,2025-10-02,2025-10-09,86.61,88.88,uptrend,uptrend,irrelevant,uptrend,uptrend,irrelevant,horizontal,horizontal,irrelevant,uptrend,uptrend,irrelevant
117,PKN,positive,2,5,2025-10-02,2025-10-09,86.61,88.88,uptrend,uptrend,irrelevant,uptrend,uptrend,irrelevant,horizontal,horizontal,irrelevant,uptrend,uptrend,irrelevant
120,PKN,positive,1,1,2025-09-30,2025-10-01,86.52,87.85,uptrend,uptrend,irrelevant,uptrend,uptrend,irrelevant,horizontal,horizontal,irrelevant,uptrend,uptrend,irrelevant
126,PKN,neutral,1,1,2025-09-25,2025-09-26,88.75,89.14,uptrend,uptrend,irrelevant,uptrend,uptrend,irrelevant,horizontal,horizontal,irrelevant,uptrend,uptrend,irrelevant
126,PKN,neutral,2,1,2025-09-25,2025-09-26,88.75,89.14,uptrend,uptrend,irrelevant,uptrend,uptrend,irrelevant,horizontal,horizontal,irrelevant,uptrend,uptrend,irrelevant
126,PKN,neutral,3,1,2025-09-25,2025-09-26,88.75,89.14,uptrend,uptrend,irrelevant,uptrend,uptrend,irrelevant,horizontal,horizontal,irrelevant,uptrend,uptrend,irrelevant
126,PKN,neutral,4,1,2025-09-25,2025-09-26,88.75,89.14,uptrend,uptrend,irrelevant,uptrend,uptrend,irrelevant,horizontal,horizontal,irrelevant,uptrend,uptrend,irrelevant
126,PKN,neutral,5,1,2025-09-25,2025-09-26,88.75,89.14,uptrend,uptrend,irrelevant,uptrend,uptrend,irrelevant,horizontal,horizontal,irrelevant,uptrend,uptrend,irrelevant
126,PKN,neutral,6,1,2025-09-25,2025-09-26,88.75,89.14,uptrend,uptrend,irrelevant,uptrend,uptrend,irrelevant,horizontal,horizontal,irrelevant,uptrend,uptrend,irrelevant
126,PKN,neutral,7,1,2025-09-25,2025-09-26,88.75,89.14,uptrend,uptrend,irrelevant,uptrend,uptrend,irrelevant,horizontal,horizontal,irrelevant,uptrend,uptrend,irrelevant
126,PKN,neutral,8,1,2025-09-25,2025-09-26,88.75,89.14,uptrend,uptrend,irrelevant,uptrend,uptrend,irrelevant,horizontal,horizontal,irrelevant,uptrend,uptrend,irrelevant
126,PKN,neutral,9,1,2025-09-25,2025-09-26,88.75,89.14,uptrend,uptrend,irrelevant,uptrend,uptrend,irrelevant,horizontal,horizontal,irrelevant,uptrend,uptrend,irrelevant
126,PKN,neutral,10,1,2025-09-25,2025-09-26,88.75,89.14,uptrend,uptrend,irrelevant,uptrend,uptrend,irrelevant,horizontal,horizontal,irrelevant,uptrend,uptrend,irrelevant
126,PKN,neutral,1,2,2025-09-25,2025-09-29,88.75,88.28,uptrend,uptrend,irrelevant,uptrend,uptrend,irrelevant,horizontal,horizontal,irrelevant,uptrend,uptrend,irrelevant
126,PKN,neutral,2,2,2025-09-25,2025-09-29,88.75,88.28,uptrend,uptrend,irrelevant,uptrend,uptrend,irrelevant,horizontal,horizontal,irrelevant,uptrend,uptrend,irrelevant
126,PKN,neutral,3,2,2025-09-25,2025-09-29,88.75,88.28,uptrend,uptrend,irrelevant,uptrend,uptrend,irrelevant,horizontal,horizontal,irrelevant,uptrend,uptrend,irrelevant
126,PKN,neutral,4,2,2025-09-25,2025-09-29,88.75,88.28,uptrend,uptrend,irrelevant,uptrend,uptrend,irrelevant,horizontal,horizontal,irrelevant,uptrend,uptrend,irrelevant
126,PKN,neutral,5,2,2025-09-25,2025-09-29,88.75,88.28,uptrend,uptrend,irrelevant,uptrend,uptrend,irrelevant,horizontal,horizontal,irrelevant,uptrend,uptrend,irrelevant
126,PKN,neutral,6,2,2025-09-25,2025-09-29,88.75,88.28,uptrend,uptrend,irrelevant,uptrend,uptrend,irrelevant,horizontal,horizontal,irrelevant,uptrend,uptrend,irrelevant
126,PKN,neutral,7,2,2025-09-25,2025-09-29,88.75,88.28,uptrend,uptrend,irrelevant,uptrend,uptrend,irrelevant,horizontal,horizontal,irrelevant,uptrend,uptrend,irrelevant
126,PKN,neutral,8,2,2025-09-25,2025-09-29,88.75,88.28,uptrend,uptrend,irrelevant,uptrend,uptrend,irrelevant,horizontal,horizontal,irrelevant,uptrend,uptrend,irrelevant
126,PKN,neutral,9,2,2025-09-25,2025-09-29,88.75,88.28,uptrend,uptrend,irrelevant,uptrend,uptrend,irrelevant,horizontal,horizontal,irrelevant,uptrend,uptrend,irrelevant
126,PKN,neutral,10,2,2025-09-25,2025-09-29,88.75,88.28,uptrend,uptrend,irrelevant,uptrend,uptrend,irrelevant,horizontal,horizontal,irrelevant,uptrend,uptrend,irrelevant
126,PKN,neutral,3,3,2025-09-25,2025-09-30,88.75,86.52,uptrend,uptrend,irrelevant,uptrend,uptrend,irrelevant,horizontal,horizontal,irrelevant,uptrend,uptrend,irrelevant
126,PKN,neutral,4,3,2025-09-25,2025-09-30,88.75,86.52,uptrend,uptrend,irrelevant,uptrend,uptrend,irrelevant,horizontal,horizontal,irrelevant,uptrend,uptrend,irrelevant
126,PKN,neutral,5,3,2025-09-25,2025-09-30,88.75,86.52,uptrend,uptrend,irrelevant,uptrend,uptrend,irrelevant,horizontal,horizontal,irrelevant,uptrend,uptrend,irrelevant
126,PKN,neutral,6,3,2025-09-25,2025-09-30,88.75,86.52,uptrend,uptrend,irrelevant,uptrend,uptrend,irrelevant,horizontal,horizontal,irrelevant,uptrend,uptrend,irrelevant
126,PKN,neutral,7,3,2025-09-25,2025-09-30,88.75,86.52,uptrend,uptrend,irrelevant,uptrend,uptrend,irrelevant,horizontal,horizontal,irrelevant,uptrend,uptrend,irrelevant
126,PKN,neutral,8,3,2025-09-25,2025-09-30,88.75,86.52,uptrend,uptrend,irrelevant,uptrend,uptrend,irrelevant,horizontal,horizontal,irrelevant,uptrend,uptrend,irrelevant
126,PKN,neutral,9,3,2025-09-25,2025-09-30,88.75,86.52,uptrend,uptrend,irrelevant,uptrend,uptrend,irrelevant,horizontal,horizontal,irrelevant,uptrend,uptrend,irrelevant
126,PKN,neutral,10,3,2025-09-25,2025-09-30,88.75,86.52,uptrend,uptrend,irrelevant,uptrend,uptrend,irrelevant,horizontal,horizontal,irrelevant,uptrend,uptrend,irrelevant
126,PKN,neutral,2,4,2025-09-25,2025-10-01,88.75,87.85,uptrend,uptrend,irrelevant,uptrend,uptrend,irrelevant,horizontal,horizontal,irrelevant,uptrend,uptrend,irrelevant
126,PKN,neutral,3,4,2025-09-25,2025-10-01,88.75,87.85,uptrend,uptrend,irrelevant,uptrend,uptrend,irrelevant,horizontal,horizontal,irrelevant,uptrend,uptrend,irrelevant
126,PKN,neutral,4,4,2025-09-25,2025-10-01,88.75,87.85,uptrend,uptrend,irrelevant,uptrend,uptrend,irrelevant,horizontal,horizontal,irrelevant,uptrend,uptrend,irrelevant
126,PKN,neutral,5,4,2025-09-25,2025-10-01,88.75,87.85,uptrend,uptrend,irrelevant,uptrend,uptrend,irrelevant,horizontal,horizontal,irrelevant,uptrend,uptrend,irrelevant
126,PKN,neutral,6,4,2025-09-25,2025-10-01,88.75,87.85,uptrend,uptrend,irrelevant,uptrend,uptrend,irrelevant,horizontal,horizontal,irrelevant,uptrend,uptrend,irrelevant
126,PKN,neutral,7,4,2025-09-25,2025-10-01,88.75,87.85,uptrend,uptrend,irrelevant,uptrend,uptrend,irrelevant,horizontal,horizontal,irrelevant,uptrend,uptrend,irrelevant
126,PKN,neutral,8,4,2025-09-25,2025-10-01,88.75,87.85,uptrend,uptrend,irrelevant,uptrend,uptrend,irrelevant,horizontal,horizontal,irrelevant,uptrend,uptrend,irrelevant
126,PKN,neutral,9,4,2025-09-25,2025-10-01,88.75,87.85,uptrend,uptrend,irrelevant,uptrend,uptrend,irrelevant,horizontal,horizontal,irrelevant,uptrend,uptrend,irrelevant
126,PKN,neutral,10,4,2025-09-25,2025-10-01,88.75,87.85,uptrend,uptrend,irrelevant,uptrend,uptrend,irrelevant,horizontal,horizontal,irrelevant,uptrend,uptrend,irrelevant
126,PKN,neutral,3,5,2025-09-25,2025-10-02,88.75,86.61,uptrend,uptrend,irrelevant,uptrend,uptrend,irrelevant,horizontal,horizontal,irrelevant,uptrend,uptrend,irrelevant
126,PKN,neutral,4,5,2025-09-25,2025-10-02,88.75,86.61,uptrend,uptrend,irrelevant,uptrend,uptrend,irrelevant,horizontal,horizontal,irrelevant,uptrend,uptrend,irrelevant
126,PKN,neutral,5,5,2025-09-25,2025-10-02,88.75,86.61,uptrend,uptrend,irrelevant,uptrend,uptrend,irrelevant,horizontal,horizontal,irrelevant,uptrend,uptrend,irrelevant
126,PKN,neutral,6,5,2025-09-25,2025-10-02,88.75,86.61,uptrend,uptrend,irrelevant,uptrend,uptrend,irrelevant,horizontal,horizontal,irrelevant,uptrend,uptrend,irrelevant
126,PKN,neutral,7,5,2025-09-25,2025-10-02,88.75,86.61,uptrend,uptrend,irrelevant,uptrend,uptrend,irrelevant,horizontal,horizontal,irrelevant,uptrend,uptrend,irrelevant
126,PKN,neutral,8,5,2025-09-25,2025-10-02,88.75,86.61,uptrend,uptrend,irrelevant,uptrend,uptrend,irrelevant,horizontal,horizontal,irrelevant,uptrend,uptrend,irrelevant
126,PKN,neutral,9,5,2025-09-25,2025-10-02,88.75,86.61,uptrend,uptrend,irrelevant,uptrend,uptrend,irrelevant,horizontal,horizontal,irrelevant,uptrend,uptrend,irrelevant
126,PKN,neutral,10,5,2025-09-25,2025-10-02,88.75,86.61,uptrend,uptrend,irrelevant,uptrend,uptrend,irrelevant,horizontal,horizontal,irrelevant,uptrend,uptrend,irrelevant
133,PKN,positive,1,1,2025-09-23,2025-09-24,84.97,88.44,uptrend,uptrend,irrelevant,uptrend,uptrend,irrelevant,horizontal,horizontal,irrelevant,uptrend,uptrend,irrelevant
133,PKN,positive,2,1,2025-09-23,2025-09-24,84.97,88.44,uptrend,uptrend,irrelevant,uptrend,uptrend,irrelevant,horizontal,horizontal,irrelevant,uptrend,uptrend,irrelevant
133,PKN,positive,3,1,2025-09-23,2025-09-24,84.97,88.44,uptrend,uptrend,irrelevant,uptrend,uptrend,irrelevant,horizontal,horizontal,irrelevant,uptrend,uptrend,irrelevant
133,PKN,positive,4,1,2025-09-23,2025-09-24,84.97,88.44,uptrend,uptrend,irrelevant,uptrend,uptrend,irrelevant,horizontal,horizontal,irrelevant,uptrend,uptrend,irrelevant
133,PKN,positive,1,2,2025-09-23,2025-09-25,84.97,88.75,uptrend,uptrend,irrelevant,uptrend,uptrend,irrelevant,horizontal,horizontal,irrelevant,uptrend,uptrend,irrelevant
133,PKN,positive,2,2,2025-09-23,2025-09-25,84.97,88.75,uptrend,uptrend,irrelevant,uptrend,uptrend,irrelevant,horizontal,horizontal,irrelevant,uptrend,uptrend,irrelevant
133,PKN,positive,3,2,2025-09-23,2025-09-25,84.97,88.75,uptrend,uptrend,irrelevant,uptrend,uptrend,irrelevant,horizontal,horizontal,irrelevant,uptrend,uptrend,irrelevant
133,PKN,positive,4,2,2025-09-23,2025-09-25,84.97,88.75,uptrend,uptrend,irrelevant,uptrend,uptrend,irrelevant,horizontal,horizontal,irrelevant,uptrend,uptrend,irrelevant
133,PKN,positive,1,3,2025-09-23,2025-09-26,84.97,89.14,uptrend,uptrend,irrelevant,uptrend,uptrend,irrelevant,horizontal,horizontal,irrelevant,uptrend,uptrend,irrelevant
133,PKN,positive,2,3,2025-09-23,2025-09-26,84.97,89.14,uptrend,uptrend,irrelevant,uptrend,uptrend,irrelevant,horizontal,horizontal,irrelevant,uptrend,uptrend,irrelevant
133,PKN,positive,3,3,2025-09-23,2025-09-26,84.97,89.14,uptrend,uptrend,irrelevant,uptrend,uptrend,irrelevant,horizontal,horizontal,irrelevant,uptrend,uptrend,irrelevant
133,PKN,positive,4,3,2025-09-23,2025-09-26,84.97,89.14,uptrend,uptrend,irrelevant,uptrend,uptrend,irrelevant,horizontal,horizontal,irrelevant,uptrend,uptrend,irrelevant
133,PKN,positive,1,4,2025-09-23,2025-09-29,84.97,88.28,uptrend,uptrend,irrelevant,uptrend,uptrend,irrelevant,horizontal,horizontal,irrelevant,uptrend,uptrend,irrelevant
133,PKN,positive,2,4,2025-09-23,2025-09-29,84.97,88.28,uptrend,uptrend,irrelevant,uptrend,uptrend,irrelevant,horizontal,horizontal,irrelevant,uptrend,uptrend,irrelevant
133,PKN,positive,3,4,2025-09-23,2025-09-29,84.97,88.28,uptrend,uptrend,irrelevant,uptrend,uptrend,irrelevant,horizontal,horizontal,irrelevant,uptrend,uptrend,irrelevant
133,PKN,positive,1,5,2025-09-23,2025-09-30,84.97,86.52,uptrend,uptrend,irrelevant,uptrend,uptrend,irrelevant,horizontal,horizontal,irrelevant,uptrend,uptrend,irrelevant
134,PKN,positive,1,1,2025-09-22,2025-09-23,82.22,84.97,uptrend,uptrend,irrelevant,horizontal,uptrend,relevant,horizontal,horizontal,irrelevant,uptrend,uptrend,irrelevant
134,PKN,positive,2,1,2025-09-22,2025-09-23,82.22,84.97,uptrend,uptrend,irrelevant,horizontal,uptrend,relevant,horizontal,horizontal,irrelevant,uptrend,uptrend,irrelevant
134,PKN,positive,3,1,2025-09-22,2025-09-23,82.22,84.97,uptrend,uptrend,irrelevant,horizontal,uptrend,relevant,horizontal,horizontal,irrelevant,uptrend,uptrend,irrelevant
134,PKN,positive,1,2,2025-09-22,2025-09-24,82.22,88.44,uptrend,uptrend,irrelevant,horizontal,uptrend,relevant,horizontal,horizontal,irrelevant,uptrend,uptrend,irrelevant
134,PKN,positive,2,2,2025-09-22,2025-09-24,82.22,88.44,uptrend,uptrend,irrelevant,horizontal,uptrend,relevant,horizontal,horizontal,irrelevant,uptrend,uptrend,irrelevant
134,PKN,positive,3,2,2025-09-22,2025-09-24,82.22,88.44,uptrend,uptrend,irrelevant,horizontal,uptrend,relevant,horizontal,horizontal,irrelevant,uptrend,uptrend,irrelevant
134,PKN,positive,4,2,2025-09-22,2025-09-24,82.22,88.44,uptrend,uptrend,irrelevant,horizontal,uptrend,relevant,horizontal,horizontal,irrelevant,uptrend,uptrend,irrelevant
134,PKN,positive,5,2,2025-09-22,2025-09-24,82.22,88.44,uptrend,uptrend,irrelevant,horizontal,uptrend,relevant,horizontal,horizontal,irrelevant,uptrend,uptrend,irrelevant
134,PKN,positive,6,2,2025-09-22,2025-09-24,82.22,88.44,uptrend,uptrend,irrelevant,horizontal,uptrend,relevant,horizontal,horizontal,irrelevant,uptrend,uptrend,irrelevant
134,PKN,positive,7,2,2025-09-22,2025-09-24,82.22,88.44,uptrend,uptrend,irrelevant,horizontal,uptrend,relevant,horizontal,horizontal,irrelevant,uptrend,uptrend,irrelevant
134,PKN,positive,1,3,2025-09-22,2025-09-25,82.22,88.75,uptrend,uptrend,irrelevant,horizontal,uptrend,relevant,horizontal,horizontal,irrelevant,uptrend,uptrend,irrelevant
134,PKN,positive,2,3,2025-09-22,2025-09-25,82.22,88.75,uptrend,uptrend,irrelevant,horizontal,uptrend,relevant,horizontal,horizontal,irrelevant,uptrend,uptrend,irrelevant
134,PKN,positive,3,3,2025-09-22,2025-09-25,82.22,88.75,uptrend,uptrend,irrelevant,horizontal,uptrend,relevant,horizontal,horizontal,irrelevant,uptrend,uptrend,irrelevant
134,PKN,positive,4,3,2025-09-22,2025-09-25,82.22,88.75,uptrend,uptrend,irrelevant,horizontal,uptrend,relevant,horizontal,horizontal,irrelevant,uptrend,uptrend,irrelevant
134,PKN,positive,5,3,2025-09-22,2025-09-25,82.22,88.75,uptrend,uptrend,irrelevant,horizontal,uptrend,relevant,horizontal,horizontal,irrelevant,uptrend,uptrend,irrelevant
134,PKN,positive,6,3,2025-09-22,2025-09-25,82.22,88.75,uptrend,uptrend,irrelevant,horizontal,uptrend,relevant,horizontal,horizontal,irrelevant,uptrend,uptrend,irrelevant
134,PKN,positive,7,3,2025-09-22,2025-09-25,82.22,88.75,uptrend,uptrend,irrelevant,horizontal,uptrend,relevant,horizontal,horizontal,irrelevant,uptrend,uptrend,irrelevant
134,PKN,positive,1,4,2025-09-22,2025-09-26,82.22,89.14,uptrend,uptrend,irrelevant,horizontal,uptrend,relevant,horizontal,horizontal,irrelevant,uptrend,uptrend,irrelevant
134,PKN,positive,2,4,2025-09-22,2025-09-26,82.22,89.14,uptrend,uptrend,irrelevant,horizontal,uptrend,relevant,horizontal,horizontal,irrelevant,uptrend,uptrend,irrelevant
134,PKN,positive,3,4,2025-09-22,2025-09-26,82.22,89.14,uptrend,uptrend,irrelevant,horizontal,uptrend,relevant,horizontal,horizontal,irrelevant,uptrend,uptrend,irrelevant
134,PKN,positive,4,4,2025-09-22,2025-09-26,82.22,89.14,uptrend,uptrend,irrelevant,horizontal,uptrend,relevant,horizontal,horizontal,irrelevant,uptrend,uptrend,irrelevant
134,PKN,positive,5,4,2025-09-22,2025-09-26,82.22,89.14,uptrend,uptrend,irrelevant,horizontal,uptrend,relevant,horizontal,horizontal,irrelevant,uptrend,uptrend,irrelevant
134,PKN,positive,6,4,2025-09-22,2025-09-26,82.22,89.14,uptrend,uptrend,irrelevant,horizontal,uptrend,relevant,horizontal,horizontal,irrelevant,uptrend,uptrend,irrelevant
134,PKN,positive,7,4,2025-09-22,2025-09-26,82.22,89.14,uptrend,uptrend,irrelevant,horizontal,uptrend,relevant,horizontal,horizontal,irrelevant,uptrend,uptrend,irrelevant
134,PKN,positive,8,4,2025-09-22,2025-09-26,82.22,89.14,uptrend,uptrend,irrelevant,horizontal,uptrend,relevant,horizontal,horizontal,irrelevant,uptrend,uptrend,irrelevant
134,PKN,positive,1,5,2025-09-22,2025-09-29,82.22,88.28,uptrend,uptrend,irrelevant,horizontal,uptrend,relevant,horizontal,horizontal,irrelevant,uptrend,uptrend,irrelevant
134,PKN,positive,2,5,2025-09-22,2025-09-29,82.22,88.28,uptrend,uptrend,irrelevant,horizontal,uptrend,relevant,horizontal,horizontal,irrelevant,uptrend,uptrend,irrelevant
134,PKN,positive,3,5,2025-09-22,2025-09-29,82.22,88.28,uptrend,uptrend,irrelevant,horizontal,uptrend,relevant,horizontal,horizontal,irrelevant,uptrend,uptrend,irrelevant
134,PKN,positive,4,5,2025-09-22,2025-09-29,82.22,88.28,uptrend,uptrend,irrelevant,horizontal,uptrend,relevant,horizontal,horizontal,irrelevant,uptrend,uptrend,irrelevant
134,PKN,positive,5,5,2025-09-22,2025-09-29,82.22,88.28,uptrend,uptrend,irrelevant,horizontal,uptrend,relevant,horizontal,horizontal,irrelevant,uptrend,uptrend,irrelevant
134,PKN,positive,6,5,2025-09-22,2025-09-29,82.22,88.28,uptrend,uptrend,irrelevant,horizontal,uptrend,relevant,horizontal,horizontal,irrelevant,uptrend,uptrend,irrelevant
134,PKN,positive,7,5,2025-09-22,2025-09-29,82.22,88.28,uptrend,uptrend,irrelevant,horizontal,uptrend,relevant,horizontal,horizontal,irrelevant,uptrend,uptrend,irrelevant
135,PKN,neutral,4,1,2025-09-22,2025-09-23,82.22,84.97,uptrend,uptrend,irrelevant,horizontal,uptrend,irrelevant,horizontal,horizontal,irrelevant,uptrend,uptrend,irrelevant
135,PKN,neutral,5,1,2025-09-22,2025-09-23,82.22,84.97,uptrend,uptrend,irrelevant,horizontal,uptrend,irrelevant,horizontal,horizontal,irrelevant,uptrend,uptrend,irrelevant
135,PKN,neutral,6,1,2025-09-22,2025-09-23,82.22,84.97,uptrend,uptrend,irrelevant,horizontal,uptrend,irrelevant,horizontal,horizontal,irrelevant,uptrend,uptrend,irrelevant
135,PKN,neutral,7,1,2025-09-22,2025-09-23,82.22,84.97,uptrend,uptrend,irrelevant,horizontal,uptrend,irrelevant,horizontal,horizontal,irrelevant,uptrend,uptrend,irrelevant
135,PKN,neutral,8,1,2025-09-22,2025-09-23,82.22,84.97,uptrend,uptrend,irrelevant,horizontal,uptrend,irrelevant,horizontal,horizontal,irrelevant,uptrend,uptrend,irrelevant
135,PKN,neutral,9,1,2025-09-22,2025-09-23,82.22,84.97,uptrend,uptrend,irrelevant,horizontal,uptrend,irrelevant,horizontal,horizontal,irrelevant,uptrend,uptrend,irrelevant
135,PKN,neutral,10,1,2025-09-22,2025-09-23,82.22,84.97,uptrend,uptrend,irrelevant,horizontal,uptrend,irrelevant,horizontal,horizontal,irrelevant,uptrend,uptrend,irrelevant
135,PKN,neutral,8,2,2025-09-22,2025-09-24,82.22,88.44,uptrend,uptrend,irrelevant,horizontal,uptrend,irrelevant,horizontal,horizontal,irrelevant,uptrend,uptrend,irrelevant
135,PKN,neutral,9,2,2025-09-22,2025-09-24,82.22,88.44,uptrend,uptrend,irrelevant,horizontal,uptrend,irrelevant,horizontal,horizontal,irrelevant,uptrend,uptrend,irrelevant
135,PKN,neutral,10,2,2025-09-22,2025-09-24,82.22,88.44,uptrend,uptrend,irrelevant,horizontal,uptrend,irrelevant,horizontal,horizontal,irrelevant,uptrend,uptrend,irrelevant
135,PKN,neutral,8,3,2025-09-22,2025-09-25,82.22,88.75,uptrend,uptrend,irrelevant,horizontal,uptrend,irrelevant,horizontal,horizontal,irrelevant,uptrend,uptrend,irrelevant
135,PKN,neutral,9,3,2025-09-22,2025-09-25,82.22,88.75,uptrend,uptrend,irrelevant,horizontal,uptrend,irrelevant,horizontal,horizontal,irrelevant,uptrend,uptrend,irrelevant
135,PKN,neutral,10,3,2025-09-22,2025-09-25,82.22,88.75,uptrend,uptrend,irrelevant,horizontal,uptrend,irrelevant,horizontal,horizontal,irrelevant,uptrend,uptrend,irrelevant
135,PKN,neutral,9,4,2025-09-22,2025-09-26,82.22,89.14,uptrend,uptrend,irrelevant,horizontal,uptrend,irrelevant,horizontal,horizontal,irrelevant,uptrend,uptrend,irrelevant
135,PKN,neutral,10,4,2025-09-22,2025-09-26,82.22,89.14,uptrend,uptrend,irrelevant,horizontal,uptrend,irrelevant,horizontal,horizontal,irrelevant,uptrend,uptrend,irrelevant
135,PKN,neutral,8,5,2025-09-22,2025-09-29,82.22,88.28,uptrend,uptrend,irrelevant,horizontal,uptrend,irrelevant,horizontal,horizontal,irrelevant,uptrend,uptrend,irrelevant
135,PKN,neutral,9,5,2025-09-22,2025-09-29,82.22,88.28,uptrend,uptrend,irrelevant,horizontal,uptrend,irrelevant,horizontal,horizontal,irrelevant,uptrend,uptrend,irrelevant
135,PKN,neutral,10,5,2025-09-22,2025-09-29,82.22,88.28,uptrend,uptrend,irrelevant,horizontal,uptrend,irrelevant,horizontal,horizontal,irrelevant,uptrend,uptrend,irrelevant
136,PKN,neutral,4,1,2025-09-22,2025-09-23,82.22,84.97,uptrend,uptrend,irrelevant,horizontal,uptrend,irrelevant,horizontal,horizontal,irrelevant,uptrend,uptrend,irrelevant
136,PKN,neutral,5,1,2025-09-22,2025-09-23,82.22,84.97,uptrend,uptrend,irrelevant,horizontal,uptrend,irrelevant,horizontal,horizontal,irrelevant,uptrend,uptrend,irrelevant
136,PKN,neutral,6,1,2025-09-22,2025-09-23,82.22,84.97,uptrend,uptrend,irrelevant,horizontal,uptrend,irrelevant,horizontal,horizontal,irrelevant,uptrend,uptrend,irrelevant
136,PKN,neutral,7,1,2025-09-22,2025-09-23,82.22,84.97,uptrend,uptrend,irrelevant,horizontal,uptrend,irrelevant,horizontal,horizontal,irrelevant,uptrend,uptrend,irrelevant
136,PKN,neutral,8,1,2025-09-22,2025-09-23,82.22,84.97,uptrend,uptrend,irrelevant,horizontal,uptrend,irrelevant,horizontal,horizontal,irrelevant,uptrend,uptrend,irrelevant
136,PKN,neutral,9,1,2025-09-22,2025-09-23,82.22,84.97,uptrend,uptrend,irrelevant,horizontal,uptrend,irrelevant,horizontal,horizontal,irrelevant,uptrend,uptrend,irrelevant
136,PKN,neutral,10,1,2025-09-22,2025-09-23,82.22,84.97,uptrend,uptrend,irrelevant,horizontal,uptrend,irrelevant,horizontal,horizontal,irrelevant,uptrend,uptrend,irrelevant
136,PKN,neutral,8,2,2025-09-22,2025-09-24,82.22,88.44,uptrend,uptrend,irrelevant,horizontal,uptrend,irrelevant,horizontal,horizontal,irrelevant,uptrend,uptrend,irrelevant
136,PKN,neutral,9,2,2025-09-22,2025-09-24,82.22,88.44,uptrend,uptrend,irrelevant,horizontal,uptrend,irrelevant,horizontal,horizontal,irrelevant,uptrend,uptrend,irrelevant
136,PKN,neutral,10,2,2025-09-22,2025-09-24,82.22,88.44,uptrend,uptrend,irrelevant,horizontal,uptrend,irrelevant,horizontal,horizontal,irrelevant,uptrend,uptrend,irrelevant
136,PKN,neutral,8,3,2025-09-22,2025-09-25,82.22,88.75,uptrend,uptrend,irrelevant,horizontal,uptrend,irrelevant,horizontal,horizontal,irrelevant,uptrend,uptrend,irrelevant
136,PKN,neutral,9,3,2025-09-22,2025-09-25,82.22,88.75,uptrend,uptrend,irrelevant,horizontal,uptrend,irrelevant,horizontal,horizontal,irrelevant,uptrend,uptrend,irrelevant
136,PKN,neutral,10,3,2025-09-22,2025-09-25,82.22,88.75,uptrend,uptrend,irrelevant,horizontal,uptrend,irrelevant,horizontal,horizontal,irrelevant,uptrend,uptrend,irrelevant
136,PKN,neutral,9,4,2025-09-22,2025-09-26,82.22,89.14,uptrend,uptrend,irrelevant,horizontal,uptrend,irrelevant,horizontal,horizontal,irrelevant,uptrend,uptrend,irrelevant
136,PKN,neutral,10,4,2025-09-22,2025-09-26,82.22,89.14,uptrend,uptrend,irrelevant,horizontal,uptrend,irrelevant,horizontal,horizontal,irrelevant,uptrend,uptrend,irrelevant
136,PKN,neutral,8,5,2025-09-22,2025-09-29,82.22,88.28,uptrend,uptrend,irrelevant,horizontal,uptrend,irrelevant,horizontal,horizontal,irrelevant,uptrend,uptrend,irrelevant
136,PKN,neutral,9,5,2025-09-22,2025-09-29,82.22,88.28,uptrend,uptrend,irrelevant,horizontal,uptrend,irrelevant,horizontal,horizontal,irrelevant,uptrend,uptrend,irrelevant
136,PKN,neutral,10,5,2025-09-22,2025-09-29,82.22,88.28,uptrend,uptrend,irrelevant,horizontal,uptrend,irrelevant,horizontal,horizontal,irrelevant,uptrend,uptrend,irrelevant
137,PKN,positive,1,4,2025-09-17,2025-09-23,82.22,84.97,uptrend,uptrend,irrelevant,horizontal,uptrend,relevant,horizontal,horizontal,irrelevant,horizontal,uptrend,relevant
137,PKN,positive,2,4,2025-09-17,2025-09-23,82.22,84.97,uptrend,uptrend,irrelevant,horizontal,uptrend,relevant,horizontal,horizontal,irrelevant,horizontal,uptrend,relevant
137,PKN,positive,3,4,2025-09-17,2025-09-23,82.22,84.97,uptrend,uptrend,irrelevant,horizontal,uptrend,relevant,horizontal,horizontal,irrelevant,horizontal,uptrend,relevant
137,PKN,positive,1,5,2025-09-17,2025-09-24,82.22,88.44,uptrend,uptrend,irrelevant,horizontal,uptrend,relevant,horizontal,horizontal,irrelevant,horizontal,uptrend,relevant
137,PKN,positive,2,5,2025-09-17,2025-09-24,82.22,88.44,uptrend,uptrend,irrelevant,horizontal,uptrend,relevant,horizontal,horizontal,irrelevant,horizontal,uptrend,relevant
137,PKN,positive,3,5,2025-09-17,2025-09-24,82.22,88.44,uptrend,uptrend,irrelevant,horizontal,uptrend,relevant,horizontal,horizontal,irrelevant,horizontal,uptrend,relevant
137,PKN,positive,4,5,2025-09-17,2025-09-24,82.22,88.44,uptrend,uptrend,irrelevant,horizontal,uptrend,relevant,horizontal,horizontal,irrelevant,horizontal,uptrend,relevant
137,PKN,positive,5,5,2025-09-17,2025-09-24,82.22,88.44,uptrend,uptrend,irrelevant,horizontal,uptrend,relevant,horizontal,horizontal,irrelevant,horizontal,uptrend,relevant
137,PKN,positive,6,5,2025-09-17,2025-09-24,82.22,88.44,uptrend,uptrend,irrelevant,horizontal,uptrend,relevant,horizontal,horizontal,irrelevant,horizontal,uptrend,relevant
137,PKN,positive,7,5,2025-09-17,2025-09-24,82.22,88.44,uptrend,uptrend,irrelevant,horizontal,uptrend,relevant,horizontal,horizontal,irrelevant,horizontal,uptrend,relevant
144,PKN,positive,1,2,2025-09-04,2025-09-08,80.48,83.04,downtrend,downtrend,irrelevant,downtrend,downtrend,irrelevant,downtrend,uptrend,relevant,horizontal,horizontal,irrelevant
144,PKN,positive,2,2,2025-09-04,2025-09-08,80.48,83.04,downtrend,downtrend,irrelevant,downtrend,downtrend,irrelevant,downtrend,uptrend,relevant,horizontal,horizontal,irrelevant
144,PKN,positive,3,2,2025-09-04,2025-09-08,80.48,83.04,downtrend,downtrend,irrelevant,downtrend,downtrend,irrelevant,downtrend,uptrend,relevant,horizontal,horizontal,irrelevant
144,PKN,positive,1,3,2025-09-04,2025-09-09,80.48,82.44,downtrend,downtrend,irrelevant,downtrend,horizontal,irrelevant,downtrend,uptrend,relevant,horizontal,horizontal,irrelevant
144,PKN,positive,2,3,2025-09-04,2025-09-09,80.48,82.44,downtrend,downtrend,irrelevant,downtrend,horizontal,irrelevant,downtrend,uptrend,relevant,horizontal,horizontal,irrelevant
144,PKN,positive,1,5,2025-09-04,2025-09-11,80.48,82.6,downtrend,horizontal,irrelevant,downtrend,horizontal,irrelevant,downtrend,horizontal,irrelevant,horizontal,horizontal,irrelevant
144,PKN,positive,2,5,2025-09-04,2025-09-11,80.48,82.6,downtrend,horizontal,irrelevant,downtrend,horizontal,irrelevant,downtrend,horizontal,irrelevant,horizontal,horizontal,irrelevant
145,PKN,neutral,1,1,2025-09-04,2025-09-05,80.48,81.08,downtrend,downtrend,irrelevant,downtrend,downtrend,irrelevant,downtrend,downtrend,irrelevant,horizontal,horizontal,irrelevant
145,PKN,neutral,2,1,2025-09-04,2025-09-05,80.48,81.08,downtrend,downtrend,irrelevant,downtrend,downtrend,irrelevant,downtrend,downtrend,irrelevant,horizontal,horizontal,irrelevant
145,PKN,neutral,3,1,2025-09-04,2025-09-05,80.48,81.08,downtrend,downtrend,irrelevant,downtrend,downtrend,irrelevant,downtrend,downtrend,irrelevant,horizontal,horizontal,irrelevant
145,PKN,neutral,4,1,2025-09-04,2025-09-05,80.48,81.08,downtrend,downtrend,irrelevant,downtrend,downtrend,irrelevant,downtrend,downtrend,irrelevant,horizontal,horizontal,irrelevant
145,PKN,neutral,5,1,2025-09-04,2025-09-05,80.48,81.08,downtrend,downtrend,irrelevant,downtrend,downtrend,irrelevant,downtrend,downtrend,irrelevant,horizontal,horizontal,irrelevant
145,PKN,neutral,6,1,2025-09-04,2025-09-05,80.48,81.08,downtrend,downtrend,irrelevant,downtrend,downtrend,irrelevant,downtrend,downtrend,irrelevant,horizontal,horizontal,irrelevant
145,PKN,neutral,7,1,2025-09-04,2025-09-05,80.48,81.08,downtrend,downtrend,irrelevant,downtrend,downtrend,irrelevant,downtrend,downtrend,irrelevant,horizontal,horizontal,irrelevant
145,PKN,neutral,8,1,2025-09-04,2025-09-05,80.48,81.08,downtrend,downtrend,irrelevant,downtrend,downtrend,irrelevant,downtrend,downtrend,irrelevant,horizontal,horizontal,irrelevant
145,PKN,neutral,9,1,2025-09-04,2025-09-05,80.48,81.08,downtrend,downtrend,irrelevant,downtrend,downtrend,irrelevant,downtrend,downtrend,irrelevant,horizontal,horizontal,irrelevant
145,PKN,neutral,10,1,2025-09-04,2025-09-05,80.48,81.08,downtrend,downtrend,irrelevant,downtrend,downtrend,irrelevant,downtrend,downtrend,irrelevant,horizontal,horizontal,irrelevant
145,PKN,neutral,4,2,2025-09-04,2025-09-08,80.48,83.04,downtrend,downtrend,irrelevant,downtrend,downtrend,irrelevant,downtrend,uptrend,irrelevant,horizontal,horizontal,irrelevant
145,PKN,neutral,5,2,2025-09-04,2025-09-08,80.48,83.04,downtrend,downtrend,irrelevant,downtrend,downtrend,irrelevant,downtrend,uptrend,irrelevant,horizontal,horizontal,irrelevant
145,PKN,neutral,6,2,2025-09-04,2025-09-08,80.48,83.04,downtrend,downtrend,irrelevant,downtrend,downtrend,irrelevant,downtrend,uptrend,irrelevant,horizontal,horizontal,irrelevant
145,PKN,neutral,7,2,2025-09-04,2025-09-08,80.48,83.04,downtrend,downtrend,irrelevant,downtrend,downtrend,irrelevant,downtrend,uptrend,irrelevant,horizontal,horizontal,irrelevant
145,PKN,neutral,8,2,2025-09-04,2025-09-08,80.48,83.04,downtrend,downtrend,irrelevant,downtrend,downtrend,irrelevant,downtrend,uptrend,irrelevant,horizontal,horizontal,irrelevant
145,PKN,neutral,9,2,2025-09-04,2025-09-08,80.48,83.04,downtrend,downtrend,irrelevant,downtrend,downtrend,irrelevant,downtrend,uptrend,irrelevant,horizontal,horizontal,irrelevant
145,PKN,neutral,10,2,2025-09-04,2025-09-08,80.48,83.04,downtrend,downtrend,irrelevant,downtrend,downtrend,irrelevant,downtrend,uptrend,irrelevant,horizontal,horizontal,irrelevant
145,PKN,neutral,3,3,2025-09-04,2025-09-09,80.48,82.44,downtrend,downtrend,irrelevant,downtrend,horizontal,relevant,downtrend,uptrend,irrelevant,horizontal,horizontal,irrelevant
145,PKN,neutral,4,3,2025-09-04,2025-09-09,80.48,82.44,downtrend,downtrend,irrelevant,downtrend,horizontal,relevant,downtrend,uptrend,irrelevant,horizontal,horizontal,irrelevant
145,PKN,neutral,5,3,2025-09-04,2025-09-09,80.48,82.44,downtrend,downtrend,irrelevant,downtrend,horizontal,relevant,downtrend,uptrend,irrelevant,horizontal,horizontal,irrelevant
145,PKN,neutral,6,3,2025-09-04,2025-09-09,80.48,82.44,downtrend,downtrend,irrelevant,downtrend,horizontal,relevant,downtrend,uptrend,irrelevant,horizontal,horizontal,irrelevant
145,PKN,neutral,7,3,2025-09-04,2025-09-09,80.48,82.44,downtrend,downtrend,irrelevant,downtrend,horizontal,relevant,downtrend,uptrend,irrelevant,horizontal,horizontal,irrelevant
145,PKN,neutral,8,3,2025-09-04,2025-09-09,80.48,82.44,downtrend,downtrend,irrelevant,downtrend,horizontal,relevant,downtrend,uptrend,irrelevant,horizontal,horizontal,irrelevant
145,PKN,neutral,9,3,2025-09-04,2025-09-09,80.48,82.44,downtrend,downtrend,irrelevant,downtrend,horizontal,relevant,downtrend,uptrend,irrelevant,horizontal,horizontal,irrelevant
145,PKN,neutral,10,3,2025-09-04,2025-09-09,80.48,82.44,downtrend,downtrend,irrelevant,downtrend,horizontal,relevant,downtrend,uptrend,irrelevant,horizontal,horizontal,irrelevant
145,PKN,neutral,1,4,2025-09-04,2025-09-10,80.48,80.59,downtrend,downtrend,irrelevant,downtrend,horizontal,relevant,downtrend,downtrend,irrelevant,horizontal,horizontal,irrelevant
145,PKN,neutral,2,4,2025-09-04,2025-09-10,80.48,80.59,downtrend,downtrend,irrelevant,downtrend,horizontal,relevant,downtrend,downtrend,irrelevant,horizontal,horizontal,irrelevant
145,PKN,neutral,3,4,2025-09-04,2025-09-10,80.48,80.59,downtrend,downtrend,irrelevant,downtrend,horizontal,relevant,downtrend,downtrend,irrelevant,horizontal,horizontal,irrelevant
145,PKN,neutral,4,4,2025-09-04,2025-09-10,80.48,80.59,downtrend,downtrend,irrelevant,downtrend,horizontal,relevant,downtrend,downtrend,irrelevant,horizontal,horizontal,irrelevant
145,PKN,neutral,5,4,2025-09-04,2025-09-10,80.48,80.59,downtrend,downtrend,irrelevant,downtrend,horizontal,relevant,downtrend,downtrend,irrelevant,horizontal,horizontal,irrelevant
145,PKN,neutral,6,4,2025-09-04,2025-09-10,80.48,80.59,downtrend,downtrend,irrelevant,downtrend,horizontal,relevant,downtrend,downtrend,irrelevant,horizontal,horizontal,irrelevant
145,PKN,neutral,7,4,2025-09-04,2025-09-10,80.48,80.59,downtrend,downtrend,irrelevant,downtrend,horizontal,relevant,downtrend,downtrend,irrelevant,horizontal,horizontal,irrelevant
145,PKN,neutral,8,4,2025-09-04,2025-09-10,80.48,80.59,downtrend,downtrend,irrelevant,downtrend,horizontal,relevant,downtrend,downtrend,irrelevant,horizontal,horizontal,irrelevant
145,PKN,neutral,9,4,2025-09-04,2025-09-10,80.48,80.59,downtrend,downtrend,irrelevant,downtrend,horizontal,relevant,downtrend,downtrend,irrelevant,horizontal,horizontal,irrelevant
145,PKN,neutral,10,4,2025-09-04,2025-09-10,80.48,80.59,downtrend,downtrend,irrelevant,downtrend,horizontal,relevant,downtrend,downtrend,irrelevant,horizontal,horizontal,irrelevant
145,PKN,neutral,3,5,2025-09-04,2025-09-11,80.48,82.6,downtrend,horizontal,relevant,downtrend,horizontal,relevant,downtrend,horizontal,relevant,horizontal,horizontal,irrelevant
145,PKN,neutral,4,5,2025-09-04,2025-09-11,80.48,82.6,downtrend,horizontal,relevant,downtrend,horizontal,relevant,downtrend,horizontal,relevant,horizontal,horizontal,irrelevant
145,PKN,neutral,5,5,2025-09-04,2025-09-11,80.48,82.6,downtrend,horizontal,relevant,downtrend,horizontal,relevant,downtrend,horizontal,relevant,horizontal,horizontal,irrelevant
145,PKN,neutral,6,5,2025-09-04,2025-09-11,80.48,82.6,downtrend,horizontal,relevant,downtrend,horizontal,relevant,downtrend,horizontal,relevant,horizontal,horizontal,irrelevant
145,PKN,neutral,7,5,2025-09-04,2025-09-11,80.48,82.6,downtrend,horizontal,relevant,downtrend,horizontal,relevant,downtrend,horizontal,relevant,horizontal,horizontal,irrelevant
145,PKN,neutral,8,5,2025-09-04,2025-09-11,80.48,82.6,downtrend,horizontal,relevant,downtrend,horizontal,relevant,downtrend,horizontal,relevant,horizontal,horizontal,irrelevant
145,PKN,neutral,9,5,2025-09-04,2025-09-11,80.48,82.6,downtrend,horizontal,relevant,downtrend,horizontal,relevant,downtrend,horizontal,relevant,horizontal,horizontal,irrelevant
145,PKN,neutral,10,5,2025-09-04,2025-09-11,80.48,82.6,downtrend,horizontal,relevant,downtrend,horizontal,relevant,downtrend,horizontal,relevant,horizontal,horizontal,irrelevant
146,PKN,neutral,2,1,2025-09-03,2025-09-04,79.62,80.48,downtrend,downtrend,irrelevant,downtrend,downtrend,irrelevant,downtrend,downtrend,irrelevant,horizontal,horizontal,irrelevant
146,PKN,neutral,3,1,2025-09-03,2025-09-04,79.62,80.48,downtrend,downtrend,irrelevant,downtrend,downtrend,irrelevant,downtrend,downtrend,irrelevant,horizontal,horizontal,irrelevant
146,PKN,neutral,4,1,2025-09-03,2025-09-04,79.62,80.48,downtrend,downtrend,irrelevant,downtrend,downtrend,irrelevant,downtrend,downtrend,irrelevant,horizontal,horizontal,irrelevant
146,PKN,neutral,5,1,2025-09-03,2025-09-04,79.62,80.48,downtrend,downtrend,irrelevant,downtrend,downtrend,irrelevant,downtrend,downtrend,irrelevant,horizontal,horizontal,irrelevant
146,PKN,neutral,6,1,2025-09-03,2025-09-04,79.62,80.48,downtrend,downtrend,irrelevant,downtrend,downtrend,irrelevant,downtrend,downtrend,irrelevant,horizontal,horizontal,irrelevant
146,PKN,neutral,7,1,2025-09-03,2025-09-04,79.62,80.48,downtrend,downtrend,irrelevant,downtrend,downtrend,irrelevant,downtrend,downtrend,irrelevant,horizontal,horizontal,irrelevant
146,PKN,neutral,8,1,2025-09-03,2025-09-04,79.62,80.48,downtrend,downtrend,irrelevant,downtrend,downtrend,irrelevant,downtrend,downtrend,irrelevant,horizontal,horizontal,irrelevant
146,PKN,neutral,9,1,2025-09-03,2025-09-04,79.62,80.48,downtrend,downtrend,irrelevant,downtrend,downtrend,irrelevant,downtrend,downtrend,irrelevant,horizontal,horizontal,irrelevant
146,PKN,neutral,10,1,2025-09-03,2025-09-04,79.62,80.48,downtrend,downtrend,irrelevant,downtrend,downtrend,irrelevant,downtrend,downtrend,irrelevant,horizontal,horizontal,irrelevant
146,PKN,neutral,2,2,2025-09-03,2025-09-05,79.62,81.08,downtrend,downtrend,irrelevant,downtrend,downtrend,irrelevant,downtrend,downtrend,irrelevant,horizontal,horizontal,irrelevant
146,PKN,neutral,3,2,2025-09-03,2025-09-05,79.62,81.08,downtrend,downtrend,irrelevant,downtrend,downtrend,irrelevant,downtrend,downtrend,irrelevant,horizontal,horizontal,irrelevant
146,PKN,neutral,4,2,2025-09-03,2025-09-05,79.62,81.08,downtrend,downtrend,irrelevant,downtrend,downtrend,irrelevant,downtrend,downtrend,irrelevant,horizontal,horizontal,irrelevant
146,PKN,neutral,5,2,2025-09-03,2025-09-05,79.62,81.08,downtrend,downtrend,irrelevant,downtrend,downtrend,irrelevant,downtrend,downtrend,irrelevant,horizontal,horizontal,irrelevant
146,PKN,neutral,6,2,2025-09-03,2025-09-05,79.62,81.08,downtrend,downtrend,irrelevant,downtrend,downtrend,irrelevant,downtrend,downtrend,irrelevant,horizontal,horizontal,irrelevant
146,PKN,neutral,7,2,2025-09-03,2025-09-05,79.62,81.08,downtrend,downtrend,irrelevant,downtrend,downtrend,irrelevant,downtrend,downtrend,irrelevant,horizontal,horizontal,irrelevant
146,PKN,neutral,8,2,2025-09-03,2025-09-05,79.62,81.08,downtrend,downtrend,irrelevant,downtrend,downtrend,irrelevant,downtrend,downtrend,irrelevant,horizontal,horizontal,irrelevant
146,PKN,neutral,9,2,2025-09-03,2025-09-05,79.62,81.08,downtrend,downtrend,irrelevant,downtrend,downtrend,irrelevant,downtrend,downtrend,irrelevant,horizontal,horizontal,irrelevant
146,PKN,neutral,10,2,2025-09-03,2025-09-05,79.62,81.08,downtrend,downtrend,irrelevant,downtrend,downtrend,irrelevant,downtrend,downtrend,irrelevant,horizontal,horizontal,irrelevant
146,PKN,neutral,5,3,2025-09-03,2025-09-08,79.62,83.04,downtrend,downtrend,irrelevant,downtrend,downtrend,irrelevant,downtrend,uptrend,irrelevant,horizontal,horizontal,irrelevant
146,PKN,neutral,6,3,2025-09-03,2025-09-08,79.62,83.04,downtrend,downtrend,irrelevant,downtrend,downtrend,irrelevant,downtrend,uptrend,irrelevant,horizontal,horizontal,irrelevant
146,PKN,neutral,7,3,2025-09-03,2025-09-08,79.62,83.04,downtrend,downtrend,irrelevant,downtrend,downtrend,irrelevant,downtrend,uptrend,irrelevant,horizontal,horizontal,irrelevant
146,PKN,neutral,8,3,2025-09-03,2025-09-08,79.62,83.04,downtrend,downtrend,irrelevant,downtrend,downtrend,irrelevant,downtrend,uptrend,irrelevant,horizontal,horizontal,irrelevant
146,PKN,neutral,9,3,2025-09-03,2025-09-08,79.62,83.04,downtrend,downtrend,irrelevant,downtrend,downtrend,irrelevant,downtrend,uptrend,irrelevant,horizontal,horizontal,irrelevant
146,PKN,neutral,10,3,2025-09-03,2025-09-08,79.62,83.04,downtrend,downtrend,irrelevant,downtrend,downtrend,irrelevant,downtrend,uptrend,irrelevant,horizontal,horizontal,irrelevant
146,PKN,neutral,4,4,2025-09-03,2025-09-09,79.62,82.44,downtrend,downtrend,irrelevant,downtrend,horizontal,relevant,downtrend,uptrend,irrelevant,horizontal,horizontal,irrelevant
146,PKN,neutral,5,4,2025-09-03,2025-09-09,79.62,82.44,downtrend,downtrend,irrelevant,downtrend,horizontal,relevant,downtrend,uptrend,irrelevant,horizontal,horizontal,irrelevant
146,PKN,neutral,6,4,2025-09-03,2025-09-09,79.62,82.44,downtrend,downtrend,irrelevant,downtrend,horizontal,relevant,downtrend,uptrend,irrelevant,horizontal,horizontal,irrelevant
146,PKN,neutral,7,4,2025-09-03,2025-09-09,79.62,82.44,downtrend,downtrend,irrelevant,downtrend,horizontal,relevant,downtrend,uptrend,irrelevant,horizontal,horizontal,irrelevant
146,PKN,neutral,8,4,2025-09-03,2025-09-09,79.62,82.44,downtrend,downtrend,irrelevant,downtrend,horizontal,relevant,downtrend,uptrend,irrelevant,horizontal,horizontal,irrelevant
146,PKN,neutral,9,4,2025-09-03,2025-09-09,79.62,82.44,downtrend,downtrend,irrelevant,downtrend,horizontal,relevant,downtrend,uptrend,irrelevant,horizontal,horizontal,irrelevant
146,PKN,neutral,10,4,2025-09-03,2025-09-09,79.62,82.44,downtrend,downtrend,irrelevant,downtrend,horizontal,relevant,downtrend,uptrend,irrelevant,horizontal,horizontal,irrelevant
146,PKN,neutral,2,5,2025-09-03,2025-09-10,79.62,80.59,downtrend,downtrend,irrelevant,downtrend,horizontal,relevant,downtrend,downtrend,irrelevant,horizontal,horizontal,irrelevant
146,PKN,neutral,3,5,2025-09-03,2025-09-10,79.62,80.59,downtrend,downtrend,irrelevant,downtrend,horizontal,relevant,downtrend,downtrend,irrelevant,horizontal,horizontal,irrelevant
146,PKN,neutral,4,5,2025-09-03,2025-09-10,79.62,80.59,downtrend,downtrend,irrelevant,downtrend,horizontal,relevant,downtrend,downtrend,irrelevant,horizontal,horizontal,irrelevant
146,PKN,neutral,5,5,2025-09-03,2025-09-10,79.62,80.59,downtrend,downtrend,irrelevant,downtrend,horizontal,relevant,downtrend,downtrend,irrelevant,horizontal,horizontal,irrelevant
146,PKN,neutral,6,5,2025-09-03,2025-09-10,79.62,80.59,downtrend,downtrend,irrelevant,downtrend,horizontal,relevant,downtrend,downtrend,irrelevant,horizontal,horizontal,irrelevant
146,PKN,neutral,7,5,2025-09-03,2025-09-10,79.62,80.59,downtrend,downtrend,irrelevant,downtrend,horizontal,relevant,downtrend,downtrend,irrelevant,horizontal,horizontal,irrelevant
146,PKN,neutral,8,5,2025-09-03,2025-09-10,79.62,80.59,downtrend,downtrend,irrelevant,downtrend,horizontal,relevant,downtrend,downtrend,irrelevant,horizontal,horizontal,irrelevant
146,PKN,neutral,9,5,2025-09-03,2025-09-10,79.62,80.59,downtrend,downtrend,irrelevant,downtrend,horizontal,relevant,downtrend,downtrend,irrelevant,horizontal,horizontal,irrelevant
146,PKN,neutral,10,5,2025-09-03,2025-09-10,79.62,80.59,downtrend,downtrend,irrelevant,downtrend,horizontal,relevant,downtrend,downtrend,irrelevant,horizontal,horizontal,irrelevant
147,PKN,positive,1,1,2025-09-02,2025-09-03,77.69,79.62,downtrend,downtrend,irrelevant,downtrend,downtrend,irrelevant,downtrend,downtrend,irrelevant,downtrend,horizontal,irrelevant
147,PKN,positive,2,1,2025-09-02,2025-09-03,77.69,79.62,downtrend,downtrend,irrelevant,downtrend,downtrend,irrelevant,downtrend,downtrend,irrelevant,downtrend,horizontal,irrelevant
147,PKN,positive,1,2,2025-09-02,2025-09-04,77.69,80.48,downtrend,downtrend,irrelevant,downtrend,downtrend,irrelevant,downtrend,downtrend,irrelevant,downtrend,horizontal,irrelevant
147,PKN,positive,2,2,2025-09-02,2025-09-04,77.69,80.48,downtrend,downtrend,irrelevant,downtrend,downtrend,irrelevant,downtrend,downtrend,irrelevant,downtrend,horizontal,irrelevant
147,PKN,positive,3,2,2025-09-02,2025-09-04,77.69,80.48,downtrend,downtrend,irrelevant,downtrend,downtrend,irrelevant,downtrend,downtrend,irrelevant,downtrend,horizontal,irrelevant
147,PKN,positive,1,3,2025-09-02,2025-09-05,77.69,81.08,downtrend,downtrend,irrelevant,downtrend,downtrend,irrelevant,downtrend,downtrend,irrelevant,downtrend,horizontal,irrelevant
147,PKN,positive,2,3,2025-09-02,2025-09-05,77.69,81.08,downtrend,downtrend,irrelevant,downtrend,downtrend,irrelevant,downtrend,downtrend,irrelevant,downtrend,horizontal,irrelevant
147,PKN,positive,3,3,2025-09-02,2025-09-05,77.69,81.08,downtrend,downtrend,irrelevant,downtrend,downtrend,irrelevant,downtrend,downtrend,irrelevant,downtrend,horizontal,irrelevant
147,PKN,positive,4,3,2025-09-02,2025-09-05,77.69,81.08,downtrend,downtrend,irrelevant,downtrend,downtrend,irrelevant,downtrend,downtrend,irrelevant,downtrend,horizontal,irrelevant
147,PKN,positive,1,4,2025-09-02,2025-09-08,77.69,83.04,downtrend,downtrend,irrelevant,downtrend,downtrend,irrelevant,downtrend,uptrend,relevant,downtrend,horizontal,irrelevant
147,PKN,positive,2,4,2025-09-02,2025-09-08,77.69,83.04,downtrend,downtrend,irrelevant,downtrend,downtrend,irrelevant,downtrend,uptrend,relevant,downtrend,horizontal,irrelevant
147,PKN,positive,3,4,2025-09-02,2025-09-08,77.69,83.04,downtrend,downtrend,irrelevant,downtrend,downtrend,irrelevant,downtrend,uptrend,relevant,downtrend,horizontal,irrelevant
147,PKN,positive,4,4,2025-09-02,2025-09-08,77.69,83.04,downtrend,downtrend,irrelevant,downtrend,downtrend,irrelevant,downtrend,uptrend,relevant,downtrend,horizontal,irrelevant
147,PKN,positive,5,4,2025-09-02,2025-09-08,77.69,83.04,downtrend,downtrend,irrelevant,downtrend,downtrend,irrelevant,downtrend,uptrend,relevant,downtrend,horizontal,irrelevant
147,PKN,positive,6,4,2025-09-02,2025-09-08,77.69,83.04,downtrend,downtrend,irrelevant,downtrend,downtrend,irrelevant,downtrend,uptrend,relevant,downtrend,horizontal,irrelevant
147,PKN,positive,1,5,2025-09-02,2025-09-09,77.69,82.44,downtrend,downtrend,irrelevant,downtrend,horizontal,irrelevant,downtrend,uptrend,relevant,downtrend,horizontal,irrelevant
147,PKN,positive,2,5,2025-09-02,2025-09-09,77.69,82.44,downtrend,downtrend,irrelevant,downtrend,horizontal,irrelevant,downtrend,uptrend,relevant,downtrend,horizontal,irrelevant
147,PKN,positive,3,5,2025-09-02,2025-09-09,77.69,82.44,downtrend,downtrend,irrelevant,downtrend,horizontal,irrelevant,downtrend,uptrend,relevant,downtrend,horizontal,irrelevant
147,PKN,positive,4,5,2025-09-02,2025-09-09,77.69,82.44,downtrend,downtrend,irrelevant,downtrend,horizontal,irrelevant,downtrend,uptrend,relevant,downtrend,horizontal,irrelevant
147,PKN,positive,5,5,2025-09-02,2025-09-09,77.69,82.44,downtrend,downtrend,irrelevant,downtrend,horizontal,irrelevant,downtrend,uptrend,relevant,downtrend,horizontal,irrelevant
147,PKN,positive,6,5,2025-09-02,2025-09-09,77.69,82.44,downtrend,downtrend,irrelevant,downtrend,horizontal,irrelevant,downtrend,uptrend,relevant,downtrend,horizontal,irrelevant
148,PKN,neutral,3,1,2025-09-02,2025-09-03,77.69,79.62,downtrend,downtrend,irrelevant,downtrend,downtrend,irrelevant,downtrend,downtrend,irrelevant,downtrend,horizontal,relevant
148,PKN,neutral,4,1,2025-09-02,2025-09-03,77.69,79.62,downtrend,downtrend,irrelevant,downtrend,downtrend,irrelevant,downtrend,downtrend,irrelevant,downtrend,horizontal,relevant
148,PKN,neutral,5,1,2025-09-02,2025-09-03,77.69,79.62,downtrend,downtrend,irrelevant,downtrend,downtrend,irrelevant,downtrend,downtrend,irrelevant,downtrend,horizontal,relevant
148,PKN,neutral,6,1,2025-09-02,2025-09-03,77.69,79.62,downtrend,downtrend,irrelevant,downtrend,downtrend,irrelevant,downtrend,downtrend,irrelevant,downtrend,horizontal,relevant
148,PKN,neutral,7,1,2025-09-02,2025-09-03,77.69,79.62,downtrend,downtrend,irrelevant,downtrend,downtrend,irrelevant,downtrend,downtrend,irrelevant,downtrend,horizontal,relevant
148,PKN,neutral,8,1,2025-09-02,2025-09-03,77.69,79.62,downtrend,downtrend,irrelevant,downtrend,downtrend,irrelevant,downtrend,downtrend,irrelevant,downtrend,horizontal,relevant
148,PKN,neutral,9,1,2025-09-02,2025-09-03,77.69,79.62,downtrend,downtrend,irrelevant,downtrend,downtrend,irrelevant,downtrend,downtrend,irrelevant,downtrend,horizontal,relevant
148,PKN,neutral,10,1,2025-09-02,2025-09-03,77.69,79.62,downtrend,downtrend,irrelevant,downtrend,downtrend,irrelevant,downtrend,downtrend,irrelevant,downtrend,horizontal,relevant
148,PKN,neutral,4,2,2025-09-02,2025-09-04,77.69,80.48,downtrend,downtrend,irrelevant,downtrend,downtrend,irrelevant,downtrend,downtrend,irrelevant,downtrend,horizontal,relevant
148,PKN,neutral,5,2,2025-09-02,2025-09-04,77.69,80.48,downtrend,downtrend,irrelevant,downtrend,downtrend,irrelevant,downtrend,downtrend,irrelevant,downtrend,horizontal,relevant
148,PKN,neutral,6,2,2025-09-02,2025-09-04,77.69,80.48,downtrend,downtrend,irrelevant,downtrend,downtrend,irrelevant,downtrend,downtrend,irrelevant,downtrend,horizontal,relevant
148,PKN,neutral,7,2,2025-09-02,2025-09-04,77.69,80.48,downtrend,downtrend,irrelevant,downtrend,downtrend,irrelevant,downtrend,downtrend,irrelevant,downtrend,horizontal,relevant
148,PKN,neutral,8,2,2025-09-02,2025-09-04,77.69,80.48,downtrend,downtrend,irrelevant,downtrend,downtrend,irrelevant,downtrend,downtrend,irrelevant,downtrend,horizontal,relevant
148,PKN,neutral,9,2,2025-09-02,2025-09-04,77.69,80.48,downtrend,downtrend,irrelevant,downtrend,downtrend,irrelevant,downtrend,downtrend,irrelevant,downtrend,horizontal,relevant
148,PKN,neutral,10,2,2025-09-02,2025-09-04,77.69,80.48,downtrend,downtrend,irrelevant,downtrend,downtrend,irrelevant,downtrend,downtrend,irrelevant,downtrend,horizontal,relevant
148,PKN,neutral,5,3,2025-09-02,2025-09-05,77.69,81.08,downtrend,downtrend,irrelevant,downtrend,downtrend,irrelevant,downtrend,downtrend,irrelevant,downtrend,horizontal,relevant
148,PKN,neutral,6,3,2025-09-02,2025-09-05,77.69,81.08,downtrend,downtrend,irrelevant,downtrend,downtrend,irrelevant,downtrend,downtrend,irrelevant,downtrend,horizontal,relevant
148,PKN,neutral,7,3,2025-09-02,2025-09-05,77.69,81.08,downtrend,downtrend,irrelevant,downtrend,downtrend,irrelevant,downtrend,downtrend,irrelevant,downtrend,horizontal,relevant
148,PKN,neutral,8,3,2025-09-02,2025-09-05,77.69,81.08,downtrend,downtrend,irrelevant,downtrend,downtrend,irrelevant,downtrend,downtrend,irrelevant,downtrend,horizontal,relevant
148,PKN,neutral,9,3,2025-09-02,2025-09-05,77.69,81.08,downtrend,downtrend,irrelevant,downtrend,downtrend,irrelevant,downtrend,downtrend,irrelevant,downtrend,horizontal,relevant
148,PKN,neutral,10,3,2025-09-02,2025-09-05,77.69,81.08,downtrend,downtrend,irrelevant,downtrend,downtrend,irrelevant,downtrend,downtrend,irrelevant,downtrend,horizontal,relevant
148,PKN,neutral,7,4,2025-09-02,2025-09-08,77.69,83.04,downtrend,downtrend,irrelevant,downtrend,downtrend,irrelevant,downtrend,uptrend,irrelevant,downtrend,horizontal,relevant
148,PKN,neutral,8,4,2025-09-02,2025-09-08,77.69,83.04,downtrend,downtrend,irrelevant,downtrend,downtrend,irrelevant,downtrend,uptrend,irrelevant,downtrend,horizontal,relevant
148,PKN,neutral,9,4,2025-09-02,2025-09-08,77.69,83.04,downtrend,downtrend,irrelevant,downtrend,downtrend,irrelevant,downtrend,uptrend,irrelevant,downtrend,horizontal,relevant
148,PKN,neutral,10,4,2025-09-02,2025-09-08,77.69,83.04,downtrend,downtrend,irrelevant,downtrend,downtrend,irrelevant,downtrend,uptrend,irrelevant,downtrend,horizontal,relevant
148,PKN,neutral,7,5,2025-09-02,2025-09-09,77.69,82.44,downtrend,downtrend,irrelevant,downtrend,horizontal,relevant,downtrend,uptrend,irrelevant,downtrend,horizontal,relevant
148,PKN,neutral,8,5,2025-09-02,2025-09-09,77.69,82.44,downtrend,downtrend,irrelevant,downtrend,horizontal,relevant,downtrend,uptrend,irrelevant,downtrend,horizontal,relevant
148,PKN,neutral,9,5,2025-09-02,2025-09-09,77.69,82.44,downtrend,downtrend,irrelevant,downtrend,horizontal,relevant,downtrend,uptrend,irrelevant,downtrend,horizontal,relevant
148,PKN,neutral,10,5,2025-09-02,2025-09-09,77.69,82.44,downtrend,downtrend,irrelevant,downtrend,horizontal,relevant,downtrend,uptrend,irrelevant,downtrend,horizontal,relevant
149,PKN,positive,1,3,2025-08-29,2025-09-03,77.78,79.62,downtrend,downtrend,irrelevant,downtrend,downtrend,irrelevant,downtrend,downtrend,irrelevant,downtrend,horizontal,irrelevant
149,PKN,positive,2,3,2025-08-29,2025-09-03,77.78,79.62,downtrend,downtrend,irrelevant,downtrend,downtrend,irrelevant,downtrend,downtrend,irrelevant,downtrend,horizontal,irrelevant
149,PKN,positive,1,4,2025-08-29,2025-09-04,77.78,80.48,downtrend,downtrend,irrelevant,downtrend,downtrend,irrelevant,downtrend,downtrend,irrelevant,downtrend,horizontal,irrelevant
149,PKN,positive,2,4,2025-08-29,2025-09-04,77.78,80.48,downtrend,downtrend,irrelevant,downtrend,downtrend,irrelevant,downtrend,downtrend,irrelevant,downtrend,horizontal,irrelevant
149,PKN,positive,3,4,2025-08-29,2025-09-04,77.78,80.48,downtrend,downtrend,irrelevant,downtrend,downtrend,irrelevant,downtrend,downtrend,irrelevant,downtrend,horizontal,irrelevant
149,PKN,positive,1,5,2025-08-29,2025-09-05,77.78,81.08,downtrend,downtrend,irrelevant,downtrend,downtrend,irrelevant,downtrend,downtrend,irrelevant,downtrend,horizontal,irrelevant
149,PKN,positive,2,5,2025-08-29,2025-09-05,77.78,81.08,downtrend,downtrend,irrelevant,downtrend,downtrend,irrelevant,downtrend,downtrend,irrelevant,downtrend,horizontal,irrelevant
149,PKN,positive,3,5,2025-08-29,2025-09-05,77.78,81.08,downtrend,downtrend,irrelevant,downtrend,downtrend,irrelevant,downtrend,downtrend,irrelevant,downtrend,horizontal,irrelevant
149,PKN,positive,4,5,2025-08-29,2025-09-05,77.78,81.08,downtrend,downtrend,irrelevant,downtrend,downtrend,irrelevant,downtrend,downtrend,irrelevant,downtrend,horizontal,irrelevant
150,PKN,positive,1,3,2025-08-29,2025-09-03,77.78,79.62,downtrend,downtrend,irrelevant,downtrend,downtrend,irrelevant,downtrend,downtrend,irrelevant,downtrend,horizontal,irrelevant
150,PKN,positive,2,3,2025-08-29,2025-09-03,77.78,79.62,downtrend,downtrend,irrelevant,downtrend,downtrend,irrelevant,downtrend,downtrend,irrelevant,downtrend,horizontal,irrelevant
150,PKN,positive,1,4,2025-08-29,2025-09-04,77.78,80.48,downtrend,downtrend,irrelevant,downtrend,downtrend,irrelevant,downtrend,downtrend,irrelevant,downtrend,horizontal,irrelevant
150,PKN,positive,2,4,2025-08-29,2025-09-04,77.78,80.48,downtrend,downtrend,irrelevant,downtrend,downtrend,irrelevant,downtrend,downtrend,irrelevant,downtrend,horizontal,irrelevant
150,PKN,positive,3,4,2025-08-29,2025-09-04,77.78,80.48,downtrend,downtrend,irrelevant,downtrend,downtrend,irrelevant,downtrend,downtrend,irrelevant,downtrend,horizontal,irrelevant
150,PKN,positive,1,5,2025-08-29,2025-09-05,77.78,81.08,downtrend,downtrend,irrelevant,downtrend,downtrend,irrelevant,downtrend,downtrend,irrelevant,downtrend,horizontal,irrelevant
150,PKN,positive,2,5,2025-08-29,2025-09-05,77.78,81.08,downtrend,downtrend,irrelevant,downtrend,downtrend,irrelevant,downtrend,downtrend,irrelevant,downtrend,horizontal,irrelevant
150,PKN,positive,3,5,2025-08-29,2025-09-05,77.78,81.08,downtrend,downtrend,irrelevant,downtrend,downtrend,irrelevant,downtrend,downtrend,irrelevant,downtrend,horizontal,irrelevant
150,PKN,positive,4,5,2025-08-29,2025-09-05,77.78,81.08,downtrend,downtrend,irrelevant,downtrend,downtrend,irrelevant,downtrend,downtrend,irrelevant,downtrend,horizontal,irrelevant
151,PKN,positive,1,4,2025-08-28,2025-09-03,78.18,79.62,downtrend,downtrend,irrelevant,downtrend,downtrend,irrelevant,downtrend,downtrend,irrelevant,downtrend,horizontal,irrelevant
151,PKN,positive,1,5,2025-08-28,2025-09-04,78.18,80.48,downtrend,downtrend,irrelevant,downtrend,downtrend,irrelevant,downtrend,downtrend,irrelevant,downtrend,horizontal,irrelevant
151,PKN,positive,2,5,2025-08-28,2025-09-04,78.18,80.48,downtrend,downtrend,irrelevant,downtrend,downtrend,irrelevant,downtrend,downtrend,irrelevant,downtrend,horizontal,irrelevant
152,PKN,positive,1,4,2025-08-28,2025-09-03,78.18,79.62,downtrend,downtrend,irrelevant,downtrend,downtrend,irrelevant,downtrend,downtrend,irrelevant,downtrend,horizontal,irrelevant
152,PKN,positive,1,5,2025-08-28,2025-09-04,78.18,80.48,downtrend,downtrend,irrelevant,downtrend,downtrend,irrelevant,downtrend,downtrend,irrelevant,downtrend,horizontal,irrelevant
152,PKN,positive,2,5,2025-08-28,2025-09-04,78.18,80.48,downtrend,downtrend,irrelevant,downtrend,downtrend,irrelevant,downtrend,downtrend,irrelevant,downtrend,horizontal,irrelevant
153,PKN,neutral,3,1,2025-08-27,2025-08-28,80.48,78.18,downtrend,downtrend,irrelevant,horizontal,downtrend,irrelevant,downtrend,downtrend,irrelevant,horizontal,downtrend,irrelevant
153,PKN,neutral,4,1,2025-08-27,2025-08-28,80.48,78.18,downtrend,downtrend,irrelevant,horizontal,downtrend,irrelevant,downtrend,downtrend,irrelevant,horizontal,downtrend,irrelevant
153,PKN,neutral,5,1,2025-08-27,2025-08-28,80.48,78.18,downtrend,downtrend,irrelevant,horizontal,downtrend,irrelevant,downtrend,downtrend,irrelevant,horizontal,downtrend,irrelevant
153,PKN,neutral,6,1,2025-08-27,2025-08-28,80.48,78.18,downtrend,downtrend,irrelevant,horizontal,downtrend,irrelevant,downtrend,downtrend,irrelevant,horizontal,downtrend,irrelevant
153,PKN,neutral,7,1,2025-08-27,2025-08-28,80.48,78.18,downtrend,downtrend,irrelevant,horizontal,downtrend,irrelevant,downtrend,downtrend,irrelevant,horizontal,downtrend,irrelevant
153,PKN,neutral,8,1,2025-08-27,2025-08-28,80.48,78.18,downtrend,downtrend,irrelevant,horizontal,downtrend,irrelevant,downtrend,downtrend,irrelevant,horizontal,downtrend,irrelevant
153,PKN,neutral,9,1,2025-08-27,2025-08-28,80.48,78.18,downtrend,downtrend,irrelevant,horizontal,downtrend,irrelevant,downtrend,downtrend,irrelevant,horizontal,downtrend,irrelevant
153,PKN,neutral,10,1,2025-08-27,2025-08-28,80.48,78.18,downtrend,downtrend,irrelevant,horizontal,downtrend,irrelevant,downtrend,downtrend,irrelevant,horizontal,downtrend,irrelevant
153,PKN,neutral,4,2,2025-08-27,2025-08-29,80.48,77.78,downtrend,downtrend,irrelevant,horizontal,downtrend,irrelevant,downtrend,downtrend,irrelevant,horizontal,downtrend,irrelevant
153,PKN,neutral,5,2,2025-08-27,2025-08-29,80.48,77.78,downtrend,downtrend,irrelevant,horizontal,downtrend,irrelevant,downtrend,downtrend,irrelevant,horizontal,downtrend,irrelevant
153,PKN,neutral,6,2,2025-08-27,2025-08-29,80.48,77.78,downtrend,downtrend,irrelevant,horizontal,downtrend,irrelevant,downtrend,downtrend,irrelevant,horizontal,downtrend,irrelevant
153,PKN,neutral,7,2,2025-08-27,2025-08-29,80.48,77.78,downtrend,downtrend,irrelevant,horizontal,downtrend,irrelevant,downtrend,downtrend,irrelevant,horizontal,downtrend,irrelevant
153,PKN,neutral,8,2,2025-08-27,2025-08-29,80.48,77.78,downtrend,downtrend,irrelevant,horizontal,downtrend,irrelevant,downtrend,downtrend,irrelevant,horizontal,downtrend,irrelevant
153,PKN,neutral,9,2,2025-08-27,2025-08-29,80.48,77.78,downtrend,downtrend,irrelevant,horizontal,downtrend,irrelevant,downtrend,downtrend,irrelevant,horizontal,downtrend,irrelevant
153,PKN,neutral,10,2,2025-08-27,2025-08-29,80.48,77.78,downtrend,downtrend,irrelevant,horizontal,downtrend,irrelevant,downtrend,downtrend,irrelevant,horizontal,downtrend,irrelevant
153,PKN,neutral,4,3,2025-08-27,2025-09-01,80.48,77.82,downtrend,downtrend,irrelevant,horizontal,downtrend,irrelevant,downtrend,downtrend,irrelevant,horizontal,downtrend,irrelevant
153,PKN,neutral,5,3,2025-08-27,2025-09-01,80.48,77.82,downtrend,downtrend,irrelevant,horizontal,downtrend,irrelevant,downtrend,downtrend,irrelevant,horizontal,downtrend,irrelevant
153,PKN,neutral,6,3,2025-08-27,2025-09-01,80.48,77.82,downtrend,downtrend,irrelevant,horizontal,downtrend,irrelevant,downtrend,downtrend,irrelevant,horizontal,downtrend,irrelevant
153,PKN,neutral,7,3,2025-08-27,2025-09-01,80.48,77.82,downtrend,downtrend,irrelevant,horizontal,downtrend,irrelevant,downtrend,downtrend,irrelevant,horizontal,downtrend,irrelevant
153,PKN,neutral,8,3,2025-08-27,2025-09-01,80.48,77.82,downtrend,downtrend,irrelevant,horizontal,downtrend,irrelevant,downtrend,downtrend,irrelevant,horizontal,downtrend,irrelevant
153,PKN,neutral,9,3,2025-08-27,2025-09-01,80.48,77.82,downtrend,downtrend,irrelevant,horizontal,downtrend,irrelevant,downtrend,downtrend,irrelevant,horizontal,downtrend,irrelevant
153,PKN,neutral,10,3,2025-08-27,2025-09-01,80.48,77.82,downtrend,downtrend,irrelevant,horizontal,downtrend,irrelevant,downtrend,downtrend,irrelevant,horizontal,downtrend,irrelevant
153,PKN,neutral,4,4,2025-08-27,2025-09-02,80.48,77.69,downtrend,downtrend,irrelevant,horizontal,downtrend,irrelevant,downtrend,downtrend,irrelevant,horizontal,downtrend,irrelevant
153,PKN,neutral,5,4,2025-08-27,2025-09-02,80.48,77.69,downtrend,downtrend,irrelevant,horizontal,downtrend,irrelevant,downtrend,downtrend,irrelevant,horizontal,downtrend,irrelevant
153,PKN,neutral,6,4,2025-08-27,2025-09-02,80.48,77.69,downtrend,downtrend,irrelevant,horizontal,downtrend,irrelevant,downtrend,downtrend,irrelevant,horizontal,downtrend,irrelevant
153,PKN,neutral,7,4,2025-08-27,2025-09-02,80.48,77.69,downtrend,downtrend,irrelevant,horizontal,downtrend,irrelevant,downtrend,downtrend,irrelevant,horizontal,downtrend,irrelevant
153,PKN,neutral,8,4,2025-08-27,2025-09-02,80.48,77.69,downtrend,downtrend,irrelevant,horizontal,downtrend,irrelevant,downtrend,downtrend,irrelevant,horizontal,downtrend,irrelevant
153,PKN,neutral,9,4,2025-08-27,2025-09-02,80.48,77.69,downtrend,downtrend,irrelevant,horizontal,downtrend,irrelevant,downtrend,downtrend,irrelevant,horizontal,downtrend,irrelevant
153,PKN,neutral,10,4,2025-08-27,2025-09-02,80.48,77.69,downtrend,downtrend,irrelevant,horizontal,downtrend,irrelevant,downtrend,downtrend,irrelevant,horizontal,downtrend,irrelevant
153,PKN,neutral,2,5,2025-08-27,2025-09-03,80.48,79.62,downtrend,downtrend,irrelevant,horizontal,downtrend,irrelevant,downtrend,downtrend,irrelevant,horizontal,horizontal,irrelevant
153,PKN,neutral,3,5,2025-08-27,2025-09-03,80.48,79.62,downtrend,downtrend,irrelevant,horizontal,downtrend,irrelevant,downtrend,downtrend,irrelevant,horizontal,horizontal,irrelevant
153,PKN,neutral,4,5,2025-08-27,2025-09-03,80.48,79.62,downtrend,downtrend,irrelevant,horizontal,downtrend,irrelevant,downtrend,downtrend,irrelevant,horizontal,horizontal,irrelevant
153,PKN,neutral,5,5,2025-08-27,2025-09-03,80.48,79.62,downtrend,downtrend,irrelevant,horizontal,downtrend,irrelevant,downtrend,downtrend,irrelevant,horizontal,horizontal,irrelevant
153,PKN,neutral,6,5,2025-08-27,2025-09-03,80.48,79.62,downtrend,downtrend,irrelevant,horizontal,downtrend,irrelevant,downtrend,downtrend,irrelevant,horizontal,horizontal,irrelevant
153,PKN,neutral,7,5,2025-08-27,2025-09-03,80.48,79.62,downtrend,downtrend,irrelevant,horizontal,downtrend,irrelevant,downtrend,downtrend,irrelevant,horizontal,horizontal,irrelevant
153,PKN,neutral,8,5,2025-08-27,2025-09-03,80.48,79.62,downtrend,downtrend,irrelevant,horizontal,downtrend,irrelevant,downtrend,downtrend,irrelevant,horizontal,horizontal,irrelevant
153,PKN,neutral,9,5,2025-08-27,2025-09-03,80.48,79.62,downtrend,downtrend,irrelevant,horizontal,downtrend,irrelevant,downtrend,downtrend,irrelevant,horizontal,horizontal,irrelevant
153,PKN,neutral,10,5,2025-08-27,2025-09-03,80.48,79.62,downtrend,downtrend,irrelevant,horizontal,downtrend,irrelevant,downtrend,downtrend,irrelevant,horizontal,horizontal,irrelevant
163,PKN,neutral,4,1,2025-08-20,2025-08-21,80.19,83.2,downtrend,downtrend,irrelevant,downtrend,downtrend,irrelevant,downtrend,downtrend,irrelevant,horizontal,horizontal,irrelevant
163,PKN,neutral,5,1,2025-08-20,2025-08-21,80.19,83.2,downtrend,downtrend,irrelevant,downtrend,downtrend,irrelevant,downtrend,downtrend,irrelevant,horizontal,horizontal,irrelevant
163,PKN,neutral,6,1,2025-08-20,2025-08-21,80.19,83.2,downtrend,downtrend,irrelevant,downtrend,downtrend,irrelevant,downtrend,downtrend,irrelevant,horizontal,horizontal,irrelevant
163,PKN,neutral,7,1,2025-08-20,2025-08-21,80.19,83.2,downtrend,downtrend,irrelevant,downtrend,downtrend,irrelevant,downtrend,downtrend,irrelevant,horizontal,horizontal,irrelevant
163,PKN,neutral,8,1,2025-08-20,2025-08-21,80.19,83.2,downtrend,downtrend,irrelevant,downtrend,downtrend,irrelevant,downtrend,downtrend,irrelevant,horizontal,horizontal,irrelevant
163,PKN,neutral,9,1,2025-08-20,2025-08-21,80.19,83.2,downtrend,downtrend,irrelevant,downtrend,downtrend,irrelevant,downtrend,downtrend,irrelevant,horizontal,horizontal,irrelevant
163,PKN,neutral,10,1,2025-08-20,2025-08-21,80.19,83.2,downtrend,downtrend,irrelevant,downtrend,downtrend,irrelevant,downtrend,downtrend,irrelevant,horizontal,horizontal,irrelevant
163,PKN,neutral,5,2,2025-08-20,2025-08-22,80.19,83.4,downtrend,downtrend,irrelevant,downtrend,downtrend,irrelevant,downtrend,downtrend,irrelevant,horizontal,horizontal,irrelevant
163,PKN,neutral,6,2,2025-08-20,2025-08-22,80.19,83.4,downtrend,downtrend,irrelevant,downtrend,downtrend,irrelevant,downtrend,downtrend,irrelevant,horizontal,horizontal,irrelevant
163,PKN,neutral,7,2,2025-08-20,2025-08-22,80.19,83.4,downtrend,downtrend,irrelevant,downtrend,downtrend,irrelevant,downtrend,downtrend,irrelevant,horizontal,horizontal,irrelevant
163,PKN,neutral,8,2,2025-08-20,2025-08-22,80.19,83.4,downtrend,downtrend,irrelevant,downtrend,downtrend,irrelevant,downtrend,downtrend,irrelevant,horizontal,horizontal,irrelevant
163,PKN,neutral,9,2,2025-08-20,2025-08-22,80.19,83.4,downtrend,downtrend,irrelevant,downtrend,downtrend,irrelevant,downtrend,downtrend,irrelevant,horizontal,horizontal,irrelevant
163,PKN,neutral,10,2,2025-08-20,2025-08-22,80.19,83.4,downtrend,downtrend,irrelevant,downtrend,downtrend,irrelevant,downtrend,downtrend,irrelevant,horizontal,horizontal,irrelevant
163,PKN,neutral,5,3,2025-08-20,2025-08-25,80.19,83.8,downtrend,downtrend,irrelevant,downtrend,horizontal,relevant,downtrend,downtrend,irrelevant,horizontal,horizontal,irrelevant
163,PKN,neutral,6,3,2025-08-20,2025-08-25,80.19,83.8,downtrend,downtrend,irrelevant,downtrend,horizontal,relevant,downtrend,downtrend,irrelevant,horizontal,horizontal,irrelevant
163,PKN,neutral,7,3,2025-08-20,2025-08-25,80.19,83.8,downtrend,downtrend,irrelevant,downtrend,horizontal,relevant,downtrend,downtrend,irrelevant,horizontal,horizontal,irrelevant
163,PKN,neutral,8,3,2025-08-20,2025-08-25,80.19,83.8,downtrend,downtrend,irrelevant,downtrend,horizontal,relevant,downtrend,downtrend,irrelevant,horizontal,horizontal,irrelevant
163,PKN,neutral,9,3,2025-08-20,2025-08-25,80.19,83.8,downtrend,downtrend,irrelevant,downtrend,horizontal,relevant,downtrend,downtrend,irrelevant,horizontal,horizontal,irrelevant
163,PKN,neutral,10,3,2025-08-20,2025-08-25,80.19,83.8,downtrend,downtrend,irrelevant,downtrend,horizontal,relevant,downtrend,downtrend,irrelevant,horizontal,horizontal,irrelevant
163,PKN,neutral,4,4,2025-08-20,2025-08-26,80.19,83.25,downtrend,downtrend,irrelevant,downtrend,horizontal,relevant,downtrend,downtrend,irrelevant,horizontal,horizontal,irrelevant
163,PKN,neutral,5,4,2025-08-20,2025-08-26,80.19,83.25,downtrend,downtrend,irrelevant,downtrend,horizontal,relevant,downtrend,downtrend,irrelevant,horizontal,horizontal,irrelevant
163,PKN,neutral,6,4,2025-08-20,2025-08-26,80.19,83.25,downtrend,downtrend,irrelevant,downtrend,horizontal,relevant,downtrend,downtrend,irrelevant,horizontal,horizontal,irrelevant
163,PKN,neutral,7,4,2025-08-20,2025-08-26,80.19,83.25,downtrend,downtrend,irrelevant,downtrend,horizontal,relevant,downtrend,downtrend,irrelevant,horizontal,horizontal,irrelevant
163,PKN,neutral,8,4,2025-08-20,2025-08-26,80.19,83.25,downtrend,downtrend,irrelevant,downtrend,horizontal,relevant,downtrend,downtrend,irrelevant,horizontal,horizontal,irrelevant
163,PKN,neutral,9,4,2025-08-20,2025-08-26,80.19,83.25,downtrend,downtrend,irrelevant,downtrend,horizontal,relevant,downtrend,downtrend,irrelevant,horizontal,horizontal,irrelevant
163,PKN,neutral,10,4,2025-08-20,2025-08-26,80.19,83.25,downtrend,downtrend,irrelevant,downtrend,horizontal,relevant,downtrend,downtrend,irrelevant,horizontal,horizontal,irrelevant
163,PKN,neutral,1,5,2025-08-20,2025-08-27,80.19,80.48,downtrend,downtrend,irrelevant,downtrend,horizontal,relevant,downtrend,downtrend,irrelevant,horizontal,horizontal,irrelevant
163,PKN,neutral,2,5,2025-08-20,2025-08-27,80.19,80.48,downtrend,downtrend,irrelevant,downtrend,horizontal,relevant,downtrend,downtrend,irrelevant,horizontal,horizontal,irrelevant
163,PKN,neutral,3,5,2025-08-20,2025-08-27,80.19,80.48,downtrend,downtrend,irrelevant,downtrend,horizontal,relevant,downtrend,downtrend,irrelevant,horizontal,horizontal,irrelevant
163,PKN,neutral,4,5,2025-08-20,2025-08-27,80.19,80.48,downtrend,downtrend,irrelevant,downtrend,horizontal,relevant,downtrend,downtrend,irrelevant,horizontal,horizontal,irrelevant
163,PKN,neutral,5,5,2025-08-20,2025-08-27,80.19,80.48,downtrend,downtrend,irrelevant,downtrend,horizontal,relevant,downtrend,downtrend,irrelevant,horizontal,horizontal,irrelevant
163,PKN,neutral,6,5,2025-08-20,2025-08-27,80.19,80.48,downtrend,downtrend,irrelevant,downtrend,horizontal,relevant,downtrend,downtrend,irrelevant,horizontal,horizontal,irrelevant
163,PKN,neutral,7,5,2025-08-20,2025-08-27,80.19,80.48,downtrend,downtrend,irrelevant,downtrend,horizontal,relevant,downtrend,downtrend,irrelevant,horizontal,horizontal,irrelevant
163,PKN,neutral,8,5,2025-08-20,2025-08-27,80.19,80.48,downtrend,downtrend,irrelevant,downtrend,horizontal,relevant,downtrend,downtrend,irrelevant,horizontal,horizontal,irrelevant
163,PKN,neutral,9,5,2025-08-20,2025-08-27,80.19,80.48,downtrend,downtrend,irrelevant,downtrend,horizontal,relevant,downtrend,downtrend,irrelevant,horizontal,horizontal,irrelevant
163,PKN,neutral,10,5,2025-08-20,2025-08-27,80.19,80.48,downtrend,downtrend,irrelevant,downtrend,horizontal,relevant,downtrend,downtrend,irrelevant,horizontal,horizontal,irrelevant
165,PKN,positive,1,3,2025-08-13,2025-08-19,78.56,79.38,downtrend,downtrend,irrelevant,downtrend,downtrend,irrelevant,horizontal,downtrend,irrelevant,horizontal,horizontal,irrelevant
165,PKN,positive,1,4,2025-08-13,2025-08-20,78.56,80.19,downtrend,downtrend,irrelevant,downtrend,downtrend,irrelevant,horizontal,downtrend,irrelevant,horizontal,horizontal,irrelevant
165,PKN,positive,2,4,2025-08-13,2025-08-20,78.56,80.19,downtrend,downtrend,irrelevant,downtrend,downtrend,irrelevant,horizontal,downtrend,irrelevant,horizontal,horizontal,irrelevant
165,PKN,positive,1,5,2025-08-13,2025-08-21,78.56,83.2,downtrend,downtrend,irrelevant,downtrend,downtrend,irrelevant,horizontal,downtrend,irrelevant,horizontal,horizontal,irrelevant
165,PKN,positive,2,5,2025-08-13,2025-08-21,78.56,83.2,downtrend,downtrend,irrelevant,downtrend,downtrend,irrelevant,horizontal,downtrend,irrelevant,horizontal,horizontal,irrelevant
165,PKN,positive,3,5,2025-08-13,2025-08-21,78.56,83.2,downtrend,downtrend,irrelevant,downtrend,downtrend,irrelevant,horizontal,downtrend,irrelevant,horizontal,horizontal,irrelevant
165,PKN,positive,4,5,2025-08-13,2025-08-21,78.56,83.2,downtrend,downtrend,irrelevant,downtrend,downtrend,irrelevant,horizontal,downtrend,irrelevant,horizontal,horizontal,irrelevant
165,PKN,positive,5,5,2025-08-13,2025-08-21,78.56,83.2,downtrend,downtrend,irrelevant,downtrend,downtrend,irrelevant,horizontal,downtrend,irrelevant,horizontal,horizontal,irrelevant
166,PKN,positive,1,2,2025-08-08,2025-08-12,83.89,85.26,downtrend,downtrend,irrelevant,horizontal,horizontal,irrelevant,downtrend,horizontal,irrelevant,uptrend,uptrend,irrelevant
167,PKN,neutral,1,1,2025-08-08,2025-08-11,83.89,83.68,downtrend,downtrend,irrelevant,horizontal,horizontal,irrelevant,downtrend,horizontal,relevant,uptrend,uptrend,irrelevant
167,PKN,neutral,2,1,2025-08-08,2025-08-11,83.89,83.68,downtrend,downtrend,irrelevant,horizontal,horizontal,irrelevant,downtrend,horizontal,relevant,uptrend,uptrend,irrelevant
167,PKN,neutral,3,1,2025-08-08,2025-08-11,83.89,83.68,downtrend,downtrend,irrelevant,horizontal,horizontal,irrelevant,downtrend,horizontal,relevant,uptrend,uptrend,irrelevant
167,PKN,neutral,4,1,2025-08-08,2025-08-11,83.89,83.68,downtrend,downtrend,irrelevant,horizontal,horizontal,irrelevant,downtrend,horizontal,relevant,uptrend,uptrend,irrelevant
167,PKN,neutral,5,1,2025-08-08,2025-08-11,83.89,83.68,downtrend,downtrend,irrelevant,horizontal,horizontal,irrelevant,downtrend,horizontal,relevant,uptrend,uptrend,irrelevant
167,PKN,neutral,6,1,2025-08-08,2025-08-11,83.89,83.68,downtrend,downtrend,irrelevant,horizontal,horizontal,irrelevant,downtrend,horizontal,relevant,uptrend,uptrend,irrelevant
167,PKN,neutral,7,1,2025-08-08,2025-08-11,83.89,83.68,downtrend,downtrend,irrelevant,horizontal,horizontal,irrelevant,downtrend,horizontal,relevant,uptrend,uptrend,irrelevant
167,PKN,neutral,8,1,2025-08-08,2025-08-11,83.89,83.68,downtrend,downtrend,irrelevant,horizontal,horizontal,irrelevant,downtrend,horizontal,relevant,uptrend,uptrend,irrelevant
167,PKN,neutral,9,1,2025-08-08,2025-08-11,83.89,83.68,downtrend,downtrend,irrelevant,horizontal,horizontal,irrelevant,downtrend,horizontal,relevant,uptrend,uptrend,irrelevant
167,PKN,neutral,10,1,2025-08-08,2025-08-11,83.89,83.68,downtrend,downtrend,irrelevant,horizontal,horizontal,irrelevant,downtrend,horizontal,relevant,uptrend,uptrend,irrelevant
167,PKN,neutral,2,2,2025-08-08,2025-08-12,83.89,85.26,downtrend,downtrend,irrelevant,horizontal,horizontal,irrelevant,downtrend,horizontal,relevant,uptrend,uptrend,irrelevant
167,PKN,neutral,3,2,2025-08-08,2025-08-12,83.89,85.26,downtrend,downtrend,irrelevant,horizontal,horizontal,irrelevant,downtrend,horizontal,relevant,uptrend,uptrend,irrelevant
167,PKN,neutral,4,2,2025-08-08,2025-08-12,83.89,85.26,downtrend,downtrend,irrelevant,horizontal,horizontal,irrelevant,downtrend,horizontal,relevant,uptrend,uptrend,irrelevant
167,PKN,neutral,5,2,2025-08-08,2025-08-12,83.89,85.26,downtrend,downtrend,irrelevant,horizontal,horizontal,irrelevant,downtrend,horizontal,relevant,uptrend,uptrend,irrelevant
167,PKN,neutral,6,2,2025-08-08,2025-08-12,83.89,85.26,downtrend,downtrend,irrelevant,horizontal,horizontal,irrelevant,downtrend,horizontal,relevant,uptrend,uptrend,irrelevant
167,PKN,neutral,7,2,2025-08-08,2025-08-12,83.89,85.26,downtrend,downtrend,irrelevant,horizontal,horizontal,irrelevant,downtrend,horizontal,relevant,uptrend,uptrend,irrelevant
167,PKN,neutral,8,2,2025-08-08,2025-08-12,83.89,85.26,downtrend,downtrend,irrelevant,horizontal,horizontal,irrelevant,downtrend,horizontal,relevant,uptrend,uptrend,irrelevant
167,PKN,neutral,9,2,2025-08-08,2025-08-12,83.89,85.26,downtrend,downtrend,irrelevant,horizontal,horizontal,irrelevant,downtrend,horizontal,relevant,uptrend,uptrend,irrelevant
167,PKN,neutral,10,2,2025-08-08,2025-08-12,83.89,85.26,downtrend,downtrend,irrelevant,horizontal,horizontal,irrelevant,downtrend,horizontal,relevant,uptrend,uptrend,irrelevant
167,PKN,neutral,7,3,2025-08-08,2025-08-13,83.89,78.56,downtrend,downtrend,irrelevant,horizontal,downtrend,irrelevant,downtrend,horizontal,relevant,uptrend,horizontal,relevant
167,PKN,neutral,8,3,2025-08-08,2025-08-13,83.89,78.56,downtrend,downtrend,irrelevant,horizontal,downtrend,irrelevant,downtrend,horizontal,relevant,uptrend,horizontal,relevant
167,PKN,neutral,9,3,2025-08-08,2025-08-13,83.89,78.56,downtrend,downtrend,irrelevant,horizontal,downtrend,irrelevant,downtrend,horizontal,relevant,uptrend,horizontal,relevant
167,PKN,neutral,10,3,2025-08-08,2025-08-13,83.89,78.56,downtrend,downtrend,irrelevant,horizontal,downtrend,irrelevant,downtrend,horizontal,relevant,uptrend,horizontal,relevant
167,PKN,neutral,7,4,2025-08-08,2025-08-14,83.89,78.14,downtrend,downtrend,irrelevant,horizontal,downtrend,irrelevant,downtrend,downtrend,irrelevant,uptrend,horizontal,relevant
167,PKN,neutral,8,4,2025-08-08,2025-08-14,83.89,78.14,downtrend,downtrend,irrelevant,horizontal,downtrend,irrelevant,downtrend,downtrend,irrelevant,uptrend,horizontal,relevant
167,PKN,neutral,9,4,2025-08-08,2025-08-14,83.89,78.14,downtrend,downtrend,irrelevant,horizontal,downtrend,irrelevant,downtrend,downtrend,irrelevant,uptrend,horizontal,relevant
167,PKN,neutral,10,4,2025-08-08,2025-08-14,83.89,78.14,downtrend,downtrend,irrelevant,horizontal,downtrend,irrelevant,downtrend,downtrend,irrelevant,uptrend,horizontal,relevant
167,PKN,neutral,6,5,2025-08-08,2025-08-18,83.89,78.95,downtrend,downtrend,irrelevant,horizontal,downtrend,irrelevant,downtrend,downtrend,irrelevant,uptrend,horizontal,relevant
167,PKN,neutral,7,5,2025-08-08,2025-08-18,83.89,78.95,downtrend,downtrend,irrelevant,horizontal,downtrend,irrelevant,downtrend,downtrend,irrelevant,uptrend,horizontal,relevant
167,PKN,neutral,8,5,2025-08-08,2025-08-18,83.89,78.95,downtrend,downtrend,irrelevant,horizontal,downtrend,irrelevant,downtrend,downtrend,irrelevant,uptrend,horizontal,relevant
167,PKN,neutral,9,5,2025-08-08,2025-08-18,83.89,78.95,downtrend,downtrend,irrelevant,horizontal,downtrend,irrelevant,downtrend,downtrend,irrelevant,uptrend,horizontal,relevant
167,PKN,neutral,10,5,2025-08-08,2025-08-18,83.89,78.95,downtrend,downtrend,irrelevant,horizontal,downtrend,irrelevant,downtrend,downtrend,irrelevant,uptrend,horizontal,relevant
168,PKN,positive,1,4,2025-08-06,2025-08-12,84.33,85.26,downtrend,downtrend,irrelevant,horizontal,horizontal,irrelevant,downtrend,horizontal,irrelevant,uptrend,uptrend,irrelevant
169,PKN,positive,1,1,2025-08-05,2025-08-06,82.62,84.33,downtrend,downtrend,irrelevant,horizontal,horizontal,irrelevant,downtrend,downtrend,irrelevant,uptrend,uptrend,irrelevant
169,PKN,positive,2,1,2025-08-05,2025-08-06,82.62,84.33,downtrend,downtrend,irrelevant,horizontal,horizontal,irrelevant,downtrend,downtrend,irrelevant,uptrend,uptrend,irrelevant
169,PKN,positive,1,3,2025-08-05,2025-08-08,82.62,83.89,downtrend,downtrend,irrelevant,horizontal,horizontal,irrelevant,downtrend,downtrend,irrelevant,uptrend,uptrend,irrelevant
169,PKN,positive,1,4,2025-08-05,2025-08-11,82.62,83.68,downtrend,downtrend,irrelevant,horizontal,horizontal,irrelevant,downtrend,horizontal,irrelevant,uptrend,uptrend,irrelevant
169,PKN,positive,1,5,2025-08-05,2025-08-12,82.62,85.26,downtrend,downtrend,irrelevant,horizontal,horizontal,irrelevant,downtrend,horizontal,irrelevant,uptrend,uptrend,irrelevant
169,PKN,positive,2,5,2025-08-05,2025-08-12,82.62,85.26,downtrend,downtrend,irrelevant,horizontal,horizontal,irrelevant,downtrend,horizontal,irrelevant,uptrend,uptrend,irrelevant
169,PKN,positive,3,5,2025-08-05,2025-08-12,82.62,85.26,downtrend,downtrend,irrelevant,horizontal,horizontal,irrelevant,downtrend,horizontal,irrelevant,uptrend,uptrend,irrelevant
170,PKN,neutral,1,1,2025-08-01,2025-08-04,82.45,82.88,downtrend,downtrend,irrelevant,horizontal,horizontal,irrelevant,downtrend,downtrend,irrelevant,uptrend,uptrend,irrelevant
170,PKN,neutral,2,1,2025-08-01,2025-08-04,82.45,82.88,downtrend,downtrend,irrelevant,horizontal,horizontal,irrelevant,downtrend,downtrend,irrelevant,uptrend,uptrend,irrelevant
170,PKN,neutral,3,1,2025-08-01,2025-08-04,82.45,82.88,downtrend,downtrend,irrelevant,horizontal,horizontal,irrelevant,downtrend,downtrend,irrelevant,uptrend,uptrend,irrelevant
170,PKN,neutral,4,1,2025-08-01,2025-08-04,82.45,82.88,downtrend,downtrend,irrelevant,horizontal,horizontal,irrelevant,downtrend,downtrend,irrelevant,uptrend,uptrend,irrelevant
170,PKN,neutral,5,1,2025-08-01,2025-08-04,82.45,82.88,downtrend,downtrend,irrelevant,horizontal,horizontal,irrelevant,downtrend,downtrend,irrelevant,uptrend,uptrend,irrelevant
170,PKN,neutral,6,1,2025-08-01,2025-08-04,82.45,82.88,downtrend,downtrend,irrelevant,horizontal,horizontal,irrelevant,downtrend,downtrend,irrelevant,uptrend,uptrend,irrelevant
170,PKN,neutral,7,1,2025-08-01,2025-08-04,82.45,82.88,downtrend,downtrend,irrelevant,horizontal,horizontal,irrelevant,downtrend,downtrend,irrelevant,uptrend,uptrend,irrelevant
170,PKN,neutral,8,1,2025-08-01,2025-08-04,82.45,82.88,downtrend,downtrend,irrelevant,horizontal,horizontal,irrelevant,downtrend,downtrend,irrelevant,uptrend,uptrend,irrelevant
170,PKN,neutral,9,1,2025-08-01,2025-08-04,82.45,82.88,downtrend,downtrend,irrelevant,horizontal,horizontal,irrelevant,downtrend,downtrend,irrelevant,uptrend,uptrend,irrelevant
170,PKN,neutral,10,1,2025-08-01,2025-08-04,82.45,82.88,downtrend,downtrend,irrelevant,horizontal,horizontal,irrelevant,downtrend,downtrend,irrelevant,uptrend,uptrend,irrelevant
170,PKN,neutral,1,2,2025-08-01,2025-08-05,82.45,82.62,downtrend,downtrend,irrelevant,horizontal,horizontal,irrelevant,downtrend,downtrend,irrelevant,uptrend,uptrend,irrelevant
170,PKN,neutral,2,2,2025-08-01,2025-08-05,82.45,82.62,downtrend,downtrend,irrelevant,horizontal,horizontal,irrelevant,downtrend,downtrend,irrelevant,uptrend,uptrend,irrelevant
170,PKN,neutral,3,2,2025-08-01,2025-08-05,82.45,82.62,downtrend,downtrend,irrelevant,horizontal,horizontal,irrelevant,downtrend,downtrend,irrelevant,uptrend,uptrend,irrelevant
170,PKN,neutral,4,2,2025-08-01,2025-08-05,82.45,82.62,downtrend,downtrend,irrelevant,horizontal,horizontal,irrelevant,downtrend,downtrend,irrelevant,uptrend,uptrend,irrelevant
170,PKN,neutral,5,2,2025-08-01,2025-08-05,82.45,82.62,downtrend,downtrend,irrelevant,horizontal,horizontal,irrelevant,downtrend,downtrend,irrelevant,uptrend,uptrend,irrelevant
170,PKN,neutral,6,2,2025-08-01,2025-08-05,82.45,82.62,downtrend,downtrend,irrelevant,horizontal,horizontal,irrelevant,downtrend,downtrend,irrelevant,uptrend,uptrend,irrelevant
170,PKN,neutral,7,2,2025-08-01,2025-08-05,82.45,82.62,downtrend,downtrend,irrelevant,horizontal,horizontal,irrelevant,downtrend,downtrend,irrelevant,uptrend,uptrend,irrelevant
170,PKN,neutral,8,2,2025-08-01,2025-08-05,82.45,82.62,downtrend,downtrend,irrelevant,horizontal,horizontal,irrelevant,downtrend,downtrend,irrelevant,uptrend,uptrend,irrelevant
170,PKN,neutral,9,2,2025-08-01,2025-08-05,82.45,82.62,downtrend,downtrend,irrelevant,horizontal,horizontal,irrelevant,downtrend,downtrend,irrelevant,uptrend,uptrend,irrelevant
170,PKN,neutral,10,2,2025-08-01,2025-08-05,82.45,82.62,downtrend,downtrend,irrelevant,horizontal,horizontal,irrelevant,downtrend,downtrend,irrelevant,uptrend,uptrend,irrelevant
170,PKN,neutral,3,3,2025-08-01,2025-08-06,82.45,84.33,downtrend,downtrend,irrelevant,horizontal,horizontal,irrelevant,downtrend,downtrend,irrelevant,uptrend,uptrend,irrelevant
170,PKN,neutral,4,3,2025-08-01,2025-08-06,82.45,84.33,downtrend,downtrend,irrelevant,horizontal,horizontal,irrelevant,downtrend,downtrend,irrelevant,uptrend,uptrend,irrelevant
170,PKN,neutral,5,3,2025-08-01,2025-08-06,82.45,84.33,downtrend,downtrend,irrelevant,horizontal,horizontal,irrelevant,downtrend,downtrend,irrelevant,uptrend,uptrend,irrelevant
170,PKN,neutral,6,3,2025-08-01,2025-08-06,82.45,84.33,downtrend,downtrend,irrelevant,horizontal,horizontal,irrelevant,downtrend,downtrend,irrelevant,uptrend,uptrend,irrelevant
170,PKN,neutral,7,3,2025-08-01,2025-08-06,82.45,84.33,downtrend,downtrend,irrelevant,horizontal,horizontal,irrelevant,downtrend,downtrend,irrelevant,uptrend,uptrend,irrelevant
170,PKN,neutral,8,3,2025-08-01,2025-08-06,82.45,84.33,downtrend,downtrend,irrelevant,horizontal,horizontal,irrelevant,downtrend,downtrend,irrelevant,uptrend,uptrend,irrelevant
170,PKN,neutral,9,3,2025-08-01,2025-08-06,82.45,84.33,downtrend,downtrend,irrelevant,horizontal,horizontal,irrelevant,downtrend,downtrend,irrelevant,uptrend,uptrend,irrelevant
170,PKN,neutral,10,3,2025-08-01,2025-08-06,82.45,84.33,downtrend,downtrend,irrelevant,horizontal,horizontal,irrelevant,downtrend,downtrend,irrelevant,uptrend,uptrend,irrelevant
170,PKN,neutral,1,4,2025-08-01,2025-08-07,82.45,82.72,downtrend,downtrend,irrelevant,horizontal,horizontal,irrelevant,downtrend,downtrend,irrelevant,uptrend,uptrend,irrelevant
170,PKN,neutral,2,4,2025-08-01,2025-08-07,82.45,82.72,downtrend,downtrend,irrelevant,horizontal,horizontal,irrelevant,downtrend,downtrend,irrelevant,uptrend,uptrend,irrelevant
170,PKN,neutral,3,4,2025-08-01,2025-08-07,82.45,82.72,downtrend,downtrend,irrelevant,horizontal,horizontal,irrelevant,downtrend,downtrend,irrelevant,uptrend,uptrend,irrelevant
170,PKN,neutral,4,4,2025-08-01,2025-08-07,82.45,82.72,downtrend,downtrend,irrelevant,horizontal,horizontal,irrelevant,downtrend,downtrend,irrelevant,uptrend,uptrend,irrelevant
170,PKN,neutral,5,4,2025-08-01,2025-08-07,82.45,82.72,downtrend,downtrend,irrelevant,horizontal,horizontal,irrelevant,downtrend,downtrend,irrelevant,uptrend,uptrend,irrelevant
170,PKN,neutral,6,4,2025-08-01,2025-08-07,82.45,82.72,downtrend,downtrend,irrelevant,horizontal,horizontal,irrelevant,downtrend,downtrend,irrelevant,uptrend,uptrend,irrelevant
170,PKN,neutral,7,4,2025-08-01,2025-08-07,82.45,82.72,downtrend,downtrend,irrelevant,horizontal,horizontal,irrelevant,downtrend,downtrend,irrelevant,uptrend,uptrend,irrelevant
170,PKN,neutral,8,4,2025-08-01,2025-08-07,82.45,82.72,downtrend,downtrend,irrelevant,horizontal,horizontal,irrelevant,downtrend,downtrend,irrelevant,uptrend,uptrend,irrelevant
170,PKN,neutral,9,4,2025-08-01,2025-08-07,82.45,82.72,downtrend,downtrend,irrelevant,horizontal,horizontal,irrelevant,downtrend,downtrend,irrelevant,uptrend,uptrend,irrelevant
170,PKN,neutral,10,4,2025-08-01,2025-08-07,82.45,82.72,downtrend,downtrend,irrelevant,horizontal,horizontal,irrelevant,downtrend,downtrend,irrelevant,uptrend,uptrend,irrelevant
170,PKN,neutral,2,5,2025-08-01,2025-08-08,82.45,83.89,downtrend,downtrend,irrelevant,horizontal,horizontal,irrelevant,downtrend,downtrend,irrelevant,uptrend,uptrend,irrelevant
170,PKN,neutral,3,5,2025-08-01,2025-08-08,82.45,83.89,downtrend,downtrend,irrelevant,horizontal,horizontal,irrelevant,downtrend,downtrend,irrelevant,uptrend,uptrend,irrelevant
170,PKN,neutral,4,5,2025-08-01,2025-08-08,82.45,83.89,downtrend,downtrend,irrelevant,horizontal,horizontal,irrelevant,downtrend,downtrend,irrelevant,uptrend,uptrend,irrelevant
170,PKN,neutral,5,5,2025-08-01,2025-08-08,82.45,83.89,downtrend,downtrend,irrelevant,horizontal,horizontal,irrelevant,downtrend,downtrend,irrelevant,uptrend,uptrend,irrelevant
170,PKN,neutral,6,5,2025-08-01,2025-08-08,82.45,83.89,downtrend,downtrend,irrelevant,horizontal,horizontal,irrelevant,downtrend,downtrend,irrelevant,uptrend,uptrend,irrelevant
170,PKN,neutral,7,5,2025-08-01,2025-08-08,82.45,83.89,downtrend,downtrend,irrelevant,horizontal,horizontal,irrelevant,downtrend,downtrend,irrelevant,uptrend,uptrend,irrelevant
170,PKN,neutral,8,5,2025-08-01,2025-08-08,82.45,83.89,downtrend,downtrend,irrelevant,horizontal,horizontal,irrelevant,downtrend,downtrend,irrelevant,uptrend,uptrend,irrelevant
170,PKN,neutral,9,5,2025-08-01,2025-08-08,82.45,83.89,downtrend,downtrend,irrelevant,horizontal,horizontal,irrelevant,downtrend,downtrend,irrelevant,uptrend,uptrend,irrelevant
170,PKN,neutral,10,5,2025-08-01,2025-08-08,82.45,83.89,downtrend,downtrend,irrelevant,horizontal,horizontal,irrelevant,downtrend,downtrend,irrelevant,uptrend,uptrend,irrelevant
171,PKN,positive,1,3,2025-08-01,2025-08-06,82.45,84.33,downtrend,downtrend,irrelevant,horizontal,horizontal,irrelevant,downtrend,downtrend,irrelevant,uptrend,uptrend,irrelevant
171,PKN,positive,2,3,2025-08-01,2025-08-06,82.45,84.33,downtrend,downtrend,irrelevant,horizontal,horizontal,irrelevant,downtrend,downtrend,irrelevant,uptrend,uptrend,irrelevant
171,PKN,positive,1,5,2025-08-01,2025-08-08,82.45,83.89,downtrend,downtrend,irrelevant,horizontal,horizontal,irrelevant,downtrend,downtrend,irrelevant,uptrend,uptrend,irrelevant
172,PKN,positive,1,3,2025-08-01,2025-08-06,82.45,84.33,downtrend,downtrend,irrelevant,horizontal,horizontal,irrelevant,downtrend,downtrend,irrelevant,uptrend,uptrend,irrelevant
172,PKN,positive,2,3,2025-08-01,2025-08-06,82.45,84.33,downtrend,downtrend,irrelevant,horizontal,horizontal,irrelevant,downtrend,downtrend,irrelevant,uptrend,uptrend,irrelevant
172,PKN,positive,1,5,2025-08-01,2025-08-08,82.45,83.89,downtrend,downtrend,irrelevant,horizontal,horizontal,irrelevant,downtrend,downtrend,irrelevant,uptrend,uptrend,irrelevant
173,PKN,neutral,1,1,2025-08-01,2025-08-04,82.45,82.88,downtrend,downtrend,irrelevant,horizontal,horizontal,irrelevant,downtrend,downtrend,irrelevant,uptrend,uptrend,irrelevant
173,PKN,neutral,2,1,2025-08-01,2025-08-04,82.45,82.88,downtrend,downtrend,irrelevant,horizontal,horizontal,irrelevant,downtrend,downtrend,irrelevant,uptrend,uptrend,irrelevant
173,PKN,neutral,3,1,2025-08-01,2025-08-04,82.45,82.88,downtrend,downtrend,irrelevant,horizontal,horizontal,irrelevant,downtrend,downtrend,irrelevant,uptrend,uptrend,irrelevant
173,PKN,neutral,4,1,2025-08-01,2025-08-04,82.45,82.88,downtrend,downtrend,irrelevant,horizontal,horizontal,irrelevant,downtrend,downtrend,irrelevant,uptrend,uptrend,irrelevant
173,PKN,neutral,5,1,2025-08-01,2025-08-04,82.45,82.88,downtrend,downtrend,irrelevant,horizontal,horizontal,irrelevant,downtrend,downtrend,irrelevant,uptrend,uptrend,irrelevant
173,PKN,neutral,6,1,2025-08-01,2025-08-04,82.45,82.88,downtrend,downtrend,irrelevant,horizontal,horizontal,irrelevant,downtrend,downtrend,irrelevant,uptrend,uptrend,irrelevant
173,PKN,neutral,7,1,2025-08-01,2025-08-04,82.45,82.88,downtrend,downtrend,irrelevant,horizontal,horizontal,irrelevant,downtrend,downtrend,irrelevant,uptrend,uptrend,irrelevant
173,PKN,neutral,8,1,2025-08-01,2025-08-04,82.45,82.88,downtrend,downtrend,irrelevant,horizontal,horizontal,irrelevant,downtrend,downtrend,irrelevant,uptrend,uptrend,irrelevant
173,PKN,neutral,9,1,2025-08-01,2025-08-04,82.45,82.88,downtrend,downtrend,irrelevant,horizontal,horizontal,irrelevant,downtrend,downtrend,irrelevant,uptrend,uptrend,irrelevant
173,PKN,neutral,10,1,2025-08-01,2025-08-04,82.45,82.88,downtrend,downtrend,irrelevant,horizontal,horizontal,irrelevant,downtrend,downtrend,irrelevant,uptrend,uptrend,irrelevant
173,PKN,neutral,1,2,2025-08-01,2025-08-05,82.45,82.62,downtrend,downtrend,irrelevant,horizontal,horizontal,irrelevant,downtrend,downtrend,irrelevant,uptrend,uptrend,irrelevant
173,PKN,neutral,2,2,2025-08-01,2025-08-05,82.45,82.62,downtrend,downtrend,irrelevant,horizontal,horizontal,irrelevant,downtrend,downtrend,irrelevant,uptrend,uptrend,irrelevant
173,PKN,neutral,3,2,2025-08-01,2025-08-05,82.45,82.62,downtrend,downtrend,irrelevant,horizontal,horizontal,irrelevant,downtrend,downtrend,irrelevant,uptrend,uptrend,irrelevant
173,PKN,neutral,4,2,2025-08-01,2025-08-05,82.45,82.62,downtrend,downtrend,irrelevant,horizontal,horizontal,irrelevant,downtrend,downtrend,irrelevant,uptrend,uptrend,irrelevant
173,PKN,neutral,5,2,2025-08-01,2025-08-05,82.45,82.62,downtrend,downtrend,irrelevant,horizontal,horizontal,irrelevant,downtrend,downtrend,irrelevant,uptrend,uptrend,irrelevant
173,PKN,neutral,6,2,2025-08-01,2025-08-05,82.45,82.62,downtrend,downtrend,irrelevant,horizontal,horizontal,irrelevant,downtrend,downtrend,irrelevant,uptrend,uptrend,irrelevant
173,PKN,neutral,7,2,2025-08-01,2025-08-05,82.45,82.62,downtrend,downtrend,irrelevant,horizontal,horizontal,irrelevant,downtrend,downtrend,irrelevant,uptrend,uptrend,irrelevant
173,PKN,neutral,8,2,2025-08-01,2025-08-05,82.45,82.62,downtrend,downtrend,irrelevant,horizontal,horizontal,irrelevant,downtrend,downtrend,irrelevant,uptrend,uptrend,irrelevant
173,PKN,neutral,9,2,2025-08-01,2025-08-05,82.45,82.62,downtrend,downtrend,irrelevant,horizontal,horizontal,irrelevant,downtrend,downtrend,irrelevant,uptrend,uptrend,irrelevant
173,PKN,neutral,10,2,2025-08-01,2025-08-05,82.45,82.62,downtrend,downtrend,irrelevant,horizontal,horizontal,irrelevant,downtrend,downtrend,irrelevant,uptrend,uptrend,irrelevant
173,PKN,neutral,3,3,2025-08-01,2025-08-06,82.45,84.33,downtrend,downtrend,irrelevant,horizontal,horizontal,irrelevant,downtrend,downtrend,irrelevant,uptrend,uptrend,irrelevant
173,PKN,neutral,4,3,2025-08-01,2025-08-06,82.45,84.33,downtrend,downtrend,irrelevant,horizontal,horizontal,irrelevant,downtrend,downtrend,irrelevant,uptrend,uptrend,irrelevant
173,PKN,neutral,5,3,2025-08-01,2025-08-06,82.45,84.33,downtrend,downtrend,irrelevant,horizontal,horizontal,irrelevant,downtrend,downtrend,irrelevant,uptrend,uptrend,irrelevant
173,PKN,neutral,6,3,2025-08-01,2025-08-06,82.45,84.33,downtrend,downtrend,irrelevant,horizontal,horizontal,irrelevant,downtrend,downtrend,irrelevant,uptrend,uptrend,irrelevant
173,PKN,neutral,7,3,2025-08-01,2025-08-06,82.45,84.33,downtrend,downtrend,irrelevant,horizontal,horizontal,irrelevant,downtrend,downtrend,irrelevant,uptrend,uptrend,irrelevant
173,PKN,neutral,8,3,2025-08-01,2025-08-06,82.45,84.33,downtrend,downtrend,irrelevant,horizontal,horizontal,irrelevant,downtrend,downtrend,irrelevant,uptrend,uptrend,irrelevant
173,PKN,neutral,9,3,2025-08-01,2025-08-06,82.45,84.33,downtrend,downtrend,irrelevant,horizontal,horizontal,irrelevant,downtrend,downtrend,irrelevant,uptrend,uptrend,irrelevant
173,PKN,neutral,10,3,2025-08-01,2025-08-06,82.45,84.33,downtrend,downtrend,irrelevant,horizontal,horizontal,irrelevant,downtrend,downtrend,irrelevant,uptrend,uptrend,irrelevant
173,PKN,neutral,1,4,2025-08-01,2025-08-07,82.45,82.72,downtrend,downtrend,irrelevant,horizontal,horizontal,irrelevant,downtrend,downtrend,irrelevant,uptrend,uptrend,irrelevant
173,PKN,neutral,2,4,2025-08-01,2025-08-07,82.45,82.72,downtrend,downtrend,irrelevant,horizontal,horizontal,irrelevant,downtrend,downtrend,irrelevant,uptrend,uptrend,irrelevant
173,PKN,neutral,3,4,2025-08-01,2025-08-07,82.45,82.72,downtrend,downtrend,irrelevant,horizontal,horizontal,irrelevant,downtrend,downtrend,irrelevant,uptrend,uptrend,irrelevant
173,PKN,neutral,4,4,2025-08-01,2025-08-07,82.45,82.72,downtrend,downtrend,irrelevant,horizontal,horizontal,irrelevant,downtrend,downtrend,irrelevant,uptrend,uptrend,irrelevant
173,PKN,neutral,5,4,2025-08-01,2025-08-07,82.45,82.72,downtrend,downtrend,irrelevant,horizontal,horizontal,irrelevant,downtrend,downtrend,irrelevant,uptrend,uptrend,irrelevant
173,PKN,neutral,6,4,2025-08-01,2025-08-07,82.45,82.72,downtrend,downtrend,irrelevant,horizontal,horizontal,irrelevant,downtrend,downtrend,irrelevant,uptrend,uptrend,irrelevant
173,PKN,neutral,7,4,2025-08-01,2025-08-07,82.45,82.72,downtrend,downtrend,irrelevant,horizontal,horizontal,irrelevant,downtrend,downtrend,irrelevant,uptrend,uptrend,irrelevant
173,PKN,neutral,8,4,2025-08-01,2025-08-07,82.45,82.72,downtrend,downtrend,irrelevant,horizontal,horizontal,irrelevant,downtrend,downtrend,irrelevant,uptrend,uptrend,irrelevant
173,PKN,neutral,9,4,2025-08-01,2025-08-07,82.45,82.72,downtrend,downtrend,irrelevant,horizontal,horizontal,irrelevant,downtrend,downtrend,irrelevant,uptrend,uptrend,irrelevant
173,PKN,neutral,10,4,2025-08-01,2025-08-07,82.45,82.72,downtrend,downtrend,irrelevant,horizontal,horizontal,irrelevant,downtrend,downtrend,irrelevant,uptrend,uptrend,irrelevant
173,PKN,neutral,2,5,2025-08-01,2025-08-08,82.45,83.89,downtrend,downtrend,irrelevant,horizontal,horizontal,irrelevant,downtrend,downtrend,irrelevant,uptrend,uptrend,irrelevant
173,PKN,neutral,3,5,2025-08-01,2025-08-08,82.45,83.89,downtrend,downtrend,irrelevant,horizontal,horizontal,irrelevant,downtrend,downtrend,irrelevant,uptrend,uptrend,irrelevant
173,PKN,neutral,4,5,2025-08-01,2025-08-08,82.45,83.89,downtrend,downtrend,irrelevant,horizontal,horizontal,irrelevant,downtrend,downtrend,irrelevant,uptrend,uptrend,irrelevant
173,PKN,neutral,5,5,2025-08-01,2025-08-08,82.45,83.89,downtrend,downtrend,irrelevant,horizontal,horizontal,irrelevant,downtrend,downtrend,irrelevant,uptrend,uptrend,irrelevant
173,PKN,neutral,6,5,2025-08-01,2025-08-08,82.45,83.89,downtrend,downtrend,irrelevant,horizontal,horizontal,irrelevant,downtrend,downtrend,irrelevant,uptrend,uptrend,irrelevant
173,PKN,neutral,7,5,2025-08-01,2025-08-08,82.45,83.89,downtrend,downtrend,irrelevant,horizontal,horizontal,irrelevant,downtrend,downtrend,irrelevant,uptrend,uptrend,irrelevant
173,PKN,neutral,8,5,2025-08-01,2025-08-08,82.45,83.89,downtrend,downtrend,irrelevant,horizontal,horizontal,irrelevant,downtrend,downtrend,irrelevant,uptrend,uptrend,irrelevant
173,PKN,neutral,9,5,2025-08-01,2025-08-08,82.45,83.89,downtrend,downtrend,irrelevant,horizontal,horizontal,irrelevant,downtrend,downtrend,irrelevant,uptrend,uptrend,irrelevant
173,PKN,neutral,10,5,2025-08-01,2025-08-08,82.45,83.89,downtrend,downtrend,irrelevant,horizontal,horizontal,irrelevant,downtrend,downtrend,irrelevant,uptrend,uptrend,irrelevant
177,PKN,neutral,2,1,2025-07-22,2025-07-23,86.69,85.73,uptrend,uptrend,irrelevant,uptrend,uptrend,irrelevant,uptrend,uptrend,irrelevant,uptrend,uptrend,irrelevant
177,PKN,neutral,3,1,2025-07-22,2025-07-23,86.69,85.73,uptrend,uptrend,irrelevant,uptrend,uptrend,irrelevant,uptrend,uptrend,irrelevant,uptrend,uptrend,irrelevant
177,PKN,neutral,4,1,2025-07-22,2025-07-23,86.69,85.73,uptrend,uptrend,irrelevant,uptrend,uptrend,irrelevant,uptrend,uptrend,irrelevant,uptrend,uptrend,irrelevant
177,PKN,neutral,5,1,2025-07-22,2025-07-23,86.69,85.73,uptrend,uptrend,irrelevant,uptrend,uptrend,irrelevant,uptrend,uptrend,irrelevant,uptrend,uptrend,irrelevant
177,PKN,neutral,6,1,2025-07-22,2025-07-23,86.69,85.73,uptrend,uptrend,irrelevant,uptrend,uptrend,irrelevant,uptrend,uptrend,irrelevant,uptrend,uptrend,irrelevant
177,PKN,neutral,7,1,2025-07-22,2025-07-23,86.69,85.73,uptrend,uptrend,irrelevant,uptrend,uptrend,irrelevant,uptrend,uptrend,irrelevant,uptrend,uptrend,irrelevant
177,PKN,neutral,8,1,2025-07-22,2025-07-23,86.69,85.73,uptrend,uptrend,irrelevant,uptrend,uptrend,irrelevant,uptrend,uptrend,irrelevant,uptrend,uptrend,irrelevant
177,PKN,neutral,9,1,2025-07-22,2025-07-23,86.69,85.73,uptrend,uptrend,irrelevant,uptrend,uptrend,irrelevant,uptrend,uptrend,irrelevant,uptrend,uptrend,irrelevant
177,PKN,neutral,10,1,2025-07-22,2025-07-23,86.69,85.73,uptrend,uptrend,irrelevant,uptrend,uptrend,irrelevant,uptrend,uptrend,irrelevant,uptrend,uptrend,irrelevant
177,PKN,neutral,2,2,2025-07-22,2025-07-24,86.69,85.0,uptrend,uptrend,irrelevant,uptrend,uptrend,irrelevant,uptrend,uptrend,irrelevant,uptrend,uptrend,irrelevant
177,PKN,neutral,3,2,2025-07-22,2025-07-24,86.69,85.0,uptrend,uptrend,irrelevant,uptrend,uptrend,irrelevant,uptrend,uptrend,irrelevant,uptrend,uptrend,irrelevant
177,PKN,neutral,4,2,2025-07-22,2025-07-24,86.69,85.0,uptrend,uptrend,irrelevant,uptrend,uptrend,irrelevant,uptrend,uptrend,irrelevant,uptrend,uptrend,irrelevant
177,PKN,neutral,5,2,2025-07-22,2025-07-24,86.69,85.0,uptrend,uptrend,irrelevant,uptrend,uptrend,irrelevant,uptrend,uptrend,irrelevant,uptrend,uptrend,irrelevant
177,PKN,neutral,6,2,2025-07-22,2025-07-24,86.69,85.0,uptrend,uptrend,irrelevant,uptrend,uptrend,irrelevant,uptrend,uptrend,irrelevant,uptrend,uptrend,irrelevant
177,PKN,neutral,7,2,2025-07-22,2025-07-24,86.69,85.0,uptrend,uptrend,irrelevant,uptrend,uptrend,irrelevant,uptrend,uptrend,irrelevant,uptrend,uptrend,irrelevant
177,PKN,neutral,8,2,2025-07-22,2025-07-24,86.69,85.0,uptrend,uptrend,irrelevant,uptrend,uptrend,irrelevant,uptrend,uptrend,irrelevant,uptrend,uptrend,irrelevant
177,PKN,neutral,9,2,2025-07-22,2025-07-24,86.69,85.0,uptrend,uptrend,irrelevant,uptrend,uptrend,irrelevant,uptrend,uptrend,irrelevant,uptrend,uptrend,irrelevant
177,PKN,neutral,10,2,2025-07-22,2025-07-24,86.69,85.0,uptrend,uptrend,irrelevant,uptrend,uptrend,irrelevant,uptrend,uptrend,irrelevant,uptrend,uptrend,irrelevant
177,PKN,neutral,5,3,2025-07-22,2025-07-25,86.69,83.21,uptrend,uptrend,irrelevant,uptrend,uptrend,irrelevant,uptrend,downtrend,irrelevant,uptrend,uptrend,irrelevant
177,PKN,neutral,6,3,2025-07-22,2025-07-25,86.69,83.21,uptrend,uptrend,irrelevant,uptrend,uptrend,irrelevant,uptrend,downtrend,irrelevant,uptrend,uptrend,irrelevant
177,PKN,neutral,7,3,2025-07-22,2025-07-25,86.69,83.21,uptrend,uptrend,irrelevant,uptrend,uptrend,irrelevant,uptrend,downtrend,irrelevant,uptrend,uptrend,irrelevant
177,PKN,neutral,8,3,2025-07-22,2025-07-25,86.69,83.21,uptrend,uptrend,irrelevant,uptrend,uptrend,irrelevant,uptrend,downtrend,irrelevant,uptrend,uptrend,irrelevant
177,PKN,neutral,9,3,2025-07-22,2025-07-25,86.69,83.21,uptrend,uptrend,irrelevant,uptrend,uptrend,irrelevant,uptrend,downtrend,irrelevant,uptrend,uptrend,irrelevant
177,PKN,neutral,10,3,2025-07-22,2025-07-25,86.69,83.21,uptrend,uptrend,irrelevant,uptrend,uptrend,irrelevant,uptrend,downtrend,irrelevant,uptrend,uptrend,irrelevant
177,PKN,neutral,4,4,2025-07-22,2025-07-28,86.69,83.72,uptrend,uptrend,irrelevant,uptrend,uptrend,irrelevant,uptrend,downtrend,irrelevant,uptrend,uptrend,irrelevant
177,PKN,neutral,5,4,2025-07-22,2025-07-28,86.69,83.72,uptrend,uptrend,irrelevant,uptrend,uptrend,irrelevant,uptrend,downtrend,irrelevant,uptrend,uptrend,irrelevant
177,PKN,neutral,6,4,2025-07-22,2025-07-28,86.69,83.72,uptrend,uptrend,irrelevant,uptrend,uptrend,irrelevant,uptrend,downtrend,irrelevant,uptrend,uptrend,irrelevant
177,PKN,neutral,7,4,2025-07-22,2025-07-28,86.69,83.72,uptrend,uptrend,irrelevant,uptrend,uptrend,irrelevant,uptrend,downtrend,irrelevant,uptrend,uptrend,irrelevant
177,PKN,neutral,8,4,2025-07-22,2025-07-28,86.69,83.72,uptrend,uptrend,irrelevant,uptrend,uptrend,irrelevant,uptrend,downtrend,irrelevant,uptrend,uptrend,irrelevant
177,PKN,neutral,9,4,2025-07-22,2025-07-28,86.69,83.72,uptrend,uptrend,irrelevant,uptrend,uptrend,irrelevant,uptrend,downtrend,irrelevant,uptrend,uptrend,irrelevant
177,PKN,neutral,10,4,2025-07-22,2025-07-28,86.69,83.72,uptrend,uptrend,irrelevant,uptrend,uptrend,irrelevant,uptrend,downtrend,irrelevant,uptrend,uptrend,irrelevant
177,PKN,neutral,3,5,2025-07-22,2025-07-29,86.69,84.82,uptrend,horizontal,relevant,uptrend,uptrend,irrelevant,uptrend,uptrend,irrelevant,uptrend,uptrend,irrelevant
177,PKN,neutral,4,5,2025-07-22,2025-07-29,86.69,84.82,uptrend,horizontal,relevant,uptrend,uptrend,irrelevant,uptrend,uptrend,irrelevant,uptrend,uptrend,irrelevant
177,PKN,neutral,5,5,2025-07-22,2025-07-29,86.69,84.82,uptrend,horizontal,relevant,uptrend,uptrend,irrelevant,uptrend,uptrend,irrelevant,uptrend,uptrend,irrelevant
177,PKN,neutral,6,5,2025-07-22,2025-07-29,86.69,84.82,uptrend,horizontal,relevant,uptrend,uptrend,irrelevant,uptrend,uptrend,irrelevant,uptrend,uptrend,irrelevant
177,PKN,neutral,7,5,2025-07-22,2025-07-29,86.69,84.82,uptrend,horizontal,relevant,uptrend,uptrend,irrelevant,uptrend,uptrend,irrelevant,uptrend,uptrend,irrelevant
177,PKN,neutral,8,5,2025-07-22,2025-07-29,86.69,84.82,uptrend,horizontal,relevant,uptrend,uptrend,irrelevant,uptrend,uptrend,irrelevant,uptrend,uptrend,irrelevant
177,PKN,neutral,9,5,2025-07-22,2025-07-29,86.69,84.82,uptrend,horizontal,relevant,uptrend,uptrend,irrelevant,uptrend,uptrend,irrelevant,uptrend,uptrend,irrelevant
177,PKN,neutral,10,5,2025-07-22,2025-07-29,86.69,84.82,uptrend,horizontal,relevant,uptrend,uptrend,irrelevant,uptrend,uptrend,irrelevant,uptrend,uptrend,irrelevant
185,PKN,negative,1,3,2025-07-14,2025-07-17,88.2,86.52,uptrend,uptrend,irrelevant,uptrend,uptrend,irrelevant,uptrend,uptrend,irrelevant,uptrend,uptrend,irrelevant
185,PKN,negative,1,5,2025-07-14,2025-07-21,88.2,86.91,uptrend,uptrend,irrelevant,uptrend,uptrend,irrelevant,uptrend,uptrend,irrelevant,uptrend,uptrend,irrelevant
186,PKN,positive,1,1,2025-07-10,2025-07-11,85.0,86.96,uptrend,uptrend,irrelevant,uptrend,uptrend,irrelevant,uptrend,uptrend,irrelevant,uptrend,uptrend,irrelevant
186,PKN,positive,2,1,2025-07-10,2025-07-11,85.0,86.96,uptrend,uptrend,irrelevant,uptrend,uptrend,irrelevant,uptrend,uptrend,irrelevant,uptrend,uptrend,irrelevant
186,PKN,positive,1,2,2025-07-10,2025-07-14,85.0,88.2,uptrend,uptrend,irrelevant,uptrend,uptrend,irrelevant,uptrend,uptrend,irrelevant,uptrend,uptrend,irrelevant
186,PKN,positive,2,2,2025-07-10,2025-07-14,85.0,88.2,uptrend,uptrend,irrelevant,uptrend,uptrend,irrelevant,uptrend,uptrend,irrelevant,uptrend,uptrend,irrelevant
186,PKN,positive,3,2,2025-07-10,2025-07-14,85.0,88.2,uptrend,uptrend,irrelevant,uptrend,uptrend,irrelevant,uptrend,uptrend,irrelevant,uptrend,uptrend,irrelevant
186,PKN,positive,1,3,2025-07-10,2025-07-15,85.0,87.5,uptrend,uptrend,irrelevant,uptrend,uptrend,irrelevant,uptrend,uptrend,irrelevant,uptrend,uptrend,irrelevant
186,PKN,positive,2,3,2025-07-10,2025-07-15,85.0,87.5,uptrend,uptrend,irrelevant,uptrend,uptrend,irrelevant,uptrend,uptrend,irrelevant,uptrend,uptrend,irrelevant
186,PKN,positive,1,4,2025-07-10,2025-07-16,85.0,87.5,uptrend,uptrend,irrelevant,uptrend,uptrend,irrelevant,uptrend,uptrend,irrelevant,uptrend,uptrend,irrelevant
186,PKN,positive,2,4,2025-07-10,2025-07-16,85.0,87.5,uptrend,uptrend,irrelevant,uptrend,uptrend,irrelevant,uptrend,uptrend,irrelevant,uptrend,uptrend,irrelevant
186,PKN,positive,1,5,2025-07-10,2025-07-17,85.0,86.52,uptrend,uptrend,irrelevant,uptrend,uptrend,irrelevant,uptrend,uptrend,irrelevant,uptrend,uptrend,irrelevant
187,PKN,positive,1,2,2025-07-09,2025-07-11,85.85,86.96,uptrend,uptrend,irrelevant,uptrend,uptrend,irrelevant,uptrend,uptrend,irrelevant,uptrend,uptrend,irrelevant
187,PKN,positive,1,3,2025-07-09,2025-07-14,85.85,88.2,uptrend,uptrend,irrelevant,uptrend,uptrend,irrelevant,uptrend,uptrend,irrelevant,uptrend,uptrend,irrelevant
187,PKN,positive,2,3,2025-07-09,2025-07-14,85.85,88.2,uptrend,uptrend,irrelevant,uptrend,uptrend,irrelevant,uptrend,uptrend,irrelevant,uptrend,uptrend,irrelevant
187,PKN,positive,1,4,2025-07-09,2025-07-15,85.85,87.5,uptrend,uptrend,irrelevant,uptrend,uptrend,irrelevant,uptrend,uptrend,irrelevant,uptrend,uptrend,irrelevant
187,PKN,positive,1,5,2025-07-09,2025-07-16,85.85,87.5,uptrend,uptrend,irrelevant,uptrend,uptrend,irrelevant,uptrend,uptrend,irrelevant,uptrend,uptrend,irrelevant
188,PKN,neutral,1,1,2025-07-09,2025-07-10,85.85,85.0,uptrend,uptrend,irrelevant,uptrend,uptrend,irrelevant,uptrend,uptrend,irrelevant,uptrend,uptrend,irrelevant
188,PKN,neutral,2,1,2025-07-09,2025-07-10,85.85,85.0,uptrend,uptrend,irrelevant,uptrend,uptrend,irrelevant,uptrend,uptrend,irrelevant,uptrend,uptrend,irrelevant
188,PKN,neutral,3,1,2025-07-09,2025-07-10,85.85,85.0,uptrend,uptrend,irrelevant,uptrend,uptrend,irrelevant,uptrend,uptrend,irrelevant,uptrend,uptrend,irrelevant
188,PKN,neutral,4,1,2025-07-09,2025-07-10,85.85,85.0,uptrend,uptrend,irrelevant,uptrend,uptrend,irrelevant,uptrend,uptrend,irrelevant,uptrend,uptrend,irrelevant
188,PKN,neutral,5,1,2025-07-09,2025-07-10,85.85,85.0,uptrend,uptrend,irrelevant,uptrend,uptrend,irrelevant,uptrend,uptrend,irrelevant,uptrend,uptrend,irrelevant
188,PKN,neutral,6,1,2025-07-09,2025-07-10,85.85,85.0,uptrend,uptrend,irrelevant,uptrend,uptrend,irrelevant,uptrend,uptrend,irrelevant,uptrend,uptrend,irrelevant
188,PKN,neutral,7,1,2025-07-09,2025-07-10,85.85,85.0,uptrend,uptrend,irrelevant,uptrend,uptrend,irrelevant,uptrend,uptrend,irrelevant,uptrend,uptrend,irrelevant
188,PKN,neutral,8,1,2025-07-09,2025-07-10,85.85,85.0,uptrend,uptrend,irrelevant,uptrend,uptrend,irrelevant,uptrend,uptrend,irrelevant,uptrend,uptrend,irrelevant
188,PKN,neutral,9,1,2025-07-09,2025-07-10,85.85,85.0,uptrend,uptrend,irrelevant,uptrend,uptrend,irrelevant,uptrend,uptrend,irrelevant,uptrend,uptrend,irrelevant
188,PKN,neutral,10,1,2025-07-09,2025-07-10,85.85,85.0,uptrend,uptrend,irrelevant,uptrend,uptrend,irrelevant,uptrend,uptrend,irrelevant,uptrend,uptrend,irrelevant
188,PKN,neutral,2,2,2025-07-09,2025-07-11,85.85,86.96,uptrend,uptrend,irrelevant,uptrend,uptrend,irrelevant,uptrend,uptrend,irrelevant,uptrend,uptrend,irrelevant
188,PKN,neutral,3,2,2025-07-09,2025-07-11,85.85,86.96,uptrend,uptrend,irrelevant,uptrend,uptrend,irrelevant,uptrend,uptrend,irrelevant,uptrend,uptrend,irrelevant
188,PKN,neutral,4,2,2025-07-09,2025-07-11,85.85,86.96,uptrend,uptrend,irrelevant,uptrend,uptrend,irrelevant,uptrend,uptrend,irrelevant,uptrend,uptrend,irrelevant
188,PKN,neutral,5,2,2025-07-09,2025-07-11,85.85,86.96,uptrend,uptrend,irrelevant,uptrend,uptrend,irrelevant,uptrend,uptrend,irrelevant,uptrend,uptrend,irrelevant
188,PKN,neutral,6,2,2025-07-09,2025-07-11,85.85,86.96,uptrend,uptrend,irrelevant,uptrend,uptrend,irrelevant,uptrend,uptrend,irrelevant,uptrend,uptrend,irrelevant
188,PKN,neutral,7,2,2025-07-09,2025-07-11,85.85,86.96,uptrend,uptrend,irrelevant,uptrend,uptrend,irrelevant,uptrend,uptrend,irrelevant,uptrend,uptrend,irrelevant
188,PKN,neutral,8,2,2025-07-09,2025-07-11,85.85,86.96,uptrend,uptrend,irrelevant,uptrend,uptrend,irrelevant,uptrend,uptrend,irrelevant,uptrend,uptrend,irrelevant
188,PKN,neutral,9,2,2025-07-09,2025-07-11,85.85,86.96,uptrend,uptrend,irrelevant,uptrend,uptrend,irrelevant,uptrend,uptrend,irrelevant,uptrend,uptrend,irrelevant
188,PKN,neutral,10,2,2025-07-09,2025-07-11,85.85,86.96,uptrend,uptrend,irrelevant,uptrend,uptrend,irrelevant,uptrend,uptrend,irrelevant,uptrend,uptrend,irrelevant
188,PKN,neutral,3,3,2025-07-09,2025-07-14,85.85,88.2,uptrend,uptrend,irrelevant,uptrend,uptrend,irrelevant,uptrend,uptrend,irrelevant,uptrend,uptrend,irrelevant
188,PKN,neutral,4,3,2025-07-09,2025-07-14,85.85,88.2,uptrend,uptrend,irrelevant,uptrend,uptrend,irrelevant,uptrend,uptrend,irrelevant,uptrend,uptrend,irrelevant
188,PKN,neutral,5,3,2025-07-09,2025-07-14,85.85,88.2,uptrend,uptrend,irrelevant,uptrend,uptrend,irrelevant,uptrend,uptrend,irrelevant,uptrend,uptrend,irrelevant
188,PKN,neutral,6,3,2025-07-09,2025-07-14,85.85,88.2,uptrend,uptrend,irrelevant,uptrend,uptrend,irrelevant,uptrend,uptrend,irrelevant,uptrend,uptrend,irrelevant
188,PKN,neutral,7,3,2025-07-09,2025-07-14,85.85,88.2,uptrend,uptrend,irrelevant,uptrend,uptrend,irrelevant,uptrend,uptrend,irrelevant,uptrend,uptrend,irrelevant
188,PKN,neutral,8,3,2025-07-09,2025-07-14,85.85,88.2,uptrend,uptrend,irrelevant,uptrend,uptrend,irrelevant,uptrend,uptrend,irrelevant,uptrend,uptrend,irrelevant
188,PKN,neutral,9,3,2025-07-09,2025-07-14,85.85,88.2,uptrend,uptrend,irrelevant,uptrend,uptrend,irrelevant,uptrend,uptrend,irrelevant,uptrend,uptrend,irrelevant
188,PKN,neutral,10,3,2025-07-09,2025-07-14,85.85,88.2,uptrend,uptrend,irrelevant,uptrend,uptrend,irrelevant,uptrend,uptrend,irrelevant,uptrend,uptrend,irrelevant
188,PKN,neutral,2,4,2025-07-09,2025-07-15,85.85,87.5,uptrend,uptrend,irrelevant,uptrend,uptrend,irrelevant,uptrend,uptrend,irrelevant,uptrend,uptrend,irrelevant
188,PKN,neutral,3,4,2025-07-09,2025-07-15,85.85,87.5,uptrend,uptrend,irrelevant,uptrend,uptrend,irrelevant,uptrend,uptrend,irrelevant,uptrend,uptrend,irrelevant
188,PKN,neutral,4,4,2025-07-09,2025-07-15,85.85,87.5,uptrend,uptrend,irrelevant,uptrend,uptrend,irrelevant,uptrend,uptrend,irrelevant,uptrend,uptrend,irrelevant
188,PKN,neutral,5,4,2025-07-09,2025-07-15,85.85,87.5,uptrend,uptrend,irrelevant,uptrend,uptrend,irrelevant,uptrend,uptrend,irrelevant,uptrend,uptrend,irrelevant
188,PKN,neutral,6,4,2025-07-09,2025-07-15,85.85,87.5,uptrend,uptrend,irrelevant,uptrend,uptrend,irrelevant,uptrend,uptrend,irrelevant,uptrend,uptrend,irrelevant
188,PKN,neutral,7,4,2025-07-09,2025-07-15,85.85,87.5,uptrend,uptrend,irrelevant,uptrend,uptrend,irrelevant,uptrend,uptrend,irrelevant,uptrend,uptrend,irrelevant
188,PKN,neutral,8,4,2025-07-09,2025-07-15,85.85,87.5,uptrend,uptrend,irrelevant,uptrend,uptrend,irrelevant,uptrend,uptrend,irrelevant,uptrend,uptrend,irrelevant
188,PKN,neutral,9,4,2025-07-09,2025-07-15,85.85,87.5,uptrend,uptrend,irrelevant,uptrend,uptrend,irrelevant,uptrend,uptrend,irrelevant,uptrend,uptrend,irrelevant
188,PKN,neutral,10,4,2025-07-09,2025-07-15,85.85,87.5,uptrend,uptrend,irrelevant,uptrend,uptrend,irrelevant,uptrend,uptrend,irrelevant,uptrend,uptrend,irrelevant
188,PKN,neutral,2,5,2025-07-09,2025-07-16,85.85,87.5,uptrend,uptrend,irrelevant,uptrend,uptrend,irrelevant,uptrend,uptrend,irrelevant,uptrend,uptrend,irrelevant
188,PKN,neutral,3,5,2025-07-09,2025-07-16,85.85,87.5,uptrend,uptrend,irrelevant,uptrend,uptrend,irrelevant,uptrend,uptrend,irrelevant,uptrend,uptrend,irrelevant
188,PKN,neutral,4,5,2025-07-09,2025-07-16,85.85,87.5,uptrend,uptrend,irrelevant,uptrend,uptrend,irrelevant,uptrend,uptrend,irrelevant,uptrend,uptrend,irrelevant
188,PKN,neutral,5,5,2025-07-09,2025-07-16,85.85,87.5,uptrend,uptrend,irrelevant,uptrend,uptrend,irrelevant,uptrend,uptrend,irrelevant,uptrend,uptrend,irrelevant
188,PKN,neutral,6,5,2025-07-09,2025-07-16,85.85,87.5,uptrend,uptrend,irrelevant,uptrend,uptrend,irrelevant,uptrend,uptrend,irrelevant,uptrend,uptrend,irrelevant
188,PKN,neutral,7,5,2025-07-09,2025-07-16,85.85,87.5,uptrend,uptrend,irrelevant,uptrend,uptrend,irrelevant,uptrend,uptrend,irrelevant,uptrend,uptrend,irrelevant
188,PKN,neutral,8,5,2025-07-09,2025-07-16,85.85,87.5,uptrend,uptrend,irrelevant,uptrend,uptrend,irrelevant,uptrend,uptrend,irrelevant,uptrend,uptrend,irrelevant
188,PKN,neutral,9,5,2025-07-09,2025-07-16,85.85,87.5,uptrend,uptrend,irrelevant,uptrend,uptrend,irrelevant,uptrend,uptrend,irrelevant,uptrend,uptrend,irrelevant
188,PKN,neutral,10,5,2025-07-09,2025-07-16,85.85,87.5,uptrend,uptrend,irrelevant,uptrend,uptrend,irrelevant,uptrend,uptrend,irrelevant,uptrend,uptrend,irrelevant
189,PKN,positive,1,2,2025-07-09,2025-07-11,85.85,86.96,uptrend,uptrend,irrelevant,uptrend,uptrend,irrelevant,uptrend,uptrend,irrelevant,uptrend,uptrend,irrelevant
189,PKN,positive,1,3,2025-07-09,2025-07-14,85.85,88.2,uptrend,uptrend,irrelevant,uptrend,uptrend,irrelevant,uptrend,uptrend,irrelevant,uptrend,uptrend,irrelevant
189,PKN,positive,2,3,2025-07-09,2025-07-14,85.85,88.2,uptrend,uptrend,irrelevant,uptrend,uptrend,irrelevant,uptrend,uptrend,irrelevant,uptrend,uptrend,irrelevant
189,PKN,positive,1,4,2025-07-09,2025-07-15,85.85,87.5,uptrend,uptrend,irrelevant,uptrend,uptrend,irrelevant,uptrend,uptrend,irrelevant,uptrend,uptrend,irrelevant
189,PKN,positive,1,5,2025-07-09,2025-07-16,85.85,87.5,uptrend,uptrend,irrelevant,uptrend,uptrend,irrelevant,uptrend,uptrend,irrelevant,uptrend,uptrend,irrelevant
190,PKN,positive,1,2,2025-07-09,2025-07-11,85.85,86.96,uptrend,uptrend,irrelevant,uptrend,uptrend,irrelevant,uptrend,uptrend,irrelevant,uptrend,uptrend,irrelevant
190,PKN,positive,1,3,2025-07-09,2025-07-14,85.85,88.2,uptrend,uptrend,irrelevant,uptrend,uptrend,irrelevant,uptrend,uptrend,irrelevant,uptrend,uptrend,irrelevant
190,PKN,positive,2,3,2025-07-09,2025-07-14,85.85,88.2,uptrend,uptrend,irrelevant,uptrend,uptrend,irrelevant,uptrend,uptrend,irrelevant,uptrend,uptrend,irrelevant
190,PKN,positive,1,4,2025-07-09,2025-07-15,85.85,87.5,uptrend,uptrend,irrelevant,uptrend,uptrend,irrelevant,uptrend,uptrend,irrelevant,uptrend,uptrend,irrelevant
190,PKN,positive,1,5,2025-07-09,2025-07-16,85.85,87.5,uptrend,uptrend,irrelevant,uptrend,uptrend,irrelevant,uptrend,uptrend,irrelevant,uptrend,uptrend,irrelevant
191,PKN,positive,1,1,2025-07-07,2025-07-08,84.44,85.87,uptrend,uptrend,irrelevant,uptrend,uptrend,irrelevant,uptrend,uptrend,irrelevant,uptrend,uptrend,irrelevant
191,PKN,positive,1,2,2025-07-07,2025-07-09,84.44,85.85,uptrend,uptrend,irrelevant,uptrend,uptrend,irrelevant,uptrend,uptrend,irrelevant,uptrend,uptrend,irrelevant
191,PKN,positive,1,4,2025-07-07,2025-07-11,84.44,86.96,uptrend,uptrend,irrelevant,uptrend,uptrend,irrelevant,uptrend,uptrend,irrelevant,uptrend,uptrend,irrelevant
191,PKN,positive,2,4,2025-07-07,2025-07-11,84.44,86.96,uptrend,uptrend,irrelevant,uptrend,uptrend,irrelevant,uptrend,uptrend,irrelevant,uptrend,uptrend,irrelevant
191,PKN,positive,1,5,2025-07-07,2025-07-14,84.44,88.2,uptrend,uptrend,irrelevant,uptrend,uptrend,irrelevant,uptrend,uptrend,irrelevant,uptrend,uptrend,irrelevant
191,PKN,positive,2,5,2025-07-07,2025-07-14,84.44,88.2,uptrend,uptrend,irrelevant,uptrend,uptrend,irrelevant,uptrend,uptrend,irrelevant,uptrend,uptrend,irrelevant
191,PKN,positive,3,5,2025-07-07,2025-07-14,84.44,88.2,uptrend,uptrend,irrelevant,uptrend,uptrend,irrelevant,uptrend,uptrend,irrelevant,uptrend,uptrend,irrelevant
191,PKN,positive,4,5,2025-07-07,2025-07-14,84.44,88.2,uptrend,uptrend,irrelevant,uptrend,uptrend,irrelevant,uptrend,uptrend,irrelevant,uptrend,uptrend,irrelevant
192,PKN,positive,1,1,2025-07-07,2025-07-08,84.44,85.87,uptrend,uptrend,irrelevant,uptrend,uptrend,irrelevant,uptrend,uptrend,irrelevant,uptrend,uptrend,irrelevant
192,PKN,positive,1,2,2025-07-07,2025-07-09,84.44,85.85,uptrend,uptrend,irrelevant,uptrend,uptrend,irrelevant,uptrend,uptrend,irrelevant,uptrend,uptrend,irrelevant
192,PKN,positive,1,4,2025-07-07,2025-07-11,84.44,86.96,uptrend,uptrend,irrelevant,uptrend,uptrend,irrelevant,uptrend,uptrend,irrelevant,uptrend,uptrend,irrelevant
192,PKN,positive,2,4,2025-07-07,2025-07-11,84.44,86.96,uptrend,uptrend,irrelevant,uptrend,uptrend,irrelevant,uptrend,uptrend,irrelevant,uptrend,uptrend,irrelevant
192,PKN,positive,1,5,2025-07-07,2025-07-14,84.44,88.2,uptrend,uptrend,irrelevant,uptrend,uptrend,irrelevant,uptrend,uptrend,irrelevant,uptrend,uptrend,irrelevant
192,PKN,positive,2,5,2025-07-07,2025-07-14,84.44,88.2,uptrend,uptrend,irrelevant,uptrend,uptrend,irrelevant,uptrend,uptrend,irrelevant,uptrend,uptrend,irrelevant
192,PKN,positive,3,5,2025-07-07,2025-07-14,84.44,88.2,uptrend,uptrend,irrelevant,uptrend,uptrend,irrelevant,uptrend,uptrend,irrelevant,uptrend,uptrend,irrelevant
192,PKN,positive,4,5,2025-07-07,2025-07-14,84.44,88.2,uptrend,uptrend,irrelevant,uptrend,uptrend,irrelevant,uptrend,uptrend,irrelevant,uptrend,uptrend,irrelevant
193,PKN,positive,1,1,2025-07-07,2025-07-08,84.44,85.87,uptrend,uptrend,irrelevant,uptrend,uptrend,irrelevant,uptrend,uptrend,irrelevant,uptrend,uptrend,irrelevant
193,PKN,positive,1,2,2025-07-07,2025-07-09,84.44,85.85,uptrend,uptrend,irrelevant,uptrend,uptrend,irrelevant,uptrend,uptrend,irrelevant,uptrend,uptrend,irrelevant
193,PKN,positive,1,4,2025-07-07,2025-07-11,84.44,86.96,uptrend,uptrend,irrelevant,uptrend,uptrend,irrelevant,uptrend,uptrend,irrelevant,uptrend,uptrend,irrelevant
193,PKN,positive,2,4,2025-07-07,2025-07-11,84.44,86.96,uptrend,uptrend,irrelevant,uptrend,uptrend,irrelevant,uptrend,uptrend,irrelevant,uptrend,uptrend,irrelevant
193,PKN,positive,1,5,2025-07-07,2025-07-14,84.44,88.2,uptrend,uptrend,irrelevant,uptrend,uptrend,irrelevant,uptrend,uptrend,irrelevant,uptrend,uptrend,irrelevant
193,PKN,positive,2,5,2025-07-07,2025-07-14,84.44,88.2,uptrend,uptrend,irrelevant,uptrend,uptrend,irrelevant,uptrend,uptrend,irrelevant,uptrend,uptrend,irrelevant
193,PKN,positive,3,5,2025-07-07,2025-07-14,84.44,88.2,uptrend,uptrend,irrelevant,uptrend,uptrend,irrelevant,uptrend,uptrend,irrelevant,uptrend,uptrend,irrelevant
193,PKN,positive,4,5,2025-07-07,2025-07-14,84.44,88.2,uptrend,uptrend,irrelevant,uptrend,uptrend,irrelevant,uptrend,uptrend,irrelevant,uptrend,uptrend,irrelevant
194,PKN,positive,1,1,2025-07-07,2025-07-08,84.44,85.87,uptrend,uptrend,irrelevant,uptrend,uptrend,irrelevant,uptrend,uptrend,irrelevant,uptrend,uptrend,irrelevant
194,PKN,positive,1,2,2025-07-07,2025-07-09,84.44,85.85,uptrend,uptrend,irrelevant,uptrend,uptrend,irrelevant,uptrend,uptrend,irrelevant,uptrend,uptrend,irrelevant
194,PKN,positive,1,4,2025-07-07,2025-07-11,84.44,86.96,uptrend,uptrend,irrelevant,uptrend,uptrend,irrelevant,uptrend,uptrend,irrelevant,uptrend,uptrend,irrelevant
194,PKN,positive,2,4,2025-07-07,2025-07-11,84.44,86.96,uptrend,uptrend,irrelevant,uptrend,uptrend,irrelevant,uptrend,uptrend,irrelevant,uptrend,uptrend,irrelevant
194,PKN,positive,1,5,2025-07-07,2025-07-14,84.44,88.2,uptrend,uptrend,irrelevant,uptrend,uptrend,irrelevant,uptrend,uptrend,irrelevant,uptrend,uptrend,irrelevant
194,PKN,positive,2,5,2025-07-07,2025-07-14,84.44,88.2,uptrend,uptrend,irrelevant,uptrend,uptrend,irrelevant,uptrend,uptrend,irrelevant,uptrend,uptrend,irrelevant
194,PKN,positive,3,5,2025-07-07,2025-07-14,84.44,88.2,uptrend,uptrend,irrelevant,uptrend,uptrend,irrelevant,uptrend,uptrend,irrelevant,uptrend,uptrend,irrelevant
194,PKN,positive,4,5,2025-07-07,2025-07-14,84.44,88.2,uptrend,uptrend,irrelevant,uptrend,uptrend,irrelevant,uptrend,uptrend,irrelevant,uptrend,uptrend,irrelevant
195,PKN,neutral,1,1,2025-07-04,2025-07-07,84.49,84.44,uptrend,uptrend,irrelevant,uptrend,uptrend,irrelevant,uptrend,uptrend,irrelevant,uptrend,uptrend,irrelevant
195,PKN,neutral,2,1,2025-07-04,2025-07-07,84.49,84.44,uptrend,uptrend,irrelevant,uptrend,uptrend,irrelevant,uptrend,uptrend,irrelevant,uptrend,uptrend,irrelevant
195,PKN,neutral,3,1,2025-07-04,2025-07-07,84.49,84.44,uptrend,uptrend,irrelevant,uptrend,uptrend,irrelevant,uptrend,uptrend,irrelevant,uptrend,uptrend,irrelevant
195,PKN,neutral,4,1,2025-07-04,2025-07-07,84.49,84.44,uptrend,uptrend,irrelevant,uptrend,uptrend,irrelevant,uptrend,uptrend,irrelevant,uptrend,uptrend,irrelevant
195,PKN,neutral,5,1,2025-07-04,2025-07-07,84.49,84.44,uptrend,uptrend,irrelevant,uptrend,uptrend,irrelevant,uptrend,uptrend,irrelevant,uptrend,uptrend,irrelevant
195,PKN,neutral,6,1,2025-07-04,2025-07-07,84.49,84.44,uptrend,uptrend,irrelevant,uptrend,uptrend,irrelevant,uptrend,uptrend,irrelevant,uptrend,uptrend,irrelevant
195,PKN,neutral,7,1,2025-07-04,2025-07-07,84.49,84.44,uptrend,uptrend,irrelevant,uptrend,uptrend,irrelevant,uptrend,uptrend,irrelevant,uptrend,uptrend,irrelevant
195,PKN,neutral,8,1,2025-07-04,2025-07-07,84.49,84.44,uptrend,uptrend,irrelevant,uptrend,uptrend,irrelevant,uptrend,uptrend,irrelevant,uptrend,uptrend,irrelevant
195,PKN,neutral,9,1,2025-07-04,2025-07-07,84.49,84.44,uptrend,uptrend,irrelevant,uptrend,uptrend,irrelevant,uptrend,uptrend,irrelevant,uptrend,uptrend,irrelevant
195,PKN,neutral,10,1,2025-07-04,2025-07-07,84.49,84.44,uptrend,uptrend,irrelevant,uptrend,uptrend,irrelevant,uptrend,uptrend,irrelevant,uptrend,uptrend,irrelevant
195,PKN,neutral,2,2,2025-07-04,2025-07-08,84.49,85.87,uptrend,uptrend,irrelevant,uptrend,uptrend,irrelevant,uptrend,uptrend,irrelevant,uptrend,uptrend,irrelevant
195,PKN,neutral,3,2,2025-07-04,2025-07-08,84.49,85.87,uptrend,uptrend,irrelevant,uptrend,uptrend,irrelevant,uptrend,uptrend,irrelevant,uptrend,uptrend,irrelevant
195,PKN,neutral,4,2,2025-07-04,2025-07-08,84.49,85.87,uptrend,uptrend,irrelevant,uptrend,uptrend,irrelevant,uptrend,uptrend,irrelevant,uptrend,uptrend,irrelevant
195,PKN,neutral,5,2,2025-07-04,2025-07-08,84.49,85.87,uptrend,uptrend,irrelevant,uptrend,uptrend,irrelevant,uptrend,uptrend,irrelevant,uptrend,uptrend,irrelevant
195,PKN,neutral,6,2,2025-07-04,2025-07-08,84.49,85.87,uptrend,uptrend,irrelevant,uptrend,uptrend,irrelevant,uptrend,uptrend,irrelevant,uptrend,uptrend,irrelevant
195,PKN,neutral,7,2,2025-07-04,2025-07-08,84.49,85.87,uptrend,uptrend,irrelevant,uptrend,uptrend,irrelevant,uptrend,uptrend,irrelevant,uptrend,uptrend,irrelevant
195,PKN,neutral,8,2,2025-07-04,2025-07-08,84.49,85.87,uptrend,uptrend,irrelevant,uptrend,uptrend,irrelevant,uptrend,uptrend,irrelevant,uptrend,uptrend,irrelevant
195,PKN,neutral,9,2,2025-07-04,2025-07-08,84.49,85.87,uptrend,uptrend,irrelevant,uptrend,uptrend,irrelevant,uptrend,uptrend,irrelevant,uptrend,uptrend,irrelevant
195,PKN,neutral,10,2,2025-07-04,2025-07-08,84.49,85.87,uptrend,uptrend,irrelevant,uptrend,uptrend,irrelevant,uptrend,uptrend,irrelevant,uptrend,uptrend,irrelevant
195,PKN,neutral,2,3,2025-07-04,2025-07-09,84.49,85.85,uptrend,uptrend,irrelevant,uptrend,uptrend,irrelevant,uptrend,uptrend,irrelevant,uptrend,uptrend,irrelevant
195,PKN,neutral,3,3,2025-07-04,2025-07-09,84.49,85.85,uptrend,uptrend,irrelevant,uptrend,uptrend,irrelevant,uptrend,uptrend,irrelevant,uptrend,uptrend,irrelevant
195,PKN,neutral,4,3,2025-07-04,2025-07-09,84.49,85.85,uptrend,uptrend,irrelevant,uptrend,uptrend,irrelevant,uptrend,uptrend,irrelevant,uptrend,uptrend,irrelevant
195,PKN,neutral,5,3,2025-07-04,2025-07-09,84.49,85.85,uptrend,uptrend,irrelevant,uptrend,uptrend,irrelevant,uptrend,uptrend,irrelevant,uptrend,uptrend,irrelevant
195,PKN,neutral,6,3,2025-07-04,2025-07-09,84.49,85.85,uptrend,uptrend,irrelevant,uptrend,uptrend,irrelevant,uptrend,uptrend,irrelevant,uptrend,uptrend,irrelevant
195,PKN,neutral,7,3,2025-07-04,2025-07-09,84.49,85.85,uptrend,uptrend,irrelevant,uptrend,uptrend,irrelevant,uptrend,uptrend,irrelevant,uptrend,uptrend,irrelevant
195,PKN,neutral,8,3,2025-07-04,2025-07-09,84.49,85.85,uptrend,uptrend,irrelevant,uptrend,uptrend,irrelevant,uptrend,uptrend,irrelevant,uptrend,uptrend,irrelevant
195,PKN,neutral,9,3,2025-07-04,2025-07-09,84.49,85.85,uptrend,uptrend,irrelevant,uptrend,uptrend,irrelevant,uptrend,uptrend,irrelevant,uptrend,uptrend,irrelevant
195,PKN,neutral,10,3,2025-07-04,2025-07-09,84.49,85.85,uptrend,uptrend,irrelevant,uptrend,uptrend,irrelevant,uptrend,uptrend,irrelevant,uptrend,uptrend,irrelevant
195,PKN,neutral,1,4,2025-07-04,2025-07-10,84.49,85.0,uptrend,uptrend,irrelevant,uptrend,uptrend,irrelevant,uptrend,uptrend,irrelevant,uptrend,uptrend,irrelevant
195,PKN,neutral,2,4,2025-07-04,2025-07-10,84.49,85.0,uptrend,uptrend,irrelevant,uptrend,uptrend,irrelevant,uptrend,uptrend,irrelevant,uptrend,uptrend,irrelevant
195,PKN,neutral,3,4,2025-07-04,2025-07-10,84.49,85.0,uptrend,uptrend,irrelevant,uptrend,uptrend,irrelevant,uptrend,uptrend,irrelevant,uptrend,uptrend,irrelevant
195,PKN,neutral,4,4,2025-07-04,2025-07-10,84.49,85.0,uptrend,uptrend,irrelevant,uptrend,uptrend,irrelevant,uptrend,uptrend,irrelevant,uptrend,uptrend,irrelevant
195,PKN,neutral,5,4,2025-07-04,2025-07-10,84.49,85.0,uptrend,uptrend,irrelevant,uptrend,uptrend,irrelevant,uptrend,uptrend,irrelevant,uptrend,uptrend,irrelevant
195,PKN,neutral,6,4,2025-07-04,2025-07-10,84.49,85.0,uptrend,uptrend,irrelevant,uptrend,uptrend,irrelevant,uptrend,uptrend,irrelevant,uptrend,uptrend,irrelevant
195,PKN,neutral,7,4,2025-07-04,2025-07-10,84.49,85.0,uptrend,uptrend,irrelevant,uptrend,uptrend,irrelevant,uptrend,uptrend,irrelevant,uptrend,uptrend,irrelevant
195,PKN,neutral,8,4,2025-07-04,2025-07-10,84.49,85.0,uptrend,uptrend,irrelevant,uptrend,uptrend,irrelevant,uptrend,uptrend,irrelevant,uptrend,uptrend,irrelevant
195,PKN,neutral,9,4,2025-07-04,2025-07-10,84.49,85.0,uptrend,uptrend,irrelevant,uptrend,uptrend,irrelevant,uptrend,uptrend,irrelevant,uptrend,uptrend,irrelevant
195,PKN,neutral,10,4,2025-07-04,2025-07-10,84.49,85.0,uptrend,uptrend,irrelevant,uptrend,uptrend,irrelevant,uptrend,uptrend,irrelevant,uptrend,uptrend,irrelevant
195,PKN,neutral,3,5,2025-07-04,2025-07-11,84.49,86.96,uptrend,uptrend,irrelevant,uptrend,uptrend,irrelevant,uptrend,uptrend,irrelevant,uptrend,uptrend,irrelevant
195,PKN,neutral,4,5,2025-07-04,2025-07-11,84.49,86.96,uptrend,uptrend,irrelevant,uptrend,uptrend,irrelevant,uptrend,uptrend,irrelevant,uptrend,uptrend,irrelevant
195,PKN,neutral,5,5,2025-07-04,2025-07-11,84.49,86.96,uptrend,uptrend,irrelevant,uptrend,uptrend,irrelevant,uptrend,uptrend,irrelevant,uptrend,uptrend,irrelevant
195,PKN,neutral,6,5,2025-07-04,2025-07-11,84.49,86.96,uptrend,uptrend,irrelevant,uptrend,uptrend,irrelevant,uptrend,uptrend,irrelevant,uptrend,uptrend,irrelevant
195,PKN,neutral,7,5,2025-07-04,2025-07-11,84.49,86.96,uptrend,uptrend,irrelevant,uptrend,uptrend,irrelevant,uptrend,uptrend,irrelevant,uptrend,uptrend,irrelevant
195,PKN,neutral,8,5,2025-07-04,2025-07-11,84.49,86.96,uptrend,uptrend,irrelevant,uptrend,uptrend,irrelevant,uptrend,uptrend,irrelevant,uptrend,uptrend,irrelevant
195,PKN,neutral,9,5,2025-07-04,2025-07-11,84.49,86.96,uptrend,uptrend,irrelevant,uptrend,uptrend,irrelevant,uptrend,uptrend,irrelevant,uptrend,uptrend,irrelevant
195,PKN,neutral,10,5,2025-07-04,2025-07-11,84.49,86.96,uptrend,uptrend,irrelevant,uptrend,uptrend,irrelevant,uptrend,uptrend,irrelevant,uptrend,uptrend,irrelevant
196,PKN,neutral,1,1,2025-07-03,2025-07-04,84.16,84.49,uptrend,uptrend,irrelevant,uptrend,uptrend,irrelevant,uptrend,uptrend,irrelevant,uptrend,uptrend,irrelevant
196,PKN,neutral,2,1,2025-07-03,2025-07-04,84.16,84.49,uptrend,uptrend,irrelevant,uptrend,uptrend,irrelevant,uptrend,uptrend,irrelevant,uptrend,uptrend,irrelevant
196,PKN,neutral,3,1,2025-07-03,2025-07-04,84.16,84.49,uptrend,uptrend,irrelevant,uptrend,uptrend,irrelevant,uptrend,uptrend,irrelevant,uptrend,uptrend,irrelevant
196,PKN,neutral,4,1,2025-07-03,2025-07-04,84.16,84.49,uptrend,uptrend,irrelevant,uptrend,uptrend,irrelevant,uptrend,uptrend,irrelevant,uptrend,uptrend,irrelevant
196,PKN,neutral,5,1,2025-07-03,2025-07-04,84.16,84.49,uptrend,uptrend,irrelevant,uptrend,uptrend,irrelevant,uptrend,uptrend,irrelevant,uptrend,uptrend,irrelevant
196,PKN,neutral,6,1,2025-07-03,2025-07-04,84.16,84.49,uptrend,uptrend,irrelevant,uptrend,uptrend,irrelevant,uptrend,uptrend,irrelevant,uptrend,uptrend,irrelevant
196,PKN,neutral,7,1,2025-07-03,2025-07-04,84.16,84.49,uptrend,uptrend,irrelevant,uptrend,uptrend,irrelevant,uptrend,uptrend,irrelevant,uptrend,uptrend,irrelevant
196,PKN,neutral,8,1,2025-07-03,2025-07-04,84.16,84.49,uptrend,uptrend,irrelevant,uptrend,uptrend,irrelevant,uptrend,uptrend,irrelevant,uptrend,uptrend,irrelevant
196,PKN,neutral,9,1,2025-07-03,2025-07-04,84.16,84.49,uptrend,uptrend,irrelevant,uptrend,uptrend,irrelevant,uptrend,uptrend,irrelevant,uptrend,uptrend,irrelevant
196,PKN,neutral,10,1,2025-07-03,2025-07-04,84.16,84.49,uptrend,uptrend,irrelevant,uptrend,uptrend,irrelevant,uptrend,uptrend,irrelevant,uptrend,uptrend,irrelevant
196,PKN,neutral,1,2,2025-07-03,2025-07-07,84.16,84.44,uptrend,uptrend,irrelevant,uptrend,uptrend,irrelevant,uptrend,uptrend,irrelevant,uptrend,uptrend,irrelevant
196,PKN,neutral,2,2,2025-07-03,2025-07-07,84.16,84.44,uptrend,uptrend,irrelevant,uptrend,uptrend,irrelevant,uptrend,uptrend,irrelevant,uptrend,uptrend,irrelevant
196,PKN,neutral,3,2,2025-07-03,2025-07-07,84.16,84.44,uptrend,uptrend,irrelevant,uptrend,uptrend,irrelevant,uptrend,uptrend,irrelevant,uptrend,uptrend,irrelevant
196,PKN,neutral,4,2,2025-07-03,2025-07-07,84.16,84.44,uptrend,uptrend,irrelevant,uptrend,uptrend,irrelevant,uptrend,uptrend,irrelevant,uptrend,uptrend,irrelevant
196,PKN,neutral,5,2,2025-07-03,2025-07-07,84.16,84.44,uptrend,uptrend,irrelevant,uptrend,uptrend,irrelevant,uptrend,uptrend,irrelevant,uptrend,uptrend,irrelevant
196,PKN,neutral,6,2,2025-07-03,2025-07-07,84.16,84.44,uptrend,uptrend,irrelevant,uptrend,uptrend,irrelevant,uptrend,uptrend,irrelevant,uptrend,uptrend,irrelevant
196,PKN,neutral,7,2,2025-07-03,2025-07-07,84.16,84.44,uptrend,uptrend,irrelevant,uptrend,uptrend,irrelevant,uptrend,uptrend,irrelevant,uptrend,uptrend,irrelevant
196,PKN,neutral,8,2,2025-07-03,2025-07-07,84.16,84.44,uptrend,uptrend,irrelevant,uptrend,uptrend,irrelevant,uptrend,uptrend,irrelevant,uptrend,uptrend,irrelevant
196,PKN,neutral,9,2,2025-07-03,2025-07-07,84.16,84.44,uptrend,uptrend,irrelevant,uptrend,uptrend,irrelevant,uptrend,uptrend,irrelevant,uptrend,uptrend,irrelevant
196,PKN,neutral,10,2,2025-07-03,2025-07-07,84.16,84.44,uptrend,uptrend,irrelevant,uptrend,uptrend,irrelevant,uptrend,uptrend,irrelevant,uptrend,uptrend,irrelevant
196,PKN,neutral,3,3,2025-07-03,2025-07-08,84.16,85.87,uptrend,uptrend,irrelevant,uptrend,uptrend,irrelevant,uptrend,uptrend,irrelevant,uptrend,uptrend,irrelevant
196,PKN,neutral,4,3,2025-07-03,2025-07-08,84.16,85.87,uptrend,uptrend,irrelevant,uptrend,uptrend,irrelevant,uptrend,uptrend,irrelevant,uptrend,uptrend,irrelevant
196,PKN,neutral,5,3,2025-07-03,2025-07-08,84.16,85.87,uptrend,uptrend,irrelevant,uptrend,uptrend,irrelevant,uptrend,uptrend,irrelevant,uptrend,uptrend,irrelevant
196,PKN,neutral,6,3,2025-07-03,2025-07-08,84.16,85.87,uptrend,uptrend,irrelevant,uptrend,uptrend,irrelevant,uptrend,uptrend,irrelevant,uptrend,uptrend,irrelevant
196,PKN,neutral,7,3,2025-07-03,2025-07-08,84.16,85.87,uptrend,uptrend,irrelevant,uptrend,uptrend,irrelevant,uptrend,uptrend,irrelevant,uptrend,uptrend,irrelevant
196,PKN,neutral,8,3,2025-07-03,2025-07-08,84.16,85.87,uptrend,uptrend,irrelevant,uptrend,uptrend,irrelevant,uptrend,uptrend,irrelevant,uptrend,uptrend,irrelevant
196,PKN,neutral,9,3,2025-07-03,2025-07-08,84.16,85.87,uptrend,uptrend,irrelevant,uptrend,uptrend,irrelevant,uptrend,uptrend,irrelevant,uptrend,uptrend,irrelevant
196,PKN,neutral,10,3,2025-07-03,2025-07-08,84.16,85.87,uptrend,uptrend,irrelevant,uptrend,uptrend,irrelevant,uptrend,uptrend,irrelevant,uptrend,uptrend,irrelevant
196,PKN,neutral,3,4,2025-07-03,2025-07-09,84.16,85.85,uptrend,uptrend,irrelevant,uptrend,uptrend,irrelevant,uptrend,uptrend,irrelevant,uptrend,uptrend,irrelevant
196,PKN,neutral,4,4,2025-07-03,2025-07-09,84.16,85.85,uptrend,uptrend,irrelevant,uptrend,uptrend,irrelevant,uptrend,uptrend,irrelevant,uptrend,uptrend,irrelevant
196,PKN,neutral,5,4,2025-07-03,2025-07-09,84.16,85.85,uptrend,uptrend,irrelevant,uptrend,uptrend,irrelevant,uptrend,uptrend,irrelevant,uptrend,uptrend,irrelevant
196,PKN,neutral,6,4,2025-07-03,2025-07-09,84.16,85.85,uptrend,uptrend,irrelevant,uptrend,uptrend,irrelevant,uptrend,uptrend,irrelevant,uptrend,uptrend,irrelevant
196,PKN,neutral,7,4,2025-07-03,2025-07-09,84.16,85.85,uptrend,uptrend,irrelevant,uptrend,uptrend,irrelevant,uptrend,uptrend,irrelevant,uptrend,uptrend,irrelevant
196,PKN,neutral,8,4,2025-07-03,2025-07-09,84.16,85.85,uptrend,uptrend,irrelevant,uptrend,uptrend,irrelevant,uptrend,uptrend,irrelevant,uptrend,uptrend,irrelevant
196,PKN,neutral,9,4,2025-07-03,2025-07-09,84.16,85.85,uptrend,uptrend,irrelevant,uptrend,uptrend,irrelevant,uptrend,uptrend,irrelevant,uptrend,uptrend,irrelevant
196,PKN,neutral,10,4,2025-07-03,2025-07-09,84.16,85.85,uptrend,uptrend,irrelevant,uptrend,uptrend,irrelevant,uptrend,uptrend,irrelevant,uptrend,uptrend,irrelevant
196,PKN,neutral,1,5,2025-07-03,2025-07-10,84.16,85.0,uptrend,uptrend,irrelevant,uptrend,uptrend,irrelevant,uptrend,uptrend,irrelevant,uptrend,uptrend,irrelevant
196,PKN,neutral,2,5,2025-07-03,2025-07-10,84.16,85.0,uptrend,uptrend,irrelevant,uptrend,uptrend,irrelevant,uptrend,uptrend,irrelevant,uptrend,uptrend,irrelevant
196,PKN,neutral,3,5,2025-07-03,2025-07-10,84.16,85.0,uptrend,uptrend,irrelevant,uptrend,uptrend,irrelevant,uptrend,uptrend,irrelevant,uptrend,uptrend,irrelevant
196,PKN,neutral,4,5,2025-07-03,2025-07-10,84.16,85.0,uptrend,uptrend,irrelevant,uptrend,uptrend,irrelevant,uptrend,uptrend,irrelevant,uptrend,uptrend,irrelevant
196,PKN,neutral,5,5,2025-07-03,2025-07-10,84.16,85.0,uptrend,uptrend,irrelevant,uptrend,uptrend,irrelevant,uptrend,uptrend,irrelevant,uptrend,uptrend,irrelevant
196,PKN,neutral,6,5,2025-07-03,2025-07-10,84.16,85.0,uptrend,uptrend,irrelevant,uptrend,uptrend,irrelevant,uptrend,uptrend,irrelevant,uptrend,uptrend,irrelevant
196,PKN,neutral,7,5,2025-07-03,2025-07-10,84.16,85.0,uptrend,uptrend,irrelevant,uptrend,uptrend,irrelevant,uptrend,uptrend,irrelevant,uptrend,uptrend,irrelevant
196,PKN,neutral,8,5,2025-07-03,2025-07-10,84.16,85.0,uptrend,uptrend,irrelevant,uptrend,uptrend,irrelevant,uptrend,uptrend,irrelevant,uptrend,uptrend,irrelevant
196,PKN,neutral,9,5,2025-07-03,2025-07-10,84.16,85.0,uptrend,uptrend,irrelevant,uptrend,uptrend,irrelevant,uptrend,uptrend,irrelevant,uptrend,uptrend,irrelevant
196,PKN,neutral,10,5,2025-07-03,2025-07-10,84.16,85.0,uptrend,uptrend,irrelevant,uptrend,uptrend,irrelevant,uptrend,uptrend,irrelevant,uptrend,uptrend,irrelevant
197,PKN,neutral,1,1,2025-07-02,2025-07-03,83.72,84.16,uptrend,uptrend,irrelevant,uptrend,uptrend,irrelevant,uptrend,uptrend,irrelevant,uptrend,uptrend,irrelevant
197,PKN,neutral,2,1,2025-07-02,2025-07-03,83.72,84.16,uptrend,uptrend,irrelevant,uptrend,uptrend,irrelevant,uptrend,uptrend,irrelevant,uptrend,uptrend,irrelevant
197,PKN,neutral,3,1,2025-07-02,2025-07-03,83.72,84.16,uptrend,uptrend,irrelevant,uptrend,uptrend,irrelevant,uptrend,uptrend,irrelevant,uptrend,uptrend,irrelevant
197,PKN,neutral,4,1,2025-07-02,2025-07-03,83.72,84.16,uptrend,uptrend,irrelevant,uptrend,uptrend,irrelevant,uptrend,uptrend,irrelevant,uptrend,uptrend,irrelevant
197,PKN,neutral,5,1,2025-07-02,2025-07-03,83.72,84.16,uptrend,uptrend,irrelevant,uptrend,uptrend,irrelevant,uptrend,uptrend,irrelevant,uptrend,uptrend,irrelevant
197,PKN,neutral,6,1,2025-07-02,2025-07-03,83.72,84.16,uptrend,uptrend,irrelevant,uptrend,uptrend,irrelevant,uptrend,uptrend,irrelevant,uptrend,uptrend,irrelevant
197,PKN,neutral,7,1,2025-07-02,2025-07-03,83.72,84.16,uptrend,uptrend,irrelevant,uptrend,uptrend,irrelevant,uptrend,uptrend,irrelevant,uptrend,uptrend,irrelevant
197,PKN,neutral,8,1,2025-07-02,2025-07-03,83.72,84.16,uptrend,uptrend,irrelevant,uptrend,uptrend,irrelevant,uptrend,uptrend,irrelevant,uptrend,uptrend,irrelevant
197,PKN,neutral,9,1,2025-07-02,2025-07-03,83.72,84.16,uptrend,uptrend,irrelevant,uptrend,uptrend,irrelevant,uptrend,uptrend,irrelevant,uptrend,uptrend,irrelevant
197,PKN,neutral,10,1,2025-07-02,2025-07-03,83.72,84.16,uptrend,uptrend,irrelevant,uptrend,uptrend,irrelevant,uptrend,uptrend,irrelevant,uptrend,uptrend,irrelevant
197,PKN,neutral,1,2,2025-07-02,2025-07-04,83.72,84.49,uptrend,uptrend,irrelevant,uptrend,uptrend,irrelevant,uptrend,uptrend,irrelevant,uptrend,uptrend,irrelevant
197,PKN,neutral,2,2,2025-07-02,2025-07-04,83.72,84.49,uptrend,uptrend,irrelevant,uptrend,uptrend,irrelevant,uptrend,uptrend,irrelevant,uptrend,uptrend,irrelevant
197,PKN,neutral,3,2,2025-07-02,2025-07-04,83.72,84.49,uptrend,uptrend,irrelevant,uptrend,uptrend,irrelevant,uptrend,uptrend,irrelevant,uptrend,uptrend,irrelevant
197,PKN,neutral,4,2,2025-07-02,2025-07-04,83.72,84.49,uptrend,uptrend,irrelevant,uptrend,uptrend,irrelevant,uptrend,uptrend,irrelevant,uptrend,uptrend,irrelevant
197,PKN,neutral,5,2,2025-07-02,2025-07-04,83.72,84.49,uptrend,uptrend,irrelevant,uptrend,uptrend,irrelevant,uptrend,uptrend,irrelevant,uptrend,uptrend,irrelevant
197,PKN,neutral,6,2,2025-07-02,2025-07-04,83.72,84.49,uptrend,uptrend,irrelevant,uptrend,uptrend,irrelevant,uptrend,uptrend,irrelevant,uptrend,uptrend,irrelevant
197,PKN,neutral,7,2,2025-07-02,2025-07-04,83.72,84.49,uptrend,uptrend,irrelevant,uptrend,uptrend,irrelevant,uptrend,uptrend,irrelevant,uptrend,uptrend,irrelevant
197,PKN,neutral,8,2,2025-07-02,2025-07-04,83.72,84.49,uptrend,uptrend,irrelevant,uptrend,uptrend,irrelevant,uptrend,uptrend,irrelevant,uptrend,uptrend,irrelevant
197,PKN,neutral,9,2,2025-07-02,2025-07-04,83.72,84.49,uptrend,uptrend,irrelevant,uptrend,uptrend,irrelevant,uptrend,uptrend,irrelevant,uptrend,uptrend,irrelevant
197,PKN,neutral,10,2,2025-07-02,2025-07-04,83.72,84.49,uptrend,uptrend,irrelevant,uptrend,uptrend,irrelevant,uptrend,uptrend,irrelevant,uptrend,uptrend,irrelevant
197,PKN,neutral,1,3,2025-07-02,2025-07-07,83.72,84.44,uptrend,uptrend,irrelevant,uptrend,uptrend,irrelevant,uptrend,uptrend,irrelevant,uptrend,uptrend,irrelevant
197,PKN,neutral,2,3,2025-07-02,2025-07-07,83.72,84.44,uptrend,uptrend,irrelevant,uptrend,uptrend,irrelevant,uptrend,uptrend,irrelevant,uptrend,uptrend,irrelevant
197,PKN,neutral,3,3,2025-07-02,2025-07-07,83.72,84.44,uptrend,uptrend,irrelevant,uptrend,uptrend,irrelevant,uptrend,uptrend,irrelevant,uptrend,uptrend,irrelevant
197,PKN,neutral,4,3,2025-07-02,2025-07-07,83.72,84.44,uptrend,uptrend,irrelevant,uptrend,uptrend,irrelevant,uptrend,uptrend,irrelevant,uptrend,uptrend,irrelevant
197,PKN,neutral,5,3,2025-07-02,2025-07-07,83.72,84.44,uptrend,uptrend,irrelevant,uptrend,uptrend,irrelevant,uptrend,uptrend,irrelevant,uptrend,uptrend,irrelevant
197,PKN,neutral,6,3,2025-07-02,2025-07-07,83.72,84.44,uptrend,uptrend,irrelevant,uptrend,uptrend,irrelevant,uptrend,uptrend,irrelevant,uptrend,uptrend,irrelevant
197,PKN,neutral,7,3,2025-07-02,2025-07-07,83.72,84.44,uptrend,uptrend,irrelevant,uptrend,uptrend,irrelevant,uptrend,uptrend,irrelevant,uptrend,uptrend,irrelevant
197,PKN,neutral,8,3,2025-07-02,2025-07-07,83.72,84.44,uptrend,uptrend,irrelevant,uptrend,uptrend,irrelevant,uptrend,uptrend,irrelevant,uptrend,uptrend,irrelevant
197,PKN,neutral,9,3,2025-07-02,2025-07-07,83.72,84.44,uptrend,uptrend,irrelevant,uptrend,uptrend,irrelevant,uptrend,uptrend,irrelevant,uptrend,uptrend,irrelevant
197,PKN,neutral,10,3,2025-07-02,2025-07-07,83.72,84.44,uptrend,uptrend,irrelevant,uptrend,uptrend,irrelevant,uptrend,uptrend,irrelevant,uptrend,uptrend,irrelevant
197,PKN,neutral,3,4,2025-07-02,2025-07-08,83.72,85.87,uptrend,uptrend,irrelevant,uptrend,uptrend,irrelevant,uptrend,uptrend,irrelevant,uptrend,uptrend,irrelevant
197,PKN,neutral,4,4,2025-07-02,2025-07-08,83.72,85.87,uptrend,uptrend,irrelevant,uptrend,uptrend,irrelevant,uptrend,uptrend,irrelevant,uptrend,uptrend,irrelevant
197,PKN,neutral,5,4,2025-07-02,2025-07-08,83.72,85.87,uptrend,uptrend,irrelevant,uptrend,uptrend,irrelevant,uptrend,uptrend,irrelevant,uptrend,uptrend,irrelevant
197,PKN,neutral,6,4,2025-07-02,2025-07-08,83.72,85.87,uptrend,uptrend,irrelevant,uptrend,uptrend,irrelevant,uptrend,uptrend,irrelevant,uptrend,uptrend,irrelevant
197,PKN,neutral,7,4,2025-07-02,2025-07-08,83.72,85.87,uptrend,uptrend,irrelevant,uptrend,uptrend,irrelevant,uptrend,uptrend,irrelevant,uptrend,uptrend,irrelevant
197,PKN,neutral,8,4,2025-07-02,2025-07-08,83.72,85.87,uptrend,uptrend,irrelevant,uptrend,uptrend,irrelevant,uptrend,uptrend,irrelevant,uptrend,uptrend,irrelevant
197,PKN,neutral,9,4,2025-07-02,2025-07-08,83.72,85.87,uptrend,uptrend,irrelevant,uptrend,uptrend,irrelevant,uptrend,uptrend,irrelevant,uptrend,uptrend,irrelevant
197,PKN,neutral,10,4,2025-07-02,2025-07-08,83.72,85.87,uptrend,uptrend,irrelevant,uptrend,uptrend,irrelevant,uptrend,uptrend,irrelevant,uptrend,uptrend,irrelevant
197,PKN,neutral,3,5,2025-07-02,2025-07-09,83.72,85.85,uptrend,uptrend,irrelevant,uptrend,uptrend,irrelevant,uptrend,uptrend,irrelevant,uptrend,uptrend,irrelevant
197,PKN,neutral,4,5,2025-07-02,2025-07-09,83.72,85.85,uptrend,uptrend,irrelevant,uptrend,uptrend,irrelevant,uptrend,uptrend,irrelevant,uptrend,uptrend,irrelevant
197,PKN,neutral,5,5,2025-07-02,2025-07-09,83.72,85.85,uptrend,uptrend,irrelevant,uptrend,uptrend,irrelevant,uptrend,uptrend,irrelevant,uptrend,uptrend,irrelevant
197,PKN,neutral,6,5,2025-07-02,2025-07-09,83.72,85.85,uptrend,uptrend,irrelevant,uptrend,uptrend,irrelevant,uptrend,uptrend,irrelevant,uptrend,uptrend,irrelevant
197,PKN,neutral,7,5,2025-07-02,2025-07-09,83.72,85.85,uptrend,uptrend,irrelevant,uptrend,uptrend,irrelevant,uptrend,uptrend,irrelevant,uptrend,uptrend,irrelevant
197,PKN,neutral,8,5,2025-07-02,2025-07-09,83.72,85.85,uptrend,uptrend,irrelevant,uptrend,uptrend,irrelevant,uptrend,uptrend,irrelevant,uptrend,uptrend,irrelevant
197,PKN,neutral,9,5,2025-07-02,2025-07-09,83.72,85.85,uptrend,uptrend,irrelevant,uptrend,uptrend,irrelevant,uptrend,uptrend,irrelevant,uptrend,uptrend,irrelevant
197,PKN,neutral,10,5,2025-07-02,2025-07-09,83.72,85.85,uptrend,uptrend,irrelevant,uptrend,uptrend,irrelevant,uptrend,uptrend,irrelevant,uptrend,uptrend,irrelevant
198,PKN,positive,1,4,2025-07-02,2025-07-08,83.72,85.87,uptrend,uptrend,irrelevant,uptrend,uptrend,irrelevant,uptrend,uptrend,irrelevant,uptrend,uptrend,irrelevant
198,PKN,positive,2,4,2025-07-02,2025-07-08,83.72,85.87,uptrend,uptrend,irrelevant,uptrend,uptrend,irrelevant,uptrend,uptrend,irrelevant,uptrend,uptrend,irrelevant
198,PKN,positive,1,5,2025-07-02,2025-07-09,83.72,85.85,uptrend,uptrend,irrelevant,uptrend,uptrend,irrelevant,uptrend,uptrend,irrelevant,uptrend,uptrend,irrelevant
198,PKN,positive,2,5,2025-07-02,2025-07-09,83.72,85.85,uptrend,uptrend,irrelevant,uptrend,uptrend,irrelevant,uptrend,uptrend,irrelevant,uptrend,uptrend,irrelevant
199,PKN,positive,1,1,2025-07-01,2025-07-02,82.48,83.72,uptrend,uptrend,irrelevant,uptrend,uptrend,irrelevant,uptrend,uptrend,irrelevant,uptrend,uptrend,irrelevant
199,PKN,positive,1,2,2025-07-01,2025-07-03,82.48,84.16,uptrend,uptrend,irrelevant,uptrend,uptrend,irrelevant,uptrend,uptrend,irrelevant,uptrend,uptrend,irrelevant
199,PKN,positive,2,2,2025-07-01,2025-07-03,82.48,84.16,uptrend,uptrend,irrelevant,uptrend,uptrend,irrelevant,uptrend,uptrend,irrelevant,uptrend,uptrend,irrelevant
199,PKN,positive,1,3,2025-07-01,2025-07-04,82.48,84.49,uptrend,uptrend,irrelevant,uptrend,uptrend,irrelevant,uptrend,uptrend,irrelevant,uptrend,uptrend,irrelevant
199,PKN,positive,2,3,2025-07-01,2025-07-04,82.48,84.49,uptrend,uptrend,irrelevant,uptrend,uptrend,irrelevant,uptrend,uptrend,irrelevant,uptrend,uptrend,irrelevant
199,PKN,positive,1,4,2025-07-01,2025-07-07,82.48,84.44,uptrend,uptrend,irrelevant,uptrend,uptrend,irrelevant,uptrend,uptrend,irrelevant,uptrend,uptrend,irrelevant
199,PKN,positive,2,4,2025-07-01,2025-07-07,82.48,84.44,uptrend,uptrend,irrelevant,uptrend,uptrend,irrelevant,uptrend,uptrend,irrelevant,uptrend,uptrend,irrelevant
199,PKN,positive,1,5,2025-07-01,2025-07-08,82.48,85.87,uptrend,uptrend,irrelevant,uptrend,uptrend,irrelevant,uptrend,uptrend,irrelevant,uptrend,uptrend,irrelevant
199,PKN,positive,2,5,2025-07-01,2025-07-08,82.48,85.87,uptrend,uptrend,irrelevant,uptrend,uptrend,irrelevant,uptrend,uptrend,irrelevant,uptrend,uptrend,irrelevant
199,PKN,positive,3,5,2025-07-01,2025-07-08,82.48,85.87,uptrend,uptrend,irrelevant,uptrend,uptrend,irrelevant,uptrend,uptrend,irrelevant,uptrend,uptrend,irrelevant
199,PKN,positive,4,5,2025-07-01,2025-07-08,82.48,85.87,uptrend,uptrend,irrelevant,uptrend,uptrend,irrelevant,uptrend,uptrend,irrelevant,uptrend,uptrend,irrelevant
200,PKN,neutral,2,1,2025-07-01,2025-07-02,82.48,83.72,uptrend,uptrend,irrelevant,uptrend,uptrend,irrelevant,uptrend,uptrend,irrelevant,uptrend,uptrend,irrelevant
200,PKN,neutral,3,1,2025-07-01,2025-07-02,82.48,83.72,uptrend,uptrend,irrelevant,uptrend,uptrend,irrelevant,uptrend,uptrend,irrelevant,uptrend,uptrend,irrelevant
200,PKN,neutral,4,1,2025-07-01,2025-07-02,82.48,83.72,uptrend,uptrend,irrelevant,uptrend,uptrend,irrelevant,uptrend,uptrend,irrelevant,uptrend,uptrend,irrelevant
200,PKN,neutral,5,1,2025-07-01,2025-07-02,82.48,83.72,uptrend,uptrend,irrelevant,uptrend,uptrend,irrelevant,uptrend,uptrend,irrelevant,uptrend,uptrend,irrelevant
200,PKN,neutral,6,1,2025-07-01,2025-07-02,82.48,83.72,uptrend,uptrend,irrelevant,uptrend,uptrend,irrelevant,uptrend,uptrend,irrelevant,uptrend,uptrend,irrelevant
200,PKN,neutral,7,1,2025-07-01,2025-07-02,82.48,83.72,uptrend,uptrend,irrelevant,uptrend,uptrend,irrelevant,uptrend,uptrend,irrelevant,uptrend,uptrend,irrelevant
200,PKN,neutral,8,1,2025-07-01,2025-07-02,82.48,83.72,uptrend,uptrend,irrelevant,uptrend,uptrend,irrelevant,uptrend,uptrend,irrelevant,uptrend,uptrend,irrelevant
200,PKN,neutral,9,1,2025-07-01,2025-07-02,82.48,83.72,uptrend,uptrend,irrelevant,uptrend,uptrend,irrelevant,uptrend,uptrend,irrelevant,uptrend,uptrend,irrelevant
200,PKN,neutral,10,1,2025-07-01,2025-07-02,82.48,83.72,uptrend,uptrend,irrelevant,uptrend,uptrend,irrelevant,uptrend,uptrend,irrelevant,uptrend,uptrend,irrelevant
200,PKN,neutral,3,2,2025-07-01,2025-07-03,82.48,84.16,uptrend,uptrend,irrelevant,uptrend,uptrend,irrelevant,uptrend,uptrend,irrelevant,uptrend,uptrend,irrelevant
200,PKN,neutral,4,2,2025-07-01,2025-07-03,82.48,84.16,uptrend,uptrend,irrelevant,uptrend,uptrend,irrelevant,uptrend,uptrend,irrelevant,uptrend,uptrend,irrelevant
200,PKN,neutral,5,2,2025-07-01,2025-07-03,82.48,84.16,uptrend,uptrend,irrelevant,uptrend,uptrend,irrelevant,uptrend,uptrend,irrelevant,uptrend,uptrend,irrelevant
200,PKN,neutral,6,2,2025-07-01,2025-07-03,82.48,84.16,uptrend,uptrend,irrelevant,uptrend,uptrend,irrelevant,uptrend,uptrend,irrelevant,uptrend,uptrend,irrelevant
200,PKN,neutral,7,2,2025-07-01,2025-07-03,82.48,84.16,uptrend,uptrend,irrelevant,uptrend,uptrend,irrelevant,uptrend,uptrend,irrelevant,uptrend,uptrend,irrelevant
200,PKN,neutral,8,2,2025-07-01,2025-07-03,82.48,84.16,uptrend,uptrend,irrelevant,uptrend,uptrend,irrelevant,uptrend,uptrend,irrelevant,uptrend,uptrend,irrelevant
200,PKN,neutral,9,2,2025-07-01,2025-07-03,82.48,84.16,uptrend,uptrend,irrelevant,uptrend,uptrend,irrelevant,uptrend,uptrend,irrelevant,uptrend,uptrend,irrelevant
200,PKN,neutral,10,2,2025-07-01,2025-07-03,82.48,84.16,uptrend,uptrend,irrelevant,uptrend,uptrend,irrelevant,uptrend,uptrend,irrelevant,uptrend,uptrend,irrelevant
200,PKN,neutral,3,3,2025-07-01,2025-07-04,82.48,84.49,uptrend,uptrend,irrelevant,uptrend,uptrend,irrelevant,uptrend,uptrend,irrelevant,uptrend,uptrend,irrelevant
200,PKN,neutral,4,3,2025-07-01,2025-07-04,82.48,84.49,uptrend,uptrend,irrelevant,uptrend,uptrend,irrelevant,uptrend,uptrend,irrelevant,uptrend,uptrend,irrelevant
200,PKN,neutral,5,3,2025-07-01,2025-07-04,82.48,84.49,uptrend,uptrend,irrelevant,uptrend,uptrend,irrelevant,uptrend,uptrend,irrelevant,uptrend,uptrend,irrelevant
200,PKN,neutral,6,3,2025-07-01,2025-07-04,82.48,84.49,uptrend,uptrend,irrelevant,uptrend,uptrend,irrelevant,uptrend,uptrend,irrelevant,uptrend,uptrend,irrelevant
200,PKN,neutral,7,3,2025-07-01,2025-07-04,82.48,84.49,uptrend,uptrend,irrelevant,uptrend,uptrend,irrelevant,uptrend,uptrend,irrelevant,uptrend,uptrend,irrelevant
200,PKN,neutral,8,3,2025-07-01,2025-07-04,82.48,84.49,uptrend,uptrend,irrelevant,uptrend,uptrend,irrelevant,uptrend,uptrend,irrelevant,uptrend,uptrend,irrelevant
200,PKN,neutral,9,3,2025-07-01,2025-07-04,82.48,84.49,uptrend,uptrend,irrelevant,uptrend,uptrend,irrelevant,uptrend,uptrend,irrelevant,uptrend,uptrend,irrelevant
200,PKN,neutral,10,3,2025-07-01,2025-07-04,82.48,84.49,uptrend,uptrend,irrelevant,uptrend,uptrend,irrelevant,uptrend,uptrend,irrelevant,uptrend,uptrend,irrelevant
200,PKN,neutral,3,4,2025-07-01,2025-07-07,82.48,84.44,uptrend,uptrend,irrelevant,uptrend,uptrend,irrelevant,uptrend,uptrend,irrelevant,uptrend,uptrend,irrelevant
200,PKN,neutral,4,4,2025-07-01,2025-07-07,82.48,84.44,uptrend,uptrend,irrelevant,uptrend,uptrend,irrelevant,uptrend,uptrend,irrelevant,uptrend,uptrend,irrelevant
200,PKN,neutral,5,4,2025-07-01,2025-07-07,82.48,84.44,uptrend,uptrend,irrelevant,uptrend,uptrend,irrelevant,uptrend,uptrend,irrelevant,uptrend,uptrend,irrelevant
200,PKN,neutral,6,4,2025-07-01,2025-07-07,82.48,84.44,uptrend,uptrend,irrelevant,uptrend,uptrend,irrelevant,uptrend,uptrend,irrelevant,uptrend,uptrend,irrelevant
200,PKN,neutral,7,4,2025-07-01,2025-07-07,82.48,84.44,uptrend,uptrend,irrelevant,uptrend,uptrend,irrelevant,uptrend,uptrend,irrelevant,uptrend,uptrend,irrelevant
200,PKN,neutral,8,4,2025-07-01,2025-07-07,82.48,84.44,uptrend,uptrend,irrelevant,uptrend,uptrend,irrelevant,uptrend,uptrend,irrelevant,uptrend,uptrend,irrelevant
200,PKN,neutral,9,4,2025-07-01,2025-07-07,82.48,84.44,uptrend,uptrend,irrelevant,uptrend,uptrend,irrelevant,uptrend,uptrend,irrelevant,uptrend,uptrend,irrelevant
200,PKN,neutral,10,4,2025-07-01,2025-07-07,82.48,84.44,uptrend,uptrend,irrelevant,uptrend,uptrend,irrelevant,uptrend,uptrend,irrelevant,uptrend,uptrend,irrelevant
200,PKN,neutral,5,5,2025-07-01,2025-07-08,82.48,85.87,uptrend,uptrend,irrelevant,uptrend,uptrend,irrelevant,uptrend,uptrend,irrelevant,uptrend,uptrend,irrelevant
200,PKN,neutral,6,5,2025-07-01,2025-07-08,82.48,85.87,uptrend,uptrend,irrelevant,uptrend,uptrend,irrelevant,uptrend,uptrend,irrelevant,uptrend,uptrend,irrelevant
200,PKN,neutral,7,5,2025-07-01,2025-07-08,82.48,85.87,uptrend,uptrend,irrelevant,uptrend,uptrend,irrelevant,uptrend,uptrend,irrelevant,uptrend,uptrend,irrelevant
200,PKN,neutral,8,5,2025-07-01,2025-07-08,82.48,85.87,uptrend,uptrend,irrelevant,uptrend,uptrend,irrelevant,uptrend,uptrend,irrelevant,uptrend,uptrend,irrelevant
200,PKN,neutral,9,5,2025-07-01,2025-07-08,82.48,85.87,uptrend,uptrend,irrelevant,uptrend,uptrend,irrelevant,uptrend,uptrend,irrelevant,uptrend,uptrend,irrelevant
200,PKN,neutral,10,5,2025-07-01,2025-07-08,82.48,85.87,uptrend,uptrend,irrelevant,uptrend,uptrend,irrelevant,uptrend,uptrend,irrelevant,uptrend,uptrend,irrelevant
201,PKN,positive,1,2,2025-06-30,2025-07-02,82.1,83.72,uptrend,uptrend,irrelevant,uptrend,uptrend,irrelevant,uptrend,uptrend,irrelevant,uptrend,uptrend,irrelevant
201,PKN,positive,1,3,2025-06-30,2025-07-03,82.1,84.16,uptrend,uptrend,irrelevant,uptrend,uptrend,irrelevant,uptrend,uptrend,irrelevant,uptrend,uptrend,irrelevant
201,PKN,positive,2,3,2025-06-30,2025-07-03,82.1,84.16,uptrend,uptrend,irrelevant,uptrend,uptrend,irrelevant,uptrend,uptrend,irrelevant,uptrend,uptrend,irrelevant
201,PKN,positive,1,4,2025-06-30,2025-07-04,82.1,84.49,uptrend,uptrend,irrelevant,uptrend,uptrend,irrelevant,uptrend,uptrend,irrelevant,uptrend,uptrend,irrelevant
201,PKN,positive,2,4,2025-06-30,2025-07-04,82.1,84.49,uptrend,uptrend,irrelevant,uptrend,uptrend,irrelevant,uptrend,uptrend,irrelevant,uptrend,uptrend,irrelevant
201,PKN,positive,1,5,2025-06-30,2025-07-07,82.1,84.44,uptrend,uptrend,irrelevant,uptrend,uptrend,irrelevant,uptrend,uptrend,irrelevant,uptrend,uptrend,irrelevant
201,PKN,positive,2,5,2025-06-30,2025-07-07,82.1,84.44,uptrend,uptrend,irrelevant,uptrend,uptrend,irrelevant,uptrend,uptrend,irrelevant,uptrend,uptrend,irrelevant
202,PKN,neutral,1,1,2025-06-30,2025-07-01,82.1,82.48,uptrend,uptrend,irrelevant,uptrend,uptrend,irrelevant,uptrend,uptrend,irrelevant,uptrend,uptrend,irrelevant
202,PKN,neutral,2,1,2025-06-30,2025-07-01,82.1,82.48,uptrend,uptrend,irrelevant,uptrend,uptrend,irrelevant,uptrend,uptrend,irrelevant,uptrend,uptrend,irrelevant
202,PKN,neutral,3,1,2025-06-30,2025-07-01,82.1,82.48,uptrend,uptrend,irrelevant,uptrend,uptrend,irrelevant,uptrend,uptrend,irrelevant,uptrend,uptrend,irrelevant
202,PKN,neutral,4,1,2025-06-30,2025-07-01,82.1,82.48,uptrend,uptrend,irrelevant,uptrend,uptrend,irrelevant,uptrend,uptrend,irrelevant,uptrend,uptrend,irrelevant
202,PKN,neutral,5,1,2025-06-30,2025-07-01,82.1,82.48,uptrend,uptrend,irrelevant,uptrend,uptrend,irrelevant,uptrend,uptrend,irrelevant,uptrend,uptrend,irrelevant
202,PKN,neutral,6,1,2025-06-30,2025-07-01,82.1,82.48,uptrend,uptrend,irrelevant,uptrend,uptrend,irrelevant,uptrend,uptrend,irrelevant,uptrend,uptrend,irrelevant
202,PKN,neutral,7,1,2025-06-30,2025-07-01,82.1,82.48,uptrend,uptrend,irrelevant,uptrend,uptrend,irrelevant,uptrend,uptrend,irrelevant,uptrend,uptrend,irrelevant
202,PKN,neutral,8,1,2025-06-30,2025-07-01,82.1,82.48,uptrend,uptrend,irrelevant,uptrend,uptrend,irrelevant,uptrend,uptrend,irrelevant,uptrend,uptrend,irrelevant
202,PKN,neutral,9,1,2025-06-30,2025-07-01,82.1,82.48,uptrend,uptrend,irrelevant,uptrend,uptrend,irrelevant,uptrend,uptrend,irrelevant,uptrend,uptrend,irrelevant
202,PKN,neutral,10,1,2025-06-30,2025-07-01,82.1,82.48,uptrend,uptrend,irrelevant,uptrend,uptrend,irrelevant,uptrend,uptrend,irrelevant,uptrend,uptrend,irrelevant
202,PKN,neutral,2,2,2025-06-30,2025-07-02,82.1,83.72,uptrend,uptrend,irrelevant,uptrend,uptrend,irrelevant,uptrend,uptrend,irrelevant,uptrend,uptrend,irrelevant
202,PKN,neutral,3,2,2025-06-30,2025-07-02,82.1,83.72,uptrend,uptrend,irrelevant,uptrend,uptrend,irrelevant,uptrend,uptrend,irrelevant,uptrend,uptrend,irrelevant
202,PKN,neutral,4,2,2025-06-30,2025-07-02,82.1,83.72,uptrend,uptrend,irrelevant,uptrend,uptrend,irrelevant,uptrend,uptrend,irrelevant,uptrend,uptrend,irrelevant
202,PKN,neutral,5,2,2025-06-30,2025-07-02,82.1,83.72,uptrend,uptrend,irrelevant,uptrend,uptrend,irrelevant,uptrend,uptrend,irrelevant,uptrend,uptrend,irrelevant
202,PKN,neutral,6,2,2025-06-30,2025-07-02,82.1,83.72,uptrend,uptrend,irrelevant,uptrend,uptrend,irrelevant,uptrend,uptrend,irrelevant,uptrend,uptrend,irrelevant
202,PKN,neutral,7,2,2025-06-30,2025-07-02,82.1,83.72,uptrend,uptrend,irrelevant,uptrend,uptrend,irrelevant,uptrend,uptrend,irrelevant,uptrend,uptrend,irrelevant
202,PKN,neutral,8,2,2025-06-30,2025-07-02,82.1,83.72,uptrend,uptrend,irrelevant,uptrend,uptrend,irrelevant,uptrend,uptrend,irrelevant,uptrend,uptrend,irrelevant
202,PKN,neutral,9,2,2025-06-30,2025-07-02,82.1,83.72,uptrend,uptrend,irrelevant,uptrend,uptrend,irrelevant,uptrend,uptrend,irrelevant,uptrend,uptrend,irrelevant
202,PKN,neutral,10,2,2025-06-30,2025-07-02,82.1,83.72,uptrend,uptrend,irrelevant,uptrend,uptrend,irrelevant,uptrend,uptrend,irrelevant,uptrend,uptrend,irrelevant
202,PKN,neutral,3,3,2025-06-30,2025-07-03,82.1,84.16,uptrend,uptrend,irrelevant,uptrend,uptrend,irrelevant,uptrend,uptrend,irrelevant,uptrend,uptrend,irrelevant
202,PKN,neutral,4,3,2025-06-30,2025-07-03,82.1,84.16,uptrend,uptrend,irrelevant,uptrend,uptrend,irrelevant,uptrend,uptrend,irrelevant,uptrend,uptrend,irrelevant
202,PKN,neutral,5,3,2025-06-30,2025-07-03,82.1,84.16,uptrend,uptrend,irrelevant,uptrend,uptrend,irrelevant,uptrend,uptrend,irrelevant,uptrend,uptrend,irrelevant
202,PKN,neutral,6,3,2025-06-30,2025-07-03,82.1,84.16,uptrend,uptrend,irrelevant,uptrend,uptrend,irrelevant,uptrend,uptrend,irrelevant,uptrend,uptrend,irrelevant
202,PKN,neutral,7,3,2025-06-30,2025-07-03,82.1,84.16,uptrend,uptrend,irrelevant,uptrend,uptrend,irrelevant,uptrend,uptrend,irrelevant,uptrend,uptrend,irrelevant
202,PKN,neutral,8,3,2025-06-30,2025-07-03,82.1,84.16,uptrend,uptrend,irrelevant,uptrend,uptrend,irrelevant,uptrend,uptrend,irrelevant,uptrend,uptrend,irrelevant
202,PKN,neutral,9,3,2025-06-30,2025-07-03,82.1,84.16,uptrend,uptrend,irrelevant,uptrend,uptrend,irrelevant,uptrend,uptrend,irrelevant,uptrend,uptrend,irrelevant
202,PKN,neutral,10,3,2025-06-30,2025-07-03,82.1,84.16,uptrend,uptrend,irrelevant,uptrend,uptrend,irrelevant,uptrend,uptrend,irrelevant,uptrend,uptrend,irrelevant
202,PKN,neutral,3,4,2025-06-30,2025-07-04,82.1,84.49,uptrend,uptrend,irrelevant,uptrend,uptrend,irrelevant,uptrend,uptrend,irrelevant,uptrend,uptrend,irrelevant
202,PKN,neutral,4,4,2025-06-30,2025-07-04,82.1,84.49,uptrend,uptrend,irrelevant,uptrend,uptrend,irrelevant,uptrend,uptrend,irrelevant,uptrend,uptrend,irrelevant
202,PKN,neutral,5,4,2025-06-30,2025-07-04,82.1,84.49,uptrend,uptrend,irrelevant,uptrend,uptrend,irrelevant,uptrend,uptrend,irrelevant,uptrend,uptrend,irrelevant
202,PKN,neutral,6,4,2025-06-30,2025-07-04,82.1,84.49,uptrend,uptrend,irrelevant,uptrend,uptrend,irrelevant,uptrend,uptrend,irrelevant,uptrend,uptrend,irrelevant
202,PKN,neutral,7,4,2025-06-30,2025-07-04,82.1,84.49,uptrend,uptrend,irrelevant,uptrend,uptrend,irrelevant,uptrend,uptrend,irrelevant,uptrend,uptrend,irrelevant
202,PKN,neutral,8,4,2025-06-30,2025-07-04,82.1,84.49,uptrend,uptrend,irrelevant,uptrend,uptrend,irrelevant,uptrend,uptrend,irrelevant,uptrend,uptrend,irrelevant
202,PKN,neutral,9,4,2025-06-30,2025-07-04,82.1,84.49,uptrend,uptrend,irrelevant,uptrend,uptrend,irrelevant,uptrend,uptrend,irrelevant,uptrend,uptrend,irrelevant
202,PKN,neutral,10,4,2025-06-30,2025-07-04,82.1,84.49,uptrend,uptrend,irrelevant,uptrend,uptrend,irrelevant,uptrend,uptrend,irrelevant,uptrend,uptrend,irrelevant
202,PKN,neutral,3,5,2025-06-30,2025-07-07,82.1,84.44,uptrend,uptrend,irrelevant,uptrend,uptrend,irrelevant,uptrend,uptrend,irrelevant,uptrend,uptrend,irrelevant
202,PKN,neutral,4,5,2025-06-30,2025-07-07,82.1,84.44,uptrend,uptrend,irrelevant,uptrend,uptrend,irrelevant,uptrend,uptrend,irrelevant,uptrend,uptrend,irrelevant
202,PKN,neutral,5,5,2025-06-30,2025-07-07,82.1,84.44,uptrend,uptrend,irrelevant,uptrend,uptrend,irrelevant,uptrend,uptrend,irrelevant,uptrend,uptrend,irrelevant
202,PKN,neutral,6,5,2025-06-30,2025-07-07,82.1,84.44,uptrend,uptrend,irrelevant,uptrend,uptrend,irrelevant,uptrend,uptrend,irrelevant,uptrend,uptrend,irrelevant
202,PKN,neutral,7,5,2025-06-30,2025-07-07,82.1,84.44,uptrend,uptrend,irrelevant,uptrend,uptrend,irrelevant,uptrend,uptrend,irrelevant,uptrend,uptrend,irrelevant
202,PKN,neutral,8,5,2025-06-30,2025-07-07,82.1,84.44,uptrend,uptrend,irrelevant,uptrend,uptrend,irrelevant,uptrend,uptrend,irrelevant,uptrend,uptrend,irrelevant
202,PKN,neutral,9,5,2025-06-30,2025-07-07,82.1,84.44,uptrend,uptrend,irrelevant,uptrend,uptrend,irrelevant,uptrend,uptrend,irrelevant,uptrend,uptrend,irrelevant
202,PKN,neutral,10,5,2025-06-30,2025-07-07,82.1,84.44,uptrend,uptrend,irrelevant,uptrend,uptrend,irrelevant,uptrend,uptrend,irrelevant,uptrend,uptrend,irrelevant
203,PKN,positive,1,2,2025-06-27,2025-07-01,81.61,82.48,uptrend,uptrend,irrelevant,uptrend,uptrend,irrelevant,uptrend,uptrend,irrelevant,uptrend,uptrend,irrelevant
203,PKN,positive,1,3,2025-06-27,2025-07-02,81.61,83.72,uptrend,uptrend,irrelevant,uptrend,uptrend,irrelevant,uptrend,uptrend,irrelevant,uptrend,uptrend,irrelevant
203,PKN,positive,2,3,2025-06-27,2025-07-02,81.61,83.72,uptrend,uptrend,irrelevant,uptrend,uptrend,irrelevant,uptrend,uptrend,irrelevant,uptrend,uptrend,irrelevant
203,PKN,positive,1,4,2025-06-27,2025-07-03,81.61,84.16,uptrend,uptrend,irrelevant,uptrend,uptrend,irrelevant,uptrend,uptrend,irrelevant,uptrend,uptrend,irrelevant
203,PKN,positive,2,4,2025-06-27,2025-07-03,81.61,84.16,uptrend,uptrend,irrelevant,uptrend,uptrend,irrelevant,uptrend,uptrend,irrelevant,uptrend,uptrend,irrelevant
203,PKN,positive,3,4,2025-06-27,2025-07-03,81.61,84.16,uptrend,uptrend,irrelevant,uptrend,uptrend,irrelevant,uptrend,uptrend,irrelevant,uptrend,uptrend,irrelevant
203,PKN,positive,1,5,2025-06-27,2025-07-04,81.61,84.49,uptrend,uptrend,irrelevant,uptrend,uptrend,irrelevant,uptrend,uptrend,irrelevant,uptrend,uptrend,irrelevant
203,PKN,positive,2,5,2025-06-27,2025-07-04,81.61,84.49,uptrend,uptrend,irrelevant,uptrend,uptrend,irrelevant,uptrend,uptrend,irrelevant,uptrend,uptrend,irrelevant
203,PKN,positive,3,5,2025-06-27,2025-07-04,81.61,84.49,uptrend,uptrend,irrelevant,uptrend,uptrend,irrelevant,uptrend,uptrend,irrelevant,uptrend,uptrend,irrelevant
204,PKN,positive,1,4,2025-06-26,2025-07-02,82.71,83.72,uptrend,uptrend,irrelevant,uptrend,uptrend,irrelevant,uptrend,uptrend,irrelevant,uptrend,uptrend,irrelevant
204,PKN,positive,1,5,2025-06-26,2025-07-03,82.71,84.16,uptrend,uptrend,irrelevant,uptrend,uptrend,irrelevant,uptrend,uptrend,irrelevant,uptrend,uptrend,irrelevant
207,PKN,positive,1,2,2025-06-17,2025-06-20,81.62,82.8,uptrend,uptrend,irrelevant,uptrend,uptrend,irrelevant,uptrend,uptrend,irrelevant,uptrend,uptrend,irrelevant
207,PKN,positive,1,3,2025-06-17,2025-06-23,81.62,83.22,uptrend,uptrend,irrelevant,uptrend,uptrend,irrelevant,uptrend,uptrend,irrelevant,uptrend,uptrend,irrelevant
207,PKN,positive,1,4,2025-06-17,2025-06-24,81.62,82.51,uptrend,uptrend,irrelevant,uptrend,uptrend,irrelevant,uptrend,uptrend,irrelevant,uptrend,uptrend,irrelevant
208,PKN,positive,1,1,2025-06-16,2025-06-17,78.62,81.62,uptrend,uptrend,irrelevant,uptrend,uptrend,irrelevant,uptrend,uptrend,irrelevant,uptrend,uptrend,irrelevant
208,PKN,positive,2,1,2025-06-16,2025-06-17,78.62,81.62,uptrend,uptrend,irrelevant,uptrend,uptrend,irrelevant,uptrend,uptrend,irrelevant,uptrend,uptrend,irrelevant
208,PKN,positive,3,1,2025-06-16,2025-06-17,78.62,81.62,uptrend,uptrend,irrelevant,uptrend,uptrend,irrelevant,uptrend,uptrend,irrelevant,uptrend,uptrend,irrelevant
208,PKN,positive,1,2,2025-06-16,2025-06-18,78.62,81.58,uptrend,uptrend,irrelevant,uptrend,uptrend,irrelevant,uptrend,uptrend,irrelevant,uptrend,uptrend,irrelevant
208,PKN,positive,2,2,2025-06-16,2025-06-18,78.62,81.58,uptrend,uptrend,irrelevant,uptrend,uptrend,irrelevant,uptrend,uptrend,irrelevant,uptrend,uptrend,irrelevant
208,PKN,positive,3,2,2025-06-16,2025-06-18,78.62,81.58,uptrend,uptrend,irrelevant,uptrend,uptrend,irrelevant,uptrend,uptrend,irrelevant,uptrend,uptrend,irrelevant
208,PKN,positive,1,3,2025-06-16,2025-06-20,78.62,82.8,uptrend,uptrend,irrelevant,uptrend,uptrend,irrelevant,uptrend,uptrend,irrelevant,uptrend,uptrend,irrelevant
208,PKN,positive,2,3,2025-06-16,2025-06-20,78.62,82.8,uptrend,uptrend,irrelevant,uptrend,uptrend,irrelevant,uptrend,uptrend,irrelevant,uptrend,uptrend,irrelevant
208,PKN,positive,3,3,2025-06-16,2025-06-20,78.62,82.8,uptrend,uptrend,irrelevant,uptrend,uptrend,irrelevant,uptrend,uptrend,irrelevant,uptrend,uptrend,irrelevant
208,PKN,positive,4,3,2025-06-16,2025-06-20,78.62,82.8,uptrend,uptrend,irrelevant,uptrend,uptrend,irrelevant,uptrend,uptrend,irrelevant,uptrend,uptrend,irrelevant
208,PKN,positive,5,3,2025-06-16,2025-06-20,78.62,82.8,uptrend,uptrend,irrelevant,uptrend,uptrend,irrelevant,uptrend,uptrend,irrelevant,uptrend,uptrend,irrelevant
208,PKN,positive,1,4,2025-06-16,2025-06-23,78.62,83.22,uptrend,uptrend,irrelevant,uptrend,uptrend,irrelevant,uptrend,uptrend,irrelevant,uptrend,uptrend,irrelevant
208,PKN,positive,2,4,2025-06-16,2025-06-23,78.62,83.22,uptrend,uptrend,irrelevant,uptrend,uptrend,irrelevant,uptrend,uptrend,irrelevant,uptrend,uptrend,irrelevant
208,PKN,positive,3,4,2025-06-16,2025-06-23,78.62,83.22,uptrend,uptrend,irrelevant,uptrend,uptrend,irrelevant,uptrend,uptrend,irrelevant,uptrend,uptrend,irrelevant
208,PKN,positive,4,4,2025-06-16,2025-06-23,78.62,83.22,uptrend,uptrend,irrelevant,uptrend,uptrend,irrelevant,uptrend,uptrend,irrelevant,uptrend,uptrend,irrelevant
208,PKN,positive,5,4,2025-06-16,2025-06-23,78.62,83.22,uptrend,uptrend,irrelevant,uptrend,uptrend,irrelevant,uptrend,uptrend,irrelevant,uptrend,uptrend,irrelevant
208,PKN,positive,1,5,2025-06-16,2025-06-24,78.62,82.51,uptrend,uptrend,irrelevant,uptrend,uptrend,irrelevant,uptrend,uptrend,irrelevant,uptrend,uptrend,irrelevant
208,PKN,positive,2,5,2025-06-16,2025-06-24,78.62,82.51,uptrend,uptrend,irrelevant,uptrend,uptrend,irrelevant,uptrend,uptrend,irrelevant,uptrend,uptrend,irrelevant
208,PKN,positive,3,5,2025-06-16,2025-06-24,78.62,82.51,uptrend,uptrend,irrelevant,uptrend,uptrend,irrelevant,uptrend,uptrend,irrelevant,uptrend,uptrend,irrelevant
208,PKN,positive,4,5,2025-06-16,2025-06-24,78.62,82.51,uptrend,uptrend,irrelevant,uptrend,uptrend,irrelevant,uptrend,uptrend,irrelevant,uptrend,uptrend,irrelevant
209,PKN,positive,1,1,2025-06-16,2025-06-17,78.62,81.62,uptrend,uptrend,irrelevant,uptrend,uptrend,irrelevant,uptrend,uptrend,irrelevant,uptrend,uptrend,irrelevant
209,PKN,positive,2,1,2025-06-16,2025-06-17,78.62,81.62,uptrend,uptrend,irrelevant,uptrend,uptrend,irrelevant,uptrend,uptrend,irrelevant,uptrend,uptrend,irrelevant
209,PKN,positive,3,1,2025-06-16,2025-06-17,78.62,81.62,uptrend,uptrend,irrelevant,uptrend,uptrend,irrelevant,uptrend,uptrend,irrelevant,uptrend,uptrend,irrelevant
209,PKN,positive,1,2,2025-06-16,2025-06-18,78.62,81.58,uptrend,uptrend,irrelevant,uptrend,uptrend,irrelevant,uptrend,uptrend,irrelevant,uptrend,uptrend,irrelevant
209,PKN,positive,2,2,2025-06-16,2025-06-18,78.62,81.58,uptrend,uptrend,irrelevant,uptrend,uptrend,irrelevant,uptrend,uptrend,irrelevant,uptrend,uptrend,irrelevant
209,PKN,positive,3,2,2025-06-16,2025-06-18,78.62,81.58,uptrend,uptrend,irrelevant,uptrend,uptrend,irrelevant,uptrend,uptrend,irrelevant,uptrend,uptrend,irrelevant
209,PKN,positive,1,3,2025-06-16,2025-06-20,78.62,82.8,uptrend,uptrend,irrelevant,uptrend,uptrend,irrelevant,uptrend,uptrend,irrelevant,uptrend,uptrend,irrelevant
209,PKN,positive,2,3,2025-06-16,2025-06-20,78.62,82.8,uptrend,uptrend,irrelevant,uptrend,uptrend,irrelevant,uptrend,uptrend,irrelevant,uptrend,uptrend,irrelevant
209,PKN,positive,3,3,2025-06-16,2025-06-20,78.62,82.8,uptrend,uptrend,irrelevant,uptrend,uptrend,irrelevant,uptrend,uptrend,irrelevant,uptrend,uptrend,irrelevant
209,PKN,positive,4,3,2025-06-16,2025-06-20,78.62,82.8,uptrend,uptrend,irrelevant,uptrend,uptrend,irrelevant,uptrend,uptrend,irrelevant,uptrend,uptrend,irrelevant
209,PKN,positive,5,3,2025-06-16,2025-06-20,78.62,82.8,uptrend,uptrend,irrelevant,uptrend,uptrend,irrelevant,uptrend,uptrend,irrelevant,uptrend,uptrend,irrelevant
209,PKN,positive,1,4,2025-06-16,2025-06-23,78.62,83.22,uptrend,uptrend,irrelevant,uptrend,uptrend,irrelevant,uptrend,uptrend,irrelevant,uptrend,uptrend,irrelevant
209,PKN,positive,2,4,2025-06-16,2025-06-23,78.62,83.22,uptrend,uptrend,irrelevant,uptrend,uptrend,irrelevant,uptrend,uptrend,irrelevant,uptrend,uptrend,irrelevant
209,PKN,positive,3,4,2025-06-16,2025-06-23,78.62,83.22,uptrend,uptrend,irrelevant,uptrend,uptrend,irrelevant,uptrend,uptrend,irrelevant,uptrend,uptrend,irrelevant
209,PKN,positive,4,4,2025-06-16,2025-06-23,78.62,83.22,uptrend,uptrend,irrelevant,uptrend,uptrend,irrelevant,uptrend,uptrend,irrelevant,uptrend,uptrend,irrelevant
209,PKN,positive,5,4,2025-06-16,2025-06-23,78.62,83.22,uptrend,uptrend,irrelevant,uptrend,uptrend,irrelevant,uptrend,uptrend,irrelevant,uptrend,uptrend,irrelevant
209,PKN,positive,1,5,2025-06-16,2025-06-24,78.62,82.51,uptrend,uptrend,irrelevant,uptrend,uptrend,irrelevant,uptrend,uptrend,irrelevant,uptrend,uptrend,irrelevant
209,PKN,positive,2,5,2025-06-16,2025-06-24,78.62,82.51,uptrend,uptrend,irrelevant,uptrend,uptrend,irrelevant,uptrend,uptrend,irrelevant,uptrend,uptrend,irrelevant
209,PKN,positive,3,5,2025-06-16,2025-06-24,78.62,82.51,uptrend,uptrend,irrelevant,uptrend,uptrend,irrelevant,uptrend,uptrend,irrelevant,uptrend,uptrend,irrelevant
209,PKN,positive,4,5,2025-06-16,2025-06-24,78.62,82.51,uptrend,uptrend,irrelevant,uptrend,uptrend,irrelevant,uptrend,uptrend,irrelevant,uptrend,uptrend,irrelevant
210,PKN,positive,1,1,2025-06-16,2025-06-17,78.62,81.62,uptrend,uptrend,irrelevant,uptrend,uptrend,irrelevant,uptrend,uptrend,irrelevant,uptrend,uptrend,irrelevant
210,PKN,positive,2,1,2025-06-16,2025-06-17,78.62,81.62,uptrend,uptrend,irrelevant,uptrend,uptrend,irrelevant,uptrend,uptrend,irrelevant,uptrend,uptrend,irrelevant
210,PKN,positive,3,1,2025-06-16,2025-06-17,78.62,81.62,uptrend,uptrend,irrelevant,uptrend,uptrend,irrelevant,uptrend,uptrend,irrelevant,uptrend,uptrend,irrelevant
210,PKN,positive,1,2,2025-06-16,2025-06-18,78.62,81.58,uptrend,uptrend,irrelevant,uptrend,uptrend,irrelevant,uptrend,uptrend,irrelevant,uptrend,uptrend,irrelevant
210,PKN,positive,2,2,2025-06-16,2025-06-18,78.62,81.58,uptrend,uptrend,irrelevant,uptrend,uptrend,irrelevant,uptrend,uptrend,irrelevant,uptrend,uptrend,irrelevant
210,PKN,positive,3,2,2025-06-16,2025-06-18,78.62,81.58,uptrend,uptrend,irrelevant,uptrend,uptrend,irrelevant,uptrend,uptrend,irrelevant,uptrend,uptrend,irrelevant
210,PKN,positive,1,3,2025-06-16,2025-06-20,78.62,82.8,uptrend,uptrend,irrelevant,uptrend,uptrend,irrelevant,uptrend,uptrend,irrelevant,uptrend,uptrend,irrelevant
210,PKN,positive,2,3,2025-06-16,2025-06-20,78.62,82.8,uptrend,uptrend,irrelevant,uptrend,uptrend,irrelevant,uptrend,uptrend,irrelevant,uptrend,uptrend,irrelevant
210,PKN,positive,3,3,2025-06-16,2025-06-20,78.62,82.8,uptrend,uptrend,irrelevant,uptrend,uptrend,irrelevant,uptrend,uptrend,irrelevant,uptrend,uptrend,irrelevant
210,PKN,positive,4,3,2025-06-16,2025-06-20,78.62,82.8,uptrend,uptrend,irrelevant,uptrend,uptrend,irrelevant,uptrend,uptrend,irrelevant,uptrend,uptrend,irrelevant
210,PKN,positive,5,3,2025-06-16,2025-06-20,78.62,82.8,uptrend,uptrend,irrelevant,uptrend,uptrend,irrelevant,uptrend,uptrend,irrelevant,uptrend,uptrend,irrelevant
210,PKN,positive,1,4,2025-06-16,2025-06-23,78.62,83.22,uptrend,uptrend,irrelevant,uptrend,uptrend,irrelevant,uptrend,uptrend,irrelevant,uptrend,uptrend,irrelevant
210,PKN,positive,2,4,2025-06-16,2025-06-23,78.62,83.22,uptrend,uptrend,irrelevant,uptrend,uptrend,irrelevant,uptrend,uptrend,irrelevant,uptrend,uptrend,irrelevant
210,PKN,positive,3,4,2025-06-16,2025-06-23,78.62,83.22,uptrend,uptrend,irrelevant,uptrend,uptrend,irrelevant,uptrend,uptrend,irrelevant,uptrend,uptrend,irrelevant
210,PKN,positive,4,4,2025-06-16,2025-06-23,78.62,83.22,uptrend,uptrend,irrelevant,uptrend,uptrend,irrelevant,uptrend,uptrend,irrelevant,uptrend,uptrend,irrelevant
210,PKN,positive,5,4,2025-06-16,2025-06-23,78.62,83.22,uptrend,uptrend,irrelevant,uptrend,uptrend,irrelevant,uptrend,uptrend,irrelevant,uptrend,uptrend,irrelevant
210,PKN,positive,1,5,2025-06-16,2025-06-24,78.62,82.51,uptrend,uptrend,irrelevant,uptrend,uptrend,irrelevant,uptrend,uptrend,irrelevant,uptrend,uptrend,irrelevant
210,PKN,positive,2,5,2025-06-16,2025-06-24,78.62,82.51,uptrend,uptrend,irrelevant,uptrend,uptrend,irrelevant,uptrend,uptrend,irrelevant,uptrend,uptrend,irrelevant
210,PKN,positive,3,5,2025-06-16,2025-06-24,78.62,82.51,uptrend,uptrend,irrelevant,uptrend,uptrend,irrelevant,uptrend,uptrend,irrelevant,uptrend,uptrend,irrelevant
210,PKN,positive,4,5,2025-06-16,2025-06-24,78.62,82.51,uptrend,uptrend,irrelevant,uptrend,uptrend,irrelevant,uptrend,uptrend,irrelevant,uptrend,uptrend,irrelevant
211,PKN,positive,1,2,2025-06-12,2025-06-16,77.56,78.62,uptrend,uptrend,irrelevant,uptrend,uptrend,irrelevant,uptrend,uptrend,irrelevant,uptrend,uptrend,irrelevant
211,PKN,positive,1,3,2025-06-12,2025-06-17,77.56,81.62,uptrend,uptrend,irrelevant,uptrend,uptrend,irrelevant,uptrend,uptrend,irrelevant,uptrend,uptrend,irrelevant
211,PKN,positive,2,3,2025-06-12,2025-06-17,77.56,81.62,uptrend,uptrend,irrelevant,uptrend,uptrend,irrelevant,uptrend,uptrend,irrelevant,uptrend,uptrend,irrelevant
211,PKN,positive,3,3,2025-06-12,2025-06-17,77.56,81.62,uptrend,uptrend,irrelevant,uptrend,uptrend,irrelevant,uptrend,uptrend,irrelevant,uptrend,uptrend,irrelevant
211,PKN,positive,4,3,2025-06-12,2025-06-17,77.56,81.62,uptrend,uptrend,irrelevant,uptrend,uptrend,irrelevant,uptrend,uptrend,irrelevant,uptrend,uptrend,irrelevant
211,PKN,positive,5,3,2025-06-12,2025-06-17,77.56,81.62,uptrend,uptrend,irrelevant,uptrend,uptrend,irrelevant,uptrend,uptrend,irrelevant,uptrend,uptrend,irrelevant
211,PKN,positive,1,4,2025-06-12,2025-06-18,77.56,81.58,uptrend,uptrend,irrelevant,uptrend,uptrend,irrelevant,uptrend,uptrend,irrelevant,uptrend,uptrend,irrelevant
211,PKN,positive,2,4,2025-06-12,2025-06-18,77.56,81.58,uptrend,uptrend,irrelevant,uptrend,uptrend,irrelevant,uptrend,uptrend,irrelevant,uptrend,uptrend,irrelevant
211,PKN,positive,3,4,2025-06-12,2025-06-18,77.56,81.58,uptrend,uptrend,irrelevant,uptrend,uptrend,irrelevant,uptrend,uptrend,irrelevant,uptrend,uptrend,irrelevant
211,PKN,positive,4,4,2025-06-12,2025-06-18,77.56,81.58,uptrend,uptrend,irrelevant,uptrend,uptrend,irrelevant,uptrend,uptrend,irrelevant,uptrend,uptrend,irrelevant
211,PKN,positive,5,4,2025-06-12,2025-06-18,77.56,81.58,uptrend,uptrend,irrelevant,uptrend,uptrend,irrelevant,uptrend,uptrend,irrelevant,uptrend,uptrend,irrelevant
211,PKN,positive,1,5,2025-06-12,2025-06-20,77.56,82.8,uptrend,uptrend,irrelevant,uptrend,uptrend,irrelevant,uptrend,uptrend,irrelevant,uptrend,uptrend,irrelevant
211,PKN,positive,2,5,2025-06-12,2025-06-20,77.56,82.8,uptrend,uptrend,irrelevant,uptrend,uptrend,irrelevant,uptrend,uptrend,irrelevant,uptrend,uptrend,irrelevant
211,PKN,positive,3,5,2025-06-12,2025-06-20,77.56,82.8,uptrend,uptrend,irrelevant,uptrend,uptrend,irrelevant,uptrend,uptrend,irrelevant,uptrend,uptrend,irrelevant
211,PKN,positive,4,5,2025-06-12,2025-06-20,77.56,82.8,uptrend,uptrend,irrelevant,uptrend,uptrend,irrelevant,uptrend,uptrend,irrelevant,uptrend,uptrend,irrelevant
211,PKN,positive,5,5,2025-06-12,2025-06-20,77.56,82.8,uptrend,uptrend,irrelevant,uptrend,uptrend,irrelevant,uptrend,uptrend,irrelevant,uptrend,uptrend,irrelevant
211,PKN,positive,6,5,2025-06-12,2025-06-20,77.56,82.8,uptrend,uptrend,irrelevant,uptrend,uptrend,irrelevant,uptrend,uptrend,irrelevant,uptrend,uptrend,irrelevant
212,PKN,positive,1,2,2025-06-12,2025-06-16,77.56,78.62,uptrend,uptrend,irrelevant,uptrend,uptrend,irrelevant,uptrend,uptrend,irrelevant,uptrend,uptrend,irrelevant
212,PKN,positive,1,3,2025-06-12,2025-06-17,77.56,81.62,uptrend,uptrend,irrelevant,uptrend,uptrend,irrelevant,uptrend,uptrend,irrelevant,uptrend,uptrend,irrelevant
212,PKN,positive,2,3,2025-06-12,2025-06-17,77.56,81.62,uptrend,uptrend,irrelevant,uptrend,uptrend,irrelevant,uptrend,uptrend,irrelevant,uptrend,uptrend,irrelevant
212,PKN,positive,3,3,2025-06-12,2025-06-17,77.56,81.62,uptrend,uptrend,irrelevant,uptrend,uptrend,irrelevant,uptrend,uptrend,irrelevant,uptrend,uptrend,irrelevant
212,PKN,positive,4,3,2025-06-12,2025-06-17,77.56,81.62,uptrend,uptrend,irrelevant,uptrend,uptrend,irrelevant,uptrend,uptrend,irrelevant,uptrend,uptrend,irrelevant
212,PKN,positive,5,3,2025-06-12,2025-06-17,77.56,81.62,uptrend,uptrend,irrelevant,uptrend,uptrend,irrelevant,uptrend,uptrend,irrelevant,uptrend,uptrend,irrelevant
212,PKN,positive,1,4,2025-06-12,2025-06-18,77.56,81.58,uptrend,uptrend,irrelevant,uptrend,uptrend,irrelevant,uptrend,uptrend,irrelevant,uptrend,uptrend,irrelevant
212,PKN,positive,2,4,2025-06-12,2025-06-18,77.56,81.58,uptrend,uptrend,irrelevant,uptrend,uptrend,irrelevant,uptrend,uptrend,irrelevant,uptrend,uptrend,irrelevant
212,PKN,positive,3,4,2025-06-12,2025-06-18,77.56,81.58,uptrend,uptrend,irrelevant,uptrend,uptrend,irrelevant,uptrend,uptrend,irrelevant,uptrend,uptrend,irrelevant
212,PKN,positive,4,4,2025-06-12,2025-06-18,77.56,81.58,uptrend,uptrend,irrelevant,uptrend,uptrend,irrelevant,uptrend,uptrend,irrelevant,uptrend,uptrend,irrelevant
212,PKN,positive,5,4,2025-06-12,2025-06-18,77.56,81.58,uptrend,uptrend,irrelevant,uptrend,uptrend,irrelevant,uptrend,uptrend,irrelevant,uptrend,uptrend,irrelevant
212,PKN,positive,1,5,2025-06-12,2025-06-20,77.56,82.8,uptrend,uptrend,irrelevant,uptrend,uptrend,irrelevant,uptrend,uptrend,irrelevant,uptrend,uptrend,irrelevant
212,PKN,positive,2,5,2025-06-12,2025-06-20,77.56,82.8,uptrend,uptrend,irrelevant,uptrend,uptrend,irrelevant,uptrend,uptrend,irrelevant,uptrend,uptrend,irrelevant
212,PKN,positive,3,5,2025-06-12,2025-06-20,77.56,82.8,uptrend,uptrend,irrelevant,uptrend,uptrend,irrelevant,uptrend,uptrend,irrelevant,uptrend,uptrend,irrelevant
212,PKN,positive,4,5,2025-06-12,2025-06-20,77.56,82.8,uptrend,uptrend,irrelevant,uptrend,uptrend,irrelevant,uptrend,uptrend,irrelevant,uptrend,uptrend,irrelevant
212,PKN,positive,5,5,2025-06-12,2025-06-20,77.56,82.8,uptrend,uptrend,irrelevant,uptrend,uptrend,irrelevant,uptrend,uptrend,irrelevant,uptrend,uptrend,irrelevant
212,PKN,positive,6,5,2025-06-12,2025-06-20,77.56,82.8,uptrend,uptrend,irrelevant,uptrend,uptrend,irrelevant,uptrend,uptrend,irrelevant,uptrend,uptrend,irrelevant
213,PKN,positive,1,4,2025-06-10,2025-06-16,77.8,78.62,uptrend,uptrend,irrelevant,uptrend,uptrend,irrelevant,uptrend,uptrend,irrelevant,uptrend,uptrend,irrelevant
213,PKN,positive,1,5,2025-06-10,2025-06-17,77.8,81.62,uptrend,uptrend,irrelevant,uptrend,uptrend,irrelevant,uptrend,uptrend,irrelevant,uptrend,uptrend,irrelevant
213,PKN,positive,2,5,2025-06-10,2025-06-17,77.8,81.62,uptrend,uptrend,irrelevant,uptrend,uptrend,irrelevant,uptrend,uptrend,irrelevant,uptrend,uptrend,irrelevant
213,PKN,positive,3,5,2025-06-10,2025-06-17,77.8,81.62,uptrend,uptrend,irrelevant,uptrend,uptrend,irrelevant,uptrend,uptrend,irrelevant,uptrend,uptrend,irrelevant
213,PKN,positive,4,5,2025-06-10,2025-06-17,77.8,81.62,uptrend,uptrend,irrelevant,uptrend,uptrend,irrelevant,uptrend,uptrend,irrelevant,uptrend,uptrend,irrelevant
214,PKN,positive,1,1,2025-06-09,2025-06-10,74.65,77.8,uptrend,uptrend,irrelevant,uptrend,uptrend,irrelevant,horizontal,uptrend,relevant,uptrend,uptrend,irrelevant
214,PKN,positive,2,1,2025-06-09,2025-06-10,74.65,77.8,uptrend,uptrend,irrelevant,uptrend,uptrend,irrelevant,horizontal,uptrend,relevant,uptrend,uptrend,irrelevant
214,PKN,positive,3,1,2025-06-09,2025-06-10,74.65,77.8,uptrend,uptrend,irrelevant,uptrend,uptrend,irrelevant,horizontal,uptrend,relevant,uptrend,uptrend,irrelevant
214,PKN,positive,4,1,2025-06-09,2025-06-10,74.65,77.8,uptrend,uptrend,irrelevant,uptrend,uptrend,irrelevant,horizontal,uptrend,relevant,uptrend,uptrend,irrelevant
214,PKN,positive,1,2,2025-06-09,2025-06-11,74.65,76.86,uptrend,uptrend,irrelevant,uptrend,uptrend,irrelevant,horizontal,uptrend,relevant,uptrend,uptrend,irrelevant
214,PKN,positive,2,2,2025-06-09,2025-06-11,74.65,76.86,uptrend,uptrend,irrelevant,uptrend,uptrend,irrelevant,horizontal,uptrend,relevant,uptrend,uptrend,irrelevant
214,PKN,positive,1,3,2025-06-09,2025-06-12,74.65,77.56,uptrend,uptrend,irrelevant,uptrend,uptrend,irrelevant,horizontal,uptrend,relevant,uptrend,uptrend,irrelevant
214,PKN,positive,2,3,2025-06-09,2025-06-12,74.65,77.56,uptrend,uptrend,irrelevant,uptrend,uptrend,irrelevant,horizontal,uptrend,relevant,uptrend,uptrend,irrelevant
214,PKN,positive,3,3,2025-06-09,2025-06-12,74.65,77.56,uptrend,uptrend,irrelevant,uptrend,uptrend,irrelevant,horizontal,uptrend,relevant,uptrend,uptrend,irrelevant
214,PKN,positive,1,4,2025-06-09,2025-06-13,74.65,77.28,uptrend,uptrend,irrelevant,uptrend,uptrend,irrelevant,horizontal,uptrend,relevant,uptrend,uptrend,irrelevant
214,PKN,positive,2,4,2025-06-09,2025-06-13,74.65,77.28,uptrend,uptrend,irrelevant,uptrend,uptrend,irrelevant,horizontal,uptrend,relevant,uptrend,uptrend,irrelevant
214,PKN,positive,3,4,2025-06-09,2025-06-13,74.65,77.28,uptrend,uptrend,irrelevant,uptrend,uptrend,irrelevant,horizontal,uptrend,relevant,uptrend,uptrend,irrelevant
214,PKN,positive,1,5,2025-06-09,2025-06-16,74.65,78.62,uptrend,uptrend,irrelevant,uptrend,uptrend,irrelevant,horizontal,uptrend,relevant,uptrend,uptrend,irrelevant
214,PKN,positive,2,5,2025-06-09,2025-06-16,74.65,78.62,uptrend,uptrend,irrelevant,uptrend,uptrend,irrelevant,horizontal,uptrend,relevant,uptrend,uptrend,irrelevant
214,PKN,positive,3,5,2025-06-09,2025-06-16,74.65,78.62,uptrend,uptrend,irrelevant,uptrend,uptrend,irrelevant,horizontal,uptrend,relevant,uptrend,uptrend,irrelevant
214,PKN,positive,4,5,2025-06-09,2025-06-16,74.65,78.62,uptrend,uptrend,irrelevant,uptrend,uptrend,irrelevant,horizontal,uptrend,relevant,uptrend,uptrend,irrelevant
214,PKN,positive,5,5,2025-06-09,2025-06-16,74.65,78.62,uptrend,uptrend,irrelevant,uptrend,uptrend,irrelevant,horizontal,uptrend,relevant,uptrend,uptrend,irrelevant
215,PKN,positive,1,1,2025-06-06,2025-06-09,73.72,74.65,uptrend,uptrend,irrelevant,uptrend,uptrend,irrelevant,horizontal,horizontal,irrelevant,uptrend,uptrend,irrelevant
215,PKN,positive,1,2,2025-06-06,2025-06-10,73.72,77.8,uptrend,uptrend,irrelevant,uptrend,uptrend,irrelevant,horizontal,uptrend,relevant,uptrend,uptrend,irrelevant
215,PKN,positive,2,2,2025-06-06,2025-06-10,73.72,77.8,uptrend,uptrend,irrelevant,uptrend,uptrend,irrelevant,horizontal,uptrend,relevant,uptrend,uptrend,irrelevant
215,PKN,positive,3,2,2025-06-06,2025-06-10,73.72,77.8,uptrend,uptrend,irrelevant,uptrend,uptrend,irrelevant,horizontal,uptrend,relevant,uptrend,uptrend,irrelevant
215,PKN,positive,4,2,2025-06-06,2025-06-10,73.72,77.8,uptrend,uptrend,irrelevant,uptrend,uptrend,irrelevant,horizontal,uptrend,relevant,uptrend,uptrend,irrelevant
215,PKN,positive,5,2,2025-06-06,2025-06-10,73.72,77.8,uptrend,uptrend,irrelevant,uptrend,uptrend,irrelevant,horizontal,uptrend,relevant,uptrend,uptrend,irrelevant
215,PKN,positive,1,3,2025-06-06,2025-06-11,73.72,76.86,uptrend,uptrend,irrelevant,uptrend,uptrend,irrelevant,horizontal,uptrend,relevant,uptrend,uptrend,irrelevant
215,PKN,positive,2,3,2025-06-06,2025-06-11,73.72,76.86,uptrend,uptrend,irrelevant,uptrend,uptrend,irrelevant,horizontal,uptrend,relevant,uptrend,uptrend,irrelevant
215,PKN,positive,3,3,2025-06-06,2025-06-11,73.72,76.86,uptrend,uptrend,irrelevant,uptrend,uptrend,irrelevant,horizontal,uptrend,relevant,uptrend,uptrend,irrelevant
215,PKN,positive,4,3,2025-06-06,2025-06-11,73.72,76.86,uptrend,uptrend,irrelevant,uptrend,uptrend,irrelevant,horizontal,uptrend,relevant,uptrend,uptrend,irrelevant
215,PKN,positive,1,4,2025-06-06,2025-06-12,73.72,77.56,uptrend,uptrend,irrelevant,uptrend,uptrend,irrelevant,horizontal,uptrend,relevant,uptrend,uptrend,irrelevant
215,PKN,positive,2,4,2025-06-06,2025-06-12,73.72,77.56,uptrend,uptrend,irrelevant,uptrend,uptrend,irrelevant,horizontal,uptrend,relevant,uptrend,uptrend,irrelevant
215,PKN,positive,3,4,2025-06-06,2025-06-12,73.72,77.56,uptrend,uptrend,irrelevant,uptrend,uptrend,irrelevant,horizontal,uptrend,relevant,uptrend,uptrend,irrelevant
215,PKN,positive,4,4,2025-06-06,2025-06-12,73.72,77.56,uptrend,uptrend,irrelevant,uptrend,uptrend,irrelevant,horizontal,uptrend,relevant,uptrend,uptrend,irrelevant
215,PKN,positive,5,4,2025-06-06,2025-06-12,73.72,77.56,uptrend,uptrend,irrelevant,uptrend,uptrend,irrelevant,horizontal,uptrend,relevant,uptrend,uptrend,irrelevant
215,PKN,positive,1,5,2025-06-06,2025-06-13,73.72,77.28,uptrend,uptrend,irrelevant,uptrend,uptrend,irrelevant,horizontal,uptrend,relevant,uptrend,uptrend,irrelevant
215,PKN,positive,2,5,2025-06-06,2025-06-13,73.72,77.28,uptrend,uptrend,irrelevant,uptrend,uptrend,irrelevant,horizontal,uptrend,relevant,uptrend,uptrend,irrelevant
215,PKN,positive,3,5,2025-06-06,2025-06-13,73.72,77.28,uptrend,uptrend,irrelevant,uptrend,uptrend,irrelevant,horizontal,uptrend,relevant,uptrend,uptrend,irrelevant
215,PKN,positive,4,5,2025-06-06,2025-06-13,73.72,77.28,uptrend,uptrend,irrelevant,uptrend,uptrend,irrelevant,horizontal,uptrend,relevant,uptrend,uptrend,irrelevant
216,PKN,neutral,2,1,2025-06-06,2025-06-09,73.72,74.65,uptrend,uptrend,irrelevant,uptrend,uptrend,irrelevant,horizontal,horizontal,irrelevant,uptrend,uptrend,irrelevant
216,PKN,neutral,3,1,2025-06-06,2025-06-09,73.72,74.65,uptrend,uptrend,irrelevant,uptrend,uptrend,irrelevant,horizontal,horizontal,irrelevant,uptrend,uptrend,irrelevant
216,PKN,neutral,4,1,2025-06-06,2025-06-09,73.72,74.65,uptrend,uptrend,irrelevant,uptrend,uptrend,irrelevant,horizontal,horizontal,irrelevant,uptrend,uptrend,irrelevant
216,PKN,neutral,5,1,2025-06-06,2025-06-09,73.72,74.65,uptrend,uptrend,irrelevant,uptrend,uptrend,irrelevant,horizontal,horizontal,irrelevant,uptrend,uptrend,irrelevant
216,PKN,neutral,6,1,2025-06-06,2025-06-09,73.72,74.65,uptrend,uptrend,irrelevant,uptrend,uptrend,irrelevant,horizontal,horizontal,irrelevant,uptrend,uptrend,irrelevant
216,PKN,neutral,7,1,2025-06-06,2025-06-09,73.72,74.65,uptrend,uptrend,irrelevant,uptrend,uptrend,irrelevant,horizontal,horizontal,irrelevant,uptrend,uptrend,irrelevant
216,PKN,neutral,8,1,2025-06-06,2025-06-09,73.72,74.65,uptrend,uptrend,irrelevant,uptrend,uptrend,irrelevant,horizontal,horizontal,irrelevant,uptrend,uptrend,irrelevant
216,PKN,neutral,9,1,2025-06-06,2025-06-09,73.72,74.65,uptrend,uptrend,irrelevant,uptrend,uptrend,irrelevant,horizontal,horizontal,irrelevant,uptrend,uptrend,irrelevant
216,PKN,neutral,10,1,2025-06-06,2025-06-09,73.72,74.65,uptrend,uptrend,irrelevant,uptrend,uptrend,irrelevant,horizontal,horizontal,irrelevant,uptrend,uptrend,irrelevant
216,PKN,neutral,6,2,2025-06-06,2025-06-10,73.72,77.8,uptrend,uptrend,irrelevant,uptrend,uptrend,irrelevant,horizontal,uptrend,irrelevant,uptrend,uptrend,irrelevant
216,PKN,neutral,7,2,2025-06-06,2025-06-10,73.72,77.8,uptrend,uptrend,irrelevant,uptrend,uptrend,irrelevant,horizontal,uptrend,irrelevant,uptrend,uptrend,irrelevant
216,PKN,neutral,8,2,2025-06-06,2025-06-10,73.72,77.8,uptrend,uptrend,irrelevant,uptrend,uptrend,irrelevant,horizontal,uptrend,irrelevant,uptrend,uptrend,irrelevant
216,PKN,neutral,9,2,2025-06-06,2025-06-10,73.72,77.8,uptrend,uptrend,irrelevant,uptrend,uptrend,irrelevant,horizontal,uptrend,irrelevant,uptrend,uptrend,irrelevant
216,PKN,neutral,10,2,2025-06-06,2025-06-10,73.72,77.8,uptrend,uptrend,irrelevant,uptrend,uptrend,irrelevant,horizontal,uptrend,irrelevant,uptrend,uptrend,irrelevant
216,PKN,neutral,5,3,2025-06-06,2025-06-11,73.72,76.86,uptrend,uptrend,irrelevant,uptrend,uptrend,irrelevant,horizontal,uptrend,irrelevant,uptrend,uptrend,irrelevant
216,PKN,neutral,6,3,2025-06-06,2025-06-11,73.72,76.86,uptrend,uptrend,irrelevant,uptrend,uptrend,irrelevant,horizontal,uptrend,irrelevant,uptrend,uptrend,irrelevant
216,PKN,neutral,7,3,2025-06-06,2025-06-11,73.72,76.86,uptrend,uptrend,irrelevant,uptrend,uptrend,irrelevant,horizontal,uptrend,irrelevant,uptrend,uptrend,irrelevant
216,PKN,neutral,8,3,2025-06-06,2025-06-11,73.72,76.86,uptrend,uptrend,irrelevant,uptrend,uptrend,irrelevant,horizontal,uptrend,irrelevant,uptrend,uptrend,irrelevant
216,PKN,neutral,9,3,2025-06-06,2025-06-11,73.72,76.86,uptrend,uptrend,irrelevant,uptrend,uptrend,irrelevant,horizontal,uptrend,irrelevant,uptrend,uptrend,irrelevant
216,PKN,neutral,10,3,2025-06-06,2025-06-11,73.72,76.86,uptrend,uptrend,irrelevant,uptrend,uptrend,irrelevant,horizontal,uptrend,irrelevant,uptrend,uptrend,irrelevant
216,PKN,neutral,6,4,2025-06-06,2025-06-12,73.72,77.56,uptrend,uptrend,irrelevant,uptrend,uptrend,irrelevant,horizontal,uptrend,irrelevant,uptrend,uptrend,irrelevant
216,PKN,neutral,7,4,2025-06-06,2025-06-12,73.72,77.56,uptrend,uptrend,irrelevant,uptrend,uptrend,irrelevant,horizontal,uptrend,irrelevant,uptrend,uptrend,irrelevant
216,PKN,neutral,8,4,2025-06-06,2025-06-12,73.72,77.56,uptrend,uptrend,irrelevant,uptrend,uptrend,irrelevant,horizontal,uptrend,irrelevant,uptrend,uptrend,irrelevant
216,PKN,neutral,9,4,2025-06-06,2025-06-12,73.72,77.56,uptrend,uptrend,irrelevant,uptrend,uptrend,irrelevant,horizontal,uptrend,irrelevant,uptrend,uptrend,irrelevant
216,PKN,neutral,10,4,2025-06-06,2025-06-12,73.72,77.56,uptrend,uptrend,irrelevant,uptrend,uptrend,irrelevant,horizontal,uptrend,irrelevant,uptrend,uptrend,irrelevant
216,PKN,neutral,5,5,2025-06-06,2025-06-13,73.72,77.28,uptrend,uptrend,irrelevant,uptrend,uptrend,irrelevant,horizontal,uptrend,irrelevant,uptrend,uptrend,irrelevant
216,PKN,neutral,6,5,2025-06-06,2025-06-13,73.72,77.28,uptrend,uptrend,irrelevant,uptrend,uptrend,irrelevant,horizontal,uptrend,irrelevant,uptrend,uptrend,irrelevant
216,PKN,neutral,7,5,2025-06-06,2025-06-13,73.72,77.28,uptrend,uptrend,irrelevant,uptrend,uptrend,irrelevant,horizontal,uptrend,irrelevant,uptrend,uptrend,irrelevant
216,PKN,neutral,8,5,2025-06-06,2025-06-13,73.72,77.28,uptrend,uptrend,irrelevant,uptrend,uptrend,irrelevant,horizontal,uptrend,irrelevant,uptrend,uptrend,irrelevant
216,PKN,neutral,9,5,2025-06-06,2025-06-13,73.72,77.28,uptrend,uptrend,irrelevant,uptrend,uptrend,irrelevant,horizontal,uptrend,irrelevant,uptrend,uptrend,irrelevant
216,PKN,neutral,10,5,2025-06-06,2025-06-13,73.72,77.28,uptrend,uptrend,irrelevant,uptrend,uptrend,irrelevant,horizontal,uptrend,irrelevant,uptrend,uptrend,irrelevant
218,PKN,neutral,2,1,2025-06-05,2025-06-06,74.8,73.72,uptrend,uptrend,irrelevant,uptrend,uptrend,irrelevant,horizontal,horizontal,irrelevant,uptrend,uptrend,irrelevant
218,PKN,neutral,3,1,2025-06-05,2025-06-06,74.8,73.72,uptrend,uptrend,irrelevant,uptrend,uptrend,irrelevant,horizontal,horizontal,irrelevant,uptrend,uptrend,irrelevant
218,PKN,neutral,4,1,2025-06-05,2025-06-06,74.8,73.72,uptrend,uptrend,irrelevant,uptrend,uptrend,irrelevant,horizontal,horizontal,irrelevant,uptrend,uptrend,irrelevant
218,PKN,neutral,5,1,2025-06-05,2025-06-06,74.8,73.72,uptrend,uptrend,irrelevant,uptrend,uptrend,irrelevant,horizontal,horizontal,irrelevant,uptrend,uptrend,irrelevant
218,PKN,neutral,6,1,2025-06-05,2025-06-06,74.8,73.72,uptrend,uptrend,irrelevant,uptrend,uptrend,irrelevant,horizontal,horizontal,irrelevant,uptrend,uptrend,irrelevant
218,PKN,neutral,7,1,2025-06-05,2025-06-06,74.8,73.72,uptrend,uptrend,irrelevant,uptrend,uptrend,irrelevant,horizontal,horizontal,irrelevant,uptrend,uptrend,irrelevant
218,PKN,neutral,8,1,2025-06-05,2025-06-06,74.8,73.72,uptrend,uptrend,irrelevant,uptrend,uptrend,irrelevant,horizontal,horizontal,irrelevant,uptrend,uptrend,irrelevant
218,PKN,neutral,9,1,2025-06-05,2025-06-06,74.8,73.72,uptrend,uptrend,irrelevant,uptrend,uptrend,irrelevant,horizontal,horizontal,irrelevant,uptrend,uptrend,irrelevant
218,PKN,neutral,10,1,2025-06-05,2025-06-06,74.8,73.72,uptrend,uptrend,irrelevant,uptrend,uptrend,irrelevant,horizontal,horizontal,irrelevant,uptrend,uptrend,irrelevant
218,PKN,neutral,1,2,2025-06-05,2025-06-09,74.8,74.65,uptrend,uptrend,irrelevant,uptrend,uptrend,irrelevant,horizontal,horizontal,irrelevant,uptrend,uptrend,irrelevant
218,PKN,neutral,2,2,2025-06-05,2025-06-09,74.8,74.65,uptrend,uptrend,irrelevant,uptrend,uptrend,irrelevant,horizontal,horizontal,irrelevant,uptrend,uptrend,irrelevant
218,PKN,neutral,3,2,2025-06-05,2025-06-09,74.8,74.65,uptrend,uptrend,irrelevant,uptrend,uptrend,irrelevant,horizontal,horizontal,irrelevant,uptrend,uptrend,irrelevant
218,PKN,neutral,4,2,2025-06-05,2025-06-09,74.8,74.65,uptrend,uptrend,irrelevant,uptrend,uptrend,irrelevant,horizontal,horizontal,irrelevant,uptrend,uptrend,irrelevant
218,PKN,neutral,5,2,2025-06-05,2025-06-09,74.8,74.65,uptrend,uptrend,irrelevant,uptrend,uptrend,irrelevant,horizontal,horizontal,irrelevant,uptrend,uptrend,irrelevant
218,PKN,neutral,6,2,2025-06-05,2025-06-09,74.8,74.65,uptrend,uptrend,irrelevant,uptrend,uptrend,irrelevant,horizontal,horizontal,irrelevant,uptrend,uptrend,irrelevant
218,PKN,neutral,7,2,2025-06-05,2025-06-09,74.8,74.65,uptrend,uptrend,irrelevant,uptrend,uptrend,irrelevant,horizontal,horizontal,irrelevant,uptrend,uptrend,irrelevant
218,PKN,neutral,8,2,2025-06-05,2025-06-09,74.8,74.65,uptrend,uptrend,irrelevant,uptrend,uptrend,irrelevant,horizontal,horizontal,irrelevant,uptrend,uptrend,irrelevant
218,PKN,neutral,9,2,2025-06-05,2025-06-09,74.8,74.65,uptrend,uptrend,irrelevant,uptrend,uptrend,irrelevant,horizontal,horizontal,irrelevant,uptrend,uptrend,irrelevant
218,PKN,neutral,10,2,2025-06-05,2025-06-09,74.8,74.65,uptrend,uptrend,irrelevant,uptrend,uptrend,irrelevant,horizontal,horizontal,irrelevant,uptrend,uptrend,irrelevant
218,PKN,neutral,5,3,2025-06-05,2025-06-10,74.8,77.8,uptrend,uptrend,irrelevant,uptrend,uptrend,irrelevant,horizontal,uptrend,irrelevant,uptrend,uptrend,irrelevant
218,PKN,neutral,6,3,2025-06-05,2025-06-10,74.8,77.8,uptrend,uptrend,irrelevant,uptrend,uptrend,irrelevant,horizontal,uptrend,irrelevant,uptrend,uptrend,irrelevant
218,PKN,neutral,7,3,2025-06-05,2025-06-10,74.8,77.8,uptrend,uptrend,irrelevant,uptrend,uptrend,irrelevant,horizontal,uptrend,irrelevant,uptrend,uptrend,irrelevant
218,PKN,neutral,8,3,2025-06-05,2025-06-10,74.8,77.8,uptrend,uptrend,irrelevant,uptrend,uptrend,irrelevant,horizontal,uptrend,irrelevant,uptrend,uptrend,irrelevant
218,PKN,neutral,9,3,2025-06-05,2025-06-10,74.8,77.8,uptrend,uptrend,irrelevant,uptrend,uptrend,irrelevant,horizontal,uptrend,irrelevant,uptrend,uptrend,irrelevant
218,PKN,neutral,10,3,2025-06-05,2025-06-10,74.8,77.8,uptrend,uptrend,irrelevant,uptrend,uptrend,irrelevant,horizontal,uptrend,irrelevant,uptrend,uptrend,irrelevant
218,PKN,neutral,3,4,2025-06-05,2025-06-11,74.8,76.86,uptrend,uptrend,irrelevant,uptrend,uptrend,irrelevant,horizontal,uptrend,irrelevant,uptrend,uptrend,irrelevant
218,PKN,neutral,4,4,2025-06-05,2025-06-11,74.8,76.86,uptrend,uptrend,irrelevant,uptrend,uptrend,irrelevant,horizontal,uptrend,irrelevant,uptrend,uptrend,irrelevant
218,PKN,neutral,5,4,2025-06-05,2025-06-11,74.8,76.86,uptrend,uptrend,irrelevant,uptrend,uptrend,irrelevant,horizontal,uptrend,irrelevant,uptrend,uptrend,irrelevant
218,PKN,neutral,6,4,2025-06-05,2025-06-11,74.8,76.86,uptrend,uptrend,irrelevant,uptrend,uptrend,irrelevant,horizontal,uptrend,irrelevant,uptrend,uptrend,irrelevant
218,PKN,neutral,7,4,2025-06-05,2025-06-11,74.8,76.86,uptrend,uptrend,irrelevant,uptrend,uptrend,irrelevant,horizontal,uptrend,irrelevant,uptrend,uptrend,irrelevant
218,PKN,neutral,8,4,2025-06-05,2025-06-11,74.8,76.86,uptrend,uptrend,irrelevant,uptrend,uptrend,irrelevant,horizontal,uptrend,irrelevant,uptrend,uptrend,irrelevant
218,PKN,neutral,9,4,2025-06-05,2025-06-11,74.8,76.86,uptrend,uptrend,irrelevant,uptrend,uptrend,irrelevant,horizontal,uptrend,irrelevant,uptrend,uptrend,irrelevant
218,PKN,neutral,10,4,2025-06-05,2025-06-11,74.8,76.86,uptrend,uptrend,irrelevant,uptrend,uptrend,irrelevant,horizontal,uptrend,irrelevant,uptrend,uptrend,irrelevant
218,PKN,neutral,4,5,2025-06-05,2025-06-12,74.8,77.56,uptrend,uptrend,irrelevant,uptrend,uptrend,irrelevant,horizontal,uptrend,irrelevant,uptrend,uptrend,irrelevant
218,PKN,neutral,5,5,2025-06-05,2025-06-12,74.8,77.56,uptrend,uptrend,irrelevant,uptrend,uptrend,irrelevant,horizontal,uptrend,irrelevant,uptrend,uptrend,irrelevant
218,PKN,neutral,6,5,2025-06-05,2025-06-12,74.8,77.56,uptrend,uptrend,irrelevant,uptrend,uptrend,irrelevant,horizontal,uptrend,irrelevant,uptrend,uptrend,irrelevant
218,PKN,neutral,7,5,2025-06-05,2025-06-12,74.8,77.56,uptrend,uptrend,irrelevant,uptrend,uptrend,irrelevant,horizontal,uptrend,irrelevant,uptrend,uptrend,irrelevant
218,PKN,neutral,8,5,2025-06-05,2025-06-12,74.8,77.56,uptrend,uptrend,irrelevant,uptrend,uptrend,irrelevant,horizontal,uptrend,irrelevant,uptrend,uptrend,irrelevant
218,PKN,neutral,9,5,2025-06-05,2025-06-12,74.8,77.56,uptrend,uptrend,irrelevant,uptrend,uptrend,irrelevant,horizontal,uptrend,irrelevant,uptrend,uptrend,irrelevant
218,PKN,neutral,10,5,2025-06-05,2025-06-12,74.8,77.56,uptrend,uptrend,irrelevant,uptrend,uptrend,irrelevant,horizontal,uptrend,irrelevant,uptrend,uptrend,irrelevant
219,PKN,positive,1,3,2025-06-05,2025-06-10,74.8,77.8,uptrend,uptrend,irrelevant,uptrend,uptrend,irrelevant,horizontal,uptrend,relevant,uptrend,uptrend,irrelevant
219,PKN,positive,2,3,2025-06-05,2025-06-10,74.8,77.8,uptrend,uptrend,irrelevant,uptrend,uptrend,irrelevant,horizontal,uptrend,relevant,uptrend,uptrend,irrelevant
219,PKN,positive,3,3,2025-06-05,2025-06-10,74.8,77.8,uptrend,uptrend,irrelevant,uptrend,uptrend,irrelevant,horizontal,uptrend,relevant,uptrend,uptrend,irrelevant
219,PKN,positive,4,3,2025-06-05,2025-06-10,74.8,77.8,uptrend,uptrend,irrelevant,uptrend,uptrend,irrelevant,horizontal,uptrend,relevant,uptrend,uptrend,irrelevant
219,PKN,positive,1,4,2025-06-05,2025-06-11,74.8,76.86,uptrend,uptrend,irrelevant,uptrend,uptrend,irrelevant,horizontal,uptrend,relevant,uptrend,uptrend,irrelevant
219,PKN,positive,2,4,2025-06-05,2025-06-11,74.8,76.86,uptrend,uptrend,irrelevant,uptrend,uptrend,irrelevant,horizontal,uptrend,relevant,uptrend,uptrend,irrelevant
219,PKN,positive,1,5,2025-06-05,2025-06-12,74.8,77.56,uptrend,uptrend,irrelevant,uptrend,uptrend,irrelevant,horizontal,uptrend,relevant,uptrend,uptrend,irrelevant
219,PKN,positive,2,5,2025-06-05,2025-06-12,74.8,77.56,uptrend,uptrend,irrelevant,uptrend,uptrend,irrelevant,horizontal,uptrend,relevant,uptrend,uptrend,irrelevant
219,PKN,positive,3,5,2025-06-05,2025-06-12,74.8,77.56,uptrend,uptrend,irrelevant,uptrend,uptrend,irrelevant,horizontal,uptrend,relevant,uptrend,uptrend,irrelevant
220,PKN,positive,1,1,2025-06-03,2025-06-04,74.3,75.2,uptrend,uptrend,irrelevant,uptrend,uptrend,irrelevant,horizontal,horizontal,irrelevant,uptrend,uptrend,irrelevant
220,PKN,positive,1,5,2025-06-03,2025-06-10,74.3,77.8,uptrend,uptrend,irrelevant,uptrend,uptrend,irrelevant,horizontal,uptrend,relevant,uptrend,uptrend,irrelevant
220,PKN,positive,2,5,2025-06-03,2025-06-10,74.3,77.8,uptrend,uptrend,irrelevant,uptrend,uptrend,irrelevant,horizontal,uptrend,relevant,uptrend,uptrend,irrelevant
220,PKN,positive,3,5,2025-06-03,2025-06-10,74.3,77.8,uptrend,uptrend,irrelevant,uptrend,uptrend,irrelevant,horizontal,uptrend,relevant,uptrend,uptrend,irrelevant
220,PKN,positive,4,5,2025-06-03,2025-06-10,74.3,77.8,uptrend,uptrend,irrelevant,uptrend,uptrend,irrelevant,horizontal,uptrend,relevant,uptrend,uptrend,irrelevant
221,PKN,positive,1,1,2025-06-03,2025-06-04,74.3,75.2,uptrend,uptrend,irrelevant,uptrend,uptrend,irrelevant,horizontal,horizontal,irrelevant,uptrend,uptrend,irrelevant
221,PKN,positive,1,5,2025-06-03,2025-06-10,74.3,77.8,uptrend,uptrend,irrelevant,uptrend,uptrend,irrelevant,horizontal,uptrend,relevant,uptrend,uptrend,irrelevant
221,PKN,positive,2,5,2025-06-03,2025-06-10,74.3,77.8,uptrend,uptrend,irrelevant,uptrend,uptrend,irrelevant,horizontal,uptrend,relevant,uptrend,uptrend,irrelevant
221,PKN,positive,3,5,2025-06-03,2025-06-10,74.3,77.8,uptrend,uptrend,irrelevant,uptrend,uptrend,irrelevant,horizontal,uptrend,relevant,uptrend,uptrend,irrelevant
221,PKN,positive,4,5,2025-06-03,2025-06-10,74.3,77.8,uptrend,uptrend,irrelevant,uptrend,uptrend,irrelevant,horizontal,uptrend,relevant,uptrend,uptrend,irrelevant
222,PKN,positive,1,2,2025-06-02,2025-06-04,73.99,75.2,uptrend,uptrend,irrelevant,uptrend,uptrend,irrelevant,horizontal,horizontal,irrelevant,uptrend,uptrend,irrelevant
222,PKN,positive,1,3,2025-06-02,2025-06-05,73.99,74.8,uptrend,uptrend,irrelevant,uptrend,uptrend,irrelevant,horizontal,horizontal,irrelevant,uptrend,uptrend,irrelevant
224,CDR,neutral,3,1,2025-11-27,2025-11-28,249.3,256.4,downtrend,downtrend,irrelevant,downtrend,downtrend,irrelevant,uptrend,uptrend,irrelevant,downtrend,downtrend,irrelevant
224,CDR,neutral,4,1,2025-11-27,2025-11-28,249.3,256.4,downtrend,downtrend,irrelevant,downtrend,downtrend,irrelevant,uptrend,uptrend,irrelevant,downtrend,downtrend,irrelevant
224,CDR,neutral,5,1,2025-11-27,2025-11-28,249.3,256.4,downtrend,downtrend,irrelevant,downtrend,downtrend,irrelevant,uptrend,uptrend,irrelevant,downtrend,downtrend,irrelevant
224,CDR,neutral,6,1,2025-11-27,2025-11-28,249.3,256.4,downtrend,downtrend,irrelevant,downtrend,downtrend,irrelevant,uptrend,uptrend,irrelevant,downtrend,downtrend,irrelevant
224,CDR,neutral,7,1,2025-11-27,2025-11-28,249.3,256.4,downtrend,downtrend,irrelevant,downtrend,downtrend,irrelevant,uptrend,uptrend,irrelevant,downtrend,downtrend,irrelevant
224,CDR,neutral,8,1,2025-11-27,2025-11-28,249.3,256.4,downtrend,downtrend,irrelevant,downtrend,downtrend,irrelevant,uptrend,uptrend,irrelevant,downtrend,downtrend,irrelevant
224,CDR,neutral,9,1,2025-11-27,2025-11-28,249.3,256.4,downtrend,downtrend,irrelevant,downtrend,downtrend,irrelevant,uptrend,uptrend,irrelevant,downtrend,downtrend,irrelevant
224,CDR,neutral,10,1,2025-11-27,2025-11-28,249.3,256.4,downtrend,downtrend,irrelevant,downtrend,downtrend,irrelevant,uptrend,uptrend,irrelevant,downtrend,downtrend,irrelevant
224,CDR,neutral,3,2,2025-11-27,2025-12-01,249.3,255.8,downtrend,downtrend,irrelevant,downtrend,horizontal,relevant,uptrend,uptrend,irrelevant,downtrend,downtrend,irrelevant
224,CDR,neutral,4,2,2025-11-27,2025-12-01,249.3,255.8,downtrend,downtrend,irrelevant,downtrend,horizontal,relevant,uptrend,uptrend,irrelevant,downtrend,downtrend,irrelevant
224,CDR,neutral,5,2,2025-11-27,2025-12-01,249.3,255.8,downtrend,downtrend,irrelevant,downtrend,horizontal,relevant,uptrend,uptrend,irrelevant,downtrend,downtrend,irrelevant
224,CDR,neutral,6,2,2025-11-27,2025-12-01,249.3,255.8,downtrend,downtrend,irrelevant,downtrend,horizontal,relevant,uptrend,uptrend,irrelevant,downtrend,downtrend,irrelevant
224,CDR,neutral,7,2,2025-11-27,2025-12-01,249.3,255.8,downtrend,downtrend,irrelevant,downtrend,horizontal,relevant,uptrend,uptrend,irrelevant,downtrend,downtrend,irrelevant
224,CDR,neutral,8,2,2025-11-27,2025-12-01,249.3,255.8,downtrend,downtrend,irrelevant,downtrend,horizontal,relevant,uptrend,uptrend,irrelevant,downtrend,downtrend,irrelevant
224,CDR,neutral,9,2,2025-11-27,2025-12-01,249.3,255.8,downtrend,downtrend,irrelevant,downtrend,horizontal,relevant,uptrend,uptrend,irrelevant,downtrend,downtrend,irrelevant
224,CDR,neutral,10,2,2025-11-27,2025-12-01,249.3,255.8,downtrend,downtrend,irrelevant,downtrend,horizontal,relevant,uptrend,uptrend,irrelevant,downtrend,downtrend,irrelevant
224,CDR,neutral,3,3,2025-11-27,2025-12-02,249.3,255.3,downtrend,downtrend,irrelevant,downtrend,horizontal,relevant,uptrend,uptrend,irrelevant,downtrend,downtrend,irrelevant
224,CDR,neutral,4,3,2025-11-27,2025-12-02,249.3,255.3,downtrend,downtrend,irrelevant,downtrend,horizontal,relevant,uptrend,uptrend,irrelevant,downtrend,downtrend,irrelevant
224,CDR,neutral,5,3,2025-11-27,2025-12-02,249.3,255.3,downtrend,downtrend,irrelevant,downtrend,horizontal,relevant,uptrend,uptrend,irrelevant,downtrend,downtrend,irrelevant
224,CDR,neutral,6,3,2025-11-27,2025-12-02,249.3,255.3,downtrend,downtrend,irrelevant,downtrend,horizontal,relevant,uptrend,uptrend,irrelevant,downtrend,downtrend,irrelevant
224,CDR,neutral,7,3,2025-11-27,2025-12-02,249.3,255.3,downtrend,downtrend,irrelevant,downtrend,horizontal,relevant,uptrend,uptrend,irrelevant,downtrend,downtrend,irrelevant
224,CDR,neutral,8,3,2025-11-27,2025-12-02,249.3,255.3,downtrend,downtrend,irrelevant,downtrend,horizontal,relevant,uptrend,uptrend,irrelevant,downtrend,downtrend,irrelevant
224,CDR,neutral,9,3,2025-11-27,2025-12-02,249.3,255.3,downtrend,downtrend,irrelevant,downtrend,horizontal,relevant,uptrend,uptrend,irrelevant,downtrend,downtrend,irrelevant
224,CDR,neutral,10,3,2025-11-27,2025-12-02,249.3,255.3,downtrend,downtrend,irrelevant,downtrend,horizontal,relevant,uptrend,uptrend,irrelevant,downtrend,downtrend,irrelevant
224,CDR,neutral,2,4,2025-11-27,2025-12-03,249.3,251.9,downtrend,horizontal,relevant,downtrend,uptrend,irrelevant,uptrend,uptrend,irrelevant,downtrend,downtrend,irrelevant
224,CDR,neutral,3,4,2025-11-27,2025-12-03,249.3,251.9,downtrend,horizontal,relevant,downtrend,uptrend,irrelevant,uptrend,uptrend,irrelevant,downtrend,downtrend,irrelevant
224,CDR,neutral,4,4,2025-11-27,2025-12-03,249.3,251.9,downtrend,horizontal,relevant,downtrend,uptrend,irrelevant,uptrend,uptrend,irrelevant,downtrend,downtrend,irrelevant
224,CDR,neutral,5,4,2025-11-27,2025-12-03,249.3,251.9,downtrend,horizontal,relevant,downtrend,uptrend,irrelevant,uptrend,uptrend,irrelevant,downtrend,downtrend,irrelevant
224,CDR,neutral,6,4,2025-11-27,2025-12-03,249.3,251.9,downtrend,horizontal,relevant,downtrend,uptrend,irrelevant,uptrend,uptrend,irrelevant,downtrend,downtrend,irrelevant
224,CDR,neutral,7,4,2025-11-27,2025-12-03,249.3,251.9,downtrend,horizontal,relevant,downtrend,uptrend,irrelevant,uptrend,uptrend,irrelevant,downtrend,downtrend,irrelevant
224,CDR,neutral,8,4,2025-11-27,2025-12-03,249.3,251.9,downtrend,horizontal,relevant,downtrend,uptrend,irrelevant,uptrend,uptrend,irrelevant,downtrend,downtrend,irrelevant
224,CDR,neutral,9,4,2025-11-27,2025-12-03,249.3,251.9,downtrend,horizontal,relevant,downtrend,uptrend,irrelevant,uptrend,uptrend,irrelevant,downtrend,downtrend,irrelevant
224,CDR,neutral,10,4,2025-11-27,2025-12-03,249.3,251.9,downtrend,horizontal,relevant,downtrend,uptrend,irrelevant,uptrend,uptrend,irrelevant,downtrend,downtrend,irrelevant
224,CDR,neutral,3,5,2025-11-27,2025-12-04,249.3,254.6,downtrend,uptrend,irrelevant,downtrend,uptrend,irrelevant,uptrend,uptrend,irrelevant,downtrend,downtrend,irrelevant
224,CDR,neutral,4,5,2025-11-27,2025-12-04,249.3,254.6,downtrend,uptrend,irrelevant,downtrend,uptrend,irrelevant,uptrend,uptrend,irrelevant,downtrend,downtrend,irrelevant
224,CDR,neutral,5,5,2025-11-27,2025-12-04,249.3,254.6,downtrend,uptrend,irrelevant,downtrend,uptrend,irrelevant,uptrend,uptrend,irrelevant,downtrend,downtrend,irrelevant
224,CDR,neutral,6,5,2025-11-27,2025-12-04,249.3,254.6,downtrend,uptrend,irrelevant,downtrend,uptrend,irrelevant,uptrend,uptrend,irrelevant,downtrend,downtrend,irrelevant
224,CDR,neutral,7,5,2025-11-27,2025-12-04,249.3,254.6,downtrend,uptrend,irrelevant,downtrend,uptrend,irrelevant,uptrend,uptrend,irrelevant,downtrend,downtrend,irrelevant
224,CDR,neutral,8,5,2025-11-27,2025-12-04,249.3,254.6,downtrend,uptrend,irrelevant,downtrend,uptrend,irrelevant,uptrend,uptrend,irrelevant,downtrend,downtrend,irrelevant
224,CDR,neutral,9,5,2025-11-27,2025-12-04,249.3,254.6,downtrend,uptrend,irrelevant,downtrend,uptrend,irrelevant,uptrend,uptrend,irrelevant,downtrend,downtrend,irrelevant
224,CDR,neutral,10,5,2025-11-27,2025-12-04,249.3,254.6,downtrend,uptrend,irrelevant,downtrend,uptrend,irrelevant,uptrend,uptrend,irrelevant,downtrend,downtrend,irrelevant
225,CDR,positive,1,1,2025-11-27,2025-11-28,249.3,256.4,downtrend,downtrend,irrelevant,downtrend,downtrend,irrelevant,uptrend,uptrend,irrelevant,downtrend,downtrend,irrelevant
225,CDR,positive,2,1,2025-11-27,2025-11-28,249.3,256.4,downtrend,downtrend,irrelevant,downtrend,downtrend,irrelevant,uptrend,uptrend,irrelevant,downtrend,downtrend,irrelevant
225,CDR,positive,1,2,2025-11-27,2025-12-01,249.3,255.8,downtrend,downtrend,irrelevant,downtrend,horizontal,irrelevant,uptrend,uptrend,irrelevant,downtrend,downtrend,irrelevant
225,CDR,positive,2,2,2025-11-27,2025-12-01,249.3,255.8,downtrend,downtrend,irrelevant,downtrend,horizontal,irrelevant,uptrend,uptrend,irrelevant,downtrend,downtrend,irrelevant
225,CDR,positive,1,3,2025-11-27,2025-12-02,249.3,255.3,downtrend,downtrend,irrelevant,downtrend,horizontal,irrelevant,uptrend,uptrend,irrelevant,downtrend,downtrend,irrelevant
225,CDR,positive,2,3,2025-11-27,2025-12-02,249.3,255.3,downtrend,downtrend,irrelevant,downtrend,horizontal,irrelevant,uptrend,uptrend,irrelevant,downtrend,downtrend,irrelevant
225,CDR,positive,1,4,2025-11-27,2025-12-03,249.3,251.9,downtrend,horizontal,irrelevant,downtrend,uptrend,relevant,uptrend,uptrend,irrelevant,downtrend,downtrend,irrelevant
225,CDR,positive,1,5,2025-11-27,2025-12-04,249.3,254.6,downtrend,uptrend,relevant,downtrend,uptrend,relevant,uptrend,uptrend,irrelevant,downtrend,downtrend,irrelevant
225,CDR,positive,2,5,2025-11-27,2025-12-04,249.3,254.6,downtrend,uptrend,relevant,downtrend,uptrend,relevant,uptrend,uptrend,irrelevant,downtrend,downtrend,irrelevant
226,CDR,positive,1,1,2025-11-25,2025-11-26,231.5,243.0,downtrend,downtrend,irrelevant,downtrend,downtrend,irrelevant,downtrend,downtrend,irrelevant,downtrend,downtrend,irrelevant
226,CDR,positive,2,1,2025-11-25,2025-11-26,231.5,243.0,downtrend,downtrend,irrelevant,downtrend,downtrend,irrelevant,downtrend,downtrend,irrelevant,downtrend,downtrend,irrelevant
226,CDR,positive,3,1,2025-11-25,2025-11-26,231.5,243.0,downtrend,downtrend,irrelevant,downtrend,downtrend,irrelevant,downtrend,downtrend,irrelevant,downtrend,downtrend,irrelevant
226,CDR,positive,4,1,2025-11-25,2025-11-26,231.5,243.0,downtrend,downtrend,irrelevant,downtrend,downtrend,irrelevant,downtrend,downtrend,irrelevant,downtrend,downtrend,irrelevant
226,CDR,positive,1,2,2025-11-25,2025-11-27,231.5,249.3,downtrend,downtrend,irrelevant,downtrend,downtrend,irrelevant,downtrend,uptrend,relevant,downtrend,downtrend,irrelevant
226,CDR,positive,2,2,2025-11-25,2025-11-27,231.5,249.3,downtrend,downtrend,irrelevant,downtrend,downtrend,irrelevant,downtrend,uptrend,relevant,downtrend,downtrend,irrelevant
226,CDR,positive,3,2,2025-11-25,2025-11-27,231.5,249.3,downtrend,downtrend,irrelevant,downtrend,downtrend,irrelevant,downtrend,uptrend,relevant,downtrend,downtrend,irrelevant
226,CDR,positive,4,2,2025-11-25,2025-11-27,231.5,249.3,downtrend,downtrend,irrelevant,downtrend,downtrend,irrelevant,downtrend,uptrend,relevant,downtrend,downtrend,irrelevant
226,CDR,positive,5,2,2025-11-25,2025-11-27,231.5,249.3,downtrend,downtrend,irrelevant,downtrend,downtrend,irrelevant,downtrend,uptrend,relevant,downtrend,downtrend,irrelevant
226,CDR,positive,6,2,2025-11-25,2025-11-27,231.5,249.3,downtrend,downtrend,irrelevant,downtrend,downtrend,irrelevant,downtrend,uptrend,relevant,downtrend,downtrend,irrelevant
226,CDR,positive,7,2,2025-11-25,2025-11-27,231.5,249.3,downtrend,downtrend,irrelevant,downtrend,downtrend,irrelevant,downtrend,uptrend,relevant,downtrend,downtrend,irrelevant
226,CDR,positive,1,3,2025-11-25,2025-11-28,231.5,256.4,downtrend,downtrend,irrelevant,downtrend,downtrend,irrelevant,downtrend,uptrend,relevant,downtrend,downtrend,irrelevant
226,CDR,positive,2,3,2025-11-25,2025-11-28,231.5,256.4,downtrend,downtrend,irrelevant,downtrend,downtrend,irrelevant,downtrend,uptrend,relevant,downtrend,downtrend,irrelevant
226,CDR,positive,3,3,2025-11-25,2025-11-28,231.5,256.4,downtrend,downtrend,irrelevant,downtrend,downtrend,irrelevant,downtrend,uptrend,relevant,downtrend,downtrend,irrelevant
226,CDR,positive,4,3,2025-11-25,2025-11-28,231.5,256.4,downtrend,downtrend,irrelevant,downtrend,downtrend,irrelevant,downtrend,uptrend,relevant,downtrend,downtrend,irrelevant
226,CDR,positive,5,3,2025-11-25,2025-11-28,231.5,256.4,downtrend,downtrend,irrelevant,downtrend,downtrend,irrelevant,downtrend,uptrend,relevant,downtrend,downtrend,irrelevant
226,CDR,positive,6,3,2025-11-25,2025-11-28,231.5,256.4,downtrend,downtrend,irrelevant,downtrend,downtrend,irrelevant,downtrend,uptrend,relevant,downtrend,downtrend,irrelevant
226,CDR,positive,7,3,2025-11-25,2025-11-28,231.5,256.4,downtrend,downtrend,irrelevant,downtrend,downtrend,irrelevant,downtrend,uptrend,relevant,downtrend,downtrend,irrelevant
226,CDR,positive,8,3,2025-11-25,2025-11-28,231.5,256.4,downtrend,downtrend,irrelevant,downtrend,downtrend,irrelevant,downtrend,uptrend,relevant,downtrend,downtrend,irrelevant
226,CDR,positive,9,3,2025-11-25,2025-11-28,231.5,256.4,downtrend,downtrend,irrelevant,downtrend,downtrend,irrelevant,downtrend,uptrend,relevant,downtrend,downtrend,irrelevant
226,CDR,positive,10,3,2025-11-25,2025-11-28,231.5,256.4,downtrend,downtrend,irrelevant,downtrend,downtrend,irrelevant,downtrend,uptrend,relevant,downtrend,downtrend,irrelevant
226,CDR,positive,1,4,2025-11-25,2025-12-01,231.5,255.8,downtrend,downtrend,irrelevant,downtrend,horizontal,irrelevant,downtrend,uptrend,relevant,downtrend,downtrend,irrelevant
226,CDR,positive,2,4,2025-11-25,2025-12-01,231.5,255.8,downtrend,downtrend,irrelevant,downtrend,horizontal,irrelevant,downtrend,uptrend,relevant,downtrend,downtrend,irrelevant
226,CDR,positive,3,4,2025-11-25,2025-12-01,231.5,255.8,downtrend,downtrend,irrelevant,downtrend,horizontal,irrelevant,downtrend,uptrend,relevant,downtrend,downtrend,irrelevant
226,CDR,positive,4,4,2025-11-25,2025-12-01,231.5,255.8,downtrend,downtrend,irrelevant,downtrend,horizontal,irrelevant,downtrend,uptrend,relevant,downtrend,downtrend,irrelevant
226,CDR,positive,5,4,2025-11-25,2025-12-01,231.5,255.8,downtrend,downtrend,irrelevant,downtrend,horizontal,irrelevant,downtrend,uptrend,relevant,downtrend,downtrend,irrelevant
226,CDR,positive,6,4,2025-11-25,2025-12-01,231.5,255.8,downtrend,downtrend,irrelevant,downtrend,horizontal,irrelevant,downtrend,uptrend,relevant,downtrend,downtrend,irrelevant
226,CDR,positive,7,4,2025-11-25,2025-12-01,231.5,255.8,downtrend,downtrend,irrelevant,downtrend,horizontal,irrelevant,downtrend,uptrend,relevant,downtrend,downtrend,irrelevant
226,CDR,positive,8,4,2025-11-25,2025-12-01,231.5,255.8,downtrend,downtrend,irrelevant,downtrend,horizontal,irrelevant,downtrend,uptrend,relevant,downtrend,downtrend,irrelevant
226,CDR,positive,9,4,2025-11-25,2025-12-01,231.5,255.8,downtrend,downtrend,irrelevant,downtrend,horizontal,irrelevant,downtrend,uptrend,relevant,downtrend,downtrend,irrelevant
226,CDR,positive,10,4,2025-11-25,2025-12-01,231.5,255.8,downtrend,downtrend,irrelevant,downtrend,horizontal,irrelevant,downtrend,uptrend,relevant,downtrend,downtrend,irrelevant
226,CDR,positive,1,5,2025-11-25,2025-12-02,231.5,255.3,downtrend,downtrend,irrelevant,downtrend,horizontal,irrelevant,downtrend,uptrend,relevant,downtrend,downtrend,irrelevant
226,CDR,positive,2,5,2025-11-25,2025-12-02,231.5,255.3,downtrend,downtrend,irrelevant,downtrend,horizontal,irrelevant,downtrend,uptrend,relevant,downtrend,downtrend,irrelevant
226,CDR,positive,3,5,2025-11-25,2025-12-02,231.5,255.3,downtrend,downtrend,irrelevant,downtrend,horizontal,irrelevant,downtrend,uptrend,relevant,downtrend,downtrend,irrelevant
226,CDR,positive,4,5,2025-11-25,2025-12-02,231.5,255.3,downtrend,downtrend,irrelevant,downtrend,horizontal,irrelevant,downtrend,uptrend,relevant,downtrend,downtrend,irrelevant
226,CDR,positive,5,5,2025-11-25,2025-12-02,231.5,255.3,downtrend,downtrend,irrelevant,downtrend,horizontal,irrelevant,downtrend,uptrend,relevant,downtrend,downtrend,irrelevant
226,CDR,positive,6,5,2025-11-25,2025-12-02,231.5,255.3,downtrend,downtrend,irrelevant,downtrend,horizontal,irrelevant,downtrend,uptrend,relevant,downtrend,downtrend,irrelevant
226,CDR,positive,7,5,2025-11-25,2025-12-02,231.5,255.3,downtrend,downtrend,irrelevant,downtrend,horizontal,irrelevant,downtrend,uptrend,relevant,downtrend,downtrend,irrelevant
226,CDR,positive,8,5,2025-11-25,2025-12-02,231.5,255.3,downtrend,downtrend,irrelevant,downtrend,horizontal,irrelevant,downtrend,uptrend,relevant,downtrend,downtrend,irrelevant
226,CDR,positive,9,5,2025-11-25,2025-12-02,231.5,255.3,downtrend,downtrend,irrelevant,downtrend,horizontal,irrelevant,downtrend,uptrend,relevant,downtrend,downtrend,irrelevant
226,CDR,positive,10,5,2025-11-25,2025-12-02,231.5,255.3,downtrend,downtrend,irrelevant,downtrend,horizontal,irrelevant,downtrend,uptrend,relevant,downtrend,downtrend,irrelevant
236,CDR,positive,1,2,2025-07-16,2025-07-18,265.4,269.6,downtrend,downtrend,irrelevant,uptrend,horizontal,irrelevant,uptrend,uptrend,irrelevant,uptrend,uptrend,irrelevant
237,CDR,positive,1,3,2025-07-15,2025-07-18,266.8,269.6,downtrend,downtrend,irrelevant,uptrend,horizontal,irrelevant,uptrend,uptrend,irrelevant,uptrend,uptrend,irrelevant
240,CDR,neutral,1,1,2025-07-03,2025-07-04,269.5,269.9,uptrend,uptrend,irrelevant,uptrend,uptrend,irrelevant,uptrend,uptrend,irrelevant,uptrend,uptrend,irrelevant
240,CDR,neutral,2,1,2025-07-03,2025-07-04,269.5,269.9,uptrend,uptrend,irrelevant,uptrend,uptrend,irrelevant,uptrend,uptrend,irrelevant,uptrend,uptrend,irrelevant
240,CDR,neutral,3,1,2025-07-03,2025-07-04,269.5,269.9,uptrend,uptrend,irrelevant,uptrend,uptrend,irrelevant,uptrend,uptrend,irrelevant,uptrend,uptrend,irrelevant
240,CDR,neutral,4,1,2025-07-03,2025-07-04,269.5,269.9,uptrend,uptrend,irrelevant,uptrend,uptrend,irrelevant,uptrend,uptrend,irrelevant,uptrend,uptrend,irrelevant
240,CDR,neutral,5,1,2025-07-03,2025-07-04,269.5,269.9,uptrend,uptrend,irrelevant,uptrend,uptrend,irrelevant,uptrend,uptrend,irrelevant,uptrend,uptrend,irrelevant
240,CDR,neutral,6,1,2025-07-03,2025-07-04,269.5,269.9,uptrend,uptrend,irrelevant,uptrend,uptrend,irrelevant,uptrend,uptrend,irrelevant,uptrend,uptrend,irrelevant
240,CDR,neutral,7,1,2025-07-03,2025-07-04,269.5,269.9,uptrend,uptrend,irrelevant,uptrend,uptrend,irrelevant,uptrend,uptrend,irrelevant,uptrend,uptrend,irrelevant
240,CDR,neutral,8,1,2025-07-03,2025-07-04,269.5,269.9,uptrend,uptrend,irrelevant,uptrend,uptrend,irrelevant,uptrend,uptrend,irrelevant,uptrend,uptrend,irrelevant
240,CDR,neutral,9,1,2025-07-03,2025-07-04,269.5,269.9,uptrend,uptrend,irrelevant,uptrend,uptrend,irrelevant,uptrend,uptrend,irrelevant,uptrend,uptrend,irrelevant
240,CDR,neutral,10,1,2025-07-03,2025-07-04,269.5,269.9,uptrend,uptrend,irrelevant,uptrend,uptrend,irrelevant,uptrend,uptrend,irrelevant,uptrend,uptrend,irrelevant
240,CDR,neutral,2,2,2025-07-03,2025-07-07,269.5,274.0,uptrend,uptrend,irrelevant,uptrend,uptrend,irrelevant,uptrend,uptrend,irrelevant,uptrend,uptrend,irrelevant
240,CDR,neutral,3,2,2025-07-03,2025-07-07,269.5,274.0,uptrend,uptrend,irrelevant,uptrend,uptrend,irrelevant,uptrend,uptrend,irrelevant,uptrend,uptrend,irrelevant
240,CDR,neutral,4,2,2025-07-03,2025-07-07,269.5,274.0,uptrend,uptrend,irrelevant,uptrend,uptrend,irrelevant,uptrend,uptrend,irrelevant,uptrend,uptrend,irrelevant
240,CDR,neutral,5,2,2025-07-03,2025-07-07,269.5,274.0,uptrend,uptrend,irrelevant,uptrend,uptrend,irrelevant,uptrend,uptrend,irrelevant,uptrend,uptrend,irrelevant
240,CDR,neutral,6,2,2025-07-03,2025-07-07,269.5,274.0,uptrend,uptrend,irrelevant,uptrend,uptrend,irrelevant,uptrend,uptrend,irrelevant,uptrend,uptrend,irrelevant
240,CDR,neutral,7,2,2025-07-03,2025-07-07,269.5,274.0,uptrend,uptrend,irrelevant,uptrend,uptrend,irrelevant,uptrend,uptrend,irrelevant,uptrend,uptrend,irrelevant
240,CDR,neutral,8,2,2025-07-03,2025-07-07,269.5,274.0,uptrend,uptrend,irrelevant,uptrend,uptrend,irrelevant,uptrend,uptrend,irrelevant,uptrend,uptrend,irrelevant
240,CDR,neutral,9,2,2025-07-03,2025-07-07,269.5,274.0,uptrend,uptrend,irrelevant,uptrend,uptrend,irrelevant,uptrend,uptrend,irrelevant,uptrend,uptrend,irrelevant
240,CDR,neutral,10,2,2025-07-03,2025-07-07,269.5,274.0,uptrend,uptrend,irrelevant,uptrend,uptrend,irrelevant,uptrend,uptrend,irrelevant,uptrend,uptrend,irrelevant
240,CDR,neutral,2,3,2025-07-03,2025-07-08,269.5,274.0,uptrend,uptrend,irrelevant,uptrend,uptrend,irrelevant,uptrend,uptrend,irrelevant,uptrend,uptrend,irrelevant
240,CDR,neutral,3,3,2025-07-03,2025-07-08,269.5,274.0,uptrend,uptrend,irrelevant,uptrend,uptrend,irrelevant,uptrend,uptrend,irrelevant,uptrend,uptrend,irrelevant
240,CDR,neutral,4,3,2025-07-03,2025-07-08,269.5,274.0,uptrend,uptrend,irrelevant,uptrend,uptrend,irrelevant,uptrend,uptrend,irrelevant,uptrend,uptrend,irrelevant
240,CDR,neutral,5,3,2025-07-03,2025-07-08,269.5,274.0,uptrend,uptrend,irrelevant,uptrend,uptrend,irrelevant,uptrend,uptrend,irrelevant,uptrend,uptrend,irrelevant
240,CDR,neutral,6,3,2025-07-03,2025-07-08,269.5,274.0,uptrend,uptrend,irrelevant,uptrend,uptrend,irrelevant,uptrend,uptrend,irrelevant,uptrend,uptrend,irrelevant
240,CDR,neutral,7,3,2025-07-03,2025-07-08,269.5,274.0,uptrend,uptrend,irrelevant,uptrend,uptrend,irrelevant,uptrend,uptrend,irrelevant,uptrend,uptrend,irrelevant
240,CDR,neutral,8,3,2025-07-03,2025-07-08,269.5,274.0,uptrend,uptrend,irrelevant,uptrend,uptrend,irrelevant,uptrend,uptrend,irrelevant,uptrend,uptrend,irrelevant
240,CDR,neutral,9,3,2025-07-03,2025-07-08,269.5,274.0,uptrend,uptrend,irrelevant,uptrend,uptrend,irrelevant,uptrend,uptrend,irrelevant,uptrend,uptrend,irrelevant
240,CDR,neutral,10,3,2025-07-03,2025-07-08,269.5,274.0,uptrend,uptrend,irrelevant,uptrend,uptrend,irrelevant,uptrend,uptrend,irrelevant,uptrend,uptrend,irrelevant
240,CDR,neutral,1,4,2025-07-03,2025-07-09,269.5,269.4,uptrend,uptrend,irrelevant,uptrend,uptrend,irrelevant,uptrend,uptrend,irrelevant,uptrend,uptrend,irrelevant
240,CDR,neutral,2,4,2025-07-03,2025-07-09,269.5,269.4,uptrend,uptrend,irrelevant,uptrend,uptrend,irrelevant,uptrend,uptrend,irrelevant,uptrend,uptrend,irrelevant
240,CDR,neutral,3,4,2025-07-03,2025-07-09,269.5,269.4,uptrend,uptrend,irrelevant,uptrend,uptrend,irrelevant,uptrend,uptrend,irrelevant,uptrend,uptrend,irrelevant
240,CDR,neutral,4,4,2025-07-03,2025-07-09,269.5,269.4,uptrend,uptrend,irrelevant,uptrend,uptrend,irrelevant,uptrend,uptrend,irrelevant,uptrend,uptrend,irrelevant
240,CDR,neutral,5,4,2025-07-03,2025-07-09,269.5,269.4,uptrend,uptrend,irrelevant,uptrend,uptrend,irrelevant,uptrend,uptrend,irrelevant,uptrend,uptrend,irrelevant
240,CDR,neutral,6,4,2025-07-03,2025-07-09,269.5,269.4,uptrend,uptrend,irrelevant,uptrend,uptrend,irrelevant,uptrend,uptrend,irrelevant,uptrend,uptrend,irrelevant
240,CDR,neutral,7,4,2025-07-03,2025-07-09,269.5,269.4,uptrend,uptrend,irrelevant,uptrend,uptrend,irrelevant,uptrend,uptrend,irrelevant,uptrend,uptrend,irrelevant
240,CDR,neutral,8,4,2025-07-03,2025-07-09,269.5,269.4,uptrend,uptrend,irrelevant,uptrend,uptrend,irrelevant,uptrend,uptrend,irrelevant,uptrend,uptrend,irrelevant
240,CDR,neutral,9,4,2025-07-03,2025-07-09,269.5,269.4,uptrend,uptrend,irrelevant,uptrend,uptrend,irrelevant,uptrend,uptrend,irrelevant,uptrend,uptrend,irrelevant
240,CDR,neutral,10,4,2025-07-03,2025-07-09,269.5,269.4,uptrend,uptrend,irrelevant,uptrend,uptrend,irrelevant,uptrend,uptrend,irrelevant,uptrend,uptrend,irrelevant
240,CDR,neutral,1,5,2025-07-03,2025-07-10,269.5,267.9,uptrend,horizontal,relevant,uptrend,uptrend,irrelevant,uptrend,uptrend,irrelevant,uptrend,uptrend,irrelevant
240,CDR,neutral,2,5,2025-07-03,2025-07-10,269.5,267.9,uptrend,horizontal,relevant,uptrend,uptrend,irrelevant,uptrend,uptrend,irrelevant,uptrend,uptrend,irrelevant
240,CDR,neutral,3,5,2025-07-03,2025-07-10,269.5,267.9,uptrend,horizontal,relevant,uptrend,uptrend,irrelevant,uptrend,uptrend,irrelevant,uptrend,uptrend,irrelevant
240,CDR,neutral,4,5,2025-07-03,2025-07-10,269.5,267.9,uptrend,horizontal,relevant,uptrend,uptrend,irrelevant,uptrend,uptrend,irrelevant,uptrend,uptrend,irrelevant
240,CDR,neutral,5,5,2025-07-03,2025-07-10,269.5,267.9,uptrend,horizontal,relevant,uptrend,uptrend,irrelevant,uptrend,uptrend,irrelevant,uptrend,uptrend,irrelevant
240,CDR,neutral,6,5,2025-07-03,2025-07-10,269.5,267.9,uptrend,horizontal,relevant,uptrend,uptrend,irrelevant,uptrend,uptrend,irrelevant,uptrend,uptrend,irrelevant
240,CDR,neutral,7,5,2025-07-03,2025-07-10,269.5,267.9,uptrend,horizontal,relevant,uptrend,uptrend,irrelevant,uptrend,uptrend,irrelevant,uptrend,uptrend,irrelevant
240,CDR,neutral,8,5,2025-07-03,2025-07-10,269.5,267.9,uptrend,horizontal,relevant,uptrend,uptrend,irrelevant,uptrend,uptrend,irrelevant,uptrend,uptrend,irrelevant
240,CDR,neutral,9,5,2025-07-03,2025-07-10,269.5,267.9,uptrend,horizontal,relevant,uptrend,uptrend,irrelevant,uptrend,uptrend,irrelevant,uptrend,uptrend,irrelevant
240,CDR,neutral,10,5,2025-07-03,2025-07-10,269.5,267.9,uptrend,horizontal,relevant,uptrend,uptrend,irrelevant,uptrend,uptrend,irrelevant,uptrend,uptrend,irrelevant
241,CDR,positive,1,1,2025-06-23,2025-06-24,271.4,276.0,uptrend,uptrend,irrelevant,uptrend,uptrend,irrelevant,uptrend,uptrend,irrelevant,uptrend,uptrend,irrelevant
241,CDR,positive,1,2,2025-06-23,2025-06-25,271.4,275.2,uptrend,uptrend,irrelevant,uptrend,uptrend,irrelevant,uptrend,uptrend,irrelevant,uptrend,uptrend,irrelevant
241,CDR,positive,1,3,2025-06-23,2025-06-26,271.4,275.6,uptrend,uptrend,irrelevant,uptrend,uptrend,irrelevant,uptrend,uptrend,irrelevant,uptrend,uptrend,irrelevant
241,CDR,positive,1,4,2025-06-23,2025-06-27,271.4,275.3,uptrend,uptrend,irrelevant,uptrend,uptrend,irrelevant,uptrend,uptrend,irrelevant,uptrend,uptrend,irrelevant
241,CDR,positive,1,5,2025-06-23,2025-06-30,271.4,280.8,uptrend,uptrend,irrelevant,uptrend,uptrend,irrelevant,uptrend,uptrend,irrelevant,uptrend,uptrend,irrelevant
241,CDR,positive,2,5,2025-06-23,2025-06-30,271.4,280.8,uptrend,uptrend,irrelevant,uptrend,uptrend,irrelevant,uptrend,uptrend,irrelevant,uptrend,uptrend,irrelevant
241,CDR,positive,3,5,2025-06-23,2025-06-30,271.4,280.8,uptrend,uptrend,irrelevant,uptrend,uptrend,irrelevant,uptrend,uptrend,irrelevant,uptrend,uptrend,irrelevant
242,CDR,neutral,2,1,2025-06-23,2025-06-24,271.4,276.0,uptrend,uptrend,irrelevant,uptrend,uptrend,irrelevant,uptrend,uptrend,irrelevant,uptrend,uptrend,irrelevant
242,CDR,neutral,3,1,2025-06-23,2025-06-24,271.4,276.0,uptrend,uptrend,irrelevant,uptrend,uptrend,irrelevant,uptrend,uptrend,irrelevant,uptrend,uptrend,irrelevant
242,CDR,neutral,4,1,2025-06-23,2025-06-24,271.4,276.0,uptrend,uptrend,irrelevant,uptrend,uptrend,irrelevant,uptrend,uptrend,irrelevant,uptrend,uptrend,irrelevant
242,CDR,neutral,5,1,2025-06-23,2025-06-24,271.4,276.0,uptrend,uptrend,irrelevant,uptrend,uptrend,irrelevant,uptrend,uptrend,irrelevant,uptrend,uptrend,irrelevant
242,CDR,neutral,6,1,2025-06-23,2025-06-24,271.4,276.0,uptrend,uptrend,irrelevant,uptrend,uptrend,irrelevant,uptrend,uptrend,irrelevant,uptrend,uptrend,irrelevant
242,CDR,neutral,7,1,2025-06-23,2025-06-24,271.4,276.0,uptrend,uptrend,irrelevant,uptrend,uptrend,irrelevant,uptrend,uptrend,irrelevant,uptrend,uptrend,irrelevant
242,CDR,neutral,8,1,2025-06-23,2025-06-24,271.4,276.0,uptrend,uptrend,irrelevant,uptrend,uptrend,irrelevant,uptrend,uptrend,irrelevant,uptrend,uptrend,irrelevant
242,CDR,neutral,9,1,2025-06-23,2025-06-24,271.4,276.0,uptrend,uptrend,irrelevant,uptrend,uptrend,irrelevant,uptrend,uptrend,irrelevant,uptrend,uptrend,irrelevant
242,CDR,neutral,10,1,2025-06-23,2025-06-24,271.4,276.0,uptrend,uptrend,irrelevant,uptrend,uptrend,irrelevant,uptrend,uptrend,irrelevant,uptrend,uptrend,irrelevant
242,CDR,neutral,2,2,2025-06-23,2025-06-25,271.4,275.2,uptrend,uptrend,irrelevant,uptrend,uptrend,irrelevant,uptrend,uptrend,irrelevant,uptrend,uptrend,irrelevant
242,CDR,neutral,3,2,2025-06-23,2025-06-25,271.4,275.2,uptrend,uptrend,irrelevant,uptrend,uptrend,irrelevant,uptrend,uptrend,irrelevant,uptrend,uptrend,irrelevant
242,CDR,neutral,4,2,2025-06-23,2025-06-25,271.4,275.2,uptrend,uptrend,irrelevant,uptrend,uptrend,irrelevant,uptrend,uptrend,irrelevant,uptrend,uptrend,irrelevant
242,CDR,neutral,5,2,2025-06-23,2025-06-25,271.4,275.2,uptrend,uptrend,irrelevant,uptrend,uptrend,irrelevant,uptrend,uptrend,irrelevant,uptrend,uptrend,irrelevant
242,CDR,neutral,6,2,2025-06-23,2025-06-25,271.4,275.2,uptrend,uptrend,irrelevant,uptrend,uptrend,irrelevant,uptrend,uptrend,irrelevant,uptrend,uptrend,irrelevant
242,CDR,neutral,7,2,2025-06-23,2025-06-25,271.4,275.2,uptrend,uptrend,irrelevant,uptrend,uptrend,irrelevant,uptrend,uptrend,irrelevant,uptrend,uptrend,irrelevant
242,CDR,neutral,8,2,2025-06-23,2025-06-25,271.4,275.2,uptrend,uptrend,irrelevant,uptrend,uptrend,irrelevant,uptrend,uptrend,irrelevant,uptrend,uptrend,irrelevant
242,CDR,neutral,9,2,2025-06-23,2025-06-25,271.4,275.2,uptrend,uptrend,irrelevant,uptrend,uptrend,irrelevant,uptrend,uptrend,irrelevant,uptrend,uptrend,irrelevant
242,CDR,neutral,10,2,2025-06-23,2025-06-25,271.4,275.2,uptrend,uptrend,irrelevant,uptrend,uptrend,irrelevant,uptrend,uptrend,irrelevant,uptrend,uptrend,irrelevant
242,CDR,neutral,2,3,2025-06-23,2025-06-26,271.4,275.6,uptrend,uptrend,irrelevant,uptrend,uptrend,irrelevant,uptrend,uptrend,irrelevant,uptrend,uptrend,irrelevant
242,CDR,neutral,3,3,2025-06-23,2025-06-26,271.4,275.6,uptrend,uptrend,irrelevant,uptrend,uptrend,irrelevant,uptrend,uptrend,irrelevant,uptrend,uptrend,irrelevant
242,CDR,neutral,4,3,2025-06-23,2025-06-26,271.4,275.6,uptrend,uptrend,irrelevant,uptrend,uptrend,irrelevant,uptrend,uptrend,irrelevant,uptrend,uptrend,irrelevant
242,CDR,neutral,5,3,2025-06-23,2025-06-26,271.4,275.6,uptrend,uptrend,irrelevant,uptrend,uptrend,irrelevant,uptrend,uptrend,irrelevant,uptrend,uptrend,irrelevant
242,CDR,neutral,6,3,2025-06-23,2025-06-26,271.4,275.6,uptrend,uptrend,irrelevant,uptrend,uptrend,irrelevant,uptrend,uptrend,irrelevant,uptrend,uptrend,irrelevant
242,CDR,neutral,7,3,2025-06-23,2025-06-26,271.4,275.6,uptrend,uptrend,irrelevant,uptrend,uptrend,irrelevant,uptrend,uptrend,irrelevant,uptrend,uptrend,irrelevant
242,CDR,neutral,8,3,2025-06-23,2025-06-26,271.4,275.6,uptrend,uptrend,irrelevant,uptrend,uptrend,irrelevant,uptrend,uptrend,irrelevant,uptrend,uptrend,irrelevant
242,CDR,neutral,9,3,2025-06-23,2025-06-26,271.4,275.6,uptrend,uptrend,irrelevant,uptrend,uptrend,irrelevant,uptrend,uptrend,irrelevant,uptrend,uptrend,irrelevant
242,CDR,neutral,10,3,2025-06-23,2025-06-26,271.4,275.6,uptrend,uptrend,irrelevant,uptrend,uptrend,irrelevant,uptrend,uptrend,irrelevant,uptrend,uptrend,irrelevant
242,CDR,neutral,2,4,2025-06-23,2025-06-27,271.4,275.3,uptrend,uptrend,irrelevant,uptrend,uptrend,irrelevant,uptrend,uptrend,irrelevant,uptrend,uptrend,irrelevant
242,CDR,neutral,3,4,2025-06-23,2025-06-27,271.4,275.3,uptrend,uptrend,irrelevant,uptrend,uptrend,irrelevant,uptrend,uptrend,irrelevant,uptrend,uptrend,irrelevant
242,CDR,neutral,4,4,2025-06-23,2025-06-27,271.4,275.3,uptrend,uptrend,irrelevant,uptrend,uptrend,irrelevant,uptrend,uptrend,irrelevant,uptrend,uptrend,irrelevant
242,CDR,neutral,5,4,2025-06-23,2025-06-27,271.4,275.3,uptrend,uptrend,irrelevant,uptrend,uptrend,irrelevant,uptrend,uptrend,irrelevant,uptrend,uptrend,irrelevant
242,CDR,neutral,6,4,2025-06-23,2025-06-27,271.4,275.3,uptrend,uptrend,irrelevant,uptrend,uptrend,irrelevant,uptrend,uptrend,irrelevant,uptrend,uptrend,irrelevant
242,CDR,neutral,7,4,2025-06-23,2025-06-27,271.4,275.3,uptrend,uptrend,irrelevant,uptrend,uptrend,irrelevant,uptrend,uptrend,irrelevant,uptrend,uptrend,irrelevant
242,CDR,neutral,8,4,2025-06-23,2025-06-27,271.4,275.3,uptrend,uptrend,irrelevant,uptrend,uptrend,irrelevant,uptrend,uptrend,irrelevant,uptrend,uptrend,irrelevant
242,CDR,neutral,9,4,2025-06-23,2025-06-27,271.4,275.3,uptrend,uptrend,irrelevant,uptrend,uptrend,irrelevant,uptrend,uptrend,irrelevant,uptrend,uptrend,irrelevant
242,CDR,neutral,10,4,2025-06-23,2025-06-27,271.4,275.3,uptrend,uptrend,irrelevant,uptrend,uptrend,irrelevant,uptrend,uptrend,irrelevant,uptrend,uptrend,irrelevant
242,CDR,neutral,4,5,2025-06-23,2025-06-30,271.4,280.8,uptrend,uptrend,irrelevant,uptrend,uptrend,irrelevant,uptrend,uptrend,irrelevant,uptrend,uptrend,irrelevant
242,CDR,neutral,5,5,2025-06-23,2025-06-30,271.4,280.8,uptrend,uptrend,irrelevant,uptrend,uptrend,irrelevant,uptrend,uptrend,irrelevant,uptrend,uptrend,irrelevant
242,CDR,neutral,6,5,2025-06-23,2025-06-30,271.4,280.8,uptrend,uptrend,irrelevant,uptrend,uptrend,irrelevant,uptrend,uptrend,irrelevant,uptrend,uptrend,irrelevant
242,CDR,neutral,7,5,2025-06-23,2025-06-30,271.4,280.8,uptrend,uptrend,irrelevant,uptrend,uptrend,irrelevant,uptrend,uptrend,irrelevant,uptrend,uptrend,irrelevant
242,CDR,neutral,8,5,2025-06-23,2025-06-30,271.4,280.8,uptrend,uptrend,irrelevant,uptrend,uptrend,irrelevant,uptrend,uptrend,irrelevant,uptrend,uptrend,irrelevant
242,CDR,neutral,9,5,2025-06-23,2025-06-30,271.4,280.8,uptrend,uptrend,irrelevant,uptrend,uptrend,irrelevant,uptrend,uptrend,irrelevant,uptrend,uptrend,irrelevant
242,CDR,neutral,10,5,2025-06-23,2025-06-30,271.4,280.8,uptrend,uptrend,irrelevant,uptrend,uptrend,irrelevant,uptrend,uptrend,irrelevant,uptrend,uptrend,irrelevant
243,CDR,neutral,2,1,2025-06-23,2025-06-24,271.4,276.0,uptrend,uptrend,irrelevant,uptrend,uptrend,irrelevant,uptrend,uptrend,irrelevant,uptrend,uptrend,irrelevant
243,CDR,neutral,3,1,2025-06-23,2025-06-24,271.4,276.0,uptrend,uptrend,irrelevant,uptrend,uptrend,irrelevant,uptrend,uptrend,irrelevant,uptrend,uptrend,irrelevant
243,CDR,neutral,4,1,2025-06-23,2025-06-24,271.4,276.0,uptrend,uptrend,irrelevant,uptrend,uptrend,irrelevant,uptrend,uptrend,irrelevant,uptrend,uptrend,irrelevant
243,CDR,neutral,5,1,2025-06-23,2025-06-24,271.4,276.0,uptrend,uptrend,irrelevant,uptrend,uptrend,irrelevant,uptrend,uptrend,irrelevant,uptrend,uptrend,irrelevant
243,CDR,neutral,6,1,2025-06-23,2025-06-24,271.4,276.0,uptrend,uptrend,irrelevant,uptrend,uptrend,irrelevant,uptrend,uptrend,irrelevant,uptrend,uptrend,irrelevant
243,CDR,neutral,7,1,2025-06-23,2025-06-24,271.4,276.0,uptrend,uptrend,irrelevant,uptrend,uptrend,irrelevant,uptrend,uptrend,irrelevant,uptrend,uptrend,irrelevant
243,CDR,neutral,8,1,2025-06-23,2025-06-24,271.4,276.0,uptrend,uptrend,irrelevant,uptrend,uptrend,irrelevant,uptrend,uptrend,irrelevant,uptrend,uptrend,irrelevant
243,CDR,neutral,9,1,2025-06-23,2025-06-24,271.4,276.0,uptrend,uptrend,irrelevant,uptrend,uptrend,irrelevant,uptrend,uptrend,irrelevant,uptrend,uptrend,irrelevant
243,CDR,neutral,10,1,2025-06-23,2025-06-24,271.4,276.0,uptrend,uptrend,irrelevant,uptrend,uptrend,irrelevant,uptrend,uptrend,irrelevant,uptrend,uptrend,irrelevant
243,CDR,neutral,2,2,2025-06-23,2025-06-25,271.4,275.2,uptrend,uptrend,irrelevant,uptrend,uptrend,irrelevant,uptrend,uptrend,irrelevant,uptrend,uptrend,irrelevant
243,CDR,neutral,3,2,2025-06-23,2025-06-25,271.4,275.2,uptrend,uptrend,irrelevant,uptrend,uptrend,irrelevant,uptrend,uptrend,irrelevant,uptrend,uptrend,irrelevant
243,CDR,neutral,4,2,2025-06-23,2025-06-25,271.4,275.2,uptrend,uptrend,irrelevant,uptrend,uptrend,irrelevant,uptrend,uptrend,irrelevant,uptrend,uptrend,irrelevant
243,CDR,neutral,5,2,2025-06-23,2025-06-25,271.4,275.2,uptrend,uptrend,irrelevant,uptrend,uptrend,irrelevant,uptrend,uptrend,irrelevant,uptrend,uptrend,irrelevant
243,CDR,neutral,6,2,2025-06-23,2025-06-25,271.4,275.2,uptrend,uptrend,irrelevant,uptrend,uptrend,irrelevant,uptrend,uptrend,irrelevant,uptrend,uptrend,irrelevant
243,CDR,neutral,7,2,2025-06-23,2025-06-25,271.4,275.2,uptrend,uptrend,irrelevant,uptrend,uptrend,irrelevant,uptrend,uptrend,irrelevant,uptrend,uptrend,irrelevant
243,CDR,neutral,8,2,2025-06-23,2025-06-25,271.4,275.2,uptrend,uptrend,irrelevant,uptrend,uptrend,irrelevant,uptrend,uptrend,irrelevant,uptrend,uptrend,irrelevant
243,CDR,neutral,9,2,2025-06-23,2025-06-25,271.4,275.2,uptrend,uptrend,irrelevant,uptrend,uptrend,irrelevant,uptrend,uptrend,irrelevant,uptrend,uptrend,irrelevant
243,CDR,neutral,10,2,2025-06-23,2025-06-25,271.4,275.2,uptrend,uptrend,irrelevant,uptrend,uptrend,irrelevant,uptrend,uptrend,irrelevant,uptrend,uptrend,irrelevant
243,CDR,neutral,2,3,2025-06-23,2025-06-26,271.4,275.6,uptrend,uptrend,irrelevant,uptrend,uptrend,irrelevant,uptrend,uptrend,irrelevant,uptrend,uptrend,irrelevant
243,CDR,neutral,3,3,2025-06-23,2025-06-26,271.4,275.6,uptrend,uptrend,irrelevant,uptrend,uptrend,irrelevant,uptrend,uptrend,irrelevant,uptrend,uptrend,irrelevant
243,CDR,neutral,4,3,2025-06-23,2025-06-26,271.4,275.6,uptrend,uptrend,irrelevant,uptrend,uptrend,irrelevant,uptrend,uptrend,irrelevant,uptrend,uptrend,irrelevant
243,CDR,neutral,5,3,2025-06-23,2025-06-26,271.4,275.6,uptrend,uptrend,irrelevant,uptrend,uptrend,irrelevant,uptrend,uptrend,irrelevant,uptrend,uptrend,irrelevant
243,CDR,neutral,6,3,2025-06-23,2025-06-26,271.4,275.6,uptrend,uptrend,irrelevant,uptrend,uptrend,irrelevant,uptrend,uptrend,irrelevant,uptrend,uptrend,irrelevant
243,CDR,neutral,7,3,2025-06-23,2025-06-26,271.4,275.6,uptrend,uptrend,irrelevant,uptrend,uptrend,irrelevant,uptrend,uptrend,irrelevant,uptrend,uptrend,irrelevant
243,CDR,neutral,8,3,2025-06-23,2025-06-26,271.4,275.6,uptrend,uptrend,irrelevant,uptrend,uptrend,irrelevant,uptrend,uptrend,irrelevant,uptrend,uptrend,irrelevant
243,CDR,neutral,9,3,2025-06-23,2025-06-26,271.4,275.6,uptrend,uptrend,irrelevant,uptrend,uptrend,irrelevant,uptrend,uptrend,irrelevant,uptrend,uptrend,irrelevant
243,CDR,neutral,10,3,2025-06-23,2025-06-26,271.4,275.6,uptrend,uptrend,irrelevant,uptrend,uptrend,irrelevant,uptrend,uptrend,irrelevant,uptrend,uptrend,irrelevant
243,CDR,neutral,2,4,2025-06-23,2025-06-27,271.4,275.3,uptrend,uptrend,irrelevant,uptrend,uptrend,irrelevant,uptrend,uptrend,irrelevant,uptrend,uptrend,irrelevant
243,CDR,neutral,3,4,2025-06-23,2025-06-27,271.4,275.3,uptrend,uptrend,irrelevant,uptrend,uptrend,irrelevant,uptrend,uptrend,irrelevant,uptrend,uptrend,irrelevant
243,CDR,neutral,4,4,2025-06-23,2025-06-27,271.4,275.3,uptrend,uptrend,irrelevant,uptrend,uptrend,irrelevant,uptrend,uptrend,irrelevant,uptrend,uptrend,irrelevant
243,CDR,neutral,5,4,2025-06-23,2025-06-27,271.4,275.3,uptrend,uptrend,irrelevant,uptrend,uptrend,irrelevant,uptrend,uptrend,irrelevant,uptrend,uptrend,irrelevant
243,CDR,neutral,6,4,2025-06-23,2025-06-27,271.4,275.3,uptrend,uptrend,irrelevant,uptrend,uptrend,irrelevant,uptrend,uptrend,irrelevant,uptrend,uptrend,irrelevant
243,CDR,neutral,7,4,2025-06-23,2025-06-27,271.4,275.3,uptrend,uptrend,irrelevant,uptrend,uptrend,irrelevant,uptrend,uptrend,irrelevant,uptrend,uptrend,irrelevant
243,CDR,neutral,8,4,2025-06-23,2025-06-27,271.4,275.3,uptrend,uptrend,irrelevant,uptrend,uptrend,irrelevant,uptrend,uptrend,irrelevant,uptrend,uptrend,irrelevant
243,CDR,neutral,9,4,2025-06-23,2025-06-27,271.4,275.3,uptrend,uptrend,irrelevant,uptrend,uptrend,irrelevant,uptrend,uptrend,irrelevant,uptrend,uptrend,irrelevant
243,CDR,neutral,10,4,2025-06-23,2025-06-27,271.4,275.3,uptrend,uptrend,irrelevant,uptrend,uptrend,irrelevant,uptrend,uptrend,irrelevant,uptrend,uptrend,irrelevant
243,CDR,neutral,4,5,2025-06-23,2025-06-30,271.4,280.8,uptrend,uptrend,irrelevant,uptrend,uptrend,irrelevant,uptrend,uptrend,irrelevant,uptrend,uptrend,irrelevant
243,CDR,neutral,5,5,2025-06-23,2025-06-30,271.4,280.8,uptrend,uptrend,irrelevant,uptrend,uptrend,irrelevant,uptrend,uptrend,irrelevant,uptrend,uptrend,irrelevant
243,CDR,neutral,6,5,2025-06-23,2025-06-30,271.4,280.8,uptrend,uptrend,irrelevant,uptrend,uptrend,irrelevant,uptrend,uptrend,irrelevant,uptrend,uptrend,irrelevant
243,CDR,neutral,7,5,2025-06-23,2025-06-30,271.4,280.8,uptrend,uptrend,irrelevant,uptrend,uptrend,irrelevant,uptrend,uptrend,irrelevant,uptrend,uptrend,irrelevant
243,CDR,neutral,8,5,2025-06-23,2025-06-30,271.4,280.8,uptrend,uptrend,irrelevant,uptrend,uptrend,irrelevant,uptrend,uptrend,irrelevant,uptrend,uptrend,irrelevant
243,CDR,neutral,9,5,2025-06-23,2025-06-30,271.4,280.8,uptrend,uptrend,irrelevant,uptrend,uptrend,irrelevant,uptrend,uptrend,irrelevant,uptrend,uptrend,irrelevant
243,CDR,neutral,10,5,2025-06-23,2025-06-30,271.4,280.8,uptrend,uptrend,irrelevant,uptrend,uptrend,irrelevant,uptrend,uptrend,irrelevant,uptrend,uptrend,irrelevant
244,CDR,positive,1,3,2025-06-18,2025-06-24,270.3,276.0,uptrend,uptrend,irrelevant,uptrend,uptrend,irrelevant,uptrend,uptrend,irrelevant,uptrend,uptrend,irrelevant
244,CDR,positive,2,3,2025-06-18,2025-06-24,270.3,276.0,uptrend,uptrend,irrelevant,uptrend,uptrend,irrelevant,uptrend,uptrend,irrelevant,uptrend,uptrend,irrelevant
244,CDR,positive,1,4,2025-06-18,2025-06-25,270.3,275.2,uptrend,uptrend,irrelevant,uptrend,uptrend,irrelevant,uptrend,uptrend,irrelevant,uptrend,uptrend,irrelevant
244,CDR,positive,1,5,2025-06-18,2025-06-26,270.3,275.6,uptrend,uptrend,irrelevant,uptrend,uptrend,irrelevant,uptrend,uptrend,irrelevant,uptrend,uptrend,irrelevant
245,CDR,positive,1,1,2025-06-03,2025-06-04,236.5,257.9,downtrend,downtrend,irrelevant,downtrend,uptrend,relevant,horizontal,horizontal,irrelevant,uptrend,uptrend,irrelevant
245,CDR,positive,2,1,2025-06-03,2025-06-04,236.5,257.9,downtrend,downtrend,irrelevant,downtrend,uptrend,relevant,horizontal,horizontal,irrelevant,uptrend,uptrend,irrelevant
245,CDR,positive,3,1,2025-06-03,2025-06-04,236.5,257.9,downtrend,downtrend,irrelevant,downtrend,uptrend,relevant,horizontal,horizontal,irrelevant,uptrend,uptrend,irrelevant
245,CDR,positive,4,1,2025-06-03,2025-06-04,236.5,257.9,downtrend,downtrend,irrelevant,downtrend,uptrend,relevant,horizontal,horizontal,irrelevant,uptrend,uptrend,irrelevant
245,CDR,positive,5,1,2025-06-03,2025-06-04,236.5,257.9,downtrend,downtrend,irrelevant,downtrend,uptrend,relevant,horizontal,horizontal,irrelevant,uptrend,uptrend,irrelevant
245,CDR,positive,6,1,2025-06-03,2025-06-04,236.5,257.9,downtrend,downtrend,irrelevant,downtrend,uptrend,relevant,horizontal,horizontal,irrelevant,uptrend,uptrend,irrelevant
245,CDR,positive,7,1,2025-06-03,2025-06-04,236.5,257.9,downtrend,downtrend,irrelevant,downtrend,uptrend,relevant,horizontal,horizontal,irrelevant,uptrend,uptrend,irrelevant
245,CDR,positive,8,1,2025-06-03,2025-06-04,236.5,257.9,downtrend,downtrend,irrelevant,downtrend,uptrend,relevant,horizontal,horizontal,irrelevant,uptrend,uptrend,irrelevant
245,CDR,positive,9,1,2025-06-03,2025-06-04,236.5,257.9,downtrend,downtrend,irrelevant,downtrend,uptrend,relevant,horizontal,horizontal,irrelevant,uptrend,uptrend,irrelevant
245,CDR,positive,1,2,2025-06-03,2025-06-05,236.5,259.0,downtrend,downtrend,irrelevant,downtrend,uptrend,relevant,horizontal,horizontal,irrelevant,uptrend,uptrend,irrelevant
245,CDR,positive,2,2,2025-06-03,2025-06-05,236.5,259.0,downtrend,downtrend,irrelevant,downtrend,uptrend,relevant,horizontal,horizontal,irrelevant,uptrend,uptrend,irrelevant
245,CDR,positive,3,2,2025-06-03,2025-06-05,236.5,259.0,downtrend,downtrend,irrelevant,downtrend,uptrend,relevant,horizontal,horizontal,irrelevant,uptrend,uptrend,irrelevant
245,CDR,positive,4,2,2025-06-03,2025-06-05,236.5,259.0,downtrend,downtrend,irrelevant,downtrend,uptrend,relevant,horizontal,horizontal,irrelevant,uptrend,uptrend,irrelevant
245,CDR,positive,5,2,2025-06-03,2025-06-05,236.5,259.0,downtrend,downtrend,irrelevant,downtrend,uptrend,relevant,horizontal,horizontal,irrelevant,uptrend,uptrend,irrelevant
245,CDR,positive,6,2,2025-06-03,2025-06-05,236.5,259.0,downtrend,downtrend,irrelevant,downtrend,uptrend,relevant,horizontal,horizontal,irrelevant,uptrend,uptrend,irrelevant
245,CDR,positive,7,2,2025-06-03,2025-06-05,236.5,259.0,downtrend,downtrend,irrelevant,downtrend,uptrend,relevant,horizontal,horizontal,irrelevant,uptrend,uptrend,irrelevant
245,CDR,positive,8,2,2025-06-03,2025-06-05,236.5,259.0,downtrend,downtrend,irrelevant,downtrend,uptrend,relevant,horizontal,horizontal,irrelevant,uptrend,uptrend,irrelevant
245,CDR,positive,9,2,2025-06-03,2025-06-05,236.5,259.0,downtrend,downtrend,irrelevant,downtrend,uptrend,relevant,horizontal,horizontal,irrelevant,uptrend,uptrend,irrelevant
245,CDR,positive,1,3,2025-06-03,2025-06-06,236.5,267.3,downtrend,uptrend,relevant,downtrend,uptrend,relevant,horizontal,uptrend,relevant,uptrend,uptrend,irrelevant
245,CDR,positive,2,3,2025-06-03,2025-06-06,236.5,267.3,downtrend,uptrend,relevant,downtrend,uptrend,relevant,horizontal,uptrend,relevant,uptrend,uptrend,irrelevant
245,CDR,positive,3,3,2025-06-03,2025-06-06,236.5,267.3,downtrend,uptrend,relevant,downtrend,uptrend,relevant,horizontal,uptrend,relevant,uptrend,uptrend,irrelevant
245,CDR,positive,4,3,2025-06-03,2025-06-06,236.5,267.3,downtrend,uptrend,relevant,downtrend,uptrend,relevant,horizontal,uptrend,relevant,uptrend,uptrend,irrelevant
245,CDR,positive,5,3,2025-06-03,2025-06-06,236.5,267.3,downtrend,uptrend,relevant,downtrend,uptrend,relevant,horizontal,uptrend,relevant,uptrend,uptrend,irrelevant
245,CDR,positive,6,3,2025-06-03,2025-06-06,236.5,267.3,downtrend,uptrend,relevant,downtrend,uptrend,relevant,horizontal,uptrend,relevant,uptrend,uptrend,irrelevant
245,CDR,positive,7,3,2025-06-03,2025-06-06,236.5,267.3,downtrend,uptrend,relevant,downtrend,uptrend,relevant,horizontal,uptrend,relevant,uptrend,uptrend,irrelevant
245,CDR,positive,8,3,2025-06-03,2025-06-06,236.5,267.3,downtrend,uptrend,relevant,downtrend,uptrend,relevant,horizontal,uptrend,relevant,uptrend,uptrend,irrelevant
245,CDR,positive,9,3,2025-06-03,2025-06-06,236.5,267.3,downtrend,uptrend,relevant,downtrend,uptrend,relevant,horizontal,uptrend,relevant,uptrend,uptrend,irrelevant
245,CDR,positive,10,3,2025-06-03,2025-06-06,236.5,267.3,downtrend,uptrend,relevant,downtrend,uptrend,relevant,horizontal,uptrend,relevant,uptrend,uptrend,irrelevant
245,CDR,positive,1,4,2025-06-03,2025-06-09,236.5,268.0,downtrend,uptrend,relevant,downtrend,uptrend,relevant,horizontal,uptrend,relevant,uptrend,uptrend,irrelevant
245,CDR,positive,2,4,2025-06-03,2025-06-09,236.5,268.0,downtrend,uptrend,relevant,downtrend,uptrend,relevant,horizontal,uptrend,relevant,uptrend,uptrend,irrelevant
245,CDR,positive,3,4,2025-06-03,2025-06-09,236.5,268.0,downtrend,uptrend,relevant,downtrend,uptrend,relevant,horizontal,uptrend,relevant,uptrend,uptrend,irrelevant
245,CDR,positive,4,4,2025-06-03,2025-06-09,236.5,268.0,downtrend,uptrend,relevant,downtrend,uptrend,relevant,horizontal,uptrend,relevant,uptrend,uptrend,irrelevant
245,CDR,positive,5,4,2025-06-03,2025-06-09,236.5,268.0,downtrend,uptrend,relevant,downtrend,uptrend,relevant,horizontal,uptrend,relevant,uptrend,uptrend,irrelevant
245,CDR,positive,6,4,2025-06-03,2025-06-09,236.5,268.0,downtrend,uptrend,relevant,downtrend,uptrend,relevant,horizontal,uptrend,relevant,uptrend,uptrend,irrelevant
245,CDR,positive,7,4,2025-06-03,2025-06-09,236.5,268.0,downtrend,uptrend,relevant,downtrend,uptrend,relevant,horizontal,uptrend,relevant,uptrend,uptrend,irrelevant
245,CDR,positive,8,4,2025-06-03,2025-06-09,236.5,268.0,downtrend,uptrend,relevant,downtrend,uptrend,relevant,horizontal,uptrend,relevant,uptrend,uptrend,irrelevant
245,CDR,positive,9,4,2025-06-03,2025-06-09,236.5,268.0,downtrend,uptrend,relevant,downtrend,uptrend,relevant,horizontal,uptrend,relevant,uptrend,uptrend,irrelevant
245,CDR,positive,10,4,2025-06-03,2025-06-09,236.5,268.0,downtrend,uptrend,relevant,downtrend,uptrend,relevant,horizontal,uptrend,relevant,uptrend,uptrend,irrelevant
245,CDR,positive,1,5,2025-06-03,2025-06-10,236.5,269.5,downtrend,uptrend,relevant,downtrend,uptrend,relevant,horizontal,uptrend,relevant,uptrend,uptrend,irrelevant
245,CDR,positive,2,5,2025-06-03,2025-06-10,236.5,269.5,downtrend,uptrend,relevant,downtrend,uptrend,relevant,horizontal,uptrend,relevant,uptrend,uptrend,irrelevant
245,CDR,positive,3,5,2025-06-03,2025-06-10,236.5,269.5,downtrend,uptrend,relevant,downtrend,uptrend,relevant,horizontal,uptrend,relevant,uptrend,uptrend,irrelevant
245,CDR,positive,4,5,2025-06-03,2025-06-10,236.5,269.5,downtrend,uptrend,relevant,downtrend,uptrend,relevant,horizontal,uptrend,relevant,uptrend,uptrend,irrelevant
245,CDR,positive,5,5,2025-06-03,2025-06-10,236.5,269.5,downtrend,uptrend,relevant,downtrend,uptrend,relevant,horizontal,uptrend,relevant,uptrend,uptrend,irrelevant
245,CDR,positive,6,5,2025-06-03,2025-06-10,236.5,269.5,downtrend,uptrend,relevant,downtrend,uptrend,relevant,horizontal,uptrend,relevant,uptrend,uptrend,irrelevant
245,CDR,positive,7,5,2025-06-03,2025-06-10,236.5,269.5,downtrend,uptrend,relevant,downtrend,uptrend,relevant,horizontal,uptrend,relevant,uptrend,uptrend,irrelevant
245,CDR,positive,8,5,2025-06-03,2025-06-10,236.5,269.5,downtrend,uptrend,relevant,downtrend,uptrend,relevant,horizontal,uptrend,relevant,uptrend,uptrend,irrelevant
245,CDR,positive,9,5,2025-06-03,2025-06-10,236.5,269.5,downtrend,uptrend,relevant,downtrend,uptrend,relevant,horizontal,uptrend,relevant,uptrend,uptrend,irrelevant
245,CDR,positive,10,5,2025-06-03,2025-06-10,236.5,269.5,downtrend,uptrend,relevant,downtrend,uptrend,relevant,horizontal,uptrend,relevant,uptrend,uptrend,irrelevant
246,CDR,positive,1,1,2025-06-03,2025-06-04,236.5,257.9,downtrend,downtrend,irrelevant,downtrend,uptrend,relevant,horizontal,horizontal,irrelevant,uptrend,uptrend,irrelevant
246,CDR,positive,2,1,2025-06-03,2025-06-04,236.5,257.9,downtrend,downtrend,irrelevant,downtrend,uptrend,relevant,horizontal,horizontal,irrelevant,uptrend,uptrend,irrelevant
246,CDR,positive,3,1,2025-06-03,2025-06-04,236.5,257.9,downtrend,downtrend,irrelevant,downtrend,uptrend,relevant,horizontal,horizontal,irrelevant,uptrend,uptrend,irrelevant
246,CDR,positive,4,1,2025-06-03,2025-06-04,236.5,257.9,downtrend,downtrend,irrelevant,downtrend,uptrend,relevant,horizontal,horizontal,irrelevant,uptrend,uptrend,irrelevant
246,CDR,positive,5,1,2025-06-03,2025-06-04,236.5,257.9,downtrend,downtrend,irrelevant,downtrend,uptrend,relevant,horizontal,horizontal,irrelevant,uptrend,uptrend,irrelevant
246,CDR,positive,6,1,2025-06-03,2025-06-04,236.5,257.9,downtrend,downtrend,irrelevant,downtrend,uptrend,relevant,horizontal,horizontal,irrelevant,uptrend,uptrend,irrelevant
246,CDR,positive,7,1,2025-06-03,2025-06-04,236.5,257.9,downtrend,downtrend,irrelevant,downtrend,uptrend,relevant,horizontal,horizontal,irrelevant,uptrend,uptrend,irrelevant
246,CDR,positive,8,1,2025-06-03,2025-06-04,236.5,257.9,downtrend,downtrend,irrelevant,downtrend,uptrend,relevant,horizontal,horizontal,irrelevant,uptrend,uptrend,irrelevant
246,CDR,positive,9,1,2025-06-03,2025-06-04,236.5,257.9,downtrend,downtrend,irrelevant,downtrend,uptrend,relevant,horizontal,horizontal,irrelevant,uptrend,uptrend,irrelevant
246,CDR,positive,1,2,2025-06-03,2025-06-05,236.5,259.0,downtrend,downtrend,irrelevant,downtrend,uptrend,relevant,horizontal,horizontal,irrelevant,uptrend,uptrend,irrelevant
246,CDR,positive,2,2,2025-06-03,2025-06-05,236.5,259.0,downtrend,downtrend,irrelevant,downtrend,uptrend,relevant,horizontal,horizontal,irrelevant,uptrend,uptrend,irrelevant
246,CDR,positive,3,2,2025-06-03,2025-06-05,236.5,259.0,downtrend,downtrend,irrelevant,downtrend,uptrend,relevant,horizontal,horizontal,irrelevant,uptrend,uptrend,irrelevant
246,CDR,positive,4,2,2025-06-03,2025-06-05,236.5,259.0,downtrend,downtrend,irrelevant,downtrend,uptrend,relevant,horizontal,horizontal,irrelevant,uptrend,uptrend,irrelevant
246,CDR,positive,5,2,2025-06-03,2025-06-05,236.5,259.0,downtrend,downtrend,irrelevant,downtrend,uptrend,relevant,horizontal,horizontal,irrelevant,uptrend,uptrend,irrelevant
246,CDR,positive,6,2,2025-06-03,2025-06-05,236.5,259.0,downtrend,downtrend,irrelevant,downtrend,uptrend,relevant,horizontal,horizontal,irrelevant,uptrend,uptrend,irrelevant
246,CDR,positive,7,2,2025-06-03,2025-06-05,236.5,259.0,downtrend,downtrend,irrelevant,downtrend,uptrend,relevant,horizontal,horizontal,irrelevant,uptrend,uptrend,irrelevant
246,CDR,positive,8,2,2025-06-03,2025-06-05,236.5,259.0,downtrend,downtrend,irrelevant,downtrend,uptrend,relevant,horizontal,horizontal,irrelevant,uptrend,uptrend,irrelevant
246,CDR,positive,9,2,2025-06-03,2025-06-05,236.5,259.0,downtrend,downtrend,irrelevant,downtrend,uptrend,relevant,horizontal,horizontal,irrelevant,uptrend,uptrend,irrelevant
246,CDR,positive,1,3,2025-06-03,2025-06-06,236.5,267.3,downtrend,uptrend,relevant,downtrend,uptrend,relevant,horizontal,uptrend,relevant,uptrend,uptrend,irrelevant
246,CDR,positive,2,3,2025-06-03,2025-06-06,236.5,267.3,downtrend,uptrend,relevant,downtrend,uptrend,relevant,horizontal,uptrend,relevant,uptrend,uptrend,irrelevant
246,CDR,positive,3,3,2025-06-03,2025-06-06,236.5,267.3,downtrend,uptrend,relevant,downtrend,uptrend,relevant,horizontal,uptrend,relevant,uptrend,uptrend,irrelevant
246,CDR,positive,4,3,2025-06-03,2025-06-06,236.5,267.3,downtrend,uptrend,relevant,downtrend,uptrend,relevant,horizontal,uptrend,relevant,uptrend,uptrend,irrelevant
246,CDR,positive,5,3,2025-06-03,2025-06-06,236.5,267.3,downtrend,uptrend,relevant,downtrend,uptrend,relevant,horizontal,uptrend,relevant,uptrend,uptrend,irrelevant
246,CDR,positive,6,3,2025-06-03,2025-06-06,236.5,267.3,downtrend,uptrend,relevant,downtrend,uptrend,relevant,horizontal,uptrend,relevant,uptrend,uptrend,irrelevant
246,CDR,positive,7,3,2025-06-03,2025-06-06,236.5,267.3,downtrend,uptrend,relevant,downtrend,uptrend,relevant,horizontal,uptrend,relevant,uptrend,uptrend,irrelevant
246,CDR,positive,8,3,2025-06-03,2025-06-06,236.5,267.3,downtrend,uptrend,relevant,downtrend,uptrend,relevant,horizontal,uptrend,relevant,uptrend,uptrend,irrelevant
246,CDR,positive,9,3,2025-06-03,2025-06-06,236.5,267.3,downtrend,uptrend,relevant,downtrend,uptrend,relevant,horizontal,uptrend,relevant,uptrend,uptrend,irrelevant
246,CDR,positive,10,3,2025-06-03,2025-06-06,236.5,267.3,downtrend,uptrend,relevant,downtrend,uptrend,relevant,horizontal,uptrend,relevant,uptrend,uptrend,irrelevant
246,CDR,positive,1,4,2025-06-03,2025-06-09,236.5,268.0,downtrend,uptrend,relevant,downtrend,uptrend,relevant,horizontal,uptrend,relevant,uptrend,uptrend,irrelevant
246,CDR,positive,2,4,2025-06-03,2025-06-09,236.5,268.0,downtrend,uptrend,relevant,downtrend,uptrend,relevant,horizontal,uptrend,relevant,uptrend,uptrend,irrelevant
246,CDR,positive,3,4,2025-06-03,2025-06-09,236.5,268.0,downtrend,uptrend,relevant,downtrend,uptrend,relevant,horizontal,uptrend,relevant,uptrend,uptrend,irrelevant
246,CDR,positive,4,4,2025-06-03,2025-06-09,236.5,268.0,downtrend,uptrend,relevant,downtrend,uptrend,relevant,horizontal,uptrend,relevant,uptrend,uptrend,irrelevant
246,CDR,positive,5,4,2025-06-03,2025-06-09,236.5,268.0,downtrend,uptrend,relevant,downtrend,uptrend,relevant,horizontal,uptrend,relevant,uptrend,uptrend,irrelevant
246,CDR,positive,6,4,2025-06-03,2025-06-09,236.5,268.0,downtrend,uptrend,relevant,downtrend,uptrend,relevant,horizontal,uptrend,relevant,uptrend,uptrend,irrelevant
246,CDR,positive,7,4,2025-06-03,2025-06-09,236.5,268.0,downtrend,uptrend,relevant,downtrend,uptrend,relevant,horizontal,uptrend,relevant,uptrend,uptrend,irrelevant
246,CDR,positive,8,4,2025-06-03,2025-06-09,236.5,268.0,downtrend,uptrend,relevant,downtrend,uptrend,relevant,horizontal,uptrend,relevant,uptrend,uptrend,irrelevant
246,CDR,positive,9,4,2025-06-03,2025-06-09,236.5,268.0,downtrend,uptrend,relevant,downtrend,uptrend,relevant,horizontal,uptrend,relevant,uptrend,uptrend,irrelevant
246,CDR,positive,10,4,2025-06-03,2025-06-09,236.5,268.0,downtrend,uptrend,relevant,downtrend,uptrend,relevant,horizontal,uptrend,relevant,uptrend,uptrend,irrelevant
246,CDR,positive,1,5,2025-06-03,2025-06-10,236.5,269.5,downtrend,uptrend,relevant,downtrend,uptrend,relevant,horizontal,uptrend,relevant,uptrend,uptrend,irrelevant
246,CDR,positive,2,5,2025-06-03,2025-06-10,236.5,269.5,downtrend,uptrend,relevant,downtrend,uptrend,relevant,horizontal,uptrend,relevant,uptrend,uptrend,irrelevant
246,CDR,positive,3,5,2025-06-03,2025-06-10,236.5,269.5,downtrend,uptrend,relevant,downtrend,uptrend,relevant,horizontal,uptrend,relevant,uptrend,uptrend,irrelevant
246,CDR,positive,4,5,2025-06-03,2025-06-10,236.5,269.5,downtrend,uptrend,relevant,downtrend,uptrend,relevant,horizontal,uptrend,relevant,uptrend,uptrend,irrelevant
246,CDR,positive,5,5,2025-06-03,2025-06-10,236.5,269.5,downtrend,uptrend,relevant,downtrend,uptrend,relevant,horizontal,uptrend,relevant,uptrend,uptrend,irrelevant
246,CDR,positive,6,5,2025-06-03,2025-06-10,236.5,269.5,downtrend,uptrend,relevant,downtrend,uptrend,relevant,horizontal,uptrend,relevant,uptrend,uptrend,irrelevant
246,CDR,positive,7,5,2025-06-03,2025-06-10,236.5,269.5,downtrend,uptrend,relevant,downtrend,uptrend,relevant,horizontal,uptrend,relevant,uptrend,uptrend,irrelevant
246,CDR,positive,8,5,2025-06-03,2025-06-10,236.5,269.5,downtrend,uptrend,relevant,downtrend,uptrend,relevant,horizontal,uptrend,relevant,uptrend,uptrend,irrelevant
246,CDR,positive,9,5,2025-06-03,2025-06-10,236.5,269.5,downtrend,uptrend,relevant,downtrend,uptrend,relevant,horizontal,uptrend,relevant,uptrend,uptrend,irrelevant
246,CDR,positive,10,5,2025-06-03,2025-06-10,236.5,269.5,downtrend,uptrend,relevant,downtrend,uptrend,relevant,horizontal,uptrend,relevant,uptrend,uptrend,irrelevant
247,PKO,neutral,1,1,2025-12-05,2025-12-08,77.32,77.86,uptrend,uptrend,irrelevant,uptrend,uptrend,irrelevant,horizontal,horizontal,irrelevant,uptrend,uptrend,irrelevant
247,PKO,neutral,2,1,2025-12-05,2025-12-08,77.32,77.86,uptrend,uptrend,irrelevant,uptrend,uptrend,irrelevant,horizontal,horizontal,irrelevant,uptrend,uptrend,irrelevant
247,PKO,neutral,3,1,2025-12-05,2025-12-08,77.32,77.86,uptrend,uptrend,irrelevant,uptrend,uptrend,irrelevant,horizontal,horizontal,irrelevant,uptrend,uptrend,irrelevant
247,PKO,neutral,4,1,2025-12-05,2025-12-08,77.32,77.86,uptrend,uptrend,irrelevant,uptrend,uptrend,irrelevant,horizontal,horizontal,irrelevant,uptrend,uptrend,irrelevant
247,PKO,neutral,5,1,2025-12-05,2025-12-08,77.32,77.86,uptrend,uptrend,irrelevant,uptrend,uptrend,irrelevant,horizontal,horizontal,irrelevant,uptrend,uptrend,irrelevant
247,PKO,neutral,6,1,2025-12-05,2025-12-08,77.32,77.86,uptrend,uptrend,irrelevant,uptrend,uptrend,irrelevant,horizontal,horizontal,irrelevant,uptrend,uptrend,irrelevant
247,PKO,neutral,7,1,2025-12-05,2025-12-08,77.32,77.86,uptrend,uptrend,irrelevant,uptrend,uptrend,irrelevant,horizontal,horizontal,irrelevant,uptrend,uptrend,irrelevant
247,PKO,neutral,8,1,2025-12-05,2025-12-08,77.32,77.86,uptrend,uptrend,irrelevant,uptrend,uptrend,irrelevant,horizontal,horizontal,irrelevant,uptrend,uptrend,irrelevant
247,PKO,neutral,9,1,2025-12-05,2025-12-08,77.32,77.86,uptrend,uptrend,irrelevant,uptrend,uptrend,irrelevant,horizontal,horizontal,irrelevant,uptrend,uptrend,irrelevant
247,PKO,neutral,10,1,2025-12-05,2025-12-08,77.32,77.86,uptrend,uptrend,irrelevant,uptrend,uptrend,irrelevant,horizontal,horizontal,irrelevant,uptrend,uptrend,irrelevant
247,PKO,neutral,4,2,2025-12-05,2025-12-09,77.32,80.0,uptrend,uptrend,irrelevant,uptrend,uptrend,irrelevant,horizontal,horizontal,irrelevant,uptrend,uptrend,irrelevant
247,PKO,neutral,5,2,2025-12-05,2025-12-09,77.32,80.0,uptrend,uptrend,irrelevant,uptrend,uptrend,irrelevant,horizontal,horizontal,irrelevant,uptrend,uptrend,irrelevant
247,PKO,neutral,6,2,2025-12-05,2025-12-09,77.32,80.0,uptrend,uptrend,irrelevant,uptrend,uptrend,irrelevant,horizontal,horizontal,irrelevant,uptrend,uptrend,irrelevant
247,PKO,neutral,7,2,2025-12-05,2025-12-09,77.32,80.0,uptrend,uptrend,irrelevant,uptrend,uptrend,irrelevant,horizontal,horizontal,irrelevant,uptrend,uptrend,irrelevant
247,PKO,neutral,8,2,2025-12-05,2025-12-09,77.32,80.0,uptrend,uptrend,irrelevant,uptrend,uptrend,irrelevant,horizontal,horizontal,irrelevant,uptrend,uptrend,irrelevant
247,PKO,neutral,9,2,2025-12-05,2025-12-09,77.32,80.0,uptrend,uptrend,irrelevant,uptrend,uptrend,irrelevant,horizontal,horizontal,irrelevant,uptrend,uptrend,irrelevant
247,PKO,neutral,10,2,2025-12-05,2025-12-09,77.32,80.0,uptrend,uptrend,irrelevant,uptrend,uptrend,irrelevant,horizontal,horizontal,irrelevant,uptrend,uptrend,irrelevant
247,PKO,neutral,5,3,2025-12-05,2025-12-10,77.32,80.5,uptrend,uptrend,irrelevant,uptrend,uptrend,irrelevant,horizontal,horizontal,irrelevant,uptrend,uptrend,irrelevant
247,PKO,neutral,6,3,2025-12-05,2025-12-10,77.32,80.5,uptrend,uptrend,irrelevant,uptrend,uptrend,irrelevant,horizontal,horizontal,irrelevant,uptrend,uptrend,irrelevant
247,PKO,neutral,7,3,2025-12-05,2025-12-10,77.32,80.5,uptrend,uptrend,irrelevant,uptrend,uptrend,irrelevant,horizontal,horizontal,irrelevant,uptrend,uptrend,irrelevant
247,PKO,neutral,8,3,2025-12-05,2025-12-10,77.32,80.5,uptrend,uptrend,irrelevant,uptrend,uptrend,irrelevant,horizontal,horizontal,irrelevant,uptrend,uptrend,irrelevant
247,PKO,neutral,9,3,2025-12-05,2025-12-10,77.32,80.5,uptrend,uptrend,irrelevant,uptrend,uptrend,irrelevant,horizontal,horizontal,irrelevant,uptrend,uptrend,irrelevant
247,PKO,neutral,10,3,2025-12-05,2025-12-10,77.32,80.5,uptrend,uptrend,irrelevant,uptrend,uptrend,irrelevant,horizontal,horizontal,irrelevant,uptrend,uptrend,irrelevant
247,PKO,neutral,6,4,2025-12-05,2025-12-11,77.32,81.38,uptrend,uptrend,irrelevant,uptrend,uptrend,irrelevant,horizontal,horizontal,irrelevant,uptrend,uptrend,irrelevant
247,PKO,neutral,7,4,2025-12-05,2025-12-11,77.32,81.38,uptrend,uptrend,irrelevant,uptrend,uptrend,irrelevant,horizontal,horizontal,irrelevant,uptrend,uptrend,irrelevant
247,PKO,neutral,8,4,2025-12-05,2025-12-11,77.32,81.38,uptrend,uptrend,irrelevant,uptrend,uptrend,irrelevant,horizontal,horizontal,irrelevant,uptrend,uptrend,irrelevant
247,PKO,neutral,9,4,2025-12-05,2025-12-11,77.32,81.38,uptrend,uptrend,irrelevant,uptrend,uptrend,irrelevant,horizontal,horizontal,irrelevant,uptrend,uptrend,irrelevant
247,PKO,neutral,10,4,2025-12-05,2025-12-11,77.32,81.38,uptrend,uptrend,irrelevant,uptrend,uptrend,irrelevant,horizontal,horizontal,irrelevant,uptrend,uptrend,irrelevant
247,PKO,neutral,6,5,2025-12-05,2025-12-12,77.32,81.2,uptrend,uptrend,irrelevant,uptrend,uptrend,irrelevant,horizontal,horizontal,irrelevant,uptrend,uptrend,irrelevant
247,PKO,neutral,7,5,2025-12-05,2025-12-12,77.32,81.2,uptrend,uptrend,irrelevant,uptrend,uptrend,irrelevant,horizontal,horizontal,irrelevant,uptrend,uptrend,irrelevant
247,PKO,neutral,8,5,2025-12-05,2025-12-12,77.32,81.2,uptrend,uptrend,irrelevant,uptrend,uptrend,irrelevant,horizontal,horizontal,irrelevant,uptrend,uptrend,irrelevant
247,PKO,neutral,9,5,2025-12-05,2025-12-12,77.32,81.2,uptrend,uptrend,irrelevant,uptrend,uptrend,irrelevant,horizontal,horizontal,irrelevant,uptrend,uptrend,irrelevant
247,PKO,neutral,10,5,2025-12-05,2025-12-12,77.32,81.2,uptrend,uptrend,irrelevant,uptrend,uptrend,irrelevant,horizontal,horizontal,irrelevant,uptrend,uptrend,irrelevant
248,PKO,positive,1,4,2025-12-03,2025-12-09,77.5,80.0,uptrend,uptrend,irrelevant,uptrend,uptrend,irrelevant,horizontal,horizontal,irrelevant,uptrend,uptrend,irrelevant
248,PKO,positive,2,4,2025-12-03,2025-12-09,77.5,80.0,uptrend,uptrend,irrelevant,uptrend,uptrend,irrelevant,horizontal,horizontal,irrelevant,uptrend,uptrend,irrelevant
248,PKO,positive,3,4,2025-12-03,2025-12-09,77.5,80.0,uptrend,uptrend,irrelevant,uptrend,uptrend,irrelevant,horizontal,horizontal,irrelevant,uptrend,uptrend,irrelevant
248,PKO,positive,1,5,2025-12-03,2025-12-10,77.5,80.5,uptrend,uptrend,irrelevant,uptrend,uptrend,irrelevant,horizontal,horizontal,irrelevant,uptrend,uptrend,irrelevant
248,PKO,positive,2,5,2025-12-03,2025-12-10,77.5,80.5,uptrend,uptrend,irrelevant,uptrend,uptrend,irrelevant,horizontal,horizontal,irrelevant,uptrend,uptrend,irrelevant
248,PKO,positive,3,5,2025-12-03,2025-12-10,77.5,80.5,uptrend,uptrend,irrelevant,uptrend,uptrend,irrelevant,horizontal,horizontal,irrelevant,uptrend,uptrend,irrelevant
249,PKO,positive,1,4,2025-12-03,2025-12-09,77.5,80.0,uptrend,uptrend,irrelevant,uptrend,uptrend,irrelevant,horizontal,horizontal,irrelevant,uptrend,uptrend,irrelevant
249,PKO,positive,2,4,2025-12-03,2025-12-09,77.5,80.0,uptrend,uptrend,irrelevant,uptrend,uptrend,irrelevant,horizontal,horizontal,irrelevant,uptrend,uptrend,irrelevant
249,PKO,positive,3,4,2025-12-03,2025-12-09,77.5,80.0,uptrend,uptrend,irrelevant,uptrend,uptrend,irrelevant,horizontal,horizontal,irrelevant,uptrend,uptrend,irrelevant
249,PKO,positive,1,5,2025-12-03,2025-12-10,77.5,80.5,uptrend,uptrend,irrelevant,uptrend,uptrend,irrelevant,horizontal,horizontal,irrelevant,uptrend,uptrend,irrelevant
249,PKO,positive,2,5,2025-12-03,2025-12-10,77.5,80.5,uptrend,uptrend,irrelevant,uptrend,uptrend,irrelevant,horizontal,horizontal,irrelevant,uptrend,uptrend,irrelevant
249,PKO,positive,3,5,2025-12-03,2025-12-10,77.5,80.5,uptrend,uptrend,irrelevant,uptrend,uptrend,irrelevant,horizontal,horizontal,irrelevant,uptrend,uptrend,irrelevant
250,PKO,positive,1,4,2025-12-02,2025-12-08,76.9,77.86,horizontal,uptrend,relevant,uptrend,uptrend,irrelevant,horizontal,horizontal,irrelevant,horizontal,uptrend,relevant
250,PKO,positive,1,5,2025-12-02,2025-12-09,76.9,80.0,horizontal,uptrend,relevant,uptrend,uptrend,irrelevant,horizontal,horizontal,irrelevant,horizontal,uptrend,relevant
250,PKO,positive,2,5,2025-12-02,2025-12-09,76.9,80.0,horizontal,uptrend,relevant,uptrend,uptrend,irrelevant,horizontal,horizontal,irrelevant,horizontal,uptrend,relevant
250,PKO,positive,3,5,2025-12-02,2025-12-09,76.9,80.0,horizontal,uptrend,relevant,uptrend,uptrend,irrelevant,horizontal,horizontal,irrelevant,horizontal,uptrend,relevant
250,PKO,positive,4,5,2025-12-02,2025-12-09,76.9,80.0,horizontal,uptrend,relevant,uptrend,uptrend,irrelevant,horizontal,horizontal,irrelevant,horizontal,uptrend,relevant
263,PKO,positive,1,1,2025-10-22,2025-10-23,76.54,77.36,uptrend,uptrend,irrelevant,uptrend,uptrend,irrelevant,horizontal,horizontal,irrelevant,horizontal,horizontal,irrelevant
263,PKO,positive,1,4,2025-10-22,2025-10-28,76.54,78.26,uptrend,uptrend,irrelevant,uptrend,uptrend,irrelevant,horizontal,uptrend,relevant,horizontal,uptrend,relevant
263,PKO,positive,2,4,2025-10-22,2025-10-28,76.54,78.26,uptrend,uptrend,irrelevant,uptrend,uptrend,irrelevant,horizontal,uptrend,relevant,horizontal,uptrend,relevant
263,PKO,positive,1,5,2025-10-22,2025-10-29,76.54,77.8,uptrend,uptrend,irrelevant,uptrend,uptrend,irrelevant,horizontal,uptrend,relevant,horizontal,uptrend,relevant
264,PKO,positive,1,2,2025-10-13,2025-10-15,74.44,76.0,uptrend,uptrend,irrelevant,uptrend,uptrend,irrelevant,horizontal,horizontal,irrelevant,downtrend,horizontal,irrelevant
264,PKO,positive,2,2,2025-10-13,2025-10-15,74.44,76.0,uptrend,uptrend,irrelevant,uptrend,uptrend,irrelevant,horizontal,horizontal,irrelevant,downtrend,horizontal,irrelevant
264,PKO,positive,1,3,2025-10-13,2025-10-16,74.44,75.4,uptrend,uptrend,irrelevant,uptrend,uptrend,irrelevant,horizontal,horizontal,irrelevant,downtrend,horizontal,irrelevant
264,PKO,positive,1,5,2025-10-13,2025-10-20,74.44,75.62,uptrend,uptrend,irrelevant,uptrend,uptrend,irrelevant,horizontal,horizontal,irrelevant,downtrend,horizontal,irrelevant
265,PKO,positive,1,2,2025-10-13,2025-10-15,74.44,76.0,uptrend,uptrend,irrelevant,uptrend,uptrend,irrelevant,horizontal,horizontal,irrelevant,downtrend,horizontal,irrelevant
265,PKO,positive,2,2,2025-10-13,2025-10-15,74.44,76.0,uptrend,uptrend,irrelevant,uptrend,uptrend,irrelevant,horizontal,horizontal,irrelevant,downtrend,horizontal,irrelevant
265,PKO,positive,1,3,2025-10-13,2025-10-16,74.44,75.4,uptrend,uptrend,irrelevant,uptrend,uptrend,irrelevant,horizontal,horizontal,irrelevant,downtrend,horizontal,irrelevant
265,PKO,positive,1,5,2025-10-13,2025-10-20,74.44,75.62,uptrend,uptrend,irrelevant,uptrend,uptrend,irrelevant,horizontal,horizontal,irrelevant,downtrend,horizontal,irrelevant
266,KGH,positive,1,2,2025-12-08,2025-12-10,234.4,241.5,uptrend,uptrend,irrelevant,uptrend,uptrend,irrelevant,uptrend,uptrend,irrelevant,uptrend,uptrend,irrelevant
266,KGH,positive,2,2,2025-12-08,2025-12-10,234.4,241.5,uptrend,uptrend,irrelevant,uptrend,uptrend,irrelevant,uptrend,uptrend,irrelevant,uptrend,uptrend,irrelevant
266,KGH,positive,3,2,2025-12-08,2025-12-10,234.4,241.5,uptrend,uptrend,irrelevant,uptrend,uptrend,irrelevant,uptrend,uptrend,irrelevant,uptrend,uptrend,irrelevant
266,KGH,positive,1,3,2025-12-08,2025-12-11,234.4,245.0,uptrend,uptrend,irrelevant,uptrend,uptrend,irrelevant,uptrend,uptrend,irrelevant,uptrend,uptrend,irrelevant
266,KGH,positive,2,3,2025-12-08,2025-12-11,234.4,245.0,uptrend,uptrend,irrelevant,uptrend,uptrend,irrelevant,uptrend,uptrend,irrelevant,uptrend,uptrend,irrelevant
266,KGH,positive,3,3,2025-12-08,2025-12-11,234.4,245.0,uptrend,uptrend,irrelevant,uptrend,uptrend,irrelevant,uptrend,uptrend,irrelevant,uptrend,uptrend,irrelevant
266,KGH,positive,4,3,2025-12-08,2025-12-11,234.4,245.0,uptrend,uptrend,irrelevant,uptrend,uptrend,irrelevant,uptrend,uptrend,irrelevant,uptrend,uptrend,irrelevant
266,KGH,positive,1,4,2025-12-08,2025-12-12,234.4,244.5,uptrend,uptrend,irrelevant,uptrend,uptrend,irrelevant,uptrend,uptrend,irrelevant,uptrend,uptrend,irrelevant
266,KGH,positive,2,4,2025-12-08,2025-12-12,234.4,244.5,uptrend,uptrend,irrelevant,uptrend,uptrend,irrelevant,uptrend,uptrend,irrelevant,uptrend,uptrend,irrelevant
266,KGH,positive,3,4,2025-12-08,2025-12-12,234.4,244.5,uptrend,uptrend,irrelevant,uptrend,uptrend,irrelevant,uptrend,uptrend,irrelevant,uptrend,uptrend,irrelevant
266,KGH,positive,4,4,2025-12-08,2025-12-12,234.4,244.5,uptrend,uptrend,irrelevant,uptrend,uptrend,irrelevant,uptrend,uptrend,irrelevant,uptrend,uptrend,irrelevant
266,KGH,positive,1,5,2025-12-08,2025-12-15,234.4,250.8,uptrend,uptrend,irrelevant,uptrend,uptrend,irrelevant,uptrend,uptrend,irrelevant,uptrend,uptrend,irrelevant
266,KGH,positive,2,5,2025-12-08,2025-12-15,234.4,250.8,uptrend,uptrend,irrelevant,uptrend,uptrend,irrelevant,uptrend,uptrend,irrelevant,uptrend,uptrend,irrelevant
266,KGH,positive,3,5,2025-12-08,2025-12-15,234.4,250.8,uptrend,uptrend,irrelevant,uptrend,uptrend,irrelevant,uptrend,uptrend,irrelevant,uptrend,uptrend,irrelevant
266,KGH,positive,4,5,2025-12-08,2025-12-15,234.4,250.8,uptrend,uptrend,irrelevant,uptrend,uptrend,irrelevant,uptrend,uptrend,irrelevant,uptrend,uptrend,irrelevant
266,KGH,positive,5,5,2025-12-08,2025-12-15,234.4,250.8,uptrend,uptrend,irrelevant,uptrend,uptrend,irrelevant,uptrend,uptrend,irrelevant,uptrend,uptrend,irrelevant
266,KGH,positive,6,5,2025-12-08,2025-12-15,234.4,250.8,uptrend,uptrend,irrelevant,uptrend,uptrend,irrelevant,uptrend,uptrend,irrelevant,uptrend,uptrend,irrelevant
267,KGH,positive,1,3,2025-12-05,2025-12-10,235.0,241.5,uptrend,uptrend,irrelevant,uptrend,uptrend,irrelevant,uptrend,uptrend,irrelevant,uptrend,uptrend,irrelevant
267,KGH,positive,2,3,2025-12-05,2025-12-10,235.0,241.5,uptrend,uptrend,irrelevant,uptrend,uptrend,irrelevant,uptrend,uptrend,irrelevant,uptrend,uptrend,irrelevant
267,KGH,positive,1,4,2025-12-05,2025-12-11,235.0,245.0,uptrend,uptrend,irrelevant,uptrend,uptrend,irrelevant,uptrend,uptrend,irrelevant,uptrend,uptrend,irrelevant
267,KGH,positive,2,4,2025-12-05,2025-12-11,235.0,245.0,uptrend,uptrend,irrelevant,uptrend,uptrend,irrelevant,uptrend,uptrend,irrelevant,uptrend,uptrend,irrelevant
267,KGH,positive,3,4,2025-12-05,2025-12-11,235.0,245.0,uptrend,uptrend,irrelevant,uptrend,uptrend,irrelevant,uptrend,uptrend,irrelevant,uptrend,uptrend,irrelevant
267,KGH,positive,4,4,2025-12-05,2025-12-11,235.0,245.0,uptrend,uptrend,irrelevant,uptrend,uptrend,irrelevant,uptrend,uptrend,irrelevant,uptrend,uptrend,irrelevant
267,KGH,positive,1,5,2025-12-05,2025-12-12,235.0,244.5,uptrend,uptrend,irrelevant,uptrend,uptrend,irrelevant,uptrend,uptrend,irrelevant,uptrend,uptrend,irrelevant
267,KGH,positive,2,5,2025-12-05,2025-12-12,235.0,244.5,uptrend,uptrend,irrelevant,uptrend,uptrend,irrelevant,uptrend,uptrend,irrelevant,uptrend,uptrend,irrelevant
267,KGH,positive,3,5,2025-12-05,2025-12-12,235.0,244.5,uptrend,uptrend,irrelevant,uptrend,uptrend,irrelevant,uptrend,uptrend,irrelevant,uptrend,uptrend,irrelevant
267,KGH,positive,4,5,2025-12-05,2025-12-12,235.0,244.5,uptrend,uptrend,irrelevant,uptrend,uptrend,irrelevant,uptrend,uptrend,irrelevant,uptrend,uptrend,irrelevant
268,KGH,positive,1,2,2025-12-03,2025-12-05,222.9,235.0,uptrend,uptrend,irrelevant,uptrend,uptrend,irrelevant,uptrend,uptrend,irrelevant,uptrend,uptrend,irrelevant
268,KGH,positive,2,2,2025-12-03,2025-12-05,222.9,235.0,uptrend,uptrend,irrelevant,uptrend,uptrend,irrelevant,uptrend,uptrend,irrelevant,uptrend,uptrend,irrelevant
268,KGH,positive,3,2,2025-12-03,2025-12-05,222.9,235.0,uptrend,uptrend,irrelevant,uptrend,uptrend,irrelevant,uptrend,uptrend,irrelevant,uptrend,uptrend,irrelevant
268,KGH,positive,4,2,2025-12-03,2025-12-05,222.9,235.0,uptrend,uptrend,irrelevant,uptrend,uptrend,irrelevant,uptrend,uptrend,irrelevant,uptrend,uptrend,irrelevant
268,KGH,positive,5,2,2025-12-03,2025-12-05,222.9,235.0,uptrend,uptrend,irrelevant,uptrend,uptrend,irrelevant,uptrend,uptrend,irrelevant,uptrend,uptrend,irrelevant
268,KGH,positive,1,3,2025-12-03,2025-12-08,222.9,234.4,uptrend,uptrend,irrelevant,uptrend,uptrend,irrelevant,uptrend,uptrend,irrelevant,uptrend,uptrend,irrelevant
268,KGH,positive,2,3,2025-12-03,2025-12-08,222.9,234.4,uptrend,uptrend,irrelevant,uptrend,uptrend,irrelevant,uptrend,uptrend,irrelevant,uptrend,uptrend,irrelevant
268,KGH,positive,3,3,2025-12-03,2025-12-08,222.9,234.4,uptrend,uptrend,irrelevant,uptrend,uptrend,irrelevant,uptrend,uptrend,irrelevant,uptrend,uptrend,irrelevant
268,KGH,positive,4,3,2025-12-03,2025-12-08,222.9,234.4,uptrend,uptrend,irrelevant,uptrend,uptrend,irrelevant,uptrend,uptrend,irrelevant,uptrend,uptrend,irrelevant
268,KGH,positive,5,3,2025-12-03,2025-12-08,222.9,234.4,uptrend,uptrend,irrelevant,uptrend,uptrend,irrelevant,uptrend,uptrend,irrelevant,uptrend,uptrend,irrelevant
268,KGH,positive,1,4,2025-12-03,2025-12-09,222.9,235.8,uptrend,uptrend,irrelevant,uptrend,uptrend,irrelevant,uptrend,uptrend,irrelevant,uptrend,uptrend,irrelevant
268,KGH,positive,2,4,2025-12-03,2025-12-09,222.9,235.8,uptrend,uptrend,irrelevant,uptrend,uptrend,irrelevant,uptrend,uptrend,irrelevant,uptrend,uptrend,irrelevant
268,KGH,positive,3,4,2025-12-03,2025-12-09,222.9,235.8,uptrend,uptrend,irrelevant,uptrend,uptrend,irrelevant,uptrend,uptrend,irrelevant,uptrend,uptrend,irrelevant
268,KGH,positive,4,4,2025-12-03,2025-12-09,222.9,235.8,uptrend,uptrend,irrelevant,uptrend,uptrend,irrelevant,uptrend,uptrend,irrelevant,uptrend,uptrend,irrelevant
268,KGH,positive,5,4,2025-12-03,2025-12-09,222.9,235.8,uptrend,uptrend,irrelevant,uptrend,uptrend,irrelevant,uptrend,uptrend,irrelevant,uptrend,uptrend,irrelevant
268,KGH,positive,1,5,2025-12-03,2025-12-10,222.9,241.5,uptrend,uptrend,irrelevant,uptrend,uptrend,irrelevant,uptrend,uptrend,irrelevant,uptrend,uptrend,irrelevant
268,KGH,positive,2,5,2025-12-03,2025-12-10,222.9,241.5,uptrend,uptrend,irrelevant,uptrend,uptrend,irrelevant,uptrend,uptrend,irrelevant,uptrend,uptrend,irrelevant
268,KGH,positive,3,5,2025-12-03,2025-12-10,222.9,241.5,uptrend,uptrend,irrelevant,uptrend,uptrend,irrelevant,uptrend,uptrend,irrelevant,uptrend,uptrend,irrelevant
268,KGH,positive,4,5,2025-12-03,2025-12-10,222.9,241.5,uptrend,uptrend,irrelevant,uptrend,uptrend,irrelevant,uptrend,uptrend,irrelevant,uptrend,uptrend,irrelevant
268,KGH,positive,5,5,2025-12-03,2025-12-10,222.9,241.5,uptrend,uptrend,irrelevant,uptrend,uptrend,irrelevant,uptrend,uptrend,irrelevant,uptrend,uptrend,irrelevant
268,KGH,positive,6,5,2025-12-03,2025-12-10,222.9,241.5,uptrend,uptrend,irrelevant,uptrend,uptrend,irrelevant,uptrend,uptrend,irrelevant,uptrend,uptrend,irrelevant
268,KGH,positive,7,5,2025-12-03,2025-12-10,222.9,241.5,uptrend,uptrend,irrelevant,uptrend,uptrend,irrelevant,uptrend,uptrend,irrelevant,uptrend,uptrend,irrelevant
268,KGH,positive,8,5,2025-12-03,2025-12-10,222.9,241.5,uptrend,uptrend,irrelevant,uptrend,uptrend,irrelevant,uptrend,uptrend,irrelevant,uptrend,uptrend,irrelevant
269,KGH,neutral,3,1,2025-12-02,2025-12-03,218.0,222.9,uptrend,uptrend,irrelevant,uptrend,uptrend,irrelevant,uptrend,uptrend,irrelevant,uptrend,uptrend,irrelevant
269,KGH,neutral,4,1,2025-12-02,2025-12-03,218.0,222.9,uptrend,uptrend,irrelevant,uptrend,uptrend,irrelevant,uptrend,uptrend,irrelevant,uptrend,uptrend,irrelevant
269,KGH,neutral,5,1,2025-12-02,2025-12-03,218.0,222.9,uptrend,uptrend,irrelevant,uptrend,uptrend,irrelevant,uptrend,uptrend,irrelevant,uptrend,uptrend,irrelevant
269,KGH,neutral,6,1,2025-12-02,2025-12-03,218.0,222.9,uptrend,uptrend,irrelevant,uptrend,uptrend,irrelevant,uptrend,uptrend,irrelevant,uptrend,uptrend,irrelevant
269,KGH,neutral,7,1,2025-12-02,2025-12-03,218.0,222.9,uptrend,uptrend,irrelevant,uptrend,uptrend,irrelevant,uptrend,uptrend,irrelevant,uptrend,uptrend,irrelevant
269,KGH,neutral,8,1,2025-12-02,2025-12-03,218.0,222.9,uptrend,uptrend,irrelevant,uptrend,uptrend,irrelevant,uptrend,uptrend,irrelevant,uptrend,uptrend,irrelevant
269,KGH,neutral,9,1,2025-12-02,2025-12-03,218.0,222.9,uptrend,uptrend,irrelevant,uptrend,uptrend,irrelevant,uptrend,uptrend,irrelevant,uptrend,uptrend,irrelevant
269,KGH,neutral,10,1,2025-12-02,2025-12-03,218.0,222.9,uptrend,uptrend,irrelevant,uptrend,uptrend,irrelevant,uptrend,uptrend,irrelevant,uptrend,uptrend,irrelevant
269,KGH,neutral,4,2,2025-12-02,2025-12-04,218.0,225.1,uptrend,uptrend,irrelevant,uptrend,uptrend,irrelevant,uptrend,uptrend,irrelevant,uptrend,uptrend,irrelevant
269,KGH,neutral,5,2,2025-12-02,2025-12-04,218.0,225.1,uptrend,uptrend,irrelevant,uptrend,uptrend,irrelevant,uptrend,uptrend,irrelevant,uptrend,uptrend,irrelevant
269,KGH,neutral,6,2,2025-12-02,2025-12-04,218.0,225.1,uptrend,uptrend,irrelevant,uptrend,uptrend,irrelevant,uptrend,uptrend,irrelevant,uptrend,uptrend,irrelevant
269,KGH,neutral,7,2,2025-12-02,2025-12-04,218.0,225.1,uptrend,uptrend,irrelevant,uptrend,uptrend,irrelevant,uptrend,uptrend,irrelevant,uptrend,uptrend,irrelevant
269,KGH,neutral,8,2,2025-12-02,2025-12-04,218.0,225.1,uptrend,uptrend,irrelevant,uptrend,uptrend,irrelevant,uptrend,uptrend,irrelevant,uptrend,uptrend,irrelevant
269,KGH,neutral,9,2,2025-12-02,2025-12-04,218.0,225.1,uptrend,uptrend,irrelevant,uptrend,uptrend,irrelevant,uptrend,uptrend,irrelevant,uptrend,uptrend,irrelevant
269,KGH,neutral,10,2,2025-12-02,2025-12-04,218.0,225.1,uptrend,uptrend,irrelevant,uptrend,uptrend,irrelevant,uptrend,uptrend,irrelevant,uptrend,uptrend,irrelevant
269,KGH,neutral,8,3,2025-12-02,2025-12-05,218.0,235.0,uptrend,uptrend,irrelevant,uptrend,uptrend,irrelevant,uptrend,uptrend,irrelevant,uptrend,uptrend,irrelevant
269,KGH,neutral,9,3,2025-12-02,2025-12-05,218.0,235.0,uptrend,uptrend,irrelevant,uptrend,uptrend,irrelevant,uptrend,uptrend,irrelevant,uptrend,uptrend,irrelevant
269,KGH,neutral,10,3,2025-12-02,2025-12-05,218.0,235.0,uptrend,uptrend,irrelevant,uptrend,uptrend,irrelevant,uptrend,uptrend,irrelevant,uptrend,uptrend,irrelevant
269,KGH,neutral,8,4,2025-12-02,2025-12-08,218.0,234.4,uptrend,uptrend,irrelevant,uptrend,uptrend,irrelevant,uptrend,uptrend,irrelevant,uptrend,uptrend,irrelevant
269,KGH,neutral,9,4,2025-12-02,2025-12-08,218.0,234.4,uptrend,uptrend,irrelevant,uptrend,uptrend,irrelevant,uptrend,uptrend,irrelevant,uptrend,uptrend,irrelevant
269,KGH,neutral,10,4,2025-12-02,2025-12-08,218.0,234.4,uptrend,uptrend,irrelevant,uptrend,uptrend,irrelevant,uptrend,uptrend,irrelevant,uptrend,uptrend,irrelevant
269,KGH,neutral,9,5,2025-12-02,2025-12-09,218.0,235.8,uptrend,uptrend,irrelevant,uptrend,uptrend,irrelevant,uptrend,uptrend,irrelevant,uptrend,uptrend,irrelevant
269,KGH,neutral,10,5,2025-12-02,2025-12-09,218.0,235.8,uptrend,uptrend,irrelevant,uptrend,uptrend,irrelevant,uptrend,uptrend,irrelevant,uptrend,uptrend,irrelevant
270,KGH,positive,1,1,2025-12-02,2025-12-03,218.0,222.9,uptrend,uptrend,irrelevant,uptrend,uptrend,irrelevant,uptrend,uptrend,irrelevant,uptrend,uptrend,irrelevant
270,KGH,positive,2,1,2025-12-02,2025-12-03,218.0,222.9,uptrend,uptrend,irrelevant,uptrend,uptrend,irrelevant,uptrend,uptrend,irrelevant,uptrend,uptrend,irrelevant
270,KGH,positive,1,2,2025-12-02,2025-12-04,218.0,225.1,uptrend,uptrend,irrelevant,uptrend,uptrend,irrelevant,uptrend,uptrend,irrelevant,uptrend,uptrend,irrelevant
270,KGH,positive,2,2,2025-12-02,2025-12-04,218.0,225.1,uptrend,uptrend,irrelevant,uptrend,uptrend,irrelevant,uptrend,uptrend,irrelevant,uptrend,uptrend,irrelevant
270,KGH,positive,3,2,2025-12-02,2025-12-04,218.0,225.1,uptrend,uptrend,irrelevant,uptrend,uptrend,irrelevant,uptrend,uptrend,irrelevant,uptrend,uptrend,irrelevant
270,KGH,positive,1,3,2025-12-02,2025-12-05,218.0,235.0,uptrend,uptrend,irrelevant,uptrend,uptrend,irrelevant,uptrend,uptrend,irrelevant,uptrend,uptrend,irrelevant
270,KGH,positive,2,3,2025-12-02,2025-12-05,218.0,235.0,uptrend,uptrend,irrelevant,uptrend,uptrend,irrelevant,uptrend,uptrend,irrelevant,uptrend,uptrend,irrelevant
270,KGH,positive,3,3,2025-12-02,2025-12-05,218.0,235.0,uptrend,uptrend,irrelevant,uptrend,uptrend,irrelevant,uptrend,uptrend,irrelevant,uptrend,uptrend,irrelevant
270,KGH,positive,4,3,2025-12-02,2025-12-05,218.0,235.0,uptrend,uptrend,irrelevant,uptrend,uptrend,irrelevant,uptrend,uptrend,irrelevant,uptrend,uptrend,irrelevant
270,KGH,positive,5,3,2025-12-02,2025-12-05,218.0,235.0,uptrend,uptrend,irrelevant,uptrend,uptrend,irrelevant,uptrend,uptrend,irrelevant,uptrend,uptrend,irrelevant
270,KGH,positive,6,3,2025-12-02,2025-12-05,218.0,235.0,uptrend,uptrend,irrelevant,uptrend,uptrend,irrelevant,uptrend,uptrend,irrelevant,uptrend,uptrend,irrelevant
270,KGH,positive,7,3,2025-12-02,2025-12-05,218.0,235.0,uptrend,uptrend,irrelevant,uptrend,uptrend,irrelevant,uptrend,uptrend,irrelevant,uptrend,uptrend,irrelevant
270,KGH,positive,1,4,2025-12-02,2025-12-08,218.0,234.4,uptrend,uptrend,irrelevant,uptrend,uptrend,irrelevant,uptrend,uptrend,irrelevant,uptrend,uptrend,irrelevant
270,KGH,positive,2,4,2025-12-02,2025-12-08,218.0,234.4,uptrend,uptrend,irrelevant,uptrend,uptrend,irrelevant,uptrend,uptrend,irrelevant,uptrend,uptrend,irrelevant
270,KGH,positive,3,4,2025-12-02,2025-12-08,218.0,234.4,uptrend,uptrend,irrelevant,uptrend,uptrend,irrelevant,uptrend,uptrend,irrelevant,uptrend,uptrend,irrelevant
270,KGH,positive,4,4,2025-12-02,2025-12-08,218.0,234.4,uptrend,uptrend,irrelevant,uptrend,uptrend,irrelevant,uptrend,uptrend,irrelevant,uptrend,uptrend,irrelevant
270,KGH,positive,5,4,2025-12-02,2025-12-08,218.0,234.4,uptrend,uptrend,irrelevant,uptrend,uptrend,irrelevant,uptrend,uptrend,irrelevant,uptrend,uptrend,irrelevant
270,KGH,positive,6,4,2025-12-02,2025-12-08,218.0,234.4,uptrend,uptrend,irrelevant,uptrend,uptrend,irrelevant,uptrend,uptrend,irrelevant,uptrend,uptrend,irrelevant
270,KGH,positive,7,4,2025-12-02,2025-12-08,218.0,234.4,uptrend,uptrend,irrelevant,uptrend,uptrend,irrelevant,uptrend,uptrend,irrelevant,uptrend,uptrend,irrelevant
270,KGH,positive,1,5,2025-12-02,2025-12-09,218.0,235.8,uptrend,uptrend,irrelevant,uptrend,uptrend,irrelevant,uptrend,uptrend,irrelevant,uptrend,uptrend,irrelevant
270,KGH,positive,2,5,2025-12-02,2025-12-09,218.0,235.8,uptrend,uptrend,irrelevant,uptrend,uptrend,irrelevant,uptrend,uptrend,irrelevant,uptrend,uptrend,irrelevant
270,KGH,positive,3,5,2025-12-02,2025-12-09,218.0,235.8,uptrend,uptrend,irrelevant,uptrend,uptrend,irrelevant,uptrend,uptrend,irrelevant,uptrend,uptrend,irrelevant
270,KGH,positive,4,5,2025-12-02,2025-12-09,218.0,235.8,uptrend,uptrend,irrelevant,uptrend,uptrend,irrelevant,uptrend,uptrend,irrelevant,uptrend,uptrend,irrelevant
270,KGH,positive,5,5,2025-12-02,2025-12-09,218.0,235.8,uptrend,uptrend,irrelevant,uptrend,uptrend,irrelevant,uptrend,uptrend,irrelevant,uptrend,uptrend,irrelevant
270,KGH,positive,6,5,2025-12-02,2025-12-09,218.0,235.8,uptrend,uptrend,irrelevant,uptrend,uptrend,irrelevant,uptrend,uptrend,irrelevant,uptrend,uptrend,irrelevant
270,KGH,positive,7,5,2025-12-02,2025-12-09,218.0,235.8,uptrend,uptrend,irrelevant,uptrend,uptrend,irrelevant,uptrend,uptrend,irrelevant,uptrend,uptrend,irrelevant
270,KGH,positive,8,5,2025-12-02,2025-12-09,218.0,235.8,uptrend,uptrend,irrelevant,uptrend,uptrend,irrelevant,uptrend,uptrend,irrelevant,uptrend,uptrend,irrelevant
271,KGH,positive,1,2,2025-12-01,2025-12-03,217.9,222.9,uptrend,uptrend,irrelevant,uptrend,uptrend,irrelevant,uptrend,uptrend,irrelevant,uptrend,uptrend,irrelevant
271,KGH,positive,2,2,2025-12-01,2025-12-03,217.9,222.9,uptrend,uptrend,irrelevant,uptrend,uptrend,irrelevant,uptrend,uptrend,irrelevant,uptrend,uptrend,irrelevant
271,KGH,positive,1,3,2025-12-01,2025-12-04,217.9,225.1,uptrend,uptrend,irrelevant,uptrend,uptrend,irrelevant,uptrend,uptrend,irrelevant,uptrend,uptrend,irrelevant
271,KGH,positive,2,3,2025-12-01,2025-12-04,217.9,225.1,uptrend,uptrend,irrelevant,uptrend,uptrend,irrelevant,uptrend,uptrend,irrelevant,uptrend,uptrend,irrelevant
271,KGH,positive,3,3,2025-12-01,2025-12-04,217.9,225.1,uptrend,uptrend,irrelevant,uptrend,uptrend,irrelevant,uptrend,uptrend,irrelevant,uptrend,uptrend,irrelevant
271,KGH,positive,1,4,2025-12-01,2025-12-05,217.9,235.0,uptrend,uptrend,irrelevant,uptrend,uptrend,irrelevant,uptrend,uptrend,irrelevant,uptrend,uptrend,irrelevant
271,KGH,positive,2,4,2025-12-01,2025-12-05,217.9,235.0,uptrend,uptrend,irrelevant,uptrend,uptrend,irrelevant,uptrend,uptrend,irrelevant,uptrend,uptrend,irrelevant
271,KGH,positive,3,4,2025-12-01,2025-12-05,217.9,235.0,uptrend,uptrend,irrelevant,uptrend,uptrend,irrelevant,uptrend,uptrend,irrelevant,uptrend,uptrend,irrelevant
271,KGH,positive,4,4,2025-12-01,2025-12-05,217.9,235.0,uptrend,uptrend,irrelevant,uptrend,uptrend,irrelevant,uptrend,uptrend,irrelevant,uptrend,uptrend,irrelevant
271,KGH,positive,5,4,2025-12-01,2025-12-05,217.9,235.0,uptrend,uptrend,irrelevant,uptrend,uptrend,irrelevant,uptrend,uptrend,irrelevant,uptrend,uptrend,irrelevant
271,KGH,positive,6,4,2025-12-01,2025-12-05,217.9,235.0,uptrend,uptrend,irrelevant,uptrend,uptrend,irrelevant,uptrend,uptrend,irrelevant,uptrend,uptrend,irrelevant
271,KGH,positive,7,4,2025-12-01,2025-12-05,217.9,235.0,uptrend,uptrend,irrelevant,uptrend,uptrend,irrelevant,uptrend,uptrend,irrelevant,uptrend,uptrend,irrelevant
271,KGH,positive,1,5,2025-12-01,2025-12-08,217.9,234.4,uptrend,uptrend,irrelevant,uptrend,uptrend,irrelevant,uptrend,uptrend,irrelevant,uptrend,uptrend,irrelevant
271,KGH,positive,2,5,2025-12-01,2025-12-08,217.9,234.4,uptrend,uptrend,irrelevant,uptrend,uptrend,irrelevant,uptrend,uptrend,irrelevant,uptrend,uptrend,irrelevant
271,KGH,positive,3,5,2025-12-01,2025-12-08,217.9,234.4,uptrend,uptrend,irrelevant,uptrend,uptrend,irrelevant,uptrend,uptrend,irrelevant,uptrend,uptrend,irrelevant
271,KGH,positive,4,5,2025-12-01,2025-12-08,217.9,234.4,uptrend,uptrend,irrelevant,uptrend,uptrend,irrelevant,uptrend,uptrend,irrelevant,uptrend,uptrend,irrelevant
271,KGH,positive,5,5,2025-12-01,2025-12-08,217.9,234.4,uptrend,uptrend,irrelevant,uptrend,uptrend,irrelevant,uptrend,uptrend,irrelevant,uptrend,uptrend,irrelevant
271,KGH,positive,6,5,2025-12-01,2025-12-08,217.9,234.4,uptrend,uptrend,irrelevant,uptrend,uptrend,irrelevant,uptrend,uptrend,irrelevant,uptrend,uptrend,irrelevant
271,KGH,positive,7,5,2025-12-01,2025-12-08,217.9,234.4,uptrend,uptrend,irrelevant,uptrend,uptrend,irrelevant,uptrend,uptrend,irrelevant,uptrend,uptrend,irrelevant
272,KGH,positive,1,1,2025-11-28,2025-12-01,211.7,217.9,uptrend,uptrend,irrelevant,uptrend,uptrend,irrelevant,uptrend,uptrend,irrelevant,uptrend,uptrend,irrelevant
272,KGH,positive,2,1,2025-11-28,2025-12-01,211.7,217.9,uptrend,uptrend,irrelevant,uptrend,uptrend,irrelevant,uptrend,uptrend,irrelevant,uptrend,uptrend,irrelevant
272,KGH,positive,1,2,2025-11-28,2025-12-02,211.7,218.0,uptrend,uptrend,irrelevant,uptrend,uptrend,irrelevant,uptrend,uptrend,irrelevant,uptrend,uptrend,irrelevant
272,KGH,positive,2,2,2025-11-28,2025-12-02,211.7,218.0,uptrend,uptrend,irrelevant,uptrend,uptrend,irrelevant,uptrend,uptrend,irrelevant,uptrend,uptrend,irrelevant
272,KGH,positive,1,3,2025-11-28,2025-12-03,211.7,222.9,uptrend,uptrend,irrelevant,uptrend,uptrend,irrelevant,uptrend,uptrend,irrelevant,uptrend,uptrend,irrelevant
272,KGH,positive,2,3,2025-11-28,2025-12-03,211.7,222.9,uptrend,uptrend,irrelevant,uptrend,uptrend,irrelevant,uptrend,uptrend,irrelevant,uptrend,uptrend,irrelevant
272,KGH,positive,3,3,2025-11-28,2025-12-03,211.7,222.9,uptrend,uptrend,irrelevant,uptrend,uptrend,irrelevant,uptrend,uptrend,irrelevant,uptrend,uptrend,irrelevant
272,KGH,positive,4,3,2025-11-28,2025-12-03,211.7,222.9,uptrend,uptrend,irrelevant,uptrend,uptrend,irrelevant,uptrend,uptrend,irrelevant,uptrend,uptrend,irrelevant
272,KGH,positive,5,3,2025-11-28,2025-12-03,211.7,222.9,uptrend,uptrend,irrelevant,uptrend,uptrend,irrelevant,uptrend,uptrend,irrelevant,uptrend,uptrend,irrelevant
272,KGH,positive,1,4,2025-11-28,2025-12-04,211.7,225.1,uptrend,uptrend,irrelevant,uptrend,uptrend,irrelevant,uptrend,uptrend,irrelevant,uptrend,uptrend,irrelevant
272,KGH,positive,2,4,2025-11-28,2025-12-04,211.7,225.1,uptrend,uptrend,irrelevant,uptrend,uptrend,irrelevant,uptrend,uptrend,irrelevant,uptrend,uptrend,irrelevant
272,KGH,positive,3,4,2025-11-28,2025-12-04,211.7,225.1,uptrend,uptrend,irrelevant,uptrend,uptrend,irrelevant,uptrend,uptrend,irrelevant,uptrend,uptrend,irrelevant
272,KGH,positive,4,4,2025-11-28,2025-12-04,211.7,225.1,uptrend,uptrend,irrelevant,uptrend,uptrend,irrelevant,uptrend,uptrend,irrelevant,uptrend,uptrend,irrelevant
272,KGH,positive,5,4,2025-11-28,2025-12-04,211.7,225.1,uptrend,uptrend,irrelevant,uptrend,uptrend,irrelevant,uptrend,uptrend,irrelevant,uptrend,uptrend,irrelevant
272,KGH,positive,6,4,2025-11-28,2025-12-04,211.7,225.1,uptrend,uptrend,irrelevant,uptrend,uptrend,irrelevant,uptrend,uptrend,irrelevant,uptrend,uptrend,irrelevant
272,KGH,positive,1,5,2025-11-28,2025-12-05,211.7,235.0,uptrend,uptrend,irrelevant,uptrend,uptrend,irrelevant,uptrend,uptrend,irrelevant,uptrend,uptrend,irrelevant
272,KGH,positive,2,5,2025-11-28,2025-12-05,211.7,235.0,uptrend,uptrend,irrelevant,uptrend,uptrend,irrelevant,uptrend,uptrend,irrelevant,uptrend,uptrend,irrelevant
272,KGH,positive,3,5,2025-11-28,2025-12-05,211.7,235.0,uptrend,uptrend,irrelevant,uptrend,uptrend,irrelevant,uptrend,uptrend,irrelevant,uptrend,uptrend,irrelevant
272,KGH,positive,4,5,2025-11-28,2025-12-05,211.7,235.0,uptrend,uptrend,irrelevant,uptrend,uptrend,irrelevant,uptrend,uptrend,irrelevant,uptrend,uptrend,irrelevant
272,KGH,positive,5,5,2025-11-28,2025-12-05,211.7,235.0,uptrend,uptrend,irrelevant,uptrend,uptrend,irrelevant,uptrend,uptrend,irrelevant,uptrend,uptrend,irrelevant
272,KGH,positive,6,5,2025-11-28,2025-12-05,211.7,235.0,uptrend,uptrend,irrelevant,uptrend,uptrend,irrelevant,uptrend,uptrend,irrelevant,uptrend,uptrend,irrelevant
272,KGH,positive,7,5,2025-11-28,2025-12-05,211.7,235.0,uptrend,uptrend,irrelevant,uptrend,uptrend,irrelevant,uptrend,uptrend,irrelevant,uptrend,uptrend,irrelevant
272,KGH,positive,8,5,2025-11-28,2025-12-05,211.7,235.0,uptrend,uptrend,irrelevant,uptrend,uptrend,irrelevant,uptrend,uptrend,irrelevant,uptrend,uptrend,irrelevant
272,KGH,positive,9,5,2025-11-28,2025-12-05,211.7,235.0,uptrend,uptrend,irrelevant,uptrend,uptrend,irrelevant,uptrend,uptrend,irrelevant,uptrend,uptrend,irrelevant
272,KGH,positive,10,5,2025-11-28,2025-12-05,211.7,235.0,uptrend,uptrend,irrelevant,uptrend,uptrend,irrelevant,uptrend,uptrend,irrelevant,uptrend,uptrend,irrelevant
273,KGH,positive,1,1,2025-11-27,2025-11-28,205.4,211.7,uptrend,uptrend,irrelevant,uptrend,uptrend,irrelevant,uptrend,uptrend,irrelevant,uptrend,uptrend,irrelevant
273,KGH,positive,2,1,2025-11-27,2025-11-28,205.4,211.7,uptrend,uptrend,irrelevant,uptrend,uptrend,irrelevant,uptrend,uptrend,irrelevant,uptrend,uptrend,irrelevant
273,KGH,positive,3,1,2025-11-27,2025-11-28,205.4,211.7,uptrend,uptrend,irrelevant,uptrend,uptrend,irrelevant,uptrend,uptrend,irrelevant,uptrend,uptrend,irrelevant
273,KGH,positive,1,2,2025-11-27,2025-12-01,205.4,217.9,uptrend,uptrend,irrelevant,uptrend,uptrend,irrelevant,uptrend,uptrend,irrelevant,uptrend,uptrend,irrelevant
273,KGH,positive,2,2,2025-11-27,2025-12-01,205.4,217.9,uptrend,uptrend,irrelevant,uptrend,uptrend,irrelevant,uptrend,uptrend,irrelevant,uptrend,uptrend,irrelevant
273,KGH,positive,3,2,2025-11-27,2025-12-01,205.4,217.9,uptrend,uptrend,irrelevant,uptrend,uptrend,irrelevant,uptrend,uptrend,irrelevant,uptrend,uptrend,irrelevant
273,KGH,positive,4,2,2025-11-27,2025-12-01,205.4,217.9,uptrend,uptrend,irrelevant,uptrend,uptrend,irrelevant,uptrend,uptrend,irrelevant,uptrend,uptrend,irrelevant
273,KGH,positive,5,2,2025-11-27,2025-12-01,205.4,217.9,uptrend,uptrend,irrelevant,uptrend,uptrend,irrelevant,uptrend,uptrend,irrelevant,uptrend,uptrend,irrelevant
273,KGH,positive,6,2,2025-11-27,2025-12-01,205.4,217.9,uptrend,uptrend,irrelevant,uptrend,uptrend,irrelevant,uptrend,uptrend,irrelevant,uptrend,uptrend,irrelevant
273,KGH,positive,1,3,2025-11-27,2025-12-02,205.4,218.0,uptrend,uptrend,irrelevant,uptrend,uptrend,irrelevant,uptrend,uptrend,irrelevant,uptrend,uptrend,irrelevant
273,KGH,positive,2,3,2025-11-27,2025-12-02,205.4,218.0,uptrend,uptrend,irrelevant,uptrend,uptrend,irrelevant,uptrend,uptrend,irrelevant,uptrend,uptrend,irrelevant
273,KGH,positive,3,3,2025-11-27,2025-12-02,205.4,218.0,uptrend,uptrend,irrelevant,uptrend,uptrend,irrelevant,uptrend,uptrend,irrelevant,uptrend,uptrend,irrelevant
273,KGH,positive,4,3,2025-11-27,2025-12-02,205.4,218.0,uptrend,uptrend,irrelevant,uptrend,uptrend,irrelevant,uptrend,uptrend,irrelevant,uptrend,uptrend,irrelevant
273,KGH,positive,5,3,2025-11-27,2025-12-02,205.4,218.0,uptrend,uptrend,irrelevant,uptrend,uptrend,irrelevant,uptrend,uptrend,irrelevant,uptrend,uptrend,irrelevant
273,KGH,positive,6,3,2025-11-27,2025-12-02,205.4,218.0,uptrend,uptrend,irrelevant,uptrend,uptrend,irrelevant,uptrend,uptrend,irrelevant,uptrend,uptrend,irrelevant
273,KGH,positive,1,4,2025-11-27,2025-12-03,205.4,222.9,uptrend,uptrend,irrelevant,uptrend,uptrend,irrelevant,uptrend,uptrend,irrelevant,uptrend,uptrend,irrelevant
273,KGH,positive,2,4,2025-11-27,2025-12-03,205.4,222.9,uptrend,uptrend,irrelevant,uptrend,uptrend,irrelevant,uptrend,uptrend,irrelevant,uptrend,uptrend,irrelevant
273,KGH,positive,3,4,2025-11-27,2025-12-03,205.4,222.9,uptrend,uptrend,irrelevant,uptrend,uptrend,irrelevant,uptrend,uptrend,irrelevant,uptrend,uptrend,irrelevant
273,KGH,positive,4,4,2025-11-27,2025-12-03,205.4,222.9,uptrend,uptrend,irrelevant,uptrend,uptrend,irrelevant,uptrend,uptrend,irrelevant,uptrend,uptrend,irrelevant
273,KGH,positive,5,4,2025-11-27,2025-12-03,205.4,222.9,uptrend,uptrend,irrelevant,uptrend,uptrend,irrelevant,uptrend,uptrend,irrelevant,uptrend,uptrend,irrelevant
273,KGH,positive,6,4,2025-11-27,2025-12-03,205.4,222.9,uptrend,uptrend,irrelevant,uptrend,uptrend,irrelevant,uptrend,uptrend,irrelevant,uptrend,uptrend,irrelevant
273,KGH,positive,7,4,2025-11-27,2025-12-03,205.4,222.9,uptrend,uptrend,irrelevant,uptrend,uptrend,irrelevant,uptrend,uptrend,irrelevant,uptrend,uptrend,irrelevant
273,KGH,positive,8,4,2025-11-27,2025-12-03,205.4,222.9,uptrend,uptrend,irrelevant,uptrend,uptrend,irrelevant,uptrend,uptrend,irrelevant,uptrend,uptrend,irrelevant
273,KGH,positive,1,5,2025-11-27,2025-12-04,205.4,225.1,uptrend,uptrend,irrelevant,uptrend,uptrend,irrelevant,uptrend,uptrend,irrelevant,uptrend,uptrend,irrelevant
273,KGH,positive,2,5,2025-11-27,2025-12-04,205.4,225.1,uptrend,uptrend,irrelevant,uptrend,uptrend,irrelevant,uptrend,uptrend,irrelevant,uptrend,uptrend,irrelevant
273,KGH,positive,3,5,2025-11-27,2025-12-04,205.4,225.1,uptrend,uptrend,irrelevant,uptrend,uptrend,irrelevant,uptrend,uptrend,irrelevant,uptrend,uptrend,irrelevant
273,KGH,positive,4,5,2025-11-27,2025-12-04,205.4,225.1,uptrend,uptrend,irrelevant,uptrend,uptrend,irrelevant,uptrend,uptrend,irrelevant,uptrend,uptrend,irrelevant
273,KGH,positive,5,5,2025-11-27,2025-12-04,205.4,225.1,uptrend,uptrend,irrelevant,uptrend,uptrend,irrelevant,uptrend,uptrend,irrelevant,uptrend,uptrend,irrelevant
273,KGH,positive,6,5,2025-11-27,2025-12-04,205.4,225.1,uptrend,uptrend,irrelevant,uptrend,uptrend,irrelevant,uptrend,uptrend,irrelevant,uptrend,uptrend,irrelevant
273,KGH,positive,7,5,2025-11-27,2025-12-04,205.4,225.1,uptrend,uptrend,irrelevant,uptrend,uptrend,irrelevant,uptrend,uptrend,irrelevant,uptrend,uptrend,irrelevant
273,KGH,positive,8,5,2025-11-27,2025-12-04,205.4,225.1,uptrend,uptrend,irrelevant,uptrend,uptrend,irrelevant,uptrend,uptrend,irrelevant,uptrend,uptrend,irrelevant
273,KGH,positive,9,5,2025-11-27,2025-12-04,205.4,225.1,uptrend,uptrend,irrelevant,uptrend,uptrend,irrelevant,uptrend,uptrend,irrelevant,uptrend,uptrend,irrelevant
274,KGH,neutral,1,1,2025-11-26,2025-11-27,205.0,205.4,uptrend,uptrend,irrelevant,uptrend,uptrend,irrelevant,uptrend,uptrend,irrelevant,uptrend,uptrend,irrelevant
274,KGH,neutral,2,1,2025-11-26,2025-11-27,205.0,205.4,uptrend,uptrend,irrelevant,uptrend,uptrend,irrelevant,uptrend,uptrend,irrelevant,uptrend,uptrend,irrelevant
274,KGH,neutral,3,1,2025-11-26,2025-11-27,205.0,205.4,uptrend,uptrend,irrelevant,uptrend,uptrend,irrelevant,uptrend,uptrend,irrelevant,uptrend,uptrend,irrelevant
274,KGH,neutral,4,1,2025-11-26,2025-11-27,205.0,205.4,uptrend,uptrend,irrelevant,uptrend,uptrend,irrelevant,uptrend,uptrend,irrelevant,uptrend,uptrend,irrelevant
274,KGH,neutral,5,1,2025-11-26,2025-11-27,205.0,205.4,uptrend,uptrend,irrelevant,uptrend,uptrend,irrelevant,uptrend,uptrend,irrelevant,uptrend,uptrend,irrelevant
274,KGH,neutral,6,1,2025-11-26,2025-11-27,205.0,205.4,uptrend,uptrend,irrelevant,uptrend,uptrend,irrelevant,uptrend,uptrend,irrelevant,uptrend,uptrend,irrelevant
274,KGH,neutral,7,1,2025-11-26,2025-11-27,205.0,205.4,uptrend,uptrend,irrelevant,uptrend,uptrend,irrelevant,uptrend,uptrend,irrelevant,uptrend,uptrend,irrelevant
274,KGH,neutral,8,1,2025-11-26,2025-11-27,205.0,205.4,uptrend,uptrend,irrelevant,uptrend,uptrend,irrelevant,uptrend,uptrend,irrelevant,uptrend,uptrend,irrelevant
274,KGH,neutral,9,1,2025-11-26,2025-11-27,205.0,205.4,uptrend,uptrend,irrelevant,uptrend,uptrend,irrelevant,uptrend,uptrend,irrelevant,uptrend,uptrend,irrelevant
274,KGH,neutral,10,1,2025-11-26,2025-11-27,205.0,205.4,uptrend,uptrend,irrelevant,uptrend,uptrend,irrelevant,uptrend,uptrend,irrelevant,uptrend,uptrend,irrelevant
274,KGH,neutral,4,2,2025-11-26,2025-11-28,205.0,211.7,uptrend,uptrend,irrelevant,uptrend,uptrend,irrelevant,uptrend,uptrend,irrelevant,uptrend,uptrend,irrelevant
274,KGH,neutral,5,2,2025-11-26,2025-11-28,205.0,211.7,uptrend,uptrend,irrelevant,uptrend,uptrend,irrelevant,uptrend,uptrend,irrelevant,uptrend,uptrend,irrelevant
274,KGH,neutral,6,2,2025-11-26,2025-11-28,205.0,211.7,uptrend,uptrend,irrelevant,uptrend,uptrend,irrelevant,uptrend,uptrend,irrelevant,uptrend,uptrend,irrelevant
274,KGH,neutral,7,2,2025-11-26,2025-11-28,205.0,211.7,uptrend,uptrend,irrelevant,uptrend,uptrend,irrelevant,uptrend,uptrend,irrelevant,uptrend,uptrend,irrelevant
274,KGH,neutral,8,2,2025-11-26,2025-11-28,205.0,211.7,uptrend,uptrend,irrelevant,uptrend,uptrend,irrelevant,uptrend,uptrend,irrelevant,uptrend,uptrend,irrelevant
274,KGH,neutral,9,2,2025-11-26,2025-11-28,205.0,211.7,uptrend,uptrend,irrelevant,uptrend,uptrend,irrelevant,uptrend,uptrend,irrelevant,uptrend,uptrend,irrelevant
274,KGH,neutral,10,2,2025-11-26,2025-11-28,205.0,211.7,uptrend,uptrend,irrelevant,uptrend,uptrend,irrelevant,uptrend,uptrend,irrelevant,uptrend,uptrend,irrelevant
274,KGH,neutral,7,3,2025-11-26,2025-12-01,205.0,217.9,uptrend,uptrend,irrelevant,uptrend,uptrend,irrelevant,uptrend,uptrend,irrelevant,uptrend,uptrend,irrelevant
274,KGH,neutral,8,3,2025-11-26,2025-12-01,205.0,217.9,uptrend,uptrend,irrelevant,uptrend,uptrend,irrelevant,uptrend,uptrend,irrelevant,uptrend,uptrend,irrelevant
274,KGH,neutral,9,3,2025-11-26,2025-12-01,205.0,217.9,uptrend,uptrend,irrelevant,uptrend,uptrend,irrelevant,uptrend,uptrend,irrelevant,uptrend,uptrend,irrelevant
274,KGH,neutral,10,3,2025-11-26,2025-12-01,205.0,217.9,uptrend,uptrend,irrelevant,uptrend,uptrend,irrelevant,uptrend,uptrend,irrelevant,uptrend,uptrend,irrelevant
274,KGH,neutral,7,4,2025-11-26,2025-12-02,205.0,218.0,uptrend,uptrend,irrelevant,uptrend,uptrend,irrelevant,uptrend,uptrend,irrelevant,uptrend,uptrend,irrelevant
274,KGH,neutral,8,4,2025-11-26,2025-12-02,205.0,218.0,uptrend,uptrend,irrelevant,uptrend,uptrend,irrelevant,uptrend,uptrend,irrelevant,uptrend,uptrend,irrelevant
274,KGH,neutral,9,4,2025-11-26,2025-12-02,205.0,218.0,uptrend,uptrend,irrelevant,uptrend,uptrend,irrelevant,uptrend,uptrend,irrelevant,uptrend,uptrend,irrelevant
274,KGH,neutral,10,4,2025-11-26,2025-12-02,205.0,218.0,uptrend,uptrend,irrelevant,uptrend,uptrend,irrelevant,uptrend,uptrend,irrelevant,uptrend,uptrend,irrelevant
274,KGH,neutral,9,5,2025-11-26,2025-12-03,205.0,222.9,uptrend,uptrend,irrelevant,uptrend,uptrend,irrelevant,uptrend,uptrend,irrelevant,uptrend,uptrend,irrelevant
274,KGH,neutral,10,5,2025-11-26,2025-12-03,205.0,222.9,uptrend,uptrend,irrelevant,uptrend,uptrend,irrelevant,uptrend,uptrend,irrelevant,uptrend,uptrend,irrelevant
275,KGH,neutral,4,1,2025-11-25,2025-11-26,198.35,205.0,uptrend,uptrend,irrelevant,uptrend,uptrend,irrelevant,uptrend,uptrend,irrelevant,uptrend,uptrend,irrelevant
275,KGH,neutral,5,1,2025-11-25,2025-11-26,198.35,205.0,uptrend,uptrend,irrelevant,uptrend,uptrend,irrelevant,uptrend,uptrend,irrelevant,uptrend,uptrend,irrelevant
275,KGH,neutral,6,1,2025-11-25,2025-11-26,198.35,205.0,uptrend,uptrend,irrelevant,uptrend,uptrend,irrelevant,uptrend,uptrend,irrelevant,uptrend,uptrend,irrelevant
275,KGH,neutral,7,1,2025-11-25,2025-11-26,198.35,205.0,uptrend,uptrend,irrelevant,uptrend,uptrend,irrelevant,uptrend,uptrend,irrelevant,uptrend,uptrend,irrelevant
275,KGH,neutral,8,1,2025-11-25,2025-11-26,198.35,205.0,uptrend,uptrend,irrelevant,uptrend,uptrend,irrelevant,uptrend,uptrend,irrelevant,uptrend,uptrend,irrelevant
275,KGH,neutral,9,1,2025-11-25,2025-11-26,198.35,205.0,uptrend,uptrend,irrelevant,uptrend,uptrend,irrelevant,uptrend,uptrend,irrelevant,uptrend,uptrend,irrelevant
275,KGH,neutral,10,1,2025-11-25,2025-11-26,198.35,205.0,uptrend,uptrend,irrelevant,uptrend,uptrend,irrelevant,uptrend,uptrend,irrelevant,uptrend,uptrend,irrelevant
275,KGH,neutral,4,2,2025-11-25,2025-11-27,198.35,205.4,uptrend,uptrend,irrelevant,uptrend,uptrend,irrelevant,uptrend,uptrend,irrelevant,uptrend,uptrend,irrelevant
275,KGH,neutral,5,2,2025-11-25,2025-11-27,198.35,205.4,uptrend,uptrend,irrelevant,uptrend,uptrend,irrelevant,uptrend,uptrend,irrelevant,uptrend,uptrend,irrelevant
275,KGH,neutral,6,2,2025-11-25,2025-11-27,198.35,205.4,uptrend,uptrend,irrelevant,uptrend,uptrend,irrelevant,uptrend,uptrend,irrelevant,uptrend,uptrend,irrelevant
275,KGH,neutral,7,2,2025-11-25,2025-11-27,198.35,205.4,uptrend,uptrend,irrelevant,uptrend,uptrend,irrelevant,uptrend,uptrend,irrelevant,uptrend,uptrend,irrelevant
275,KGH,neutral,8,2,2025-11-25,2025-11-27,198.35,205.4,uptrend,uptrend,irrelevant,uptrend,uptrend,irrelevant,uptrend,uptrend,irrelevant,uptrend,uptrend,irrelevant
275,KGH,neutral,9,2,2025-11-25,2025-11-27,198.35,205.4,uptrend,uptrend,irrelevant,uptrend,uptrend,irrelevant,uptrend,uptrend,irrelevant,uptrend,uptrend,irrelevant
275,KGH,neutral,10,2,2025-11-25,2025-11-27,198.35,205.4,uptrend,uptrend,irrelevant,uptrend,uptrend,irrelevant,uptrend,uptrend,irrelevant,uptrend,uptrend,irrelevant
275,KGH,neutral,7,3,2025-11-25,2025-11-28,198.35,211.7,uptrend,uptrend,irrelevant,uptrend,uptrend,irrelevant,uptrend,uptrend,irrelevant,uptrend,uptrend,irrelevant
275,KGH,neutral,8,3,2025-11-25,2025-11-28,198.35,211.7,uptrend,uptrend,irrelevant,uptrend,uptrend,irrelevant,uptrend,uptrend,irrelevant,uptrend,uptrend,irrelevant
275,KGH,neutral,9,3,2025-11-25,2025-11-28,198.35,211.7,uptrend,uptrend,irrelevant,uptrend,uptrend,irrelevant,uptrend,uptrend,irrelevant,uptrend,uptrend,irrelevant
275,KGH,neutral,10,3,2025-11-25,2025-11-28,198.35,211.7,uptrend,uptrend,irrelevant,uptrend,uptrend,irrelevant,uptrend,uptrend,irrelevant,uptrend,uptrend,irrelevant
275,KGH,neutral,10,4,2025-11-25,2025-12-01,198.35,217.9,uptrend,uptrend,irrelevant,uptrend,uptrend,irrelevant,uptrend,uptrend,irrelevant,uptrend,uptrend,irrelevant
275,KGH,neutral,10,5,2025-11-25,2025-12-02,198.35,218.0,uptrend,uptrend,irrelevant,uptrend,uptrend,irrelevant,uptrend,uptrend,irrelevant,uptrend,uptrend,irrelevant
276,KGH,neutral,4,1,2025-11-25,2025-11-26,198.35,205.0,uptrend,uptrend,irrelevant,uptrend,uptrend,irrelevant,uptrend,uptrend,irrelevant,uptrend,uptrend,irrelevant
276,KGH,neutral,5,1,2025-11-25,2025-11-26,198.35,205.0,uptrend,uptrend,irrelevant,uptrend,uptrend,irrelevant,uptrend,uptrend,irrelevant,uptrend,uptrend,irrelevant
276,KGH,neutral,6,1,2025-11-25,2025-11-26,198.35,205.0,uptrend,uptrend,irrelevant,uptrend,uptrend,irrelevant,uptrend,uptrend,irrelevant,uptrend,uptrend,irrelevant
276,KGH,neutral,7,1,2025-11-25,2025-11-26,198.35,205.0,uptrend,uptrend,irrelevant,uptrend,uptrend,irrelevant,uptrend,uptrend,irrelevant,uptrend,uptrend,irrelevant
276,KGH,neutral,8,1,2025-11-25,2025-11-26,198.35,205.0,uptrend,uptrend,irrelevant,uptrend,uptrend,irrelevant,uptrend,uptrend,irrelevant,uptrend,uptrend,irrelevant
276,KGH,neutral,9,1,2025-11-25,2025-11-26,198.35,205.0,uptrend,uptrend,irrelevant,uptrend,uptrend,irrelevant,uptrend,uptrend,irrelevant,uptrend,uptrend,irrelevant
276,KGH,neutral,10,1,2025-11-25,2025-11-26,198.35,205.0,uptrend,uptrend,irrelevant,uptrend,uptrend,irrelevant,uptrend,uptrend,irrelevant,uptrend,uptrend,irrelevant
276,KGH,neutral,4,2,2025-11-25,2025-11-27,198.35,205.4,uptrend,uptrend,irrelevant,uptrend,uptrend,irrelevant,uptrend,uptrend,irrelevant,uptrend,uptrend,irrelevant
276,KGH,neutral,5,2,2025-11-25,2025-11-27,198.35,205.4,uptrend,uptrend,irrelevant,uptrend,uptrend,irrelevant,uptrend,uptrend,irrelevant,uptrend,uptrend,irrelevant
276,KGH,neutral,6,2,2025-11-25,2025-11-27,198.35,205.4,uptrend,uptrend,irrelevant,uptrend,uptrend,irrelevant,uptrend,uptrend,irrelevant,uptrend,uptrend,irrelevant
276,KGH,neutral,7,2,2025-11-25,2025-11-27,198.35,205.4,uptrend,uptrend,irrelevant,uptrend,uptrend,irrelevant,uptrend,uptrend,irrelevant,uptrend,uptrend,irrelevant
276,KGH,neutral,8,2,2025-11-25,2025-11-27,198.35,205.4,uptrend,uptrend,irrelevant,uptrend,uptrend,irrelevant,uptrend,uptrend,irrelevant,uptrend,uptrend,irrelevant
276,KGH,neutral,9,2,2025-11-25,2025-11-27,198.35,205.4,uptrend,uptrend,irrelevant,uptrend,uptrend,irrelevant,uptrend,uptrend,irrelevant,uptrend,uptrend,irrelevant
276,KGH,neutral,10,2,2025-11-25,2025-11-27,198.35,205.4,uptrend,uptrend,irrelevant,uptrend,uptrend,irrelevant,uptrend,uptrend,irrelevant,uptrend,uptrend,irrelevant
276,KGH,neutral,7,3,2025-11-25,2025-11-28,198.35,211.7,uptrend,uptrend,irrelevant,uptrend,uptrend,irrelevant,uptrend,uptrend,irrelevant,uptrend,uptrend,irrelevant
276,KGH,neutral,8,3,2025-11-25,2025-11-28,198.35,211.7,uptrend,uptrend,irrelevant,uptrend,uptrend,irrelevant,uptrend,uptrend,irrelevant,uptrend,uptrend,irrelevant
276,KGH,neutral,9,3,2025-11-25,2025-11-28,198.35,211.7,uptrend,uptrend,irrelevant,uptrend,uptrend,irrelevant,uptrend,uptrend,irrelevant,uptrend,uptrend,irrelevant
276,KGH,neutral,10,3,2025-11-25,2025-11-28,198.35,211.7,uptrend,uptrend,irrelevant,uptrend,uptrend,irrelevant,uptrend,uptrend,irrelevant,uptrend,uptrend,irrelevant
276,KGH,neutral,10,4,2025-11-25,2025-12-01,198.35,217.9,uptrend,uptrend,irrelevant,uptrend,uptrend,irrelevant,uptrend,uptrend,irrelevant,uptrend,uptrend,irrelevant
276,KGH,neutral,10,5,2025-11-25,2025-12-02,198.35,218.0,uptrend,uptrend,irrelevant,uptrend,uptrend,irrelevant,uptrend,uptrend,irrelevant,uptrend,uptrend,irrelevant
277,KGH,positive,1,1,2025-11-21,2025-11-24,191.05,195.9,uptrend,uptrend,irrelevant,uptrend,uptrend,irrelevant,uptrend,uptrend,irrelevant,uptrend,uptrend,irrelevant
277,KGH,positive,2,1,2025-11-21,2025-11-24,191.05,195.9,uptrend,uptrend,irrelevant,uptrend,uptrend,irrelevant,uptrend,uptrend,irrelevant,uptrend,uptrend,irrelevant
277,KGH,positive,1,2,2025-11-21,2025-11-25,191.05,198.35,uptrend,uptrend,irrelevant,uptrend,uptrend,irrelevant,uptrend,uptrend,irrelevant,uptrend,uptrend,irrelevant
277,KGH,positive,2,2,2025-11-21,2025-11-25,191.05,198.35,uptrend,uptrend,irrelevant,uptrend,uptrend,irrelevant,uptrend,uptrend,irrelevant,uptrend,uptrend,irrelevant
277,KGH,positive,3,2,2025-11-21,2025-11-25,191.05,198.35,uptrend,uptrend,irrelevant,uptrend,uptrend,irrelevant,uptrend,uptrend,irrelevant,uptrend,uptrend,irrelevant
277,KGH,positive,1,3,2025-11-21,2025-11-26,191.05,205.0,uptrend,uptrend,irrelevant,uptrend,uptrend,irrelevant,uptrend,uptrend,irrelevant,uptrend,uptrend,irrelevant
277,KGH,positive,2,3,2025-11-21,2025-11-26,191.05,205.0,uptrend,uptrend,irrelevant,uptrend,uptrend,irrelevant,uptrend,uptrend,irrelevant,uptrend,uptrend,irrelevant
277,KGH,positive,3,3,2025-11-21,2025-11-26,191.05,205.0,uptrend,uptrend,irrelevant,uptrend,uptrend,irrelevant,uptrend,uptrend,irrelevant,uptrend,uptrend,irrelevant
277,KGH,positive,4,3,2025-11-21,2025-11-26,191.05,205.0,uptrend,uptrend,irrelevant,uptrend,uptrend,irrelevant,uptrend,uptrend,irrelevant,uptrend,uptrend,irrelevant
277,KGH,positive,5,3,2025-11-21,2025-11-26,191.05,205.0,uptrend,uptrend,irrelevant,uptrend,uptrend,irrelevant,uptrend,uptrend,irrelevant,uptrend,uptrend,irrelevant
277,KGH,positive,6,3,2025-11-21,2025-11-26,191.05,205.0,uptrend,uptrend,irrelevant,uptrend,uptrend,irrelevant,uptrend,uptrend,irrelevant,uptrend,uptrend,irrelevant
277,KGH,positive,7,3,2025-11-21,2025-11-26,191.05,205.0,uptrend,uptrend,irrelevant,uptrend,uptrend,irrelevant,uptrend,uptrend,irrelevant,uptrend,uptrend,irrelevant
277,KGH,positive,1,4,2025-11-21,2025-11-27,191.05,205.4,uptrend,uptrend,irrelevant,uptrend,uptrend,irrelevant,uptrend,uptrend,irrelevant,uptrend,uptrend,irrelevant
277,KGH,positive,2,4,2025-11-21,2025-11-27,191.05,205.4,uptrend,uptrend,irrelevant,uptrend,uptrend,irrelevant,uptrend,uptrend,irrelevant,uptrend,uptrend,irrelevant
277,KGH,positive,3,4,2025-11-21,2025-11-27,191.05,205.4,uptrend,uptrend,irrelevant,uptrend,uptrend,irrelevant,uptrend,uptrend,irrelevant,uptrend,uptrend,irrelevant
277,KGH,positive,4,4,2025-11-21,2025-11-27,191.05,205.4,uptrend,uptrend,irrelevant,uptrend,uptrend,irrelevant,uptrend,uptrend,irrelevant,uptrend,uptrend,irrelevant
277,KGH,positive,5,4,2025-11-21,2025-11-27,191.05,205.4,uptrend,uptrend,irrelevant,uptrend,uptrend,irrelevant,uptrend,uptrend,irrelevant,uptrend,uptrend,irrelevant
277,KGH,positive,6,4,2025-11-21,2025-11-27,191.05,205.4,uptrend,uptrend,irrelevant,uptrend,uptrend,irrelevant,uptrend,uptrend,irrelevant,uptrend,uptrend,irrelevant
277,KGH,positive,7,4,2025-11-21,2025-11-27,191.05,205.4,uptrend,uptrend,irrelevant,uptrend,uptrend,irrelevant,uptrend,uptrend,irrelevant,uptrend,uptrend,irrelevant
277,KGH,positive,1,5,2025-11-21,2025-11-28,191.05,211.7,uptrend,uptrend,irrelevant,uptrend,uptrend,irrelevant,uptrend,uptrend,irrelevant,uptrend,uptrend,irrelevant
277,KGH,positive,2,5,2025-11-21,2025-11-28,191.05,211.7,uptrend,uptrend,irrelevant,uptrend,uptrend,irrelevant,uptrend,uptrend,irrelevant,uptrend,uptrend,irrelevant
277,KGH,positive,3,5,2025-11-21,2025-11-28,191.05,211.7,uptrend,uptrend,irrelevant,uptrend,uptrend,irrelevant,uptrend,uptrend,irrelevant,uptrend,uptrend,irrelevant
277,KGH,positive,4,5,2025-11-21,2025-11-28,191.05,211.7,uptrend,uptrend,irrelevant,uptrend,uptrend,irrelevant,uptrend,uptrend,irrelevant,uptrend,uptrend,irrelevant
277,KGH,positive,5,5,2025-11-21,2025-11-28,191.05,211.7,uptrend,uptrend,irrelevant,uptrend,uptrend,irrelevant,uptrend,uptrend,irrelevant,uptrend,uptrend,irrelevant
277,KGH,positive,6,5,2025-11-21,2025-11-28,191.05,211.7,uptrend,uptrend,irrelevant,uptrend,uptrend,irrelevant,uptrend,uptrend,irrelevant,uptrend,uptrend,irrelevant
277,KGH,positive,7,5,2025-11-21,2025-11-28,191.05,211.7,uptrend,uptrend,irrelevant,uptrend,uptrend,irrelevant,uptrend,uptrend,irrelevant,uptrend,uptrend,irrelevant
277,KGH,positive,8,5,2025-11-21,2025-11-28,191.05,211.7,uptrend,uptrend,irrelevant,uptrend,uptrend,irrelevant,uptrend,uptrend,irrelevant,uptrend,uptrend,irrelevant
277,KGH,positive,9,5,2025-11-21,2025-11-28,191.05,211.7,uptrend,uptrend,irrelevant,uptrend,uptrend,irrelevant,uptrend,uptrend,irrelevant,uptrend,uptrend,irrelevant
277,KGH,positive,10,5,2025-11-21,2025-11-28,191.05,211.7,uptrend,uptrend,irrelevant,uptrend,uptrend,irrelevant,uptrend,uptrend,irrelevant,uptrend,uptrend,irrelevant
278,KGH,positive,1,3,2025-11-20,2025-11-25,195.1,198.35,uptrend,uptrend,irrelevant,uptrend,uptrend,irrelevant,uptrend,uptrend,irrelevant,uptrend,uptrend,irrelevant
278,KGH,positive,1,4,2025-11-20,2025-11-26,195.1,205.0,uptrend,uptrend,irrelevant,uptrend,uptrend,irrelevant,uptrend,uptrend,irrelevant,uptrend,uptrend,irrelevant
278,KGH,positive,2,4,2025-11-20,2025-11-26,195.1,205.0,uptrend,uptrend,irrelevant,uptrend,uptrend,irrelevant,uptrend,uptrend,irrelevant,uptrend,uptrend,irrelevant
278,KGH,positive,3,4,2025-11-20,2025-11-26,195.1,205.0,uptrend,uptrend,irrelevant,uptrend,uptrend,irrelevant,uptrend,uptrend,irrelevant,uptrend,uptrend,irrelevant
278,KGH,positive,4,4,2025-11-20,2025-11-26,195.1,205.0,uptrend,uptrend,irrelevant,uptrend,uptrend,irrelevant,uptrend,uptrend,irrelevant,uptrend,uptrend,irrelevant
278,KGH,positive,5,4,2025-11-20,2025-11-26,195.1,205.0,uptrend,uptrend,irrelevant,uptrend,uptrend,irrelevant,uptrend,uptrend,irrelevant,uptrend,uptrend,irrelevant
278,KGH,positive,1,5,2025-11-20,2025-11-27,195.1,205.4,uptrend,uptrend,irrelevant,uptrend,uptrend,irrelevant,uptrend,uptrend,irrelevant,uptrend,uptrend,irrelevant
278,KGH,positive,2,5,2025-11-20,2025-11-27,195.1,205.4,uptrend,uptrend,irrelevant,uptrend,uptrend,irrelevant,uptrend,uptrend,irrelevant,uptrend,uptrend,irrelevant
278,KGH,positive,3,5,2025-11-20,2025-11-27,195.1,205.4,uptrend,uptrend,irrelevant,uptrend,uptrend,irrelevant,uptrend,uptrend,irrelevant,uptrend,uptrend,irrelevant
278,KGH,positive,4,5,2025-11-20,2025-11-27,195.1,205.4,uptrend,uptrend,irrelevant,uptrend,uptrend,irrelevant,uptrend,uptrend,irrelevant,uptrend,uptrend,irrelevant
278,KGH,positive,5,5,2025-11-20,2025-11-27,195.1,205.4,uptrend,uptrend,irrelevant,uptrend,uptrend,irrelevant,uptrend,uptrend,irrelevant,uptrend,uptrend,irrelevant
279,KGH,neutral,1,1,2025-11-19,2025-11-20,195.5,195.1,horizontal,uptrend,irrelevant,uptrend,uptrend,irrelevant,uptrend,uptrend,irrelevant,uptrend,uptrend,irrelevant
279,KGH,neutral,2,1,2025-11-19,2025-11-20,195.5,195.1,horizontal,uptrend,irrelevant,uptrend,uptrend,irrelevant,uptrend,uptrend,irrelevant,uptrend,uptrend,irrelevant
279,KGH,neutral,3,1,2025-11-19,2025-11-20,195.5,195.1,horizontal,uptrend,irrelevant,uptrend,uptrend,irrelevant,uptrend,uptrend,irrelevant,uptrend,uptrend,irrelevant
279,KGH,neutral,4,1,2025-11-19,2025-11-20,195.5,195.1,horizontal,uptrend,irrelevant,uptrend,uptrend,irrelevant,uptrend,uptrend,irrelevant,uptrend,uptrend,irrelevant
279,KGH,neutral,5,1,2025-11-19,2025-11-20,195.5,195.1,horizontal,uptrend,irrelevant,uptrend,uptrend,irrelevant,uptrend,uptrend,irrelevant,uptrend,uptrend,irrelevant
279,KGH,neutral,6,1,2025-11-19,2025-11-20,195.5,195.1,horizontal,uptrend,irrelevant,uptrend,uptrend,irrelevant,uptrend,uptrend,irrelevant,uptrend,uptrend,irrelevant
279,KGH,neutral,7,1,2025-11-19,2025-11-20,195.5,195.1,horizontal,uptrend,irrelevant,uptrend,uptrend,irrelevant,uptrend,uptrend,irrelevant,uptrend,uptrend,irrelevant
279,KGH,neutral,8,1,2025-11-19,2025-11-20,195.5,195.1,horizontal,uptrend,irrelevant,uptrend,uptrend,irrelevant,uptrend,uptrend,irrelevant,uptrend,uptrend,irrelevant
279,KGH,neutral,9,1,2025-11-19,2025-11-20,195.5,195.1,horizontal,uptrend,irrelevant,uptrend,uptrend,irrelevant,uptrend,uptrend,irrelevant,uptrend,uptrend,irrelevant
279,KGH,neutral,10,1,2025-11-19,2025-11-20,195.5,195.1,horizontal,uptrend,irrelevant,uptrend,uptrend,irrelevant,uptrend,uptrend,irrelevant,uptrend,uptrend,irrelevant
279,KGH,neutral,3,2,2025-11-19,2025-11-21,195.5,191.05,horizontal,uptrend,irrelevant,uptrend,uptrend,irrelevant,uptrend,uptrend,irrelevant,uptrend,uptrend,irrelevant
279,KGH,neutral,4,2,2025-11-19,2025-11-21,195.5,191.05,horizontal,uptrend,irrelevant,uptrend,uptrend,irrelevant,uptrend,uptrend,irrelevant,uptrend,uptrend,irrelevant
279,KGH,neutral,5,2,2025-11-19,2025-11-21,195.5,191.05,horizontal,uptrend,irrelevant,uptrend,uptrend,irrelevant,uptrend,uptrend,irrelevant,uptrend,uptrend,irrelevant
279,KGH,neutral,6,2,2025-11-19,2025-11-21,195.5,191.05,horizontal,uptrend,irrelevant,uptrend,uptrend,irrelevant,uptrend,uptrend,irrelevant,uptrend,uptrend,irrelevant
279,KGH,neutral,7,2,2025-11-19,2025-11-21,195.5,191.05,horizontal,uptrend,irrelevant,uptrend,uptrend,irrelevant,uptrend,uptrend,irrelevant,uptrend,uptrend,irrelevant
279,KGH,neutral,8,2,2025-11-19,2025-11-21,195.5,191.05,horizontal,uptrend,irrelevant,uptrend,uptrend,irrelevant,uptrend,uptrend,irrelevant,uptrend,uptrend,irrelevant
279,KGH,neutral,9,2,2025-11-19,2025-11-21,195.5,191.05,horizontal,uptrend,irrelevant,uptrend,uptrend,irrelevant,uptrend,uptrend,irrelevant,uptrend,uptrend,irrelevant
279,KGH,neutral,10,2,2025-11-19,2025-11-21,195.5,191.05,horizontal,uptrend,irrelevant,uptrend,uptrend,irrelevant,uptrend,uptrend,irrelevant,uptrend,uptrend,irrelevant
279,KGH,neutral,1,3,2025-11-19,2025-11-24,195.5,195.9,horizontal,uptrend,irrelevant,uptrend,uptrend,irrelevant,uptrend,uptrend,irrelevant,uptrend,uptrend,irrelevant
279,KGH,neutral,2,3,2025-11-19,2025-11-24,195.5,195.9,horizontal,uptrend,irrelevant,uptrend,uptrend,irrelevant,uptrend,uptrend,irrelevant,uptrend,uptrend,irrelevant
279,KGH,neutral,3,3,2025-11-19,2025-11-24,195.5,195.9,horizontal,uptrend,irrelevant,uptrend,uptrend,irrelevant,uptrend,uptrend,irrelevant,uptrend,uptrend,irrelevant
279,KGH,neutral,4,3,2025-11-19,2025-11-24,195.5,195.9,horizontal,uptrend,irrelevant,uptrend,uptrend,irrelevant,uptrend,uptrend,irrelevant,uptrend,uptrend,irrelevant
279,KGH,neutral,5,3,2025-11-19,2025-11-24,195.5,195.9,horizontal,uptrend,irrelevant,uptrend,uptrend,irrelevant,uptrend,uptrend,irrelevant,uptrend,uptrend,irrelevant
279,KGH,neutral,6,3,2025-11-19,2025-11-24,195.5,195.9,horizontal,uptrend,irrelevant,uptrend,uptrend,irrelevant,uptrend,uptrend,irrelevant,uptrend,uptrend,irrelevant
279,KGH,neutral,7,3,2025-11-19,2025-11-24,195.5,195.9,horizontal,uptrend,irrelevant,uptrend,uptrend,irrelevant,uptrend,uptrend,irrelevant,uptrend,uptrend,irrelevant
279,KGH,neutral,8,3,2025-11-19,2025-11-24,195.5,195.9,horizontal,uptrend,irrelevant,uptrend,uptrend,irrelevant,uptrend,uptrend,irrelevant,uptrend,uptrend,irrelevant
279,KGH,neutral,9,3,2025-11-19,2025-11-24,195.5,195.9,horizontal,uptrend,irrelevant,uptrend,uptrend,irrelevant,uptrend,uptrend,irrelevant,uptrend,uptrend,irrelevant
279,KGH,neutral,10,3,2025-11-19,2025-11-24,195.5,195.9,horizontal,uptrend,irrelevant,uptrend,uptrend,irrelevant,uptrend,uptrend,irrelevant,uptrend,uptrend,irrelevant
279,KGH,neutral,2,4,2025-11-19,2025-11-25,195.5,198.35,horizontal,uptrend,irrelevant,uptrend,uptrend,irrelevant,uptrend,uptrend,irrelevant,uptrend,uptrend,irrelevant
279,KGH,neutral,3,4,2025-11-19,2025-11-25,195.5,198.35,horizontal,uptrend,irrelevant,uptrend,uptrend,irrelevant,uptrend,uptrend,irrelevant,uptrend,uptrend,irrelevant
279,KGH,neutral,4,4,2025-11-19,2025-11-25,195.5,198.35,horizontal,uptrend,irrelevant,uptrend,uptrend,irrelevant,uptrend,uptrend,irrelevant,uptrend,uptrend,irrelevant
279,KGH,neutral,5,4,2025-11-19,2025-11-25,195.5,198.35,horizontal,uptrend,irrelevant,uptrend,uptrend,irrelevant,uptrend,uptrend,irrelevant,uptrend,uptrend,irrelevant
279,KGH,neutral,6,4,2025-11-19,2025-11-25,195.5,198.35,horizontal,uptrend,irrelevant,uptrend,uptrend,irrelevant,uptrend,uptrend,irrelevant,uptrend,uptrend,irrelevant
279,KGH,neutral,7,4,2025-11-19,2025-11-25,195.5,198.35,horizontal,uptrend,irrelevant,uptrend,uptrend,irrelevant,uptrend,uptrend,irrelevant,uptrend,uptrend,irrelevant
279,KGH,neutral,8,4,2025-11-19,2025-11-25,195.5,198.35,horizontal,uptrend,irrelevant,uptrend,uptrend,irrelevant,uptrend,uptrend,irrelevant,uptrend,uptrend,irrelevant
279,KGH,neutral,9,4,2025-11-19,2025-11-25,195.5,198.35,horizontal,uptrend,irrelevant,uptrend,uptrend,irrelevant,uptrend,uptrend,irrelevant,uptrend,uptrend,irrelevant
279,KGH,neutral,10,4,2025-11-19,2025-11-25,195.5,198.35,horizontal,uptrend,irrelevant,uptrend,uptrend,irrelevant,uptrend,uptrend,irrelevant,uptrend,uptrend,irrelevant
279,KGH,neutral,5,5,2025-11-19,2025-11-26,195.5,205.0,horizontal,uptrend,irrelevant,uptrend,uptrend,irrelevant,uptrend,uptrend,irrelevant,uptrend,uptrend,irrelevant
279,KGH,neutral,6,5,2025-11-19,2025-11-26,195.5,205.0,horizontal,uptrend,irrelevant,uptrend,uptrend,irrelevant,uptrend,uptrend,irrelevant,uptrend,uptrend,irrelevant
279,KGH,neutral,7,5,2025-11-19,2025-11-26,195.5,205.0,horizontal,uptrend,irrelevant,uptrend,uptrend,irrelevant,uptrend,uptrend,irrelevant,uptrend,uptrend,irrelevant
279,KGH,neutral,8,5,2025-11-19,2025-11-26,195.5,205.0,horizontal,uptrend,irrelevant,uptrend,uptrend,irrelevant,uptrend,uptrend,irrelevant,uptrend,uptrend,irrelevant
279,KGH,neutral,9,5,2025-11-19,2025-11-26,195.5,205.0,horizontal,uptrend,irrelevant,uptrend,uptrend,irrelevant,uptrend,uptrend,irrelevant,uptrend,uptrend,irrelevant
279,KGH,neutral,10,5,2025-11-19,2025-11-26,195.5,205.0,horizontal,uptrend,irrelevant,uptrend,uptrend,irrelevant,uptrend,uptrend,irrelevant,uptrend,uptrend,irrelevant
285,KGH,positive,1,1,2025-11-07,2025-11-10,189.65,195.65,horizontal,horizontal,irrelevant,uptrend,uptrend,irrelevant,uptrend,uptrend,irrelevant,uptrend,uptrend,irrelevant
285,KGH,positive,2,1,2025-11-07,2025-11-10,189.65,195.65,horizontal,horizontal,irrelevant,uptrend,uptrend,irrelevant,uptrend,uptrend,irrelevant,uptrend,uptrend,irrelevant
285,KGH,positive,3,1,2025-11-07,2025-11-10,189.65,195.65,horizontal,horizontal,irrelevant,uptrend,uptrend,irrelevant,uptrend,uptrend,irrelevant,uptrend,uptrend,irrelevant
285,KGH,positive,1,2,2025-11-07,2025-11-12,189.65,195.6,horizontal,uptrend,relevant,uptrend,uptrend,irrelevant,uptrend,uptrend,irrelevant,uptrend,uptrend,irrelevant
285,KGH,positive,2,2,2025-11-07,2025-11-12,189.65,195.6,horizontal,uptrend,relevant,uptrend,uptrend,irrelevant,uptrend,uptrend,irrelevant,uptrend,uptrend,irrelevant
285,KGH,positive,3,2,2025-11-07,2025-11-12,189.65,195.6,horizontal,uptrend,relevant,uptrend,uptrend,irrelevant,uptrend,uptrend,irrelevant,uptrend,uptrend,irrelevant
285,KGH,positive,1,3,2025-11-07,2025-11-13,189.65,196.5,horizontal,horizontal,irrelevant,uptrend,uptrend,irrelevant,uptrend,uptrend,irrelevant,uptrend,uptrend,irrelevant
285,KGH,positive,2,3,2025-11-07,2025-11-13,189.65,196.5,horizontal,horizontal,irrelevant,uptrend,uptrend,irrelevant,uptrend,uptrend,irrelevant,uptrend,uptrend,irrelevant
285,KGH,positive,3,3,2025-11-07,2025-11-13,189.65,196.5,horizontal,horizontal,irrelevant,uptrend,uptrend,irrelevant,uptrend,uptrend,irrelevant,uptrend,uptrend,irrelevant
285,KGH,positive,1,4,2025-11-07,2025-11-14,189.65,195.0,horizontal,horizontal,irrelevant,uptrend,uptrend,irrelevant,uptrend,uptrend,irrelevant,uptrend,uptrend,irrelevant
285,KGH,positive,2,4,2025-11-07,2025-11-14,189.65,195.0,horizontal,horizontal,irrelevant,uptrend,uptrend,irrelevant,uptrend,uptrend,irrelevant,uptrend,uptrend,irrelevant
285,KGH,positive,1,5,2025-11-07,2025-11-17,189.65,192.2,horizontal,horizontal,irrelevant,uptrend,uptrend,irrelevant,uptrend,uptrend,irrelevant,uptrend,uptrend,irrelevant
286,KGH,positive,1,1,2025-11-07,2025-11-10,189.65,195.65,horizontal,horizontal,irrelevant,uptrend,uptrend,irrelevant,uptrend,uptrend,irrelevant,uptrend,uptrend,irrelevant
286,KGH,positive,2,1,2025-11-07,2025-11-10,189.65,195.65,horizontal,horizontal,irrelevant,uptrend,uptrend,irrelevant,uptrend,uptrend,irrelevant,uptrend,uptrend,irrelevant
286,KGH,positive,3,1,2025-11-07,2025-11-10,189.65,195.65,horizontal,horizontal,irrelevant,uptrend,uptrend,irrelevant,uptrend,uptrend,irrelevant,uptrend,uptrend,irrelevant
286,KGH,positive,1,2,2025-11-07,2025-11-12,189.65,195.6,horizontal,uptrend,relevant,uptrend,uptrend,irrelevant,uptrend,uptrend,irrelevant,uptrend,uptrend,irrelevant
286,KGH,positive,2,2,2025-11-07,2025-11-12,189.65,195.6,horizontal,uptrend,relevant,uptrend,uptrend,irrelevant,uptrend,uptrend,irrelevant,uptrend,uptrend,irrelevant
286,KGH,positive,3,2,2025-11-07,2025-11-12,189.65,195.6,horizontal,uptrend,relevant,uptrend,uptrend,irrelevant,uptrend,uptrend,irrelevant,uptrend,uptrend,irrelevant
286,KGH,positive,1,3,2025-11-07,2025-11-13,189.65,196.5,horizontal,horizontal,irrelevant,uptrend,uptrend,irrelevant,uptrend,uptrend,irrelevant,uptrend,uptrend,irrelevant
286,KGH,positive,2,3,2025-11-07,2025-11-13,189.65,196.5,horizontal,horizontal,irrelevant,uptrend,uptrend,irrelevant,uptrend,uptrend,irrelevant,uptrend,uptrend,irrelevant
286,KGH,positive,3,3,2025-11-07,2025-11-13,189.65,196.5,horizontal,horizontal,irrelevant,uptrend,uptrend,irrelevant,uptrend,uptrend,irrelevant,uptrend,uptrend,irrelevant
286,KGH,positive,1,4,2025-11-07,2025-11-14,189.65,195.0,horizontal,horizontal,irrelevant,uptrend,uptrend,irrelevant,uptrend,uptrend,irrelevant,uptrend,uptrend,irrelevant
286,KGH,positive,2,4,2025-11-07,2025-11-14,189.65,195.0,horizontal,horizontal,irrelevant,uptrend,uptrend,irrelevant,uptrend,uptrend,irrelevant,uptrend,uptrend,irrelevant
286,KGH,positive,1,5,2025-11-07,2025-11-17,189.65,192.2,horizontal,horizontal,irrelevant,uptrend,uptrend,irrelevant,uptrend,uptrend,irrelevant,uptrend,uptrend,irrelevant
287,KGH,positive,1,2,2025-11-04,2025-11-06,186.55,189.35,uptrend,horizontal,irrelevant,uptrend,uptrend,irrelevant,uptrend,uptrend,irrelevant,uptrend,uptrend,irrelevant
287,KGH,positive,1,3,2025-11-04,2025-11-07,186.55,189.65,uptrend,horizontal,irrelevant,uptrend,uptrend,irrelevant,uptrend,uptrend,irrelevant,uptrend,uptrend,irrelevant
287,KGH,positive,1,4,2025-11-04,2025-11-10,186.55,195.65,uptrend,horizontal,irrelevant,uptrend,uptrend,irrelevant,uptrend,uptrend,irrelevant,uptrend,uptrend,irrelevant
287,KGH,positive,2,4,2025-11-04,2025-11-10,186.55,195.65,uptrend,horizontal,irrelevant,uptrend,uptrend,irrelevant,uptrend,uptrend,irrelevant,uptrend,uptrend,irrelevant
287,KGH,positive,3,4,2025-11-04,2025-11-10,186.55,195.65,uptrend,horizontal,irrelevant,uptrend,uptrend,irrelevant,uptrend,uptrend,irrelevant,uptrend,uptrend,irrelevant
287,KGH,positive,4,4,2025-11-04,2025-11-10,186.55,195.65,uptrend,horizontal,irrelevant,uptrend,uptrend,irrelevant,uptrend,uptrend,irrelevant,uptrend,uptrend,irrelevant
287,KGH,positive,1,5,2025-11-04,2025-11-12,186.55,195.6,uptrend,uptrend,irrelevant,uptrend,uptrend,irrelevant,uptrend,uptrend,irrelevant,uptrend,uptrend,irrelevant
287,KGH,positive,2,5,2025-11-04,2025-11-12,186.55,195.6,uptrend,uptrend,irrelevant,uptrend,uptrend,irrelevant,uptrend,uptrend,irrelevant,uptrend,uptrend,irrelevant
287,KGH,positive,3,5,2025-11-04,2025-11-12,186.55,195.6,uptrend,uptrend,irrelevant,uptrend,uptrend,irrelevant,uptrend,uptrend,irrelevant,uptrend,uptrend,irrelevant
287,KGH,positive,4,5,2025-11-04,2025-11-12,186.55,195.6,uptrend,uptrend,irrelevant,uptrend,uptrend,irrelevant,uptrend,uptrend,irrelevant,uptrend,uptrend,irrelevant
293,KGH,positive,1,1,2025-10-28,2025-10-29,191.35,197.2,uptrend,uptrend,irrelevant,uptrend,uptrend,irrelevant,uptrend,uptrend,irrelevant,uptrend,uptrend,irrelevant
293,KGH,positive,2,1,2025-10-28,2025-10-29,191.35,197.2,uptrend,uptrend,irrelevant,uptrend,uptrend,irrelevant,uptrend,uptrend,irrelevant,uptrend,uptrend,irrelevant
293,KGH,positive,3,1,2025-10-28,2025-10-29,191.35,197.2,uptrend,uptrend,irrelevant,uptrend,uptrend,irrelevant,uptrend,uptrend,irrelevant,uptrend,uptrend,irrelevant
293,KGH,positive,1,2,2025-10-28,2025-10-30,191.35,194.0,uptrend,uptrend,irrelevant,uptrend,uptrend,irrelevant,uptrend,uptrend,irrelevant,uptrend,uptrend,irrelevant
293,KGH,positive,1,3,2025-10-28,2025-10-31,191.35,193.85,uptrend,uptrend,irrelevant,uptrend,uptrend,irrelevant,uptrend,uptrend,irrelevant,uptrend,uptrend,irrelevant
294,KGH,positive,1,1,2025-10-27,2025-10-28,189.0,191.35,uptrend,uptrend,irrelevant,uptrend,uptrend,irrelevant,uptrend,uptrend,irrelevant,uptrend,uptrend,irrelevant
294,KGH,positive,1,2,2025-10-27,2025-10-29,189.0,197.2,uptrend,uptrend,irrelevant,uptrend,uptrend,irrelevant,uptrend,uptrend,irrelevant,uptrend,uptrend,irrelevant
294,KGH,positive,2,2,2025-10-27,2025-10-29,189.0,197.2,uptrend,uptrend,irrelevant,uptrend,uptrend,irrelevant,uptrend,uptrend,irrelevant,uptrend,uptrend,irrelevant
294,KGH,positive,3,2,2025-10-27,2025-10-29,189.0,197.2,uptrend,uptrend,irrelevant,uptrend,uptrend,irrelevant,uptrend,uptrend,irrelevant,uptrend,uptrend,irrelevant
294,KGH,positive,4,2,2025-10-27,2025-10-29,189.0,197.2,uptrend,uptrend,irrelevant,uptrend,uptrend,irrelevant,uptrend,uptrend,irrelevant,uptrend,uptrend,irrelevant
294,KGH,positive,1,3,2025-10-27,2025-10-30,189.0,194.0,uptrend,uptrend,irrelevant,uptrend,uptrend,irrelevant,uptrend,uptrend,irrelevant,uptrend,uptrend,irrelevant
294,KGH,positive,2,3,2025-10-27,2025-10-30,189.0,194.0,uptrend,uptrend,irrelevant,uptrend,uptrend,irrelevant,uptrend,uptrend,irrelevant,uptrend,uptrend,irrelevant
294,KGH,positive,1,4,2025-10-27,2025-10-31,189.0,193.85,uptrend,uptrend,irrelevant,uptrend,uptrend,irrelevant,uptrend,uptrend,irrelevant,uptrend,uptrend,irrelevant
294,KGH,positive,2,4,2025-10-27,2025-10-31,189.0,193.85,uptrend,uptrend,irrelevant,uptrend,uptrend,irrelevant,uptrend,uptrend,irrelevant,uptrend,uptrend,irrelevant
295,KGH,positive,1,3,2025-10-24,2025-10-29,191.0,197.2,uptrend,uptrend,irrelevant,uptrend,uptrend,irrelevant,uptrend,uptrend,irrelevant,uptrend,uptrend,irrelevant
295,KGH,positive,2,3,2025-10-24,2025-10-29,191.0,197.2,uptrend,uptrend,irrelevant,uptrend,uptrend,irrelevant,uptrend,uptrend,irrelevant,uptrend,uptrend,irrelevant
295,KGH,positive,3,3,2025-10-24,2025-10-29,191.0,197.2,uptrend,uptrend,irrelevant,uptrend,uptrend,irrelevant,uptrend,uptrend,irrelevant,uptrend,uptrend,irrelevant
295,KGH,positive,1,4,2025-10-24,2025-10-30,191.0,194.0,uptrend,uptrend,irrelevant,uptrend,uptrend,irrelevant,uptrend,uptrend,irrelevant,uptrend,uptrend,irrelevant
295,KGH,positive,1,5,2025-10-24,2025-10-31,191.0,193.85,uptrend,uptrend,irrelevant,uptrend,uptrend,irrelevant,uptrend,uptrend,irrelevant,uptrend,uptrend,irrelevant
296,KGH,neutral,5,1,2025-10-22,2025-10-23,186.1,193.75,uptrend,uptrend,irrelevant,uptrend,uptrend,irrelevant,uptrend,uptrend,irrelevant,uptrend,uptrend,irrelevant
296,KGH,neutral,6,1,2025-10-22,2025-10-23,186.1,193.75,uptrend,uptrend,irrelevant,uptrend,uptrend,irrelevant,uptrend,uptrend,irrelevant,uptrend,uptrend,irrelevant
296,KGH,neutral,7,1,2025-10-22,2025-10-23,186.1,193.75,uptrend,uptrend,irrelevant,uptrend,uptrend,irrelevant,uptrend,uptrend,irrelevant,uptrend,uptrend,irrelevant
296,KGH,neutral,8,1,2025-10-22,2025-10-23,186.1,193.75,uptrend,uptrend,irrelevant,uptrend,uptrend,irrelevant,uptrend,uptrend,irrelevant,uptrend,uptrend,irrelevant
296,KGH,neutral,9,1,2025-10-22,2025-10-23,186.1,193.75,uptrend,uptrend,irrelevant,uptrend,uptrend,irrelevant,uptrend,uptrend,irrelevant,uptrend,uptrend,irrelevant
296,KGH,neutral,10,1,2025-10-22,2025-10-23,186.1,193.75,uptrend,uptrend,irrelevant,uptrend,uptrend,irrelevant,uptrend,uptrend,irrelevant,uptrend,uptrend,irrelevant
296,KGH,neutral,3,2,2025-10-22,2025-10-24,186.1,191.0,uptrend,uptrend,irrelevant,uptrend,uptrend,irrelevant,uptrend,uptrend,irrelevant,uptrend,uptrend,irrelevant
296,KGH,neutral,4,2,2025-10-22,2025-10-24,186.1,191.0,uptrend,uptrend,irrelevant,uptrend,uptrend,irrelevant,uptrend,uptrend,irrelevant,uptrend,uptrend,irrelevant
296,KGH,neutral,5,2,2025-10-22,2025-10-24,186.1,191.0,uptrend,uptrend,irrelevant,uptrend,uptrend,irrelevant,uptrend,uptrend,irrelevant,uptrend,uptrend,irrelevant
296,KGH,neutral,6,2,2025-10-22,2025-10-24,186.1,191.0,uptrend,uptrend,irrelevant,uptrend,uptrend,irrelevant,uptrend,uptrend,irrelevant,uptrend,uptrend,irrelevant
296,KGH,neutral,7,2,2025-10-22,2025-10-24,186.1,191.0,uptrend,uptrend,irrelevant,uptrend,uptrend,irrelevant,uptrend,uptrend,irrelevant,uptrend,uptrend,irrelevant
296,KGH,neutral,8,2,2025-10-22,2025-10-24,186.1,191.0,uptrend,uptrend,irrelevant,uptrend,uptrend,irrelevant,uptrend,uptrend,irrelevant,uptrend,uptrend,irrelevant
296,KGH,neutral,9,2,2025-10-22,2025-10-24,186.1,191.0,uptrend,uptrend,irrelevant,uptrend,uptrend,irrelevant,uptrend,uptrend,irrelevant,uptrend,uptrend,irrelevant
296,KGH,neutral,10,2,2025-10-22,2025-10-24,186.1,191.0,uptrend,uptrend,irrelevant,uptrend,uptrend,irrelevant,uptrend,uptrend,irrelevant,uptrend,uptrend,irrelevant
296,KGH,neutral,2,3,2025-10-22,2025-10-27,186.1,189.0,uptrend,uptrend,irrelevant,uptrend,uptrend,irrelevant,uptrend,uptrend,irrelevant,uptrend,uptrend,irrelevant
296,KGH,neutral,3,3,2025-10-22,2025-10-27,186.1,189.0,uptrend,uptrend,irrelevant,uptrend,uptrend,irrelevant,uptrend,uptrend,irrelevant,uptrend,uptrend,irrelevant
296,KGH,neutral,4,3,2025-10-22,2025-10-27,186.1,189.0,uptrend,uptrend,irrelevant,uptrend,uptrend,irrelevant,uptrend,uptrend,irrelevant,uptrend,uptrend,irrelevant
296,KGH,neutral,5,3,2025-10-22,2025-10-27,186.1,189.0,uptrend,uptrend,irrelevant,uptrend,uptrend,irrelevant,uptrend,uptrend,irrelevant,uptrend,uptrend,irrelevant
296,KGH,neutral,6,3,2025-10-22,2025-10-27,186.1,189.0,uptrend,uptrend,irrelevant,uptrend,uptrend,irrelevant,uptrend,uptrend,irrelevant,uptrend,uptrend,irrelevant
296,KGH,neutral,7,3,2025-10-22,2025-10-27,186.1,189.0,uptrend,uptrend,irrelevant,uptrend,uptrend,irrelevant,uptrend,uptrend,irrelevant,uptrend,uptrend,irrelevant
296,KGH,neutral,8,3,2025-10-22,2025-10-27,186.1,189.0,uptrend,uptrend,irrelevant,uptrend,uptrend,irrelevant,uptrend,uptrend,irrelevant,uptrend,uptrend,irrelevant
296,KGH,neutral,9,3,2025-10-22,2025-10-27,186.1,189.0,uptrend,uptrend,irrelevant,uptrend,uptrend,irrelevant,uptrend,uptrend,irrelevant,uptrend,uptrend,irrelevant
296,KGH,neutral,10,3,2025-10-22,2025-10-27,186.1,189.0,uptrend,uptrend,irrelevant,uptrend,uptrend,irrelevant,uptrend,uptrend,irrelevant,uptrend,uptrend,irrelevant
296,KGH,neutral,3,4,2025-10-22,2025-10-28,186.1,191.35,uptrend,uptrend,irrelevant,uptrend,uptrend,irrelevant,uptrend,uptrend,irrelevant,uptrend,uptrend,irrelevant
296,KGH,neutral,4,4,2025-10-22,2025-10-28,186.1,191.35,uptrend,uptrend,irrelevant,uptrend,uptrend,irrelevant,uptrend,uptrend,irrelevant,uptrend,uptrend,irrelevant
296,KGH,neutral,5,4,2025-10-22,2025-10-28,186.1,191.35,uptrend,uptrend,irrelevant,uptrend,uptrend,irrelevant,uptrend,uptrend,irrelevant,uptrend,uptrend,irrelevant
296,KGH,neutral,6,4,2025-10-22,2025-10-28,186.1,191.35,uptrend,uptrend,irrelevant,uptrend,uptrend,irrelevant,uptrend,uptrend,irrelevant,uptrend,uptrend,irrelevant
296,KGH,neutral,7,4,2025-10-22,2025-10-28,186.1,191.35,uptrend,uptrend,irrelevant,uptrend,uptrend,irrelevant,uptrend,uptrend,irrelevant,uptrend,uptrend,irrelevant
296,KGH,neutral,8,4,2025-10-22,2025-10-28,186.1,191.35,uptrend,uptrend,irrelevant,uptrend,uptrend,irrelevant,uptrend,uptrend,irrelevant,uptrend,uptrend,irrelevant
296,KGH,neutral,9,4,2025-10-22,2025-10-28,186.1,191.35,uptrend,uptrend,irrelevant,uptrend,uptrend,irrelevant,uptrend,uptrend,irrelevant,uptrend,uptrend,irrelevant
296,KGH,neutral,10,4,2025-10-22,2025-10-28,186.1,191.35,uptrend,uptrend,irrelevant,uptrend,uptrend,irrelevant,uptrend,uptrend,irrelevant,uptrend,uptrend,irrelevant
296,KGH,neutral,6,5,2025-10-22,2025-10-29,186.1,197.2,uptrend,uptrend,irrelevant,uptrend,uptrend,irrelevant,uptrend,uptrend,irrelevant,uptrend,uptrend,irrelevant
296,KGH,neutral,7,5,2025-10-22,2025-10-29,186.1,197.2,uptrend,uptrend,irrelevant,uptrend,uptrend,irrelevant,uptrend,uptrend,irrelevant,uptrend,uptrend,irrelevant
296,KGH,neutral,8,5,2025-10-22,2025-10-29,186.1,197.2,uptrend,uptrend,irrelevant,uptrend,uptrend,irrelevant,uptrend,uptrend,irrelevant,uptrend,uptrend,irrelevant
296,KGH,neutral,9,5,2025-10-22,2025-10-29,186.1,197.2,uptrend,uptrend,irrelevant,uptrend,uptrend,irrelevant,uptrend,uptrend,irrelevant,uptrend,uptrend,irrelevant
296,KGH,neutral,10,5,2025-10-22,2025-10-29,186.1,197.2,uptrend,uptrend,irrelevant,uptrend,uptrend,irrelevant,uptrend,uptrend,irrelevant,uptrend,uptrend,irrelevant
297,KGH,positive,1,1,2025-10-22,2025-10-23,186.1,193.75,uptrend,uptrend,irrelevant,uptrend,uptrend,irrelevant,uptrend,uptrend,irrelevant,uptrend,uptrend,irrelevant
297,KGH,positive,2,1,2025-10-22,2025-10-23,186.1,193.75,uptrend,uptrend,irrelevant,uptrend,uptrend,irrelevant,uptrend,uptrend,irrelevant,uptrend,uptrend,irrelevant
297,KGH,positive,3,1,2025-10-22,2025-10-23,186.1,193.75,uptrend,uptrend,irrelevant,uptrend,uptrend,irrelevant,uptrend,uptrend,irrelevant,uptrend,uptrend,irrelevant
297,KGH,positive,4,1,2025-10-22,2025-10-23,186.1,193.75,uptrend,uptrend,irrelevant,uptrend,uptrend,irrelevant,uptrend,uptrend,irrelevant,uptrend,uptrend,irrelevant
297,KGH,positive,1,2,2025-10-22,2025-10-24,186.1,191.0,uptrend,uptrend,irrelevant,uptrend,uptrend,irrelevant,uptrend,uptrend,irrelevant,uptrend,uptrend,irrelevant
297,KGH,positive,2,2,2025-10-22,2025-10-24,186.1,191.0,uptrend,uptrend,irrelevant,uptrend,uptrend,irrelevant,uptrend,uptrend,irrelevant,uptrend,uptrend,irrelevant
297,KGH,positive,1,3,2025-10-22,2025-10-27,186.1,189.0,uptrend,uptrend,irrelevant,uptrend,uptrend,irrelevant,uptrend,uptrend,irrelevant,uptrend,uptrend,irrelevant
297,KGH,positive,1,4,2025-10-22,2025-10-28,186.1,191.35,uptrend,uptrend,irrelevant,uptrend,uptrend,irrelevant,uptrend,uptrend,irrelevant,uptrend,uptrend,irrelevant
297,KGH,positive,2,4,2025-10-22,2025-10-28,186.1,191.35,uptrend,uptrend,irrelevant,uptrend,uptrend,irrelevant,uptrend,uptrend,irrelevant,uptrend,uptrend,irrelevant
297,KGH,positive,1,5,2025-10-22,2025-10-29,186.1,197.2,uptrend,uptrend,irrelevant,uptrend,uptrend,irrelevant,uptrend,uptrend,irrelevant,uptrend,uptrend,irrelevant
297,KGH,positive,2,5,2025-10-22,2025-10-29,186.1,197.2,uptrend,uptrend,irrelevant,uptrend,uptrend,irrelevant,uptrend,uptrend,irrelevant,uptrend,uptrend,irrelevant
297,KGH,positive,3,5,2025-10-22,2025-10-29,186.1,197.2,uptrend,uptrend,irrelevant,uptrend,uptrend,irrelevant,uptrend,uptrend,irrelevant,uptrend,uptrend,irrelevant
297,KGH,positive,4,5,2025-10-22,2025-10-29,186.1,197.2,uptrend,uptrend,irrelevant,uptrend,uptrend,irrelevant,uptrend,uptrend,irrelevant,uptrend,uptrend,irrelevant
297,KGH,positive,5,5,2025-10-22,2025-10-29,186.1,197.2,uptrend,uptrend,irrelevant,uptrend,uptrend,irrelevant,uptrend,uptrend,irrelevant,uptrend,uptrend,irrelevant
299,KGH,positive,1,2,2025-10-16,2025-10-20,191.25,194.1,uptrend,uptrend,irrelevant,uptrend,uptrend,irrelevant,uptrend,uptrend,irrelevant,uptrend,uptrend,irrelevant
299,KGH,positive,1,5,2025-10-16,2025-10-23,191.25,193.75,uptrend,uptrend,irrelevant,uptrend,uptrend,irrelevant,uptrend,uptrend,irrelevant,uptrend,uptrend,irrelevant
300,KGH,neutral,1,1,2025-10-15,2025-10-16,190.25,191.25,uptrend,uptrend,irrelevant,uptrend,uptrend,irrelevant,uptrend,uptrend,irrelevant,uptrend,uptrend,irrelevant
300,KGH,neutral,2,1,2025-10-15,2025-10-16,190.25,191.25,uptrend,uptrend,irrelevant,uptrend,uptrend,irrelevant,uptrend,uptrend,irrelevant,uptrend,uptrend,irrelevant
300,KGH,neutral,3,1,2025-10-15,2025-10-16,190.25,191.25,uptrend,uptrend,irrelevant,uptrend,uptrend,irrelevant,uptrend,uptrend,irrelevant,uptrend,uptrend,irrelevant
300,KGH,neutral,4,1,2025-10-15,2025-10-16,190.25,191.25,uptrend,uptrend,irrelevant,uptrend,uptrend,irrelevant,uptrend,uptrend,irrelevant,uptrend,uptrend,irrelevant
300,KGH,neutral,5,1,2025-10-15,2025-10-16,190.25,191.25,uptrend,uptrend,irrelevant,uptrend,uptrend,irrelevant,uptrend,uptrend,irrelevant,uptrend,uptrend,irrelevant
300,KGH,neutral,6,1,2025-10-15,2025-10-16,190.25,191.25,uptrend,uptrend,irrelevant,uptrend,uptrend,irrelevant,uptrend,uptrend,irrelevant,uptrend,uptrend,irrelevant
300,KGH,neutral,7,1,2025-10-15,2025-10-16,190.25,191.25,uptrend,uptrend,irrelevant,uptrend,uptrend,irrelevant,uptrend,uptrend,irrelevant,uptrend,uptrend,irrelevant
300,KGH,neutral,8,1,2025-10-15,2025-10-16,190.25,191.25,uptrend,uptrend,irrelevant,uptrend,uptrend,irrelevant,uptrend,uptrend,irrelevant,uptrend,uptrend,irrelevant
300,KGH,neutral,9,1,2025-10-15,2025-10-16,190.25,191.25,uptrend,uptrend,irrelevant,uptrend,uptrend,irrelevant,uptrend,uptrend,irrelevant,uptrend,uptrend,irrelevant
300,KGH,neutral,10,1,2025-10-15,2025-10-16,190.25,191.25,uptrend,uptrend,irrelevant,uptrend,uptrend,irrelevant,uptrend,uptrend,irrelevant,uptrend,uptrend,irrelevant
300,KGH,neutral,2,2,2025-10-15,2025-10-17,190.25,187.75,uptrend,uptrend,irrelevant,uptrend,uptrend,irrelevant,uptrend,uptrend,irrelevant,uptrend,uptrend,irrelevant
300,KGH,neutral,3,2,2025-10-15,2025-10-17,190.25,187.75,uptrend,uptrend,irrelevant,uptrend,uptrend,irrelevant,uptrend,uptrend,irrelevant,uptrend,uptrend,irrelevant
300,KGH,neutral,4,2,2025-10-15,2025-10-17,190.25,187.75,uptrend,uptrend,irrelevant,uptrend,uptrend,irrelevant,uptrend,uptrend,irrelevant,uptrend,uptrend,irrelevant
300,KGH,neutral,5,2,2025-10-15,2025-10-17,190.25,187.75,uptrend,uptrend,irrelevant,uptrend,uptrend,irrelevant,uptrend,uptrend,irrelevant,uptrend,uptrend,irrelevant
300,KGH,neutral,6,2,2025-10-15,2025-10-17,190.25,187.75,uptrend,uptrend,irrelevant,uptrend,uptrend,irrelevant,uptrend,uptrend,irrelevant,uptrend,uptrend,irrelevant
300,KGH,neutral,7,2,2025-10-15,2025-10-17,190.25,187.75,uptrend,uptrend,irrelevant,uptrend,uptrend,irrelevant,uptrend,uptrend,irrelevant,uptrend,uptrend,irrelevant
300,KGH,neutral,8,2,2025-10-15,2025-10-17,190.25,187.75,uptrend,uptrend,irrelevant,uptrend,uptrend,irrelevant,uptrend,uptrend,irrelevant,uptrend,uptrend,irrelevant
300,KGH,neutral,9,2,2025-10-15,2025-10-17,190.25,187.75,uptrend,uptrend,irrelevant,uptrend,uptrend,irrelevant,uptrend,uptrend,irrelevant,uptrend,uptrend,irrelevant
300,KGH,neutral,10,2,2025-10-15,2025-10-17,190.25,187.75,uptrend,uptrend,irrelevant,uptrend,uptrend,irrelevant,uptrend,uptrend,irrelevant,uptrend,uptrend,irrelevant
300,KGH,neutral,3,3,2025-10-15,2025-10-20,190.25,194.1,uptrend,uptrend,irrelevant,uptrend,uptrend,irrelevant,uptrend,uptrend,irrelevant,uptrend,uptrend,irrelevant
300,KGH,neutral,4,3,2025-10-15,2025-10-20,190.25,194.1,uptrend,uptrend,irrelevant,uptrend,uptrend,irrelevant,uptrend,uptrend,irrelevant,uptrend,uptrend,irrelevant
300,KGH,neutral,5,3,2025-10-15,2025-10-20,190.25,194.1,uptrend,uptrend,irrelevant,uptrend,uptrend,irrelevant,uptrend,uptrend,irrelevant,uptrend,uptrend,irrelevant
300,KGH,neutral,6,3,2025-10-15,2025-10-20,190.25,194.1,uptrend,uptrend,irrelevant,uptrend,uptrend,irrelevant,uptrend,uptrend,irrelevant,uptrend,uptrend,irrelevant
300,KGH,neutral,7,3,2025-10-15,2025-10-20,190.25,194.1,uptrend,uptrend,irrelevant,uptrend,uptrend,irrelevant,uptrend,uptrend,irrelevant,uptrend,uptrend,irrelevant
300,KGH,neutral,8,3,2025-10-15,2025-10-20,190.25,194.1,uptrend,uptrend,irrelevant,uptrend,uptrend,irrelevant,uptrend,uptrend,irrelevant,uptrend,uptrend,irrelevant
300,KGH,neutral,9,3,2025-10-15,2025-10-20,190.25,194.1,uptrend,uptrend,irrelevant,uptrend,uptrend,irrelevant,uptrend,uptrend,irrelevant,uptrend,uptrend,irrelevant
300,KGH,neutral,10,3,2025-10-15,2025-10-20,190.25,194.1,uptrend,uptrend,irrelevant,uptrend,uptrend,irrelevant,uptrend,uptrend,irrelevant,uptrend,uptrend,irrelevant
300,KGH,neutral,3,4,2025-10-15,2025-10-21,190.25,185.5,uptrend,uptrend,irrelevant,uptrend,uptrend,irrelevant,uptrend,uptrend,irrelevant,uptrend,uptrend,irrelevant
300,KGH,neutral,4,4,2025-10-15,2025-10-21,190.25,185.5,uptrend,uptrend,irrelevant,uptrend,uptrend,irrelevant,uptrend,uptrend,irrelevant,uptrend,uptrend,irrelevant
300,KGH,neutral,5,4,2025-10-15,2025-10-21,190.25,185.5,uptrend,uptrend,irrelevant,uptrend,uptrend,irrelevant,uptrend,uptrend,irrelevant,uptrend,uptrend,irrelevant
300,KGH,neutral,6,4,2025-10-15,2025-10-21,190.25,185.5,uptrend,uptrend,irrelevant,uptrend,uptrend,irrelevant,uptrend,uptrend,irrelevant,uptrend,uptrend,irrelevant
300,KGH,neutral,7,4,2025-10-15,2025-10-21,190.25,185.5,uptrend,uptrend,irrelevant,uptrend,uptrend,irrelevant,uptrend,uptrend,irrelevant,uptrend,uptrend,irrelevant
300,KGH,neutral,8,4,2025-10-15,2025-10-21,190.25,185.5,uptrend,uptrend,irrelevant,uptrend,uptrend,irrelevant,uptrend,uptrend,irrelevant,uptrend,uptrend,irrelevant
300,KGH,neutral,9,4,2025-10-15,2025-10-21,190.25,185.5,uptrend,uptrend,irrelevant,uptrend,uptrend,irrelevant,uptrend,uptrend,irrelevant,uptrend,uptrend,irrelevant
300,KGH,neutral,10,4,2025-10-15,2025-10-21,190.25,185.5,uptrend,uptrend,irrelevant,uptrend,uptrend,irrelevant,uptrend,uptrend,irrelevant,uptrend,uptrend,irrelevant
300,KGH,neutral,3,5,2025-10-15,2025-10-22,190.25,186.1,uptrend,uptrend,irrelevant,uptrend,uptrend,irrelevant,uptrend,uptrend,irrelevant,uptrend,uptrend,irrelevant
300,KGH,neutral,4,5,2025-10-15,2025-10-22,190.25,186.1,uptrend,uptrend,irrelevant,uptrend,uptrend,irrelevant,uptrend,uptrend,irrelevant,uptrend,uptrend,irrelevant
300,KGH,neutral,5,5,2025-10-15,2025-10-22,190.25,186.1,uptrend,uptrend,irrelevant,uptrend,uptrend,irrelevant,uptrend,uptrend,irrelevant,uptrend,uptrend,irrelevant
300,KGH,neutral,6,5,2025-10-15,2025-10-22,190.25,186.1,uptrend,uptrend,irrelevant,uptrend,uptrend,irrelevant,uptrend,uptrend,irrelevant,uptrend,uptrend,irrelevant
300,KGH,neutral,7,5,2025-10-15,2025-10-22,190.25,186.1,uptrend,uptrend,irrelevant,uptrend,uptrend,irrelevant,uptrend,uptrend,irrelevant,uptrend,uptrend,irrelevant
300,KGH,neutral,8,5,2025-10-15,2025-10-22,190.25,186.1,uptrend,uptrend,irrelevant,uptrend,uptrend,irrelevant,uptrend,uptrend,irrelevant,uptrend,uptrend,irrelevant
300,KGH,neutral,9,5,2025-10-15,2025-10-22,190.25,186.1,uptrend,uptrend,irrelevant,uptrend,uptrend,irrelevant,uptrend,uptrend,irrelevant,uptrend,uptrend,irrelevant
300,KGH,neutral,10,5,2025-10-15,2025-10-22,190.25,186.1,uptrend,uptrend,irrelevant,uptrend,uptrend,irrelevant,uptrend,uptrend,irrelevant,uptrend,uptrend,irrelevant
302,KGH,neutral,3,1,2025-10-06,2025-10-07,173.8,178.0,uptrend,uptrend,irrelevant,uptrend,uptrend,irrelevant,uptrend,uptrend,irrelevant,uptrend,uptrend,irrelevant
302,KGH,neutral,4,1,2025-10-06,2025-10-07,173.8,178.0,uptrend,uptrend,irrelevant,uptrend,uptrend,irrelevant,uptrend,uptrend,irrelevant,uptrend,uptrend,irrelevant
302,KGH,neutral,5,1,2025-10-06,2025-10-07,173.8,178.0,uptrend,uptrend,irrelevant,uptrend,uptrend,irrelevant,uptrend,uptrend,irrelevant,uptrend,uptrend,irrelevant
302,KGH,neutral,6,1,2025-10-06,2025-10-07,173.8,178.0,uptrend,uptrend,irrelevant,uptrend,uptrend,irrelevant,uptrend,uptrend,irrelevant,uptrend,uptrend,irrelevant
302,KGH,neutral,7,1,2025-10-06,2025-10-07,173.8,178.0,uptrend,uptrend,irrelevant,uptrend,uptrend,irrelevant,uptrend,uptrend,irrelevant,uptrend,uptrend,irrelevant
302,KGH,neutral,8,1,2025-10-06,2025-10-07,173.8,178.0,uptrend,uptrend,irrelevant,uptrend,uptrend,irrelevant,uptrend,uptrend,irrelevant,uptrend,uptrend,irrelevant
302,KGH,neutral,9,1,2025-10-06,2025-10-07,173.8,178.0,uptrend,uptrend,irrelevant,uptrend,uptrend,irrelevant,uptrend,uptrend,irrelevant,uptrend,uptrend,irrelevant
302,KGH,neutral,10,1,2025-10-06,2025-10-07,173.8,178.0,uptrend,uptrend,irrelevant,uptrend,uptrend,irrelevant,uptrend,uptrend,irrelevant,uptrend,uptrend,irrelevant
302,KGH,neutral,8,2,2025-10-06,2025-10-08,173.8,186.55,uptrend,uptrend,irrelevant,uptrend,uptrend,irrelevant,uptrend,uptrend,irrelevant,uptrend,uptrend,irrelevant
302,KGH,neutral,9,2,2025-10-06,2025-10-08,173.8,186.55,uptrend,uptrend,irrelevant,uptrend,uptrend,irrelevant,uptrend,uptrend,irrelevant,uptrend,uptrend,irrelevant
302,KGH,neutral,10,2,2025-10-06,2025-10-08,173.8,186.55,uptrend,uptrend,irrelevant,uptrend,uptrend,irrelevant,uptrend,uptrend,irrelevant,uptrend,uptrend,irrelevant
302,KGH,neutral,10,3,2025-10-06,2025-10-09,173.8,189.8,uptrend,uptrend,irrelevant,uptrend,uptrend,irrelevant,uptrend,uptrend,irrelevant,uptrend,uptrend,irrelevant
302,KGH,neutral,9,4,2025-10-06,2025-10-10,173.8,188.0,uptrend,uptrend,irrelevant,uptrend,uptrend,irrelevant,uptrend,uptrend,irrelevant,uptrend,uptrend,irrelevant
302,KGH,neutral,10,4,2025-10-06,2025-10-10,173.8,188.0,uptrend,uptrend,irrelevant,uptrend,uptrend,irrelevant,uptrend,uptrend,irrelevant,uptrend,uptrend,irrelevant
303,KGH,positive,1,1,2025-10-06,2025-10-07,173.8,178.0,uptrend,uptrend,irrelevant,uptrend,uptrend,irrelevant,uptrend,uptrend,irrelevant,uptrend,uptrend,irrelevant
303,KGH,positive,2,1,2025-10-06,2025-10-07,173.8,178.0,uptrend,uptrend,irrelevant,uptrend,uptrend,irrelevant,uptrend,uptrend,irrelevant,uptrend,uptrend,irrelevant
303,KGH,positive,1,2,2025-10-06,2025-10-08,173.8,186.55,uptrend,uptrend,irrelevant,uptrend,uptrend,irrelevant,uptrend,uptrend,irrelevant,uptrend,uptrend,irrelevant
303,KGH,positive,2,2,2025-10-06,2025-10-08,173.8,186.55,uptrend,uptrend,irrelevant,uptrend,uptrend,irrelevant,uptrend,uptrend,irrelevant,uptrend,uptrend,irrelevant
303,KGH,positive,3,2,2025-10-06,2025-10-08,173.8,186.55,uptrend,uptrend,irrelevant,uptrend,uptrend,irrelevant,uptrend,uptrend,irrelevant,uptrend,uptrend,irrelevant
303,KGH,positive,4,2,2025-10-06,2025-10-08,173.8,186.55,uptrend,uptrend,irrelevant,uptrend,uptrend,irrelevant,uptrend,uptrend,irrelevant,uptrend,uptrend,irrelevant
303,KGH,positive,5,2,2025-10-06,2025-10-08,173.8,186.55,uptrend,uptrend,irrelevant,uptrend,uptrend,irrelevant,uptrend,uptrend,irrelevant,uptrend,uptrend,irrelevant
303,KGH,positive,6,2,2025-10-06,2025-10-08,173.8,186.55,uptrend,uptrend,irrelevant,uptrend,uptrend,irrelevant,uptrend,uptrend,irrelevant,uptrend,uptrend,irrelevant
303,KGH,positive,7,2,2025-10-06,2025-10-08,173.8,186.55,uptrend,uptrend,irrelevant,uptrend,uptrend,irrelevant,uptrend,uptrend,irrelevant,uptrend,uptrend,irrelevant
303,KGH,positive,1,3,2025-10-06,2025-10-09,173.8,189.8,uptrend,uptrend,irrelevant,uptrend,uptrend,irrelevant,uptrend,uptrend,irrelevant,uptrend,uptrend,irrelevant
303,KGH,positive,2,3,2025-10-06,2025-10-09,173.8,189.8,uptrend,uptrend,irrelevant,uptrend,uptrend,irrelevant,uptrend,uptrend,irrelevant,uptrend,uptrend,irrelevant
303,KGH,positive,3,3,2025-10-06,2025-10-09,173.8,189.8,uptrend,uptrend,irrelevant,uptrend,uptrend,irrelevant,uptrend,uptrend,irrelevant,uptrend,uptrend,irrelevant
303,KGH,positive,4,3,2025-10-06,2025-10-09,173.8,189.8,uptrend,uptrend,irrelevant,uptrend,uptrend,irrelevant,uptrend,uptrend,irrelevant,uptrend,uptrend,irrelevant
303,KGH,positive,5,3,2025-10-06,2025-10-09,173.8,189.8,uptrend,uptrend,irrelevant,uptrend,uptrend,irrelevant,uptrend,uptrend,irrelevant,uptrend,uptrend,irrelevant
303,KGH,positive,6,3,2025-10-06,2025-10-09,173.8,189.8,uptrend,uptrend,irrelevant,uptrend,uptrend,irrelevant,uptrend,uptrend,irrelevant,uptrend,uptrend,irrelevant
303,KGH,positive,7,3,2025-10-06,2025-10-09,173.8,189.8,uptrend,uptrend,irrelevant,uptrend,uptrend,irrelevant,uptrend,uptrend,irrelevant,uptrend,uptrend,irrelevant
303,KGH,positive,8,3,2025-10-06,2025-10-09,173.8,189.8,uptrend,uptrend,irrelevant,uptrend,uptrend,irrelevant,uptrend,uptrend,irrelevant,uptrend,uptrend,irrelevant
303,KGH,positive,9,3,2025-10-06,2025-10-09,173.8,189.8,uptrend,uptrend,irrelevant,uptrend,uptrend,irrelevant,uptrend,uptrend,irrelevant,uptrend,uptrend,irrelevant
303,KGH,positive,1,4,2025-10-06,2025-10-10,173.8,188.0,uptrend,uptrend,irrelevant,uptrend,uptrend,irrelevant,uptrend,uptrend,irrelevant,uptrend,uptrend,irrelevant
303,KGH,positive,2,4,2025-10-06,2025-10-10,173.8,188.0,uptrend,uptrend,irrelevant,uptrend,uptrend,irrelevant,uptrend,uptrend,irrelevant,uptrend,uptrend,irrelevant
303,KGH,positive,3,4,2025-10-06,2025-10-10,173.8,188.0,uptrend,uptrend,irrelevant,uptrend,uptrend,irrelevant,uptrend,uptrend,irrelevant,uptrend,uptrend,irrelevant
303,KGH,positive,4,4,2025-10-06,2025-10-10,173.8,188.0,uptrend,uptrend,irrelevant,uptrend,uptrend,irrelevant,uptrend,uptrend,irrelevant,uptrend,uptrend,irrelevant
303,KGH,positive,5,4,2025-10-06,2025-10-10,173.8,188.0,uptrend,uptrend,irrelevant,uptrend,uptrend,irrelevant,uptrend,uptrend,irrelevant,uptrend,uptrend,irrelevant
303,KGH,positive,6,4,2025-10-06,2025-10-10,173.8,188.0,uptrend,uptrend,irrelevant,uptrend,uptrend,irrelevant,uptrend,uptrend,irrelevant,uptrend,uptrend,irrelevant
303,KGH,positive,7,4,2025-10-06,2025-10-10,173.8,188.0,uptrend,uptrend,irrelevant,uptrend,uptrend,irrelevant,uptrend,uptrend,irrelevant,uptrend,uptrend,irrelevant
303,KGH,positive,8,4,2025-10-06,2025-10-10,173.8,188.0,uptrend,uptrend,irrelevant,uptrend,uptrend,irrelevant,uptrend,uptrend,irrelevant,uptrend,uptrend,irrelevant
303,KGH,positive,1,5,2025-10-06,2025-10-13,173.8,192.25,uptrend,uptrend,irrelevant,uptrend,uptrend,irrelevant,uptrend,uptrend,irrelevant,uptrend,uptrend,irrelevant
303,KGH,positive,2,5,2025-10-06,2025-10-13,173.8,192.25,uptrend,uptrend,irrelevant,uptrend,uptrend,irrelevant,uptrend,uptrend,irrelevant,uptrend,uptrend,irrelevant
303,KGH,positive,3,5,2025-10-06,2025-10-13,173.8,192.25,uptrend,uptrend,irrelevant,uptrend,uptrend,irrelevant,uptrend,uptrend,irrelevant,uptrend,uptrend,irrelevant
303,KGH,positive,4,5,2025-10-06,2025-10-13,173.8,192.25,uptrend,uptrend,irrelevant,uptrend,uptrend,irrelevant,uptrend,uptrend,irrelevant,uptrend,uptrend,irrelevant
303,KGH,positive,5,5,2025-10-06,2025-10-13,173.8,192.25,uptrend,uptrend,irrelevant,uptrend,uptrend,irrelevant,uptrend,uptrend,irrelevant,uptrend,uptrend,irrelevant
303,KGH,positive,6,5,2025-10-06,2025-10-13,173.8,192.25,uptrend,uptrend,irrelevant,uptrend,uptrend,irrelevant,uptrend,uptrend,irrelevant,uptrend,uptrend,irrelevant
303,KGH,positive,7,5,2025-10-06,2025-10-13,173.8,192.25,uptrend,uptrend,irrelevant,uptrend,uptrend,irrelevant,uptrend,uptrend,irrelevant,uptrend,uptrend,irrelevant
303,KGH,positive,8,5,2025-10-06,2025-10-13,173.8,192.25,uptrend,uptrend,irrelevant,uptrend,uptrend,irrelevant,uptrend,uptrend,irrelevant,uptrend,uptrend,irrelevant
303,KGH,positive,9,5,2025-10-06,2025-10-13,173.8,192.25,uptrend,uptrend,irrelevant,uptrend,uptrend,irrelevant,uptrend,uptrend,irrelevant,uptrend,uptrend,irrelevant
303,KGH,positive,10,5,2025-10-06,2025-10-13,173.8,192.25,uptrend,uptrend,irrelevant,uptrend,uptrend,irrelevant,uptrend,uptrend,irrelevant,uptrend,uptrend,irrelevant
305,PKN,positive,1,1,2025-12-30,2026-01-02,96.11,101.3,uptrend,uptrend,irrelevant,horizontal,uptrend,relevant,horizontal,horizontal,irrelevant,horizontal,uptrend,relevant
305,PKN,positive,2,1,2025-12-30,2026-01-02,96.11,101.3,uptrend,uptrend,irrelevant,horizontal,uptrend,relevant,horizontal,horizontal,irrelevant,horizontal,uptrend,relevant
305,PKN,positive,3,1,2025-12-30,2026-01-02,96.11,101.3,uptrend,uptrend,irrelevant,horizontal,uptrend,relevant,horizontal,horizontal,irrelevant,horizontal,uptrend,relevant
305,PKN,positive,4,1,2025-12-30,2026-01-02,96.11,101.3,uptrend,uptrend,irrelevant,horizontal,uptrend,relevant,horizontal,horizontal,irrelevant,horizontal,uptrend,relevant
305,PKN,positive,5,1,2025-12-30,2026-01-02,96.11,101.3,uptrend,uptrend,irrelevant,horizontal,uptrend,relevant,horizontal,horizontal,irrelevant,horizontal,uptrend,relevant
305,PKN,positive,1,2,2025-12-30,2026-01-05,96.11,99.75,uptrend,uptrend,irrelevant,horizontal,uptrend,relevant,horizontal,uptrend,relevant,horizontal,uptrend,relevant
305,PKN,positive,2,2,2025-12-30,2026-01-05,96.11,99.75,uptrend,uptrend,irrelevant,horizontal,uptrend,relevant,horizontal,uptrend,relevant,horizontal,uptrend,relevant
305,PKN,positive,3,2,2025-12-30,2026-01-05,96.11,99.75,uptrend,uptrend,irrelevant,horizontal,uptrend,relevant,horizontal,uptrend,relevant,horizontal,uptrend,relevant
305,PKN,positive,1,3,2025-12-30,2026-01-07,96.11,99.62,uptrend,uptrend,irrelevant,horizontal,uptrend,relevant,horizontal,uptrend,relevant,horizontal,uptrend,relevant
305,PKN,positive,2,3,2025-12-30,2026-01-07,96.11,99.62,uptrend,uptrend,irrelevant,horizontal,uptrend,relevant,horizontal,uptrend,relevant,horizontal,uptrend,relevant
305,PKN,positive,3,3,2025-12-30,2026-01-07,96.11,99.62,uptrend,uptrend,irrelevant,horizontal,uptrend,relevant,horizontal,uptrend,relevant,horizontal,uptrend,relevant
306,PKN,positive,1,2,2025-12-29,2026-01-02,95.62,101.3,horizontal,uptrend,relevant,horizontal,uptrend,relevant,horizontal,horizontal,irrelevant,horizontal,uptrend,relevant
306,PKN,positive,2,2,2025-12-29,2026-01-02,95.62,101.3,horizontal,uptrend,relevant,horizontal,uptrend,relevant,horizontal,horizontal,irrelevant,horizontal,uptrend,relevant
306,PKN,positive,3,2,2025-12-29,2026-01-02,95.62,101.3,horizontal,uptrend,relevant,horizontal,uptrend,relevant,horizontal,horizontal,irrelevant,horizontal,uptrend,relevant
306,PKN,positive,4,2,2025-12-29,2026-01-02,95.62,101.3,horizontal,uptrend,relevant,horizontal,uptrend,relevant,horizontal,horizontal,irrelevant,horizontal,uptrend,relevant
306,PKN,positive,5,2,2025-12-29,2026-01-02,95.62,101.3,horizontal,uptrend,relevant,horizontal,uptrend,relevant,horizontal,horizontal,irrelevant,horizontal,uptrend,relevant
306,PKN,positive,1,3,2025-12-29,2026-01-05,95.62,99.75,horizontal,uptrend,relevant,horizontal,uptrend,relevant,horizontal,uptrend,relevant,horizontal,uptrend,relevant
306,PKN,positive,2,3,2025-12-29,2026-01-05,95.62,99.75,horizontal,uptrend,relevant,horizontal,uptrend,relevant,horizontal,uptrend,relevant,horizontal,uptrend,relevant
306,PKN,positive,3,3,2025-12-29,2026-01-05,95.62,99.75,horizontal,uptrend,relevant,horizontal,uptrend,relevant,horizontal,uptrend,relevant,horizontal,uptrend,relevant
306,PKN,positive,4,3,2025-12-29,2026-01-05,95.62,99.75,horizontal,uptrend,relevant,horizontal,uptrend,relevant,horizontal,uptrend,relevant,horizontal,uptrend,relevant
306,PKN,positive,1,4,2025-12-29,2026-01-07,95.62,99.62,horizontal,uptrend,relevant,horizontal,uptrend,relevant,horizontal,uptrend,relevant,horizontal,uptrend,relevant
306,PKN,positive,2,4,2025-12-29,2026-01-07,95.62,99.62,horizontal,uptrend,relevant,horizontal,uptrend,relevant,horizontal,uptrend,relevant,horizontal,uptrend,relevant
306,PKN,positive,3,4,2025-12-29,2026-01-07,95.62,99.62,horizontal,uptrend,relevant,horizontal,uptrend,relevant,horizontal,uptrend,relevant,horizontal,uptrend,relevant
306,PKN,positive,4,4,2025-12-29,2026-01-07,95.62,99.62,horizontal,uptrend,relevant,horizontal,uptrend,relevant,horizontal,uptrend,relevant,horizontal,uptrend,relevant
307,PKN,positive,1,2,2025-12-29,2026-01-02,95.62,101.3,horizontal,uptrend,relevant,horizontal,uptrend,relevant,horizontal,horizontal,irrelevant,horizontal,uptrend,relevant
307,PKN,positive,2,2,2025-12-29,2026-01-02,95.62,101.3,horizontal,uptrend,relevant,horizontal,uptrend,relevant,horizontal,horizontal,irrelevant,horizontal,uptrend,relevant
307,PKN,positive,3,2,2025-12-29,2026-01-02,95.62,101.3,horizontal,uptrend,relevant,horizontal,uptrend,relevant,horizontal,horizontal,irrelevant,horizontal,uptrend,relevant
307,PKN,positive,4,2,2025-12-29,2026-01-02,95.62,101.3,horizontal,uptrend,relevant,horizontal,uptrend,relevant,horizontal,horizontal,irrelevant,horizontal,uptrend,relevant
307,PKN,positive,5,2,2025-12-29,2026-01-02,95.62,101.3,horizontal,uptrend,relevant,horizontal,uptrend,relevant,horizontal,horizontal,irrelevant,horizontal,uptrend,relevant
307,PKN,positive,1,3,2025-12-29,2026-01-05,95.62,99.75,horizontal,uptrend,relevant,horizontal,uptrend,relevant,horizontal,uptrend,relevant,horizontal,uptrend,relevant
307,PKN,positive,2,3,2025-12-29,2026-01-05,95.62,99.75,horizontal,uptrend,relevant,horizontal,uptrend,relevant,horizontal,uptrend,relevant,horizontal,uptrend,relevant
307,PKN,positive,3,3,2025-12-29,2026-01-05,95.62,99.75,horizontal,uptrend,relevant,horizontal,uptrend,relevant,horizontal,uptrend,relevant,horizontal,uptrend,relevant
307,PKN,positive,4,3,2025-12-29,2026-01-05,95.62,99.75,horizontal,uptrend,relevant,horizontal,uptrend,relevant,horizontal,uptrend,relevant,horizontal,uptrend,relevant
307,PKN,positive,1,4,2025-12-29,2026-01-07,95.62,99.62,horizontal,uptrend,relevant,horizontal,uptrend,relevant,horizontal,uptrend,relevant,horizontal,uptrend,relevant
307,PKN,positive,2,4,2025-12-29,2026-01-07,95.62,99.62,horizontal,uptrend,relevant,horizontal,uptrend,relevant,horizontal,uptrend,relevant,horizontal,uptrend,relevant
307,PKN,positive,3,4,2025-12-29,2026-01-07,95.62,99.62,horizontal,uptrend,relevant,horizontal,uptrend,relevant,horizontal,uptrend,relevant,horizontal,uptrend,relevant
307,PKN,positive,4,4,2025-12-29,2026-01-07,95.62,99.62,horizontal,uptrend,relevant,horizontal,uptrend,relevant,horizontal,uptrend,relevant,horizontal,uptrend,relevant
308,PKN,positive,1,1,2025-12-23,2025-12-29,93.89,95.62,horizontal,horizontal,irrelevant,downtrend,horizontal,irrelevant,horizontal,horizontal,irrelevant,horizontal,horizontal,irrelevant
308,PKN,positive,1,2,2025-12-23,2025-12-30,93.89,96.11,horizontal,uptrend,relevant,downtrend,horizontal,irrelevant,horizontal,horizontal,irrelevant,horizontal,horizontal,irrelevant
308,PKN,positive,2,2,2025-12-23,2025-12-30,93.89,96.11,horizontal,uptrend,relevant,downtrend,horizontal,irrelevant,horizontal,horizontal,irrelevant,horizontal,horizontal,irrelevant
308,PKN,positive,1,3,2025-12-23,2026-01-02,93.89,101.3,horizontal,uptrend,relevant,downtrend,uptrend,relevant,horizontal,horizontal,irrelevant,horizontal,uptrend,relevant
308,PKN,positive,2,3,2025-12-23,2026-01-02,93.89,101.3,horizontal,uptrend,relevant,downtrend,uptrend,relevant,horizontal,horizontal,irrelevant,horizontal,uptrend,relevant
308,PKN,positive,3,3,2025-12-23,2026-01-02,93.89,101.3,horizontal,uptrend,relevant,downtrend,uptrend,relevant,horizontal,horizontal,irrelevant,horizontal,uptrend,relevant
308,PKN,positive,4,3,2025-12-23,2026-01-02,93.89,101.3,horizontal,uptrend,relevant,downtrend,uptrend,relevant,horizontal,horizontal,irrelevant,horizontal,uptrend,relevant
308,PKN,positive,5,3,2025-12-23,2026-01-02,93.89,101.3,horizontal,uptrend,relevant,downtrend,uptrend,relevant,horizontal,horizontal,irrelevant,horizontal,uptrend,relevant
308,PKN,positive,6,3,2025-12-23,2026-01-02,93.89,101.3,horizontal,uptrend,relevant,downtrend,uptrend,relevant,horizontal,horizontal,irrelevant,horizontal,uptrend,relevant
308,PKN,positive,7,3,2025-12-23,2026-01-02,93.89,101.3,horizontal,uptrend,relevant,downtrend,uptrend,relevant,horizontal,horizontal,irrelevant,horizontal,uptrend,relevant
308,PKN,positive,1,4,2025-12-23,2026-01-05,93.89,99.75,horizontal,uptrend,relevant,downtrend,uptrend,relevant,horizontal,uptrend,relevant,horizontal,uptrend,relevant
308,PKN,positive,2,4,2025-12-23,2026-01-05,93.89,99.75,horizontal,uptrend,relevant,downtrend,uptrend,relevant,horizontal,uptrend,relevant,horizontal,uptrend,relevant
308,PKN,positive,3,4,2025-12-23,2026-01-05,93.89,99.75,horizontal,uptrend,relevant,downtrend,uptrend,relevant,horizontal,uptrend,relevant,horizontal,uptrend,relevant
308,PKN,positive,4,4,2025-12-23,2026-01-05,93.89,99.75,horizontal,uptrend,relevant,downtrend,uptrend,relevant,horizontal,uptrend,relevant,horizontal,uptrend,relevant
308,PKN,positive,5,4,2025-12-23,2026-01-05,93.89,99.75,horizontal,uptrend,relevant,downtrend,uptrend,relevant,horizontal,uptrend,relevant,horizontal,uptrend,relevant
308,PKN,positive,6,4,2025-12-23,2026-01-05,93.89,99.75,horizontal,uptrend,relevant,downtrend,uptrend,relevant,horizontal,uptrend,relevant,horizontal,uptrend,relevant
308,PKN,positive,1,5,2025-12-23,2026-01-07,93.89,99.62,horizontal,uptrend,relevant,downtrend,uptrend,relevant,horizontal,uptrend,relevant,horizontal,uptrend,relevant
308,PKN,positive,2,5,2025-12-23,2026-01-07,93.89,99.62,horizontal,uptrend,relevant,downtrend,uptrend,relevant,horizontal,uptrend,relevant,horizontal,uptrend,relevant
308,PKN,positive,3,5,2025-12-23,2026-01-07,93.89,99.62,horizontal,uptrend,relevant,downtrend,uptrend,relevant,horizontal,uptrend,relevant,horizontal,uptrend,relevant
308,PKN,positive,4,5,2025-12-23,2026-01-07,93.89,99.62,horizontal,uptrend,relevant,downtrend,uptrend,relevant,horizontal,uptrend,relevant,horizontal,uptrend,relevant
308,PKN,positive,5,5,2025-12-23,2026-01-07,93.89,99.62,horizontal,uptrend,relevant,downtrend,uptrend,relevant,horizontal,uptrend,relevant,horizontal,uptrend,relevant
308,PKN,positive,6,5,2025-12-23,2026-01-07,93.89,99.62,horizontal,uptrend,relevant,downtrend,uptrend,relevant,horizontal,uptrend,relevant,horizontal,uptrend,relevant
309,PKN,positive,1,1,2025-12-23,2025-12-29,93.89,95.62,horizontal,horizontal,irrelevant,downtrend,horizontal,irrelevant,horizontal,horizontal,irrelevant,horizontal,horizontal,irrelevant
309,PKN,positive,1,2,2025-12-23,2025-12-30,93.89,96.11,horizontal,uptrend,relevant,downtrend,horizontal,irrelevant,horizontal,horizontal,irrelevant,horizontal,horizontal,irrelevant
309,PKN,positive,2,2,2025-12-23,2025-12-30,93.89,96.11,horizontal,uptrend,relevant,downtrend,horizontal,irrelevant,horizontal,horizontal,irrelevant,horizontal,horizontal,irrelevant
309,PKN,positive,1,3,2025-12-23,2026-01-02,93.89,101.3,horizontal,uptrend,relevant,downtrend,uptrend,relevant,horizontal,horizontal,irrelevant,horizontal,uptrend,relevant
309,PKN,positive,2,3,2025-12-23,2026-01-02,93.89,101.3,horizontal,uptrend,relevant,downtrend,uptrend,relevant,horizontal,horizontal,irrelevant,horizontal,uptrend,relevant
309,PKN,positive,3,3,2025-12-23,2026-01-02,93.89,101.3,horizontal,uptrend,relevant,downtrend,uptrend,relevant,horizontal,horizontal,irrelevant,horizontal,uptrend,relevant
309,PKN,positive,4,3,2025-12-23,2026-01-02,93.89,101.3,horizontal,uptrend,relevant,downtrend,uptrend,relevant,horizontal,horizontal,irrelevant,horizontal,uptrend,relevant
309,PKN,positive,5,3,2025-12-23,2026-01-02,93.89,101.3,horizontal,uptrend,relevant,downtrend,uptrend,relevant,horizontal,horizontal,irrelevant,horizontal,uptrend,relevant
309,PKN,positive,6,3,2025-12-23,2026-01-02,93.89,101.3,horizontal,uptrend,relevant,downtrend,uptrend,relevant,horizontal,horizontal,irrelevant,horizontal,uptrend,relevant
309,PKN,positive,7,3,2025-12-23,2026-01-02,93.89,101.3,horizontal,uptrend,relevant,downtrend,uptrend,relevant,horizontal,horizontal,irrelevant,horizontal,uptrend,relevant
309,PKN,positive,1,4,2025-12-23,2026-01-05,93.89,99.75,horizontal,uptrend,relevant,downtrend,uptrend,relevant,horizontal,uptrend,relevant,horizontal,uptrend,relevant
309,PKN,positive,2,4,2025-12-23,2026-01-05,93.89,99.75,horizontal,uptrend,relevant,downtrend,uptrend,relevant,horizontal,uptrend,relevant,horizontal,uptrend,relevant
309,PKN,positive,3,4,2025-12-23,2026-01-05,93.89,99.75,horizontal,uptrend,relevant,downtrend,uptrend,relevant,horizontal,uptrend,relevant,horizontal,uptrend,relevant
309,PKN,positive,4,4,2025-12-23,2026-01-05,93.89,99.75,horizontal,uptrend,relevant,downtrend,uptrend,relevant,horizontal,uptrend,relevant,horizontal,uptrend,relevant
309,PKN,positive,5,4,2025-12-23,2026-01-05,93.89,99.75,horizontal,uptrend,relevant,downtrend,uptrend,relevant,horizontal,uptrend,relevant,horizontal,uptrend,relevant
309,PKN,positive,6,4,2025-12-23,2026-01-05,93.89,99.75,horizontal,uptrend,relevant,downtrend,uptrend,relevant,horizontal,uptrend,relevant,horizontal,uptrend,relevant
309,PKN,positive,1,5,2025-12-23,2026-01-07,93.89,99.62,horizontal,uptrend,relevant,downtrend,uptrend,relevant,horizontal,uptrend,relevant,horizontal,uptrend,relevant
309,PKN,positive,2,5,2025-12-23,2026-01-07,93.89,99.62,horizontal,uptrend,relevant,downtrend,uptrend,relevant,horizontal,uptrend,relevant,horizontal,uptrend,relevant
309,PKN,positive,3,5,2025-12-23,2026-01-07,93.89,99.62,horizontal,uptrend,relevant,downtrend,uptrend,relevant,horizontal,uptrend,relevant,horizontal,uptrend,relevant
309,PKN,positive,4,5,2025-12-23,2026-01-07,93.89,99.62,horizontal,uptrend,relevant,downtrend,uptrend,relevant,horizontal,uptrend,relevant,horizontal,uptrend,relevant
309,PKN,positive,5,5,2025-12-23,2026-01-07,93.89,99.62,horizontal,uptrend,relevant,downtrend,uptrend,relevant,horizontal,uptrend,relevant,horizontal,uptrend,relevant
309,PKN,positive,6,5,2025-12-23,2026-01-07,93.89,99.62,horizontal,uptrend,relevant,downtrend,uptrend,relevant,horizontal,uptrend,relevant,horizontal,uptrend,relevant
310,PKN,negative,1,1,2025-12-22,2025-12-23,94.87,93.89,horizontal,horizontal,irrelevant,downtrend,downtrend,irrelevant,horizontal,horizontal,irrelevant,horizontal,horizontal,irrelevant
311,PKN,positive,1,3,2025-12-22,2025-12-30,94.87,96.11,horizontal,uptrend,relevant,downtrend,horizontal,irrelevant,horizontal,horizontal,irrelevant,horizontal,horizontal,irrelevant
311,PKN,positive,1,4,2025-12-22,2026-01-02,94.87,101.3,horizontal,uptrend,relevant,downtrend,uptrend,relevant,horizontal,horizontal,irrelevant,horizontal,uptrend,relevant
311,PKN,positive,2,4,2025-12-22,2026-01-02,94.87,101.3,horizontal,uptrend,relevant,downtrend,uptrend,relevant,horizontal,horizontal,irrelevant,horizontal,uptrend,relevant
311,PKN,positive,3,4,2025-12-22,2026-01-02,94.87,101.3,horizontal,uptrend,relevant,downtrend,uptrend,relevant,horizontal,horizontal,irrelevant,horizontal,uptrend,relevant
311,PKN,positive,4,4,2025-12-22,2026-01-02,94.87,101.3,horizontal,uptrend,relevant,downtrend,uptrend,relevant,horizontal,horizontal,irrelevant,horizontal,uptrend,relevant
311,PKN,positive,5,4,2025-12-22,2026-01-02,94.87,101.3,horizontal,uptrend,relevant,downtrend,uptrend,relevant,horizontal,horizontal,irrelevant,horizontal,uptrend,relevant
311,PKN,positive,6,4,2025-12-22,2026-01-02,94.87,101.3,horizontal,uptrend,relevant,downtrend,uptrend,relevant,horizontal,horizontal,irrelevant,horizontal,uptrend,relevant
311,PKN,positive,1,5,2025-12-22,2026-01-05,94.87,99.75,horizontal,uptrend,relevant,downtrend,uptrend,relevant,horizontal,uptrend,relevant,horizontal,uptrend,relevant
311,PKN,positive,2,5,2025-12-22,2026-01-05,94.87,99.75,horizontal,uptrend,relevant,downtrend,uptrend,relevant,horizontal,uptrend,relevant,horizontal,uptrend,relevant
311,PKN,positive,3,5,2025-12-22,2026-01-05,94.87,99.75,horizontal,uptrend,relevant,downtrend,uptrend,relevant,horizontal,uptrend,relevant,horizontal,uptrend,relevant
311,PKN,positive,4,5,2025-12-22,2026-01-05,94.87,99.75,horizontal,uptrend,relevant,downtrend,uptrend,relevant,horizontal,uptrend,relevant,horizontal,uptrend,relevant
311,PKN,positive,5,5,2025-12-22,2026-01-05,94.87,99.75,horizontal,uptrend,relevant,downtrend,uptrend,relevant,horizontal,uptrend,relevant,horizontal,uptrend,relevant
312,PKN,positive,1,3,2025-12-22,2025-12-30,94.87,96.11,horizontal,uptrend,relevant,downtrend,horizontal,irrelevant,horizontal,horizontal,irrelevant,horizontal,horizontal,irrelevant
312,PKN,positive,1,4,2025-12-22,2026-01-02,94.87,101.3,horizontal,uptrend,relevant,downtrend,uptrend,relevant,horizontal,horizontal,irrelevant,horizontal,uptrend,relevant
312,PKN,positive,2,4,2025-12-22,2026-01-02,94.87,101.3,horizontal,uptrend,relevant,downtrend,uptrend,relevant,horizontal,horizontal,irrelevant,horizontal,uptrend,relevant
312,PKN,positive,3,4,2025-12-22,2026-01-02,94.87,101.3,horizontal,uptrend,relevant,downtrend,uptrend,relevant,horizontal,horizontal,irrelevant,horizontal,uptrend,relevant
312,PKN,positive,4,4,2025-12-22,2026-01-02,94.87,101.3,horizontal,uptrend,relevant,downtrend,uptrend,relevant,horizontal,horizontal,irrelevant,horizontal,uptrend,relevant
312,PKN,positive,5,4,2025-12-22,2026-01-02,94.87,101.3,horizontal,uptrend,relevant,downtrend,uptrend,relevant,horizontal,horizontal,irrelevant,horizontal,uptrend,relevant
312,PKN,positive,6,4,2025-12-22,2026-01-02,94.87,101.3,horizontal,uptrend,relevant,downtrend,uptrend,relevant,horizontal,horizontal,irrelevant,horizontal,uptrend,relevant
312,PKN,positive,1,5,2025-12-22,2026-01-05,94.87,99.75,horizontal,uptrend,relevant,downtrend,uptrend,relevant,horizontal,uptrend,relevant,horizontal,uptrend,relevant
312,PKN,positive,2,5,2025-12-22,2026-01-05,94.87,99.75,horizontal,uptrend,relevant,downtrend,uptrend,relevant,horizontal,uptrend,relevant,horizontal,uptrend,relevant
312,PKN,positive,3,5,2025-12-22,2026-01-05,94.87,99.75,horizontal,uptrend,relevant,downtrend,uptrend,relevant,horizontal,uptrend,relevant,horizontal,uptrend,relevant
312,PKN,positive,4,5,2025-12-22,2026-01-05,94.87,99.75,horizontal,uptrend,relevant,downtrend,uptrend,relevant,horizontal,uptrend,relevant,horizontal,uptrend,relevant
312,PKN,positive,5,5,2025-12-22,2026-01-05,94.87,99.75,horizontal,uptrend,relevant,downtrend,uptrend,relevant,horizontal,uptrend,relevant,horizontal,uptrend,relevant
313,PKN,positive,1,1,2025-12-19,2025-12-22,93.16,94.87,downtrend,horizontal,irrelevant,downtrend,downtrend,irrelevant,downtrend,horizontal,irrelevant,horizontal,horizontal,irrelevant
313,PKN,positive,1,3,2025-12-19,2025-12-29,93.16,95.62,downtrend,horizontal,irrelevant,downtrend,horizontal,irrelevant,downtrend,horizontal,irrelevant,horizontal,horizontal,irrelevant
313,PKN,positive,2,3,2025-12-19,2025-12-29,93.16,95.62,downtrend,horizontal,irrelevant,downtrend,horizontal,irrelevant,downtrend,horizontal,irrelevant,horizontal,horizontal,irrelevant
313,PKN,positive,1,4,2025-12-19,2025-12-30,93.16,96.11,downtrend,uptrend,relevant,downtrend,horizontal,irrelevant,downtrend,horizontal,irrelevant,horizontal,horizontal,irrelevant
313,PKN,positive,2,4,2025-12-19,2025-12-30,93.16,96.11,downtrend,uptrend,relevant,downtrend,horizontal,irrelevant,downtrend,horizontal,irrelevant,horizontal,horizontal,irrelevant
313,PKN,positive,3,4,2025-12-19,2025-12-30,93.16,96.11,downtrend,uptrend,relevant,downtrend,horizontal,irrelevant,downtrend,horizontal,irrelevant,horizontal,horizontal,irrelevant
313,PKN,positive,1,5,2025-12-19,2026-01-02,93.16,101.3,downtrend,uptrend,relevant,downtrend,uptrend,relevant,downtrend,horizontal,irrelevant,horizontal,uptrend,relevant
313,PKN,positive,2,5,2025-12-19,2026-01-02,93.16,101.3,downtrend,uptrend,relevant,downtrend,uptrend,relevant,downtrend,horizontal,irrelevant,horizontal,uptrend,relevant
313,PKN,positive,3,5,2025-12-19,2026-01-02,93.16,101.3,downtrend,uptrend,relevant,downtrend,uptrend,relevant,downtrend,horizontal,irrelevant,horizontal,uptrend,relevant
313,PKN,positive,4,5,2025-12-19,2026-01-02,93.16,101.3,downtrend,uptrend,relevant,downtrend,uptrend,relevant,downtrend,horizontal,irrelevant,horizontal,uptrend,relevant
313,PKN,positive,5,5,2025-12-19,2026-01-02,93.16,101.3,downtrend,uptrend,relevant,downtrend,uptrend,relevant,downtrend,horizontal,irrelevant,horizontal,uptrend,relevant
313,PKN,positive,6,5,2025-12-19,2026-01-02,93.16,101.3,downtrend,uptrend,relevant,downtrend,uptrend,relevant,downtrend,horizontal,irrelevant,horizontal,uptrend,relevant
313,PKN,positive,7,5,2025-12-19,2026-01-02,93.16,101.3,downtrend,uptrend,relevant,downtrend,uptrend,relevant,downtrend,horizontal,irrelevant,horizontal,uptrend,relevant
313,PKN,positive,8,5,2025-12-19,2026-01-02,93.16,101.3,downtrend,uptrend,relevant,downtrend,uptrend,relevant,downtrend,horizontal,irrelevant,horizontal,uptrend,relevant
314,PKN,positive,1,1,2025-12-19,2025-12-22,93.16,94.87,downtrend,horizontal,irrelevant,downtrend,downtrend,irrelevant,downtrend,horizontal,irrelevant,horizontal,horizontal,irrelevant
314,PKN,positive,1,3,2025-12-19,2025-12-29,93.16,95.62,downtrend,horizontal,irrelevant,downtrend,horizontal,irrelevant,downtrend,horizontal,irrelevant,horizontal,horizontal,irrelevant
314,PKN,positive,2,3,2025-12-19,2025-12-29,93.16,95.62,downtrend,horizontal,irrelevant,downtrend,horizontal,irrelevant,downtrend,horizontal,irrelevant,horizontal,horizontal,irrelevant
314,PKN,positive,1,4,2025-12-19,2025-12-30,93.16,96.11,downtrend,uptrend,relevant,downtrend,horizontal,irrelevant,downtrend,horizontal,irrelevant,horizontal,horizontal,irrelevant
314,PKN,positive,2,4,2025-12-19,2025-12-30,93.16,96.11,downtrend,uptrend,relevant,downtrend,horizontal,irrelevant,downtrend,horizontal,irrelevant,horizontal,horizontal,irrelevant
314,PKN,positive,3,4,2025-12-19,2025-12-30,93.16,96.11,downtrend,uptrend,relevant,downtrend,horizontal,irrelevant,downtrend,horizontal,irrelevant,horizontal,horizontal,irrelevant
314,PKN,positive,1,5,2025-12-19,2026-01-02,93.16,101.3,downtrend,uptrend,relevant,downtrend,uptrend,relevant,downtrend,horizontal,irrelevant,horizontal,uptrend,relevant
314,PKN,positive,2,5,2025-12-19,2026-01-02,93.16,101.3,downtrend,uptrend,relevant,downtrend,uptrend,relevant,downtrend,horizontal,irrelevant,horizontal,uptrend,relevant
314,PKN,positive,3,5,2025-12-19,2026-01-02,93.16,101.3,downtrend,uptrend,relevant,downtrend,uptrend,relevant,downtrend,horizontal,irrelevant,horizontal,uptrend,relevant
314,PKN,positive,4,5,2025-12-19,2026-01-02,93.16,101.3,downtrend,uptrend,relevant,downtrend,uptrend,relevant,downtrend,horizontal,irrelevant,horizontal,uptrend,relevant
314,PKN,positive,5,5,2025-12-19,2026-01-02,93.16,101.3,downtrend,uptrend,relevant,downtrend,uptrend,relevant,downtrend,horizontal,irrelevant,horizontal,uptrend,relevant
314,PKN,positive,6,5,2025-12-19,2026-01-02,93.16,101.3,downtrend,uptrend,relevant,downtrend,uptrend,relevant,downtrend,horizontal,irrelevant,horizontal,uptrend,relevant
314,PKN,positive,7,5,2025-12-19,2026-01-02,93.16,101.3,downtrend,uptrend,relevant,downtrend,uptrend,relevant,downtrend,horizontal,irrelevant,horizontal,uptrend,relevant
314,PKN,positive,8,5,2025-12-19,2026-01-02,93.16,101.3,downtrend,uptrend,relevant,downtrend,uptrend,relevant,downtrend,horizontal,irrelevant,horizontal,uptrend,relevant
315,PKN,neutral,1,1,2025-12-18,2025-12-19,92.35,93.16,downtrend,downtrend,irrelevant,downtrend,downtrend,irrelevant,downtrend,downtrend,irrelevant,horizontal,horizontal,irrelevant
315,PKN,neutral,2,1,2025-12-18,2025-12-19,92.35,93.16,downtrend,downtrend,irrelevant,downtrend,downtrend,irrelevant,downtrend,downtrend,irrelevant,horizontal,horizontal,irrelevant
315,PKN,neutral,3,1,2025-12-18,2025-12-19,92.35,93.16,downtrend,downtrend,irrelevant,downtrend,downtrend,irrelevant,downtrend,downtrend,irrelevant,horizontal,horizontal,irrelevant
315,PKN,neutral,4,1,2025-12-18,2025-12-19,92.35,93.16,downtrend,downtrend,irrelevant,downtrend,downtrend,irrelevant,downtrend,downtrend,irrelevant,horizontal,horizontal,irrelevant
315,PKN,neutral,5,1,2025-12-18,2025-12-19,92.35,93.16,downtrend,downtrend,irrelevant,downtrend,downtrend,irrelevant,downtrend,downtrend,irrelevant,horizontal,horizontal,irrelevant
315,PKN,neutral,6,1,2025-12-18,2025-12-19,92.35,93.16,downtrend,downtrend,irrelevant,downtrend,downtrend,irrelevant,downtrend,downtrend,irrelevant,horizontal,horizontal,irrelevant
315,PKN,neutral,7,1,2025-12-18,2025-12-19,92.35,93.16,downtrend,downtrend,irrelevant,downtrend,downtrend,irrelevant,downtrend,downtrend,irrelevant,horizontal,horizontal,irrelevant
315,PKN,neutral,8,1,2025-12-18,2025-12-19,92.35,93.16,downtrend,downtrend,irrelevant,downtrend,downtrend,irrelevant,downtrend,downtrend,irrelevant,horizontal,horizontal,irrelevant
315,PKN,neutral,9,1,2025-12-18,2025-12-19,92.35,93.16,downtrend,downtrend,irrelevant,downtrend,downtrend,irrelevant,downtrend,downtrend,irrelevant,horizontal,horizontal,irrelevant
315,PKN,neutral,10,1,2025-12-18,2025-12-19,92.35,93.16,downtrend,downtrend,irrelevant,downtrend,downtrend,irrelevant,downtrend,downtrend,irrelevant,horizontal,horizontal,irrelevant
315,PKN,neutral,3,2,2025-12-18,2025-12-22,92.35,94.87,downtrend,horizontal,relevant,downtrend,downtrend,irrelevant,downtrend,horizontal,relevant,horizontal,horizontal,irrelevant
315,PKN,neutral,4,2,2025-12-18,2025-12-22,92.35,94.87,downtrend,horizontal,relevant,downtrend,downtrend,irrelevant,downtrend,horizontal,relevant,horizontal,horizontal,irrelevant
315,PKN,neutral,5,2,2025-12-18,2025-12-22,92.35,94.87,downtrend,horizontal,relevant,downtrend,downtrend,irrelevant,downtrend,horizontal,relevant,horizontal,horizontal,irrelevant
315,PKN,neutral,6,2,2025-12-18,2025-12-22,92.35,94.87,downtrend,horizontal,relevant,downtrend,downtrend,irrelevant,downtrend,horizontal,relevant,horizontal,horizontal,irrelevant
315,PKN,neutral,7,2,2025-12-18,2025-12-22,92.35,94.87,downtrend,horizontal,relevant,downtrend,downtrend,irrelevant,downtrend,horizontal,relevant,horizontal,horizontal,irrelevant
315,PKN,neutral,8,2,2025-12-18,2025-12-22,92.35,94.87,downtrend,horizontal,relevant,downtrend,downtrend,irrelevant,downtrend,horizontal,relevant,horizontal,horizontal,irrelevant
315,PKN,neutral,9,2,2025-12-18,2025-12-22,92.35,94.87,downtrend,horizontal,relevant,downtrend,downtrend,irrelevant,downtrend,horizontal,relevant,horizontal,horizontal,irrelevant
315,PKN,neutral,10,2,2025-12-18,2025-12-22,92.35,94.87,downtrend,horizontal,relevant,downtrend,downtrend,irrelevant,downtrend,horizontal,relevant,horizontal,horizontal,irrelevant
315,PKN,neutral,2,3,2025-12-18,2025-12-23,92.35,93.89,downtrend,horizontal,relevant,downtrend,downtrend,irrelevant,downtrend,horizontal,relevant,horizontal,horizontal,irrelevant
315,PKN,neutral,3,3,2025-12-18,2025-12-23,92.35,93.89,downtrend,horizontal,relevant,downtrend,downtrend,irrelevant,downtrend,horizontal,relevant,horizontal,horizontal,irrelevant
315,PKN,neutral,4,3,2025-12-18,2025-12-23,92.35,93.89,downtrend,horizontal,relevant,downtrend,downtrend,irrelevant,downtrend,horizontal,relevant,horizontal,horizontal,irrelevant
315,PKN,neutral,5,3,2025-12-18,2025-12-23,92.35,93.89,downtrend,horizontal,relevant,downtrend,downtrend,irrelevant,downtrend,horizontal,relevant,horizontal,horizontal,irrelevant
315,PKN,neutral,6,3,2025-12-18,2025-12-23,92.35,93.89,downtrend,horizontal,relevant,downtrend,downtrend,irrelevant,downtrend,horizontal,relevant,horizontal,horizontal,irrelevant
315,PKN,neutral,7,3,2025-12-18,2025-12-23,92.35,93.89,downtrend,horizontal,relevant,downtrend,downtrend,irrelevant,downtrend,horizontal,relevant,horizontal,horizontal,irrelevant
315,PKN,neutral,8,3,2025-12-18,2025-12-23,92.35,93.89,downtrend,horizontal,relevant,downtrend,downtrend,irrelevant,downtrend,horizontal,relevant,horizontal,horizontal,irrelevant
315,PKN,neutral,9,3,2025-12-18,2025-12-23,92.35,93.89,downtrend,horizontal,relevant,downtrend,downtrend,irrelevant,downtrend,horizontal,relevant,horizontal,horizontal,irrelevant
315,PKN,neutral,10,3,2025-12-18,2025-12-23,92.35,93.89,downtrend,horizontal,relevant,downtrend,downtrend,irrelevant,downtrend,horizontal,relevant,horizontal,horizontal,irrelevant
315,PKN,neutral,4,4,2025-12-18,2025-12-29,92.35,95.62,downtrend,horizontal,relevant,downtrend,horizontal,relevant,downtrend,horizontal,relevant,horizontal,horizontal,irrelevant
315,PKN,neutral,5,4,2025-12-18,2025-12-29,92.35,95.62,downtrend,horizontal,relevant,downtrend,horizontal,relevant,downtrend,horizontal,relevant,horizontal,horizontal,irrelevant
315,PKN,neutral,6,4,2025-12-18,2025-12-29,92.35,95.62,downtrend,horizontal,relevant,downtrend,horizontal,relevant,downtrend,horizontal,relevant,horizontal,horizontal,irrelevant
315,PKN,neutral,7,4,2025-12-18,2025-12-29,92.35,95.62,downtrend,horizontal,relevant,downtrend,horizontal,relevant,downtrend,horizontal,relevant,horizontal,horizontal,irrelevant
315,PKN,neutral,8,4,2025-12-18,2025-12-29,92.35,95.62,downtrend,horizontal,relevant,downtrend,horizontal,relevant,downtrend,horizontal,relevant,horizontal,horizontal,irrelevant
315,PKN,neutral,9,4,2025-12-18,2025-12-29,92.35,95.62,downtrend,horizontal,relevant,downtrend,horizontal,relevant,downtrend,horizontal,relevant,horizontal,horizontal,irrelevant
315,PKN,neutral,10,4,2025-12-18,2025-12-29,92.35,95.62,downtrend,horizontal,relevant,downtrend,horizontal,relevant,downtrend,horizontal,relevant,horizontal,horizontal,irrelevant
315,PKN,neutral,5,5,2025-12-18,2025-12-30,92.35,96.11,downtrend,uptrend,irrelevant,downtrend,horizontal,relevant,downtrend,horizontal,relevant,horizontal,horizontal,irrelevant
315,PKN,neutral,6,5,2025-12-18,2025-12-30,92.35,96.11,downtrend,uptrend,irrelevant,downtrend,horizontal,relevant,downtrend,horizontal,relevant,horizontal,horizontal,irrelevant
315,PKN,neutral,7,5,2025-12-18,2025-12-30,92.35,96.11,downtrend,uptrend,irrelevant,downtrend,horizontal,relevant,downtrend,horizontal,relevant,horizontal,horizontal,irrelevant
315,PKN,neutral,8,5,2025-12-18,2025-12-30,92.35,96.11,downtrend,uptrend,irrelevant,downtrend,horizontal,relevant,downtrend,horizontal,relevant,horizontal,horizontal,irrelevant
315,PKN,neutral,9,5,2025-12-18,2025-12-30,92.35,96.11,downtrend,uptrend,irrelevant,downtrend,horizontal,relevant,downtrend,horizontal,relevant,horizontal,horizontal,irrelevant
315,PKN,neutral,10,5,2025-12-18,2025-12-30,92.35,96.11,downtrend,uptrend,irrelevant,downtrend,horizontal,relevant,downtrend,horizontal,relevant,horizontal,horizontal,irrelevant
316,PKN,positive,1,2,2025-12-18,2025-12-22,92.35,94.87,downtrend,horizontal,irrelevant,downtrend,downtrend,irrelevant,downtrend,horizontal,irrelevant,horizontal,horizontal,irrelevant
316,PKN,positive,2,2,2025-12-18,2025-12-22,92.35,94.87,downtrend,horizontal,irrelevant,downtrend,downtrend,irrelevant,downtrend,horizontal,irrelevant,horizontal,horizontal,irrelevant
316,PKN,positive,1,3,2025-12-18,2025-12-23,92.35,93.89,downtrend,horizontal,irrelevant,downtrend,downtrend,irrelevant,downtrend,horizontal,irrelevant,horizontal,horizontal,irrelevant
316,PKN,positive,1,4,2025-12-18,2025-12-29,92.35,95.62,downtrend,horizontal,irrelevant,downtrend,horizontal,irrelevant,downtrend,horizontal,irrelevant,horizontal,horizontal,irrelevant
316,PKN,positive,2,4,2025-12-18,2025-12-29,92.35,95.62,downtrend,horizontal,irrelevant,downtrend,horizontal,irrelevant,downtrend,horizontal,irrelevant,horizontal,horizontal,irrelevant
316,PKN,positive,3,4,2025-12-18,2025-12-29,92.35,95.62,downtrend,horizontal,irrelevant,downtrend,horizontal,irrelevant,downtrend,horizontal,irrelevant,horizontal,horizontal,irrelevant
316,PKN,positive,1,5,2025-12-18,2025-12-30,92.35,96.11,downtrend,uptrend,relevant,downtrend,horizontal,irrelevant,downtrend,horizontal,irrelevant,horizontal,horizontal,irrelevant
316,PKN,positive,2,5,2025-12-18,2025-12-30,92.35,96.11,downtrend,uptrend,relevant,downtrend,horizontal,irrelevant,downtrend,horizontal,irrelevant,horizontal,horizontal,irrelevant
316,PKN,positive,3,5,2025-12-18,2025-12-30,92.35,96.11,downtrend,uptrend,relevant,downtrend,horizontal,irrelevant,downtrend,horizontal,irrelevant,horizontal,horizontal,irrelevant
316,PKN,positive,4,5,2025-12-18,2025-12-30,92.35,96.11,downtrend,uptrend,relevant,downtrend,horizontal,irrelevant,downtrend,horizontal,irrelevant,horizontal,horizontal,irrelevant
317,PKN,positive,1,2,2025-12-18,2025-12-22,92.35,94.87,downtrend,horizontal,irrelevant,downtrend,downtrend,irrelevant,downtrend,horizontal,irrelevant,horizontal,horizontal,irrelevant
317,PKN,positive,2,2,2025-12-18,2025-12-22,92.35,94.87,downtrend,horizontal,irrelevant,downtrend,downtrend,irrelevant,downtrend,horizontal,irrelevant,horizontal,horizontal,irrelevant
317,PKN,positive,1,3,2025-12-18,2025-12-23,92.35,93.89,downtrend,horizontal,irrelevant,downtrend,downtrend,irrelevant,downtrend,horizontal,irrelevant,horizontal,horizontal,irrelevant
317,PKN,positive,1,4,2025-12-18,2025-12-29,92.35,95.62,downtrend,horizontal,irrelevant,downtrend,horizontal,irrelevant,downtrend,horizontal,irrelevant,horizontal,horizontal,irrelevant
317,PKN,positive,2,4,2025-12-18,2025-12-29,92.35,95.62,downtrend,horizontal,irrelevant,downtrend,horizontal,irrelevant,downtrend,horizontal,irrelevant,horizontal,horizontal,irrelevant
317,PKN,positive,3,4,2025-12-18,2025-12-29,92.35,95.62,downtrend,horizontal,irrelevant,downtrend,horizontal,irrelevant,downtrend,horizontal,irrelevant,horizontal,horizontal,irrelevant
317,PKN,positive,1,5,2025-12-18,2025-12-30,92.35,96.11,downtrend,uptrend,relevant,downtrend,horizontal,irrelevant,downtrend,horizontal,irrelevant,horizontal,horizontal,irrelevant
317,PKN,positive,2,5,2025-12-18,2025-12-30,92.35,96.11,downtrend,uptrend,relevant,downtrend,horizontal,irrelevant,downtrend,horizontal,irrelevant,horizontal,horizontal,irrelevant
317,PKN,positive,3,5,2025-12-18,2025-12-30,92.35,96.11,downtrend,uptrend,relevant,downtrend,horizontal,irrelevant,downtrend,horizontal,irrelevant,horizontal,horizontal,irrelevant
317,PKN,positive,4,5,2025-12-18,2025-12-30,92.35,96.11,downtrend,uptrend,relevant,downtrend,horizontal,irrelevant,downtrend,horizontal,irrelevant,horizontal,horizontal,irrelevant
318,PKN,neutral,1,1,2025-12-18,2025-12-19,92.35,93.16,downtrend,downtrend,irrelevant,downtrend,downtrend,irrelevant,downtrend,downtrend,irrelevant,horizontal,horizontal,irrelevant
318,PKN,neutral,2,1,2025-12-18,2025-12-19,92.35,93.16,downtrend,downtrend,irrelevant,downtrend,downtrend,irrelevant,downtrend,downtrend,irrelevant,horizontal,horizontal,irrelevant
318,PKN,neutral,3,1,2025-12-18,2025-12-19,92.35,93.16,downtrend,downtrend,irrelevant,downtrend,downtrend,irrelevant,downtrend,downtrend,irrelevant,horizontal,horizontal,irrelevant
318,PKN,neutral,4,1,2025-12-18,2025-12-19,92.35,93.16,downtrend,downtrend,irrelevant,downtrend,downtrend,irrelevant,downtrend,downtrend,irrelevant,horizontal,horizontal,irrelevant
318,PKN,neutral,5,1,2025-12-18,2025-12-19,92.35,93.16,downtrend,downtrend,irrelevant,downtrend,downtrend,irrelevant,downtrend,downtrend,irrelevant,horizontal,horizontal,irrelevant
318,PKN,neutral,6,1,2025-12-18,2025-12-19,92.35,93.16,downtrend,downtrend,irrelevant,downtrend,downtrend,irrelevant,downtrend,downtrend,irrelevant,horizontal,horizontal,irrelevant
318,PKN,neutral,7,1,2025-12-18,2025-12-19,92.35,93.16,downtrend,downtrend,irrelevant,downtrend,downtrend,irrelevant,downtrend,downtrend,irrelevant,horizontal,horizontal,irrelevant
318,PKN,neutral,8,1,2025-12-18,2025-12-19,92.35,93.16,downtrend,downtrend,irrelevant,downtrend,downtrend,irrelevant,downtrend,downtrend,irrelevant,horizontal,horizontal,irrelevant
318,PKN,neutral,9,1,2025-12-18,2025-12-19,92.35,93.16,downtrend,downtrend,irrelevant,downtrend,downtrend,irrelevant,downtrend,downtrend,irrelevant,horizontal,horizontal,irrelevant
318,PKN,neutral,10,1,2025-12-18,2025-12-19,92.35,93.16,downtrend,downtrend,irrelevant,downtrend,downtrend,irrelevant,downtrend,downtrend,irrelevant,horizontal,horizontal,irrelevant
318,PKN,neutral,3,2,2025-12-18,2025-12-22,92.35,94.87,downtrend,horizontal,relevant,downtrend,downtrend,irrelevant,downtrend,horizontal,relevant,horizontal,horizontal,irrelevant
318,PKN,neutral,4,2,2025-12-18,2025-12-22,92.35,94.87,downtrend,horizontal,relevant,downtrend,downtrend,irrelevant,downtrend,horizontal,relevant,horizontal,horizontal,irrelevant
318,PKN,neutral,5,2,2025-12-18,2025-12-22,92.35,94.87,downtrend,horizontal,relevant,downtrend,downtrend,irrelevant,downtrend,horizontal,relevant,horizontal,horizontal,irrelevant
318,PKN,neutral,6,2,2025-12-18,2025-12-22,92.35,94.87,downtrend,horizontal,relevant,downtrend,downtrend,irrelevant,downtrend,horizontal,relevant,horizontal,horizontal,irrelevant
318,PKN,neutral,7,2,2025-12-18,2025-12-22,92.35,94.87,downtrend,horizontal,relevant,downtrend,downtrend,irrelevant,downtrend,horizontal,relevant,horizontal,horizontal,irrelevant
318,PKN,neutral,8,2,2025-12-18,2025-12-22,92.35,94.87,downtrend,horizontal,relevant,downtrend,downtrend,irrelevant,downtrend,horizontal,relevant,horizontal,horizontal,irrelevant
318,PKN,neutral,9,2,2025-12-18,2025-12-22,92.35,94.87,downtrend,horizontal,relevant,downtrend,downtrend,irrelevant,downtrend,horizontal,relevant,horizontal,horizontal,irrelevant
318,PKN,neutral,10,2,2025-12-18,2025-12-22,92.35,94.87,downtrend,horizontal,relevant,downtrend,downtrend,irrelevant,downtrend,horizontal,relevant,horizontal,horizontal,irrelevant
318,PKN,neutral,2,3,2025-12-18,2025-12-23,92.35,93.89,downtrend,horizontal,relevant,downtrend,downtrend,irrelevant,downtrend,horizontal,relevant,horizontal,horizontal,irrelevant
318,PKN,neutral,3,3,2025-12-18,2025-12-23,92.35,93.89,downtrend,horizontal,relevant,downtrend,downtrend,irrelevant,downtrend,horizontal,relevant,horizontal,horizontal,irrelevant
318,PKN,neutral,4,3,2025-12-18,2025-12-23,92.35,93.89,downtrend,horizontal,relevant,downtrend,downtrend,irrelevant,downtrend,horizontal,relevant,horizontal,horizontal,irrelevant
318,PKN,neutral,5,3,2025-12-18,2025-12-23,92.35,93.89,downtrend,horizontal,relevant,downtrend,downtrend,irrelevant,downtrend,horizontal,relevant,horizontal,horizontal,irrelevant
318,PKN,neutral,6,3,2025-12-18,2025-12-23,92.35,93.89,downtrend,horizontal,relevant,downtrend,downtrend,irrelevant,downtrend,horizontal,relevant,horizontal,horizontal,irrelevant
318,PKN,neutral,7,3,2025-12-18,2025-12-23,92.35,93.89,downtrend,horizontal,relevant,downtrend,downtrend,irrelevant,downtrend,horizontal,relevant,horizontal,horizontal,irrelevant
318,PKN,neutral,8,3,2025-12-18,2025-12-23,92.35,93.89,downtrend,horizontal,relevant,downtrend,downtrend,irrelevant,downtrend,horizontal,relevant,horizontal,horizontal,irrelevant
318,PKN,neutral,9,3,2025-12-18,2025-12-23,92.35,93.89,downtrend,horizontal,relevant,downtrend,downtrend,irrelevant,downtrend,horizontal,relevant,horizontal,horizontal,irrelevant
318,PKN,neutral,10,3,2025-12-18,2025-12-23,92.35,93.89,downtrend,horizontal,relevant,downtrend,downtrend,irrelevant,downtrend,horizontal,relevant,horizontal,horizontal,irrelevant
318,PKN,neutral,4,4,2025-12-18,2025-12-29,92.35,95.62,downtrend,horizontal,relevant,downtrend,horizontal,relevant,downtrend,horizontal,relevant,horizontal,horizontal,irrelevant
318,PKN,neutral,5,4,2025-12-18,2025-12-29,92.35,95.62,downtrend,horizontal,relevant,downtrend,horizontal,relevant,downtrend,horizontal,relevant,horizontal,horizontal,irrelevant
318,PKN,neutral,6,4,2025-12-18,2025-12-29,92.35,95.62,downtrend,horizontal,relevant,downtrend,horizontal,relevant,downtrend,horizontal,relevant,horizontal,horizontal,irrelevant
318,PKN,neutral,7,4,2025-12-18,2025-12-29,92.35,95.62,downtrend,horizontal,relevant,downtrend,horizontal,relevant,downtrend,horizontal,relevant,horizontal,horizontal,irrelevant
318,PKN,neutral,8,4,2025-12-18,2025-12-29,92.35,95.62,downtrend,horizontal,relevant,downtrend,horizontal,relevant,downtrend,horizontal,relevant,horizontal,horizontal,irrelevant
318,PKN,neutral,9,4,2025-12-18,2025-12-29,92.35,95.62,downtrend,horizontal,relevant,downtrend,horizontal,relevant,downtrend,horizontal,relevant,horizontal,horizontal,irrelevant
318,PKN,neutral,10,4,2025-12-18,2025-12-29,92.35,95.62,downtrend,horizontal,relevant,downtrend,horizontal,relevant,downtrend,horizontal,relevant,horizontal,horizontal,irrelevant
318,PKN,neutral,5,5,2025-12-18,2025-12-30,92.35,96.11,downtrend,uptrend,irrelevant,downtrend,horizontal,relevant,downtrend,horizontal,relevant,horizontal,horizontal,irrelevant
318,PKN,neutral,6,5,2025-12-18,2025-12-30,92.35,96.11,downtrend,uptrend,irrelevant,downtrend,horizontal,relevant,downtrend,horizontal,relevant,horizontal,horizontal,irrelevant
318,PKN,neutral,7,5,2025-12-18,2025-12-30,92.35,96.11,downtrend,uptrend,irrelevant,downtrend,horizontal,relevant,downtrend,horizontal,relevant,horizontal,horizontal,irrelevant
318,PKN,neutral,8,5,2025-12-18,2025-12-30,92.35,96.11,downtrend,uptrend,irrelevant,downtrend,horizontal,relevant,downtrend,horizontal,relevant,horizontal,horizontal,irrelevant
318,PKN,neutral,9,5,2025-12-18,2025-12-30,92.35,96.11,downtrend,uptrend,irrelevant,downtrend,horizontal,relevant,downtrend,horizontal,relevant,horizontal,horizontal,irrelevant
318,PKN,neutral,10,5,2025-12-18,2025-12-30,92.35,96.11,downtrend,uptrend,irrelevant,downtrend,horizontal,relevant,downtrend,horizontal,relevant,horizontal,horizontal,irrelevant
320,PKN,neutral,1,1,2025-12-16,2025-12-17,91.9,92.33,downtrend,downtrend,irrelevant,downtrend,downtrend,irrelevant,downtrend,downtrend,irrelevant,horizontal,horizontal,irrelevant
320,PKN,neutral,2,1,2025-12-16,2025-12-17,91.9,92.33,downtrend,downtrend,irrelevant,downtrend,downtrend,irrelevant,downtrend,downtrend,irrelevant,horizontal,horizontal,irrelevant
320,PKN,neutral,3,1,2025-12-16,2025-12-17,91.9,92.33,downtrend,downtrend,irrelevant,downtrend,downtrend,irrelevant,downtrend,downtrend,irrelevant,horizontal,horizontal,irrelevant
320,PKN,neutral,4,1,2025-12-16,2025-12-17,91.9,92.33,downtrend,downtrend,irrelevant,downtrend,downtrend,irrelevant,downtrend,downtrend,irrelevant,horizontal,horizontal,irrelevant
320,PKN,neutral,5,1,2025-12-16,2025-12-17,91.9,92.33,downtrend,downtrend,irrelevant,downtrend,downtrend,irrelevant,downtrend,downtrend,irrelevant,horizontal,horizontal,irrelevant
320,PKN,neutral,6,1,2025-12-16,2025-12-17,91.9,92.33,downtrend,downtrend,irrelevant,downtrend,downtrend,irrelevant,downtrend,downtrend,irrelevant,horizontal,horizontal,irrelevant
320,PKN,neutral,7,1,2025-12-16,2025-12-17,91.9,92.33,downtrend,downtrend,irrelevant,downtrend,downtrend,irrelevant,downtrend,downtrend,irrelevant,horizontal,horizontal,irrelevant
320,PKN,neutral,8,1,2025-12-16,2025-12-17,91.9,92.33,downtrend,downtrend,irrelevant,downtrend,downtrend,irrelevant,downtrend,downtrend,irrelevant,horizontal,horizontal,irrelevant
320,PKN,neutral,9,1,2025-12-16,2025-12-17,91.9,92.33,downtrend,downtrend,irrelevant,downtrend,downtrend,irrelevant,downtrend,downtrend,irrelevant,horizontal,horizontal,irrelevant
320,PKN,neutral,10,1,2025-12-16,2025-12-17,91.9,92.33,downtrend,downtrend,irrelevant,downtrend,downtrend,irrelevant,downtrend,downtrend,irrelevant,horizontal,horizontal,irrelevant
320,PKN,neutral,1,2,2025-12-16,2025-12-18,91.9,92.35,downtrend,downtrend,irrelevant,downtrend,downtrend,irrelevant,downtrend,downtrend,irrelevant,horizontal,horizontal,irrelevant
320,PKN,neutral,2,2,2025-12-16,2025-12-18,91.9,92.35,downtrend,downtrend,irrelevant,downtrend,downtrend,irrelevant,downtrend,downtrend,irrelevant,horizontal,horizontal,irrelevant
320,PKN,neutral,3,2,2025-12-16,2025-12-18,91.9,92.35,downtrend,downtrend,irrelevant,downtrend,downtrend,irrelevant,downtrend,downtrend,irrelevant,horizontal,horizontal,irrelevant
320,PKN,neutral,4,2,2025-12-16,2025-12-18,91.9,92.35,downtrend,downtrend,irrelevant,downtrend,downtrend,irrelevant,downtrend,downtrend,irrelevant,horizontal,horizontal,irrelevant
320,PKN,neutral,5,2,2025-12-16,2025-12-18,91.9,92.35,downtrend,downtrend,irrelevant,downtrend,downtrend,irrelevant,downtrend,downtrend,irrelevant,horizontal,horizontal,irrelevant
320,PKN,neutral,6,2,2025-12-16,2025-12-18,91.9,92.35,downtrend,downtrend,irrelevant,downtrend,downtrend,irrelevant,downtrend,downtrend,irrelevant,horizontal,horizontal,irrelevant
320,PKN,neutral,7,2,2025-12-16,2025-12-18,91.9,92.35,downtrend,downtrend,irrelevant,downtrend,downtrend,irrelevant,downtrend,downtrend,irrelevant,horizontal,horizontal,irrelevant
320,PKN,neutral,8,2,2025-12-16,2025-12-18,91.9,92.35,downtrend,downtrend,irrelevant,downtrend,downtrend,irrelevant,downtrend,downtrend,irrelevant,horizontal,horizontal,irrelevant
320,PKN,neutral,9,2,2025-12-16,2025-12-18,91.9,92.35,downtrend,downtrend,irrelevant,downtrend,downtrend,irrelevant,downtrend,downtrend,irrelevant,horizontal,horizontal,irrelevant
320,PKN,neutral,10,2,2025-12-16,2025-12-18,91.9,92.35,downtrend,downtrend,irrelevant,downtrend,downtrend,irrelevant,downtrend,downtrend,irrelevant,horizontal,horizontal,irrelevant
320,PKN,neutral,2,3,2025-12-16,2025-12-19,91.9,93.16,downtrend,downtrend,irrelevant,downtrend,downtrend,irrelevant,downtrend,downtrend,irrelevant,horizontal,horizontal,irrelevant
320,PKN,neutral,3,3,2025-12-16,2025-12-19,91.9,93.16,downtrend,downtrend,irrelevant,downtrend,downtrend,irrelevant,downtrend,downtrend,irrelevant,horizontal,horizontal,irrelevant
320,PKN,neutral,4,3,2025-12-16,2025-12-19,91.9,93.16,downtrend,downtrend,irrelevant,downtrend,downtrend,irrelevant,downtrend,downtrend,irrelevant,horizontal,horizontal,irrelevant
320,PKN,neutral,5,3,2025-12-16,2025-12-19,91.9,93.16,downtrend,downtrend,irrelevant,downtrend,downtrend,irrelevant,downtrend,downtrend,irrelevant,horizontal,horizontal,irrelevant
320,PKN,neutral,6,3,2025-12-16,2025-12-19,91.9,93.16,downtrend,downtrend,irrelevant,downtrend,downtrend,irrelevant,downtrend,downtrend,irrelevant,horizontal,horizontal,irrelevant
320,PKN,neutral,7,3,2025-12-16,2025-12-19,91.9,93.16,downtrend,downtrend,irrelevant,downtrend,downtrend,irrelevant,downtrend,downtrend,irrelevant,horizontal,horizontal,irrelevant
320,PKN,neutral,8,3,2025-12-16,2025-12-19,91.9,93.16,downtrend,downtrend,irrelevant,downtrend,downtrend,irrelevant,downtrend,downtrend,irrelevant,horizontal,horizontal,irrelevant
320,PKN,neutral,9,3,2025-12-16,2025-12-19,91.9,93.16,downtrend,downtrend,irrelevant,downtrend,downtrend,irrelevant,downtrend,downtrend,irrelevant,horizontal,horizontal,irrelevant
320,PKN,neutral,10,3,2025-12-16,2025-12-19,91.9,93.16,downtrend,downtrend,irrelevant,downtrend,downtrend,irrelevant,downtrend,downtrend,irrelevant,horizontal,horizontal,irrelevant
320,PKN,neutral,4,4,2025-12-16,2025-12-22,91.9,94.87,downtrend,horizontal,relevant,downtrend,downtrend,irrelevant,downtrend,horizontal,relevant,horizontal,horizontal,irrelevant
320,PKN,neutral,5,4,2025-12-16,2025-12-22,91.9,94.87,downtrend,horizontal,relevant,downtrend,downtrend,irrelevant,downtrend,horizontal,relevant,horizontal,horizontal,irrelevant
320,PKN,neutral,6,4,2025-12-16,2025-12-22,91.9,94.87,downtrend,horizontal,relevant,downtrend,downtrend,irrelevant,downtrend,horizontal,relevant,horizontal,horizontal,irrelevant
320,PKN,neutral,7,4,2025-12-16,2025-12-22,91.9,94.87,downtrend,horizontal,relevant,downtrend,downtrend,irrelevant,downtrend,horizontal,relevant,horizontal,horizontal,irrelevant
320,PKN,neutral,8,4,2025-12-16,2025-12-22,91.9,94.87,downtrend,horizontal,relevant,downtrend,downtrend,irrelevant,downtrend,horizontal,relevant,horizontal,horizontal,irrelevant
320,PKN,neutral,9,4,2025-12-16,2025-12-22,91.9,94.87,downtrend,horizontal,relevant,downtrend,downtrend,irrelevant,downtrend,horizontal,relevant,horizontal,horizontal,irrelevant
320,PKN,neutral,10,4,2025-12-16,2025-12-22,91.9,94.87,downtrend,horizontal,relevant,downtrend,downtrend,irrelevant,downtrend,horizontal,relevant,horizontal,horizontal,irrelevant
320,PKN,neutral,3,5,2025-12-16,2025-12-23,91.9,93.89,downtrend,horizontal,relevant,downtrend,downtrend,irrelevant,downtrend,horizontal,relevant,horizontal,horizontal,irrelevant
320,PKN,neutral,4,5,2025-12-16,2025-12-23,91.9,93.89,downtrend,horizontal,relevant,downtrend,downtrend,irrelevant,downtrend,horizontal,relevant,horizontal,horizontal,irrelevant
320,PKN,neutral,5,5,2025-12-16,2025-12-23,91.9,93.89,downtrend,horizontal,relevant,downtrend,downtrend,irrelevant,downtrend,horizontal,relevant,horizontal,horizontal,irrelevant
320,PKN,neutral,6,5,2025-12-16,2025-12-23,91.9,93.89,downtrend,horizontal,relevant,downtrend,downtrend,irrelevant,downtrend,horizontal,relevant,horizontal,horizontal,irrelevant
320,PKN,neutral,7,5,2025-12-16,2025-12-23,91.9,93.89,downtrend,horizontal,relevant,downtrend,downtrend,irrelevant,downtrend,horizontal,relevant,horizontal,horizontal,irrelevant
320,PKN,neutral,8,5,2025-12-16,2025-12-23,91.9,93.89,downtrend,horizontal,relevant,downtrend,downtrend,irrelevant,downtrend,horizontal,relevant,horizontal,horizontal,irrelevant
320,PKN,neutral,9,5,2025-12-16,2025-12-23,91.9,93.89,downtrend,horizontal,relevant,downtrend,downtrend,irrelevant,downtrend,horizontal,relevant,horizontal,horizontal,irrelevant
320,PKN,neutral,10,5,2025-12-16,2025-12-23,91.9,93.89,downtrend,horizontal,relevant,downtrend,downtrend,irrelevant,downtrend,horizontal,relevant,horizontal,horizontal,irrelevant
321,PKN,neutral,1,1,2025-12-16,2025-12-17,91.9,92.33,downtrend,downtrend,irrelevant,downtrend,downtrend,irrelevant,downtrend,downtrend,irrelevant,horizontal,horizontal,irrelevant
321,PKN,neutral,2,1,2025-12-16,2025-12-17,91.9,92.33,downtrend,downtrend,irrelevant,downtrend,downtrend,irrelevant,downtrend,downtrend,irrelevant,horizontal,horizontal,irrelevant
321,PKN,neutral,3,1,2025-12-16,2025-12-17,91.9,92.33,downtrend,downtrend,irrelevant,downtrend,downtrend,irrelevant,downtrend,downtrend,irrelevant,horizontal,horizontal,irrelevant
321,PKN,neutral,4,1,2025-12-16,2025-12-17,91.9,92.33,downtrend,downtrend,irrelevant,downtrend,downtrend,irrelevant,downtrend,downtrend,irrelevant,horizontal,horizontal,irrelevant
321,PKN,neutral,5,1,2025-12-16,2025-12-17,91.9,92.33,downtrend,downtrend,irrelevant,downtrend,downtrend,irrelevant,downtrend,downtrend,irrelevant,horizontal,horizontal,irrelevant
321,PKN,neutral,6,1,2025-12-16,2025-12-17,91.9,92.33,downtrend,downtrend,irrelevant,downtrend,downtrend,irrelevant,downtrend,downtrend,irrelevant,horizontal,horizontal,irrelevant
321,PKN,neutral,7,1,2025-12-16,2025-12-17,91.9,92.33,downtrend,downtrend,irrelevant,downtrend,downtrend,irrelevant,downtrend,downtrend,irrelevant,horizontal,horizontal,irrelevant
321,PKN,neutral,8,1,2025-12-16,2025-12-17,91.9,92.33,downtrend,downtrend,irrelevant,downtrend,downtrend,irrelevant,downtrend,downtrend,irrelevant,horizontal,horizontal,irrelevant
321,PKN,neutral,9,1,2025-12-16,2025-12-17,91.9,92.33,downtrend,downtrend,irrelevant,downtrend,downtrend,irrelevant,downtrend,downtrend,irrelevant,horizontal,horizontal,irrelevant
321,PKN,neutral,10,1,2025-12-16,2025-12-17,91.9,92.33,downtrend,downtrend,irrelevant,downtrend,downtrend,irrelevant,downtrend,downtrend,irrelevant,horizontal,horizontal,irrelevant
321,PKN,neutral,1,2,2025-12-16,2025-12-18,91.9,92.35,downtrend,downtrend,irrelevant,downtrend,downtrend,irrelevant,downtrend,downtrend,irrelevant,horizontal,horizontal,irrelevant
321,PKN,neutral,2,2,2025-12-16,2025-12-18,91.9,92.35,downtrend,downtrend,irrelevant,downtrend,downtrend,irrelevant,downtrend,downtrend,irrelevant,horizontal,horizontal,irrelevant
321,PKN,neutral,3,2,2025-12-16,2025-12-18,91.9,92.35,downtrend,downtrend,irrelevant,downtrend,downtrend,irrelevant,downtrend,downtrend,irrelevant,horizontal,horizontal,irrelevant
321,PKN,neutral,4,2,2025-12-16,2025-12-18,91.9,92.35,downtrend,downtrend,irrelevant,downtrend,downtrend,irrelevant,downtrend,downtrend,irrelevant,horizontal,horizontal,irrelevant
321,PKN,neutral,5,2,2025-12-16,2025-12-18,91.9,92.35,downtrend,downtrend,irrelevant,downtrend,downtrend,irrelevant,downtrend,downtrend,irrelevant,horizontal,horizontal,irrelevant
321,PKN,neutral,6,2,2025-12-16,2025-12-18,91.9,92.35,downtrend,downtrend,irrelevant,downtrend,downtrend,irrelevant,downtrend,downtrend,irrelevant,horizontal,horizontal,irrelevant
321,PKN,neutral,7,2,2025-12-16,2025-12-18,91.9,92.35,downtrend,downtrend,irrelevant,downtrend,downtrend,irrelevant,downtrend,downtrend,irrelevant,horizontal,horizontal,irrelevant
321,PKN,neutral,8,2,2025-12-16,2025-12-18,91.9,92.35,downtrend,downtrend,irrelevant,downtrend,downtrend,irrelevant,downtrend,downtrend,irrelevant,horizontal,horizontal,irrelevant
321,PKN,neutral,9,2,2025-12-16,2025-12-18,91.9,92.35,downtrend,downtrend,irrelevant,downtrend,downtrend,irrelevant,downtrend,downtrend,irrelevant,horizontal,horizontal,irrelevant
321,PKN,neutral,10,2,2025-12-16,2025-12-18,91.9,92.35,downtrend,downtrend,irrelevant,downtrend,downtrend,irrelevant,downtrend,downtrend,irrelevant,horizontal,horizontal,irrelevant
321,PKN,neutral,2,3,2025-12-16,2025-12-19,91.9,93.16,downtrend,downtrend,irrelevant,downtrend,downtrend,irrelevant,downtrend,downtrend,irrelevant,horizontal,horizontal,irrelevant
321,PKN,neutral,3,3,2025-12-16,2025-12-19,91.9,93.16,downtrend,downtrend,irrelevant,downtrend,downtrend,irrelevant,downtrend,downtrend,irrelevant,horizontal,horizontal,irrelevant
321,PKN,neutral,4,3,2025-12-16,2025-12-19,91.9,93.16,downtrend,downtrend,irrelevant,downtrend,downtrend,irrelevant,downtrend,downtrend,irrelevant,horizontal,horizontal,irrelevant
321,PKN,neutral,5,3,2025-12-16,2025-12-19,91.9,93.16,downtrend,downtrend,irrelevant,downtrend,downtrend,irrelevant,downtrend,downtrend,irrelevant,horizontal,horizontal,irrelevant
321,PKN,neutral,6,3,2025-12-16,2025-12-19,91.9,93.16,downtrend,downtrend,irrelevant,downtrend,downtrend,irrelevant,downtrend,downtrend,irrelevant,horizontal,horizontal,irrelevant
321,PKN,neutral,7,3,2025-12-16,2025-12-19,91.9,93.16,downtrend,downtrend,irrelevant,downtrend,downtrend,irrelevant,downtrend,downtrend,irrelevant,horizontal,horizontal,irrelevant
321,PKN,neutral,8,3,2025-12-16,2025-12-19,91.9,93.16,downtrend,downtrend,irrelevant,downtrend,downtrend,irrelevant,downtrend,downtrend,irrelevant,horizontal,horizontal,irrelevant
321,PKN,neutral,9,3,2025-12-16,2025-12-19,91.9,93.16,downtrend,downtrend,irrelevant,downtrend,downtrend,irrelevant,downtrend,downtrend,irrelevant,horizontal,horizontal,irrelevant
321,PKN,neutral,10,3,2025-12-16,2025-12-19,91.9,93.16,downtrend,downtrend,irrelevant,downtrend,downtrend,irrelevant,downtrend,downtrend,irrelevant,horizontal,horizontal,irrelevant
321,PKN,neutral,4,4,2025-12-16,2025-12-22,91.9,94.87,downtrend,horizontal,relevant,downtrend,downtrend,irrelevant,downtrend,horizontal,relevant,horizontal,horizontal,irrelevant
321,PKN,neutral,5,4,2025-12-16,2025-12-22,91.9,94.87,downtrend,horizontal,relevant,downtrend,downtrend,irrelevant,downtrend,horizontal,relevant,horizontal,horizontal,irrelevant
321,PKN,neutral,6,4,2025-12-16,2025-12-22,91.9,94.87,downtrend,horizontal,relevant,downtrend,downtrend,irrelevant,downtrend,horizontal,relevant,horizontal,horizontal,irrelevant
321,PKN,neutral,7,4,2025-12-16,2025-12-22,91.9,94.87,downtrend,horizontal,relevant,downtrend,downtrend,irrelevant,downtrend,horizontal,relevant,horizontal,horizontal,irrelevant
321,PKN,neutral,8,4,2025-12-16,2025-12-22,91.9,94.87,downtrend,horizontal,relevant,downtrend,downtrend,irrelevant,downtrend,horizontal,relevant,horizontal,horizontal,irrelevant
321,PKN,neutral,9,4,2025-12-16,2025-12-22,91.9,94.87,downtrend,horizontal,relevant,downtrend,downtrend,irrelevant,downtrend,horizontal,relevant,horizontal,horizontal,irrelevant
321,PKN,neutral,10,4,2025-12-16,2025-12-22,91.9,94.87,downtrend,horizontal,relevant,downtrend,downtrend,irrelevant,downtrend,horizontal,relevant,horizontal,horizontal,irrelevant
321,PKN,neutral,3,5,2025-12-16,2025-12-23,91.9,93.89,downtrend,horizontal,relevant,downtrend,downtrend,irrelevant,downtrend,horizontal,relevant,horizontal,horizontal,irrelevant
321,PKN,neutral,4,5,2025-12-16,2025-12-23,91.9,93.89,downtrend,horizontal,relevant,downtrend,downtrend,irrelevant,downtrend,horizontal,relevant,horizontal,horizontal,irrelevant
321,PKN,neutral,5,5,2025-12-16,2025-12-23,91.9,93.89,downtrend,horizontal,relevant,downtrend,downtrend,irrelevant,downtrend,horizontal,relevant,horizontal,horizontal,irrelevant
321,PKN,neutral,6,5,2025-12-16,2025-12-23,91.9,93.89,downtrend,horizontal,relevant,downtrend,downtrend,irrelevant,downtrend,horizontal,relevant,horizontal,horizontal,irrelevant
321,PKN,neutral,7,5,2025-12-16,2025-12-23,91.9,93.89,downtrend,horizontal,relevant,downtrend,downtrend,irrelevant,downtrend,horizontal,relevant,horizontal,horizontal,irrelevant
321,PKN,neutral,8,5,2025-12-16,2025-12-23,91.9,93.89,downtrend,horizontal,relevant,downtrend,downtrend,irrelevant,downtrend,horizontal,relevant,horizontal,horizontal,irrelevant
321,PKN,neutral,9,5,2025-12-16,2025-12-23,91.9,93.89,downtrend,horizontal,relevant,downtrend,downtrend,irrelevant,downtrend,horizontal,relevant,horizontal,horizontal,irrelevant
321,PKN,neutral,10,5,2025-12-16,2025-12-23,91.9,93.89,downtrend,horizontal,relevant,downtrend,downtrend,irrelevant,downtrend,horizontal,relevant,horizontal,horizontal,irrelevant
323,PKN,neutral,4,1,2025-12-15,2025-12-16,94.82,91.9,downtrend,downtrend,irrelevant,downtrend,downtrend,irrelevant,downtrend,downtrend,irrelevant,horizontal,horizontal,irrelevant
323,PKN,neutral,5,1,2025-12-15,2025-12-16,94.82,91.9,downtrend,downtrend,irrelevant,downtrend,downtrend,irrelevant,downtrend,downtrend,irrelevant,horizontal,horizontal,irrelevant
323,PKN,neutral,6,1,2025-12-15,2025-12-16,94.82,91.9,downtrend,downtrend,irrelevant,downtrend,downtrend,irrelevant,downtrend,downtrend,irrelevant,horizontal,horizontal,irrelevant
323,PKN,neutral,7,1,2025-12-15,2025-12-16,94.82,91.9,downtrend,downtrend,irrelevant,downtrend,downtrend,irrelevant,downtrend,downtrend,irrelevant,horizontal,horizontal,irrelevant
323,PKN,neutral,8,1,2025-12-15,2025-12-16,94.82,91.9,downtrend,downtrend,irrelevant,downtrend,downtrend,irrelevant,downtrend,downtrend,irrelevant,horizontal,horizontal,irrelevant
323,PKN,neutral,9,1,2025-12-15,2025-12-16,94.82,91.9,downtrend,downtrend,irrelevant,downtrend,downtrend,irrelevant,downtrend,downtrend,irrelevant,horizontal,horizontal,irrelevant
323,PKN,neutral,10,1,2025-12-15,2025-12-16,94.82,91.9,downtrend,downtrend,irrelevant,downtrend,downtrend,irrelevant,downtrend,downtrend,irrelevant,horizontal,horizontal,irrelevant
323,PKN,neutral,3,2,2025-12-15,2025-12-17,94.82,92.33,downtrend,downtrend,irrelevant,downtrend,downtrend,irrelevant,downtrend,downtrend,irrelevant,horizontal,horizontal,irrelevant
323,PKN,neutral,4,2,2025-12-15,2025-12-17,94.82,92.33,downtrend,downtrend,irrelevant,downtrend,downtrend,irrelevant,downtrend,downtrend,irrelevant,horizontal,horizontal,irrelevant
323,PKN,neutral,5,2,2025-12-15,2025-12-17,94.82,92.33,downtrend,downtrend,irrelevant,downtrend,downtrend,irrelevant,downtrend,downtrend,irrelevant,horizontal,horizontal,irrelevant
323,PKN,neutral,6,2,2025-12-15,2025-12-17,94.82,92.33,downtrend,downtrend,irrelevant,downtrend,downtrend,irrelevant,downtrend,downtrend,irrelevant,horizontal,horizontal,irrelevant
323,PKN,neutral,7,2,2025-12-15,2025-12-17,94.82,92.33,downtrend,downtrend,irrelevant,downtrend,downtrend,irrelevant,downtrend,downtrend,irrelevant,horizontal,horizontal,irrelevant
323,PKN,neutral,8,2,2025-12-15,2025-12-17,94.82,92.33,downtrend,downtrend,irrelevant,downtrend,downtrend,irrelevant,downtrend,downtrend,irrelevant,horizontal,horizontal,irrelevant
323,PKN,neutral,9,2,2025-12-15,2025-12-17,94.82,92.33,downtrend,downtrend,irrelevant,downtrend,downtrend,irrelevant,downtrend,downtrend,irrelevant,horizontal,horizontal,irrelevant
323,PKN,neutral,10,2,2025-12-15,2025-12-17,94.82,92.33,downtrend,downtrend,irrelevant,downtrend,downtrend,irrelevant,downtrend,downtrend,irrelevant,horizontal,horizontal,irrelevant
323,PKN,neutral,3,3,2025-12-15,2025-12-18,94.82,92.35,downtrend,downtrend,irrelevant,downtrend,downtrend,irrelevant,downtrend,downtrend,irrelevant,horizontal,horizontal,irrelevant
323,PKN,neutral,4,3,2025-12-15,2025-12-18,94.82,92.35,downtrend,downtrend,irrelevant,downtrend,downtrend,irrelevant,downtrend,downtrend,irrelevant,horizontal,horizontal,irrelevant
323,PKN,neutral,5,3,2025-12-15,2025-12-18,94.82,92.35,downtrend,downtrend,irrelevant,downtrend,downtrend,irrelevant,downtrend,downtrend,irrelevant,horizontal,horizontal,irrelevant
323,PKN,neutral,6,3,2025-12-15,2025-12-18,94.82,92.35,downtrend,downtrend,irrelevant,downtrend,downtrend,irrelevant,downtrend,downtrend,irrelevant,horizontal,horizontal,irrelevant
323,PKN,neutral,7,3,2025-12-15,2025-12-18,94.82,92.35,downtrend,downtrend,irrelevant,downtrend,downtrend,irrelevant,downtrend,downtrend,irrelevant,horizontal,horizontal,irrelevant
323,PKN,neutral,8,3,2025-12-15,2025-12-18,94.82,92.35,downtrend,downtrend,irrelevant,downtrend,downtrend,irrelevant,downtrend,downtrend,irrelevant,horizontal,horizontal,irrelevant
323,PKN,neutral,9,3,2025-12-15,2025-12-18,94.82,92.35,downtrend,downtrend,irrelevant,downtrend,downtrend,irrelevant,downtrend,downtrend,irrelevant,horizontal,horizontal,irrelevant
323,PKN,neutral,10,3,2025-12-15,2025-12-18,94.82,92.35,downtrend,downtrend,irrelevant,downtrend,downtrend,irrelevant,downtrend,downtrend,irrelevant,horizontal,horizontal,irrelevant
323,PKN,neutral,2,4,2025-12-15,2025-12-19,94.82,93.16,downtrend,downtrend,irrelevant,downtrend,downtrend,irrelevant,downtrend,downtrend,irrelevant,horizontal,horizontal,irrelevant
323,PKN,neutral,3,4,2025-12-15,2025-12-19,94.82,93.16,downtrend,downtrend,irrelevant,downtrend,downtrend,irrelevant,downtrend,downtrend,irrelevant,horizontal,horizontal,irrelevant
323,PKN,neutral,4,4,2025-12-15,2025-12-19,94.82,93.16,downtrend,downtrend,irrelevant,downtrend,downtrend,irrelevant,downtrend,downtrend,irrelevant,horizontal,horizontal,irrelevant
323,PKN,neutral,5,4,2025-12-15,2025-12-19,94.82,93.16,downtrend,downtrend,irrelevant,downtrend,downtrend,irrelevant,downtrend,downtrend,irrelevant,horizontal,horizontal,irrelevant
323,PKN,neutral,6,4,2025-12-15,2025-12-19,94.82,93.16,downtrend,downtrend,irrelevant,downtrend,downtrend,irrelevant,downtrend,downtrend,irrelevant,horizontal,horizontal,irrelevant
323,PKN,neutral,7,4,2025-12-15,2025-12-19,94.82,93.16,downtrend,downtrend,irrelevant,downtrend,downtrend,irrelevant,downtrend,downtrend,irrelevant,horizontal,horizontal,irrelevant
323,PKN,neutral,8,4,2025-12-15,2025-12-19,94.82,93.16,downtrend,downtrend,irrelevant,downtrend,downtrend,irrelevant,downtrend,downtrend,irrelevant,horizontal,horizontal,irrelevant
323,PKN,neutral,9,4,2025-12-15,2025-12-19,94.82,93.16,downtrend,downtrend,irrelevant,downtrend,downtrend,irrelevant,downtrend,downtrend,irrelevant,horizontal,horizontal,irrelevant
323,PKN,neutral,10,4,2025-12-15,2025-12-19,94.82,93.16,downtrend,downtrend,irrelevant,downtrend,downtrend,irrelevant,downtrend,downtrend,irrelevant,horizontal,horizontal,irrelevant
323,PKN,neutral,1,5,2025-12-15,2025-12-22,94.82,94.87,downtrend,horizontal,relevant,downtrend,downtrend,irrelevant,downtrend,horizontal,relevant,horizontal,horizontal,irrelevant
323,PKN,neutral,2,5,2025-12-15,2025-12-22,94.82,94.87,downtrend,horizontal,relevant,downtrend,downtrend,irrelevant,downtrend,horizontal,relevant,horizontal,horizontal,irrelevant
323,PKN,neutral,3,5,2025-12-15,2025-12-22,94.82,94.87,downtrend,horizontal,relevant,downtrend,downtrend,irrelevant,downtrend,horizontal,relevant,horizontal,horizontal,irrelevant
323,PKN,neutral,4,5,2025-12-15,2025-12-22,94.82,94.87,downtrend,horizontal,relevant,downtrend,downtrend,irrelevant,downtrend,horizontal,relevant,horizontal,horizontal,irrelevant
323,PKN,neutral,5,5,2025-12-15,2025-12-22,94.82,94.87,downtrend,horizontal,relevant,downtrend,downtrend,irrelevant,downtrend,horizontal,relevant,horizontal,horizontal,irrelevant
323,PKN,neutral,6,5,2025-12-15,2025-12-22,94.82,94.87,downtrend,horizontal,relevant,downtrend,downtrend,irrelevant,downtrend,horizontal,relevant,horizontal,horizontal,irrelevant
323,PKN,neutral,7,5,2025-12-15,2025-12-22,94.82,94.87,downtrend,horizontal,relevant,downtrend,downtrend,irrelevant,downtrend,horizontal,relevant,horizontal,horizontal,irrelevant
323,PKN,neutral,8,5,2025-12-15,2025-12-22,94.82,94.87,downtrend,horizontal,relevant,downtrend,downtrend,irrelevant,downtrend,horizontal,relevant,horizontal,horizontal,irrelevant
323,PKN,neutral,9,5,2025-12-15,2025-12-22,94.82,94.87,downtrend,horizontal,relevant,downtrend,downtrend,irrelevant,downtrend,horizontal,relevant,horizontal,horizontal,irrelevant
323,PKN,neutral,10,5,2025-12-15,2025-12-22,94.82,94.87,downtrend,horizontal,relevant,downtrend,downtrend,irrelevant,downtrend,horizontal,relevant,horizontal,horizontal,irrelevant
324,PKN,positive,1,1,2025-12-12,2025-12-15,93.6,94.82,downtrend,downtrend,irrelevant,downtrend,downtrend,irrelevant,downtrend,downtrend,irrelevant,horizontal,horizontal,irrelevant
329,CDR,positive,1,3,2025-12-30,2026-01-07,241.0,246.1,downtrend,downtrend,irrelevant,horizontal,horizontal,irrelevant,horizontal,horizontal,irrelevant,downtrend,horizontal,irrelevant
329,CDR,positive,2,3,2025-12-30,2026-01-07,241.0,246.1,downtrend,downtrend,irrelevant,horizontal,horizontal,irrelevant,horizontal,horizontal,irrelevant,downtrend,horizontal,irrelevant
330,CDR,positive,1,3,2025-12-17,2025-12-22,240.3,245.8,uptrend,horizontal,irrelevant,horizontal,horizontal,irrelevant,horizontal,horizontal,irrelevant,downtrend,downtrend,irrelevant
330,CDR,positive,2,3,2025-12-17,2025-12-22,240.3,245.8,uptrend,horizontal,irrelevant,horizontal,horizontal,irrelevant,horizontal,horizontal,irrelevant,downtrend,downtrend,irrelevant
331,PKO,positive,1,4,2025-12-22,2026-01-02,84.82,87.96,uptrend,uptrend,irrelevant,uptrend,uptrend,irrelevant,uptrend,uptrend,irrelevant,uptrend,uptrend,irrelevant
331,PKO,positive,2,4,2025-12-22,2026-01-02,84.82,87.96,uptrend,uptrend,irrelevant,uptrend,uptrend,irrelevant,uptrend,uptrend,irrelevant,uptrend,uptrend,irrelevant
331,PKO,positive,3,4,2025-12-22,2026-01-02,84.82,87.96,uptrend,uptrend,irrelevant,uptrend,uptrend,irrelevant,uptrend,uptrend,irrelevant,uptrend,uptrend,irrelevant
331,PKO,positive,1,5,2025-12-22,2026-01-05,84.82,87.46,uptrend,uptrend,irrelevant,uptrend,uptrend,irrelevant,uptrend,uptrend,irrelevant,uptrend,uptrend,irrelevant
331,PKO,positive,2,5,2025-12-22,2026-01-05,84.82,87.46,uptrend,uptrend,irrelevant,uptrend,uptrend,irrelevant,uptrend,uptrend,irrelevant,uptrend,uptrend,irrelevant
331,PKO,positive,3,5,2025-12-22,2026-01-05,84.82,87.46,uptrend,uptrend,irrelevant,uptrend,uptrend,irrelevant,uptrend,uptrend,irrelevant,uptrend,uptrend,irrelevant
332,PKO,positive,1,4,2025-12-19,2025-12-30,84.14,85.16,uptrend,uptrend,irrelevant,uptrend,uptrend,irrelevant,uptrend,uptrend,irrelevant,uptrend,uptrend,irrelevant
332,PKO,positive,1,5,2025-12-19,2026-01-02,84.14,87.96,uptrend,uptrend,irrelevant,uptrend,uptrend,irrelevant,uptrend,uptrend,irrelevant,uptrend,uptrend,irrelevant
332,PKO,positive,2,5,2025-12-19,2026-01-02,84.14,87.96,uptrend,uptrend,irrelevant,uptrend,uptrend,irrelevant,uptrend,uptrend,irrelevant,uptrend,uptrend,irrelevant
332,PKO,positive,3,5,2025-12-19,2026-01-02,84.14,87.96,uptrend,uptrend,irrelevant,uptrend,uptrend,irrelevant,uptrend,uptrend,irrelevant,uptrend,uptrend,irrelevant
332,PKO,positive,4,5,2025-12-19,2026-01-02,84.14,87.96,uptrend,uptrend,irrelevant,uptrend,uptrend,irrelevant,uptrend,uptrend,irrelevant,uptrend,uptrend,irrelevant
333,PKO,positive,1,2,2025-12-16,2025-12-18,82.82,83.74,uptrend,uptrend,irrelevant,uptrend,uptrend,irrelevant,uptrend,uptrend,irrelevant,uptrend,uptrend,irrelevant
333,PKO,positive,1,3,2025-12-16,2025-12-19,82.82,84.14,uptrend,uptrend,irrelevant,uptrend,uptrend,irrelevant,uptrend,uptrend,irrelevant,uptrend,uptrend,irrelevant
333,PKO,positive,1,4,2025-12-16,2025-12-22,82.82,84.82,uptrend,uptrend,irrelevant,uptrend,uptrend,irrelevant,uptrend,uptrend,irrelevant,uptrend,uptrend,irrelevant
333,PKO,positive,2,4,2025-12-16,2025-12-22,82.82,84.82,uptrend,uptrend,irrelevant,uptrend,uptrend,irrelevant,uptrend,uptrend,irrelevant,uptrend,uptrend,irrelevant
333,PKO,positive,1,5,2025-12-16,2025-12-23,82.82,84.44,uptrend,uptrend,irrelevant,uptrend,uptrend,irrelevant,uptrend,uptrend,irrelevant,uptrend,uptrend,irrelevant
334,KGH,neutral,1,1,2025-12-23,2025-12-29,273.8,273.1,uptrend,uptrend,irrelevant,uptrend,uptrend,irrelevant,uptrend,uptrend,irrelevant,uptrend,uptrend,irrelevant
334,KGH,neutral,2,1,2025-12-23,2025-12-29,273.8,273.1,uptrend,uptrend,irrelevant,uptrend,uptrend,irrelevant,uptrend,uptrend,irrelevant,uptrend,uptrend,irrelevant
334,KGH,neutral,3,1,2025-12-23,2025-12-29,273.8,273.1,uptrend,uptrend,irrelevant,uptrend,uptrend,irrelevant,uptrend,uptrend,irrelevant,uptrend,uptrend,irrelevant
334,KGH,neutral,4,1,2025-12-23,2025-12-29,273.8,273.1,uptrend,uptrend,irrelevant,uptrend,uptrend,irrelevant,uptrend,uptrend,irrelevant,uptrend,uptrend,irrelevant
334,KGH,neutral,5,1,2025-12-23,2025-12-29,273.8,273.1,uptrend,uptrend,irrelevant,uptrend,uptrend,irrelevant,uptrend,uptrend,irrelevant,uptrend,uptrend,irrelevant
334,KGH,neutral,6,1,2025-12-23,2025-12-29,273.8,273.1,uptrend,uptrend,irrelevant,uptrend,uptrend,irrelevant,uptrend,uptrend,irrelevant,uptrend,uptrend,irrelevant
334,KGH,neutral,7,1,2025-12-23,2025-12-29,273.8,273.1,uptrend,uptrend,irrelevant,uptrend,uptrend,irrelevant,uptrend,uptrend,irrelevant,uptrend,uptrend,irrelevant
334,KGH,neutral,8,1,2025-12-23,2025-12-29,273.8,273.1,uptrend,uptrend,irrelevant,uptrend,uptrend,irrelevant,uptrend,uptrend,irrelevant,uptrend,uptrend,irrelevant
334,KGH,neutral,9,1,2025-12-23,2025-12-29,273.8,273.1,uptrend,uptrend,irrelevant,uptrend,uptrend,irrelevant,uptrend,uptrend,irrelevant,uptrend,uptrend,irrelevant
334,KGH,neutral,10,1,2025-12-23,2025-12-29,273.8,273.1,uptrend,uptrend,irrelevant,uptrend,uptrend,irrelevant,uptrend,uptrend,irrelevant,uptrend,uptrend,irrelevant
334,KGH,neutral,3,2,2025-12-23,2025-12-30,273.8,280.8,uptrend,uptrend,irrelevant,uptrend,uptrend,irrelevant,uptrend,uptrend,irrelevant,uptrend,uptrend,irrelevant
334,KGH,neutral,4,2,2025-12-23,2025-12-30,273.8,280.8,uptrend,uptrend,irrelevant,uptrend,uptrend,irrelevant,uptrend,uptrend,irrelevant,uptrend,uptrend,irrelevant
334,KGH,neutral,5,2,2025-12-23,2025-12-30,273.8,280.8,uptrend,uptrend,irrelevant,uptrend,uptrend,irrelevant,uptrend,uptrend,irrelevant,uptrend,uptrend,irrelevant
334,KGH,neutral,6,2,2025-12-23,2025-12-30,273.8,280.8,uptrend,uptrend,irrelevant,uptrend,uptrend,irrelevant,uptrend,uptrend,irrelevant,uptrend,uptrend,irrelevant
334,KGH,neutral,7,2,2025-12-23,2025-12-30,273.8,280.8,uptrend,uptrend,irrelevant,uptrend,uptrend,irrelevant,uptrend,uptrend,irrelevant,uptrend,uptrend,irrelevant
334,KGH,neutral,8,2,2025-12-23,2025-12-30,273.8,280.8,uptrend,uptrend,irrelevant,uptrend,uptrend,irrelevant,uptrend,uptrend,irrelevant,uptrend,uptrend,irrelevant
334,KGH,neutral,9,2,2025-12-23,2025-12-30,273.8,280.8,uptrend,uptrend,irrelevant,uptrend,uptrend,irrelevant,uptrend,uptrend,irrelevant,uptrend,uptrend,irrelevant
334,KGH,neutral,10,2,2025-12-23,2025-12-30,273.8,280.8,uptrend,uptrend,irrelevant,uptrend,uptrend,irrelevant,uptrend,uptrend,irrelevant,uptrend,uptrend,irrelevant
334,KGH,neutral,4,3,2025-12-23,2026-01-02,273.8,283.5,uptrend,uptrend,irrelevant,uptrend,uptrend,irrelevant,uptrend,uptrend,irrelevant,uptrend,uptrend,irrelevant
334,KGH,neutral,5,3,2025-12-23,2026-01-02,273.8,283.5,uptrend,uptrend,irrelevant,uptrend,uptrend,irrelevant,uptrend,uptrend,irrelevant,uptrend,uptrend,irrelevant
334,KGH,neutral,6,3,2025-12-23,2026-01-02,273.8,283.5,uptrend,uptrend,irrelevant,uptrend,uptrend,irrelevant,uptrend,uptrend,irrelevant,uptrend,uptrend,irrelevant
334,KGH,neutral,7,3,2025-12-23,2026-01-02,273.8,283.5,uptrend,uptrend,irrelevant,uptrend,uptrend,irrelevant,uptrend,uptrend,irrelevant,uptrend,uptrend,irrelevant
334,KGH,neutral,8,3,2025-12-23,2026-01-02,273.8,283.5,uptrend,uptrend,irrelevant,uptrend,uptrend,irrelevant,uptrend,uptrend,irrelevant,uptrend,uptrend,irrelevant
334,KGH,neutral,9,3,2025-12-23,2026-01-02,273.8,283.5,uptrend,uptrend,irrelevant,uptrend,uptrend,irrelevant,uptrend,uptrend,irrelevant,uptrend,uptrend,irrelevant
334,KGH,neutral,10,3,2025-12-23,2026-01-02,273.8,283.5,uptrend,uptrend,irrelevant,uptrend,uptrend,irrelevant,uptrend,uptrend,irrelevant,uptrend,uptrend,irrelevant
334,KGH,neutral,9,4,2025-12-23,2026-01-05,273.8,296.5,uptrend,uptrend,irrelevant,uptrend,uptrend,irrelevant,uptrend,uptrend,irrelevant,uptrend,uptrend,irrelevant
334,KGH,neutral,10,4,2025-12-23,2026-01-05,273.8,296.5,uptrend,uptrend,irrelevant,uptrend,uptrend,irrelevant,uptrend,uptrend,irrelevant,uptrend,uptrend,irrelevant
334,KGH,neutral,8,5,2025-12-23,2026-01-07,273.8,294.4,uptrend,uptrend,irrelevant,uptrend,uptrend,irrelevant,uptrend,uptrend,irrelevant,uptrend,uptrend,irrelevant
334,KGH,neutral,9,5,2025-12-23,2026-01-07,273.8,294.4,uptrend,uptrend,irrelevant,uptrend,uptrend,irrelevant,uptrend,uptrend,irrelevant,uptrend,uptrend,irrelevant
334,KGH,neutral,10,5,2025-12-23,2026-01-07,273.8,294.4,uptrend,uptrend,irrelevant,uptrend,uptrend,irrelevant,uptrend,uptrend,irrelevant,uptrend,uptrend,irrelevant
335,KGH,neutral,1,1,2025-12-22,2025-12-23,272.4,273.8,uptrend,uptrend,irrelevant,uptrend,uptrend,irrelevant,uptrend,uptrend,irrelevant,uptrend,uptrend,irrelevant
335,KGH,neutral,2,1,2025-12-22,2025-12-23,272.4,273.8,uptrend,uptrend,irrelevant,uptrend,uptrend,irrelevant,uptrend,uptrend,irrelevant,uptrend,uptrend,irrelevant
335,KGH,neutral,3,1,2025-12-22,2025-12-23,272.4,273.8,uptrend,uptrend,irrelevant,uptrend,uptrend,irrelevant,uptrend,uptrend,irrelevant,uptrend,uptrend,irrelevant
335,KGH,neutral,4,1,2025-12-22,2025-12-23,272.4,273.8,uptrend,uptrend,irrelevant,uptrend,uptrend,irrelevant,uptrend,uptrend,irrelevant,uptrend,uptrend,irrelevant
335,KGH,neutral,5,1,2025-12-22,2025-12-23,272.4,273.8,uptrend,uptrend,irrelevant,uptrend,uptrend,irrelevant,uptrend,uptrend,irrelevant,uptrend,uptrend,irrelevant
335,KGH,neutral,6,1,2025-12-22,2025-12-23,272.4,273.8,uptrend,uptrend,irrelevant,uptrend,uptrend,irrelevant,uptrend,uptrend,irrelevant,uptrend,uptrend,irrelevant
335,KGH,neutral,7,1,2025-12-22,2025-12-23,272.4,273.8,uptrend,uptrend,irrelevant,uptrend,uptrend,irrelevant,uptrend,uptrend,irrelevant,uptrend,uptrend,irrelevant
335,KGH,neutral,8,1,2025-12-22,2025-12-23,272.4,273.8,uptrend,uptrend,irrelevant,uptrend,uptrend,irrelevant,uptrend,uptrend,irrelevant,uptrend,uptrend,irrelevant
335,KGH,neutral,9,1,2025-12-22,2025-12-23,272.4,273.8,uptrend,uptrend,irrelevant,uptrend,uptrend,irrelevant,uptrend,uptrend,irrelevant,uptrend,uptrend,irrelevant
335,KGH,neutral,10,1,2025-12-22,2025-12-23,272.4,273.8,uptrend,uptrend,irrelevant,uptrend,uptrend,irrelevant,uptrend,uptrend,irrelevant,uptrend,uptrend,irrelevant
335,KGH,neutral,1,2,2025-12-22,2025-12-29,272.4,273.1,uptrend,uptrend,irrelevant,uptrend,uptrend,irrelevant,uptrend,uptrend,irrelevant,uptrend,uptrend,irrelevant
335,KGH,neutral,2,2,2025-12-22,2025-12-29,272.4,273.1,uptrend,uptrend,irrelevant,uptrend,uptrend,irrelevant,uptrend,uptrend,irrelevant,uptrend,uptrend,irrelevant
335,KGH,neutral,3,2,2025-12-22,2025-12-29,272.4,273.1,uptrend,uptrend,irrelevant,uptrend,uptrend,irrelevant,uptrend,uptrend,irrelevant,uptrend,uptrend,irrelevant
335,KGH,neutral,4,2,2025-12-22,2025-12-29,272.4,273.1,uptrend,uptrend,irrelevant,uptrend,uptrend,irrelevant,uptrend,uptrend,irrelevant,uptrend,uptrend,irrelevant
335,KGH,neutral,5,2,2025-12-22,2025-12-29,272.4,273.1,uptrend,uptrend,irrelevant,uptrend,uptrend,irrelevant,uptrend,uptrend,irrelevant,uptrend,uptrend,irrelevant
335,KGH,neutral,6,2,2025-12-22,2025-12-29,272.4,273.1,uptrend,uptrend,irrelevant,uptrend,uptrend,irrelevant,uptrend,uptrend,irrelevant,uptrend,uptrend,irrelevant
335,KGH,neutral,7,2,2025-12-22,2025-12-29,272.4,273.1,uptrend,uptrend,irrelevant,uptrend,uptrend,irrelevant,uptrend,uptrend,irrelevant,uptrend,uptrend,irrelevant
335,KGH,neutral,8,2,2025-12-22,2025-12-29,272.4,273.1,uptrend,uptrend,irrelevant,uptrend,uptrend,irrelevant,uptrend,uptrend,irrelevant,uptrend,uptrend,irrelevant
335,KGH,neutral,9,2,2025-12-22,2025-12-29,272.4,273.1,uptrend,uptrend,irrelevant,uptrend,uptrend,irrelevant,uptrend,uptrend,irrelevant,uptrend,uptrend,irrelevant
335,KGH,neutral,10,2,2025-12-22,2025-12-29,272.4,273.1,uptrend,uptrend,irrelevant,uptrend,uptrend,irrelevant,uptrend,uptrend,irrelevant,uptrend,uptrend,irrelevant
335,KGH,neutral,4,3,2025-12-22,2025-12-30,272.4,280.8,uptrend,uptrend,irrelevant,uptrend,uptrend,irrelevant,uptrend,uptrend,irrelevant,uptrend,uptrend,irrelevant
335,KGH,neutral,5,3,2025-12-22,2025-12-30,272.4,280.8,uptrend,uptrend,irrelevant,uptrend,uptrend,irrelevant,uptrend,uptrend,irrelevant,uptrend,uptrend,irrelevant
335,KGH,neutral,6,3,2025-12-22,2025-12-30,272.4,280.8,uptrend,uptrend,irrelevant,uptrend,uptrend,irrelevant,uptrend,uptrend,irrelevant,uptrend,uptrend,irrelevant
335,KGH,neutral,7,3,2025-12-22,2025-12-30,272.4,280.8,uptrend,uptrend,irrelevant,uptrend,uptrend,irrelevant,uptrend,uptrend,irrelevant,uptrend,uptrend,irrelevant
335,KGH,neutral,8,3,2025-12-22,2025-12-30,272.4,280.8,uptrend,uptrend,irrelevant,uptrend,uptrend,irrelevant,uptrend,uptrend,irrelevant,uptrend,uptrend,irrelevant
335,KGH,neutral,9,3,2025-12-22,2025-12-30,272.4,280.8,uptrend,uptrend,irrelevant,uptrend,uptrend,irrelevant,uptrend,uptrend,irrelevant,uptrend,uptrend,irrelevant
335,KGH,neutral,10,3,2025-12-22,2025-12-30,272.4,280.8,uptrend,uptrend,irrelevant,uptrend,uptrend,irrelevant,uptrend,uptrend,irrelevant,uptrend,uptrend,irrelevant
335,KGH,neutral,5,4,2025-12-22,2026-01-02,272.4,283.5,uptrend,uptrend,irrelevant,uptrend,uptrend,irrelevant,uptrend,uptrend,irrelevant,uptrend,uptrend,irrelevant
335,KGH,neutral,6,4,2025-12-22,2026-01-02,272.4,283.5,uptrend,uptrend,irrelevant,uptrend,uptrend,irrelevant,uptrend,uptrend,irrelevant,uptrend,uptrend,irrelevant
335,KGH,neutral,7,4,2025-12-22,2026-01-02,272.4,283.5,uptrend,uptrend,irrelevant,uptrend,uptrend,irrelevant,uptrend,uptrend,irrelevant,uptrend,uptrend,irrelevant
335,KGH,neutral,8,4,2025-12-22,2026-01-02,272.4,283.5,uptrend,uptrend,irrelevant,uptrend,uptrend,irrelevant,uptrend,uptrend,irrelevant,uptrend,uptrend,irrelevant
335,KGH,neutral,9,4,2025-12-22,2026-01-02,272.4,283.5,uptrend,uptrend,irrelevant,uptrend,uptrend,irrelevant,uptrend,uptrend,irrelevant,uptrend,uptrend,irrelevant
335,KGH,neutral,10,4,2025-12-22,2026-01-02,272.4,283.5,uptrend,uptrend,irrelevant,uptrend,uptrend,irrelevant,uptrend,uptrend,irrelevant,uptrend,uptrend,irrelevant
335,KGH,neutral,9,5,2025-12-22,2026-01-05,272.4,296.5,uptrend,uptrend,irrelevant,uptrend,uptrend,irrelevant,uptrend,uptrend,irrelevant,uptrend,uptrend,irrelevant
335,KGH,neutral,10,5,2025-12-22,2026-01-05,272.4,296.5,uptrend,uptrend,irrelevant,uptrend,uptrend,irrelevant,uptrend,uptrend,irrelevant,uptrend,uptrend,irrelevant
336,KGH,positive,1,1,2025-12-18,2025-12-19,256.3,261.0,uptrend,uptrend,irrelevant,uptrend,uptrend,irrelevant,uptrend,uptrend,irrelevant,uptrend,uptrend,irrelevant
336,KGH,positive,1,2,2025-12-18,2025-12-22,256.3,272.4,uptrend,uptrend,irrelevant,uptrend,uptrend,irrelevant,uptrend,uptrend,irrelevant,uptrend,uptrend,irrelevant
336,KGH,positive,2,2,2025-12-18,2025-12-22,256.3,272.4,uptrend,uptrend,irrelevant,uptrend,uptrend,irrelevant,uptrend,uptrend,irrelevant,uptrend,uptrend,irrelevant
336,KGH,positive,3,2,2025-12-18,2025-12-22,256.3,272.4,uptrend,uptrend,irrelevant,uptrend,uptrend,irrelevant,uptrend,uptrend,irrelevant,uptrend,uptrend,irrelevant
336,KGH,positive,4,2,2025-12-18,2025-12-22,256.3,272.4,uptrend,uptrend,irrelevant,uptrend,uptrend,irrelevant,uptrend,uptrend,irrelevant,uptrend,uptrend,irrelevant
336,KGH,positive,5,2,2025-12-18,2025-12-22,256.3,272.4,uptrend,uptrend,irrelevant,uptrend,uptrend,irrelevant,uptrend,uptrend,irrelevant,uptrend,uptrend,irrelevant
336,KGH,positive,6,2,2025-12-18,2025-12-22,256.3,272.4,uptrend,uptrend,irrelevant,uptrend,uptrend,irrelevant,uptrend,uptrend,irrelevant,uptrend,uptrend,irrelevant
336,KGH,positive,1,3,2025-12-18,2025-12-23,256.3,273.8,uptrend,uptrend,irrelevant,uptrend,uptrend,irrelevant,uptrend,uptrend,irrelevant,uptrend,uptrend,irrelevant
336,KGH,positive,2,3,2025-12-18,2025-12-23,256.3,273.8,uptrend,uptrend,irrelevant,uptrend,uptrend,irrelevant,uptrend,uptrend,irrelevant,uptrend,uptrend,irrelevant
336,KGH,positive,3,3,2025-12-18,2025-12-23,256.3,273.8,uptrend,uptrend,irrelevant,uptrend,uptrend,irrelevant,uptrend,uptrend,irrelevant,uptrend,uptrend,irrelevant
336,KGH,positive,4,3,2025-12-18,2025-12-23,256.3,273.8,uptrend,uptrend,irrelevant,uptrend,uptrend,irrelevant,uptrend,uptrend,irrelevant,uptrend,uptrend,irrelevant
336,KGH,positive,5,3,2025-12-18,2025-12-23,256.3,273.8,uptrend,uptrend,irrelevant,uptrend,uptrend,irrelevant,uptrend,uptrend,irrelevant,uptrend,uptrend,irrelevant
336,KGH,positive,6,3,2025-12-18,2025-12-23,256.3,273.8,uptrend,uptrend,irrelevant,uptrend,uptrend,irrelevant,uptrend,uptrend,irrelevant,uptrend,uptrend,irrelevant
336,KGH,positive,1,4,2025-12-18,2025-12-29,256.3,273.1,uptrend,uptrend,irrelevant,uptrend,uptrend,irrelevant,uptrend,uptrend,irrelevant,uptrend,uptrend,irrelevant
336,KGH,positive,2,4,2025-12-18,2025-12-29,256.3,273.1,uptrend,uptrend,irrelevant,uptrend,uptrend,irrelevant,uptrend,uptrend,irrelevant,uptrend,uptrend,irrelevant
336,KGH,positive,3,4,2025-12-18,2025-12-29,256.3,273.1,uptrend,uptrend,irrelevant,uptrend,uptrend,irrelevant,uptrend,uptrend,irrelevant,uptrend,uptrend,irrelevant
336,KGH,positive,4,4,2025-12-18,2025-12-29,256.3,273.1,uptrend,uptrend,irrelevant,uptrend,uptrend,irrelevant,uptrend,uptrend,irrelevant,uptrend,uptrend,irrelevant
336,KGH,positive,5,4,2025-12-18,2025-12-29,256.3,273.1,uptrend,uptrend,irrelevant,uptrend,uptrend,irrelevant,uptrend,uptrend,irrelevant,uptrend,uptrend,irrelevant
336,KGH,positive,6,4,2025-12-18,2025-12-29,256.3,273.1,uptrend,uptrend,irrelevant,uptrend,uptrend,irrelevant,uptrend,uptrend,irrelevant,uptrend,uptrend,irrelevant
336,KGH,positive,1,5,2025-12-18,2025-12-30,256.3,280.8,uptrend,uptrend,irrelevant,uptrend,uptrend,irrelevant,uptrend,uptrend,irrelevant,uptrend,uptrend,irrelevant
336,KGH,positive,2,5,2025-12-18,2025-12-30,256.3,280.8,uptrend,uptrend,irrelevant,uptrend,uptrend,irrelevant,uptrend,uptrend,irrelevant,uptrend,uptrend,irrelevant
336,KGH,positive,3,5,2025-12-18,2025-12-30,256.3,280.8,uptrend,uptrend,irrelevant,uptrend,uptrend,irrelevant,uptrend,uptrend,irrelevant,uptrend,uptrend,irrelevant
336,KGH,positive,4,5,2025-12-18,2025-12-30,256.3,280.8,uptrend,uptrend,irrelevant,uptrend,uptrend,irrelevant,uptrend,uptrend,irrelevant,uptrend,uptrend,irrelevant
336,KGH,positive,5,5,2025-12-18,2025-12-30,256.3,280.8,uptrend,uptrend,irrelevant,uptrend,uptrend,irrelevant,uptrend,uptrend,irrelevant,uptrend,uptrend,irrelevant
336,KGH,positive,6,5,2025-12-18,2025-12-30,256.3,280.8,uptrend,uptrend,irrelevant,uptrend,uptrend,irrelevant,uptrend,uptrend,irrelevant,uptrend,uptrend,irrelevant
336,KGH,positive,7,5,2025-12-18,2025-12-30,256.3,280.8,uptrend,uptrend,irrelevant,uptrend,uptrend,irrelevant,uptrend,uptrend,irrelevant,uptrend,uptrend,irrelevant
336,KGH,positive,8,5,2025-12-18,2025-12-30,256.3,280.8,uptrend,uptrend,irrelevant,uptrend,uptrend,irrelevant,uptrend,uptrend,irrelevant,uptrend,uptrend,irrelevant
336,KGH,positive,9,5,2025-12-18,2025-12-30,256.3,280.8,uptrend,uptrend,irrelevant,uptrend,uptrend,irrelevant,uptrend,uptrend,irrelevant,uptrend,uptrend,irrelevant
337,KGH,positive,1,1,2025-12-18,2025-12-19,256.3,261.0,uptrend,uptrend,irrelevant,uptrend,uptrend,irrelevant,uptrend,uptrend,irrelevant,uptrend,uptrend,irrelevant
337,KGH,positive,1,2,2025-12-18,2025-12-22,256.3,272.4,uptrend,uptrend,irrelevant,uptrend,uptrend,irrelevant,uptrend,uptrend,irrelevant,uptrend,uptrend,irrelevant
337,KGH,positive,2,2,2025-12-18,2025-12-22,256.3,272.4,uptrend,uptrend,irrelevant,uptrend,uptrend,irrelevant,uptrend,uptrend,irrelevant,uptrend,uptrend,irrelevant
337,KGH,positive,3,2,2025-12-18,2025-12-22,256.3,272.4,uptrend,uptrend,irrelevant,uptrend,uptrend,irrelevant,uptrend,uptrend,irrelevant,uptrend,uptrend,irrelevant
337,KGH,positive,4,2,2025-12-18,2025-12-22,256.3,272.4,uptrend,uptrend,irrelevant,uptrend,uptrend,irrelevant,uptrend,uptrend,irrelevant,uptrend,uptrend,irrelevant
337,KGH,positive,5,2,2025-12-18,2025-12-22,256.3,272.4,uptrend,uptrend,irrelevant,uptrend,uptrend,irrelevant,uptrend,uptrend,irrelevant,uptrend,uptrend,irrelevant
337,KGH,positive,6,2,2025-12-18,2025-12-22,256.3,272.4,uptrend,uptrend,irrelevant,uptrend,uptrend,irrelevant,uptrend,uptrend,irrelevant,uptrend,uptrend,irrelevant
337,KGH,positive,1,3,2025-12-18,2025-12-23,256.3,273.8,uptrend,uptrend,irrelevant,uptrend,uptrend,irrelevant,uptrend,uptrend,irrelevant,uptrend,uptrend,irrelevant
337,KGH,positive,2,3,2025-12-18,2025-12-23,256.3,273.8,uptrend,uptrend,irrelevant,uptrend,uptrend,irrelevant,uptrend,uptrend,irrelevant,uptrend,uptrend,irrelevant
337,KGH,positive,3,3,2025-12-18,2025-12-23,256.3,273.8,uptrend,uptrend,irrelevant,uptrend,uptrend,irrelevant,uptrend,uptrend,irrelevant,uptrend,uptrend,irrelevant
337,KGH,positive,4,3,2025-12-18,2025-12-23,256.3,273.8,uptrend,uptrend,irrelevant,uptrend,uptrend,irrelevant,uptrend,uptrend,irrelevant,uptrend,uptrend,irrelevant
337,KGH,positive,5,3,2025-12-18,2025-12-23,256.3,273.8,uptrend,uptrend,irrelevant,uptrend,uptrend,irrelevant,uptrend,uptrend,irrelevant,uptrend,uptrend,irrelevant
337,KGH,positive,6,3,2025-12-18,2025-12-23,256.3,273.8,uptrend,uptrend,irrelevant,uptrend,uptrend,irrelevant,uptrend,uptrend,irrelevant,uptrend,uptrend,irrelevant
337,KGH,positive,1,4,2025-12-18,2025-12-29,256.3,273.1,uptrend,uptrend,irrelevant,uptrend,uptrend,irrelevant,uptrend,uptrend,irrelevant,uptrend,uptrend,irrelevant
337,KGH,positive,2,4,2025-12-18,2025-12-29,256.3,273.1,uptrend,uptrend,irrelevant,uptrend,uptrend,irrelevant,uptrend,uptrend,irrelevant,uptrend,uptrend,irrelevant
337,KGH,positive,3,4,2025-12-18,2025-12-29,256.3,273.1,uptrend,uptrend,irrelevant,uptrend,uptrend,irrelevant,uptrend,uptrend,irrelevant,uptrend,uptrend,irrelevant
337,KGH,positive,4,4,2025-12-18,2025-12-29,256.3,273.1,uptrend,uptrend,irrelevant,uptrend,uptrend,irrelevant,uptrend,uptrend,irrelevant,uptrend,uptrend,irrelevant
337,KGH,positive,5,4,2025-12-18,2025-12-29,256.3,273.1,uptrend,uptrend,irrelevant,uptrend,uptrend,irrelevant,uptrend,uptrend,irrelevant,uptrend,uptrend,irrelevant
337,KGH,positive,6,4,2025-12-18,2025-12-29,256.3,273.1,uptrend,uptrend,irrelevant,uptrend,uptrend,irrelevant,uptrend,uptrend,irrelevant,uptrend,uptrend,irrelevant
337,KGH,positive,1,5,2025-12-18,2025-12-30,256.3,280.8,uptrend,uptrend,irrelevant,uptrend,uptrend,irrelevant,uptrend,uptrend,irrelevant,uptrend,uptrend,irrelevant
337,KGH,positive,2,5,2025-12-18,2025-12-30,256.3,280.8,uptrend,uptrend,irrelevant,uptrend,uptrend,irrelevant,uptrend,uptrend,irrelevant,uptrend,uptrend,irrelevant
337,KGH,positive,3,5,2025-12-18,2025-12-30,256.3,280.8,uptrend,uptrend,irrelevant,uptrend,uptrend,irrelevant,uptrend,uptrend,irrelevant,uptrend,uptrend,irrelevant
337,KGH,positive,4,5,2025-12-18,2025-12-30,256.3,280.8,uptrend,uptrend,irrelevant,uptrend,uptrend,irrelevant,uptrend,uptrend,irrelevant,uptrend,uptrend,irrelevant
337,KGH,positive,5,5,2025-12-18,2025-12-30,256.3,280.8,uptrend,uptrend,irrelevant,uptrend,uptrend,irrelevant,uptrend,uptrend,irrelevant,uptrend,uptrend,irrelevant
337,KGH,positive,6,5,2025-12-18,2025-12-30,256.3,280.8,uptrend,uptrend,irrelevant,uptrend,uptrend,irrelevant,uptrend,uptrend,irrelevant,uptrend,uptrend,irrelevant
337,KGH,positive,7,5,2025-12-18,2025-12-30,256.3,280.8,uptrend,uptrend,irrelevant,uptrend,uptrend,irrelevant,uptrend,uptrend,irrelevant,uptrend,uptrend,irrelevant
337,KGH,positive,8,5,2025-12-18,2025-12-30,256.3,280.8,uptrend,uptrend,irrelevant,uptrend,uptrend,irrelevant,uptrend,uptrend,irrelevant,uptrend,uptrend,irrelevant
337,KGH,positive,9,5,2025-12-18,2025-12-30,256.3,280.8,uptrend,uptrend,irrelevant,uptrend,uptrend,irrelevant,uptrend,uptrend,irrelevant,uptrend,uptrend,irrelevant
338,KGH,positive,1,1,2025-12-16,2025-12-17,253.7,259.6,uptrend,uptrend,irrelevant,uptrend,uptrend,irrelevant,uptrend,uptrend,irrelevant,uptrend,uptrend,irrelevant
338,KGH,positive,2,1,2025-12-16,2025-12-17,253.7,259.6,uptrend,uptrend,irrelevant,uptrend,uptrend,irrelevant,uptrend,uptrend,irrelevant,uptrend,uptrend,irrelevant
338,KGH,positive,1,2,2025-12-16,2025-12-18,253.7,256.3,uptrend,uptrend,irrelevant,uptrend,uptrend,irrelevant,uptrend,uptrend,irrelevant,uptrend,uptrend,irrelevant
338,KGH,positive,1,3,2025-12-16,2025-12-19,253.7,261.0,uptrend,uptrend,irrelevant,uptrend,uptrend,irrelevant,uptrend,uptrend,irrelevant,uptrend,uptrend,irrelevant
338,KGH,positive,2,3,2025-12-16,2025-12-19,253.7,261.0,uptrend,uptrend,irrelevant,uptrend,uptrend,irrelevant,uptrend,uptrend,irrelevant,uptrend,uptrend,irrelevant
338,KGH,positive,1,4,2025-12-16,2025-12-22,253.7,272.4,uptrend,uptrend,irrelevant,uptrend,uptrend,irrelevant,uptrend,uptrend,irrelevant,uptrend,uptrend,irrelevant
338,KGH,positive,2,4,2025-12-16,2025-12-22,253.7,272.4,uptrend,uptrend,irrelevant,uptrend,uptrend,irrelevant,uptrend,uptrend,irrelevant,uptrend,uptrend,irrelevant
338,KGH,positive,3,4,2025-12-16,2025-12-22,253.7,272.4,uptrend,uptrend,irrelevant,uptrend,uptrend,irrelevant,uptrend,uptrend,irrelevant,uptrend,uptrend,irrelevant
338,KGH,positive,4,4,2025-12-16,2025-12-22,253.7,272.4,uptrend,uptrend,irrelevant,uptrend,uptrend,irrelevant,uptrend,uptrend,irrelevant,uptrend,uptrend,irrelevant
338,KGH,positive,5,4,2025-12-16,2025-12-22,253.7,272.4,uptrend,uptrend,irrelevant,uptrend,uptrend,irrelevant,uptrend,uptrend,irrelevant,uptrend,uptrend,irrelevant
338,KGH,positive,6,4,2025-12-16,2025-12-22,253.7,272.4,uptrend,uptrend,irrelevant,uptrend,uptrend,irrelevant,uptrend,uptrend,irrelevant,uptrend,uptrend,irrelevant
338,KGH,positive,7,4,2025-12-16,2025-12-22,253.7,272.4,uptrend,uptrend,irrelevant,uptrend,uptrend,irrelevant,uptrend,uptrend,irrelevant,uptrend,uptrend,irrelevant
338,KGH,positive,1,5,2025-12-16,2025-12-23,253.7,273.8,uptrend,uptrend,irrelevant,uptrend,uptrend,irrelevant,uptrend,uptrend,irrelevant,uptrend,uptrend,irrelevant
338,KGH,positive,2,5,2025-12-16,2025-12-23,253.7,273.8,uptrend,uptrend,irrelevant,uptrend,uptrend,irrelevant,uptrend,uptrend,irrelevant,uptrend,uptrend,irrelevant
338,KGH,positive,3,5,2025-12-16,2025-12-23,253.7,273.8,uptrend,uptrend,irrelevant,uptrend,uptrend,irrelevant,uptrend,uptrend,irrelevant,uptrend,uptrend,irrelevant
338,KGH,positive,4,5,2025-12-16,2025-12-23,253.7,273.8,uptrend,uptrend,irrelevant,uptrend,uptrend,irrelevant,uptrend,uptrend,irrelevant,uptrend,uptrend,irrelevant
338,KGH,positive,5,5,2025-12-16,2025-12-23,253.7,273.8,uptrend,uptrend,irrelevant,uptrend,uptrend,irrelevant,uptrend,uptrend,irrelevant,uptrend,uptrend,irrelevant
338,KGH,positive,6,5,2025-12-16,2025-12-23,253.7,273.8,uptrend,uptrend,irrelevant,uptrend,uptrend,irrelevant,uptrend,uptrend,irrelevant,uptrend,uptrend,irrelevant
338,KGH,positive,7,5,2025-12-16,2025-12-23,253.7,273.8,uptrend,uptrend,irrelevant,uptrend,uptrend,irrelevant,uptrend,uptrend,irrelevant,uptrend,uptrend,irrelevant
339,KGH,positive,1,1,2025-12-15,2025-12-16,250.8,253.7,uptrend,uptrend,irrelevant,uptrend,uptrend,irrelevant,uptrend,uptrend,irrelevant,uptrend,uptrend,irrelevant
339,KGH,positive,1,2,2025-12-15,2025-12-17,250.8,259.6,uptrend,uptrend,irrelevant,uptrend,uptrend,irrelevant,uptrend,uptrend,irrelevant,uptrend,uptrend,irrelevant
339,KGH,positive,2,2,2025-12-15,2025-12-17,250.8,259.6,uptrend,uptrend,irrelevant,uptrend,uptrend,irrelevant,uptrend,uptrend,irrelevant,uptrend,uptrend,irrelevant
339,KGH,positive,3,2,2025-12-15,2025-12-17,250.8,259.6,uptrend,uptrend,irrelevant,uptrend,uptrend,irrelevant,uptrend,uptrend,irrelevant,uptrend,uptrend,irrelevant
339,KGH,positive,1,3,2025-12-15,2025-12-18,250.8,256.3,uptrend,uptrend,irrelevant,uptrend,uptrend,irrelevant,uptrend,uptrend,irrelevant,uptrend,uptrend,irrelevant
339,KGH,positive,2,3,2025-12-15,2025-12-18,250.8,256.3,uptrend,uptrend,irrelevant,uptrend,uptrend,irrelevant,uptrend,uptrend,irrelevant,uptrend,uptrend,irrelevant
339,KGH,positive,1,4,2025-12-15,2025-12-19,250.8,261.0,uptrend,uptrend,irrelevant,uptrend,uptrend,irrelevant,uptrend,uptrend,irrelevant,uptrend,uptrend,irrelevant
339,KGH,positive,2,4,2025-12-15,2025-12-19,250.8,261.0,uptrend,uptrend,irrelevant,uptrend,uptrend,irrelevant,uptrend,uptrend,irrelevant,uptrend,uptrend,irrelevant
339,KGH,positive,3,4,2025-12-15,2025-12-19,250.8,261.0,uptrend,uptrend,irrelevant,uptrend,uptrend,irrelevant,uptrend,uptrend,irrelevant,uptrend,uptrend,irrelevant
339,KGH,positive,4,4,2025-12-15,2025-12-19,250.8,261.0,uptrend,uptrend,irrelevant,uptrend,uptrend,irrelevant,uptrend,uptrend,irrelevant,uptrend,uptrend,irrelevant
339,KGH,positive,1,5,2025-12-15,2025-12-22,250.8,272.4,uptrend,uptrend,irrelevant,uptrend,uptrend,irrelevant,uptrend,uptrend,irrelevant,uptrend,uptrend,irrelevant
339,KGH,positive,2,5,2025-12-15,2025-12-22,250.8,272.4,uptrend,uptrend,irrelevant,uptrend,uptrend,irrelevant,uptrend,uptrend,irrelevant,uptrend,uptrend,irrelevant
339,KGH,positive,3,5,2025-12-15,2025-12-22,250.8,272.4,uptrend,uptrend,irrelevant,uptrend,uptrend,irrelevant,uptrend,uptrend,irrelevant,uptrend,uptrend,irrelevant
339,KGH,positive,4,5,2025-12-15,2025-12-22,250.8,272.4,uptrend,uptrend,irrelevant,uptrend,uptrend,irrelevant,uptrend,uptrend,irrelevant,uptrend,uptrend,irrelevant
339,KGH,positive,5,5,2025-12-15,2025-12-22,250.8,272.4,uptrend,uptrend,irrelevant,uptrend,uptrend,irrelevant,uptrend,uptrend,irrelevant,uptrend,uptrend,irrelevant
339,KGH,positive,6,5,2025-12-15,2025-12-22,250.8,272.4,uptrend,uptrend,irrelevant,uptrend,uptrend,irrelevant,uptrend,uptrend,irrelevant,uptrend,uptrend,irrelevant
339,KGH,positive,7,5,2025-12-15,2025-12-22,250.8,272.4,uptrend,uptrend,irrelevant,uptrend,uptrend,irrelevant,uptrend,uptrend,irrelevant,uptrend,uptrend,irrelevant
339,KGH,positive,8,5,2025-12-15,2025-12-22,250.8,272.4,uptrend,uptrend,irrelevant,uptrend,uptrend,irrelevant,uptrend,uptrend,irrelevant,uptrend,uptrend,irrelevant
340,KGH,positive,1,1,2025-12-15,2025-12-16,250.8,253.7,uptrend,uptrend,irrelevant,uptrend,uptrend,irrelevant,uptrend,uptrend,irrelevant,uptrend,uptrend,irrelevant
340,KGH,positive,1,2,2025-12-15,2025-12-17,250.8,259.6,uptrend,uptrend,irrelevant,uptrend,uptrend,irrelevant,uptrend,uptrend,irrelevant,uptrend,uptrend,irrelevant
340,KGH,positive,2,2,2025-12-15,2025-12-17,250.8,259.6,uptrend,uptrend,irrelevant,uptrend,uptrend,irrelevant,uptrend,uptrend,irrelevant,uptrend,uptrend,irrelevant
340,KGH,positive,3,2,2025-12-15,2025-12-17,250.8,259.6,uptrend,uptrend,irrelevant,uptrend,uptrend,irrelevant,uptrend,uptrend,irrelevant,uptrend,uptrend,irrelevant
340,KGH,positive,1,3,2025-12-15,2025-12-18,250.8,256.3,uptrend,uptrend,irrelevant,uptrend,uptrend,irrelevant,uptrend,uptrend,irrelevant,uptrend,uptrend,irrelevant
340,KGH,positive,2,3,2025-12-15,2025-12-18,250.8,256.3,uptrend,uptrend,irrelevant,uptrend,uptrend,irrelevant,uptrend,uptrend,irrelevant,uptrend,uptrend,irrelevant
340,KGH,positive,1,4,2025-12-15,2025-12-19,250.8,261.0,uptrend,uptrend,irrelevant,uptrend,uptrend,irrelevant,uptrend,uptrend,irrelevant,uptrend,uptrend,irrelevant
340,KGH,positive,2,4,2025-12-15,2025-12-19,250.8,261.0,uptrend,uptrend,irrelevant,uptrend,uptrend,irrelevant,uptrend,uptrend,irrelevant,uptrend,uptrend,irrelevant
340,KGH,positive,3,4,2025-12-15,2025-12-19,250.8,261.0,uptrend,uptrend,irrelevant,uptrend,uptrend,irrelevant,uptrend,uptrend,irrelevant,uptrend,uptrend,irrelevant
340,KGH,positive,4,4,2025-12-15,2025-12-19,250.8,261.0,uptrend,uptrend,irrelevant,uptrend,uptrend,irrelevant,uptrend,uptrend,irrelevant,uptrend,uptrend,irrelevant
340,KGH,positive,1,5,2025-12-15,2025-12-22,250.8,272.4,uptrend,uptrend,irrelevant,uptrend,uptrend,irrelevant,uptrend,uptrend,irrelevant,uptrend,uptrend,irrelevant
340,KGH,positive,2,5,2025-12-15,2025-12-22,250.8,272.4,uptrend,uptrend,irrelevant,uptrend,uptrend,irrelevant,uptrend,uptrend,irrelevant,uptrend,uptrend,irrelevant
340,KGH,positive,3,5,2025-12-15,2025-12-22,250.8,272.4,uptrend,uptrend,irrelevant,uptrend,uptrend,irrelevant,uptrend,uptrend,irrelevant,uptrend,uptrend,irrelevant
340,KGH,positive,4,5,2025-12-15,2025-12-22,250.8,272.4,uptrend,uptrend,irrelevant,uptrend,uptrend,irrelevant,uptrend,uptrend,irrelevant,uptrend,uptrend,irrelevant
340,KGH,positive,5,5,2025-12-15,2025-12-22,250.8,272.4,uptrend,uptrend,irrelevant,uptrend,uptrend,irrelevant,uptrend,uptrend,irrelevant,uptrend,uptrend,irrelevant
340,KGH,positive,6,5,2025-12-15,2025-12-22,250.8,272.4,uptrend,uptrend,irrelevant,uptrend,uptrend,irrelevant,uptrend,uptrend,irrelevant,uptrend,uptrend,irrelevant
340,KGH,positive,7,5,2025-12-15,2025-12-22,250.8,272.4,uptrend,uptrend,irrelevant,uptrend,uptrend,irrelevant,uptrend,uptrend,irrelevant,uptrend,uptrend,irrelevant
340,KGH,positive,8,5,2025-12-15,2025-12-22,250.8,272.4,uptrend,uptrend,irrelevant,uptrend,uptrend,irrelevant,uptrend,uptrend,irrelevant,uptrend,uptrend,irrelevant
341,KGH,positive,1,2,2025-12-11,2025-12-15,245.0,250.8,uptrend,uptrend,irrelevant,uptrend,uptrend,irrelevant,uptrend,uptrend,irrelevant,uptrend,uptrend,irrelevant
341,KGH,positive,2,2,2025-12-11,2025-12-15,245.0,250.8,uptrend,uptrend,irrelevant,uptrend,uptrend,irrelevant,uptrend,uptrend,irrelevant,uptrend,uptrend,irrelevant
341,KGH,positive,1,3,2025-12-11,2025-12-16,245.0,253.7,uptrend,uptrend,irrelevant,uptrend,uptrend,irrelevant,uptrend,uptrend,irrelevant,uptrend,uptrend,irrelevant
341,KGH,positive,2,3,2025-12-11,2025-12-16,245.0,253.7,uptrend,uptrend,irrelevant,uptrend,uptrend,irrelevant,uptrend,uptrend,irrelevant,uptrend,uptrend,irrelevant
341,KGH,positive,3,3,2025-12-11,2025-12-16,245.0,253.7,uptrend,uptrend,irrelevant,uptrend,uptrend,irrelevant,uptrend,uptrend,irrelevant,uptrend,uptrend,irrelevant
341,KGH,positive,1,4,2025-12-11,2025-12-17,245.0,259.6,uptrend,uptrend,irrelevant,uptrend,uptrend,irrelevant,uptrend,uptrend,irrelevant,uptrend,uptrend,irrelevant
341,KGH,positive,2,4,2025-12-11,2025-12-17,245.0,259.6,uptrend,uptrend,irrelevant,uptrend,uptrend,irrelevant,uptrend,uptrend,irrelevant,uptrend,uptrend,irrelevant
341,KGH,positive,3,4,2025-12-11,2025-12-17,245.0,259.6,uptrend,uptrend,irrelevant,uptrend,uptrend,irrelevant,uptrend,uptrend,irrelevant,uptrend,uptrend,irrelevant
341,KGH,positive,4,4,2025-12-11,2025-12-17,245.0,259.6,uptrend,uptrend,irrelevant,uptrend,uptrend,irrelevant,uptrend,uptrend,irrelevant,uptrend,uptrend,irrelevant
341,KGH,positive,5,4,2025-12-11,2025-12-17,245.0,259.6,uptrend,uptrend,irrelevant,uptrend,uptrend,irrelevant,uptrend,uptrend,irrelevant,uptrend,uptrend,irrelevant
341,KGH,positive,1,5,2025-12-11,2025-12-18,245.0,256.3,uptrend,uptrend,irrelevant,uptrend,uptrend,irrelevant,uptrend,uptrend,irrelevant,uptrend,uptrend,irrelevant
341,KGH,positive,2,5,2025-12-11,2025-12-18,245.0,256.3,uptrend,uptrend,irrelevant,uptrend,uptrend,irrelevant,uptrend,uptrend,irrelevant,uptrend,uptrend,irrelevant
341,KGH,positive,3,5,2025-12-11,2025-12-18,245.0,256.3,uptrend,uptrend,irrelevant,uptrend,uptrend,irrelevant,uptrend,uptrend,irrelevant,uptrend,uptrend,irrelevant
341,KGH,positive,4,5,2025-12-11,2025-12-18,245.0,256.3,uptrend,uptrend,irrelevant,uptrend,uptrend,irrelevant,uptrend,uptrend,irrelevant,uptrend,uptrend,irrelevant
342,LPP,positive,1,1,2025-12-30,2026-01-02,20810.0,21200.0,uptrend,uptrend,irrelevant,uptrend,uptrend,irrelevant,uptrend,uptrend,irrelevant,uptrend,uptrend,irrelevant
342,LPP,positive,1,2,2025-12-30,2026-01-05,20810.0,21340.0,uptrend,uptrend,irrelevant,uptrend,uptrend,irrelevant,uptrend,uptrend,irrelevant,uptrend,uptrend,irrelevant
342,LPP,positive,2,2,2025-12-30,2026-01-05,20810.0,21340.0,uptrend,uptrend,irrelevant,uptrend,uptrend,irrelevant,uptrend,uptrend,irrelevant,uptrend,uptrend,irrelevant
342,LPP,positive,1,3,2025-12-30,2026-01-07,20810.0,21450.0,uptrend,uptrend,irrelevant,uptrend,uptrend,irrelevant,uptrend,uptrend,irrelevant,uptrend,uptrend,irrelevant
342,LPP,positive,2,3,2025-12-30,2026-01-07,20810.0,21450.0,uptrend,uptrend,irrelevant,uptrend,uptrend,irrelevant,uptrend,uptrend,irrelevant,uptrend,uptrend,irrelevant
342,LPP,positive,3,3,2025-12-30,2026-01-07,20810.0,21450.0,uptrend,uptrend,irrelevant,uptrend,uptrend,irrelevant,uptrend,uptrend,irrelevant,uptrend,uptrend,irrelevant
342,LPP,positive,1,5,2025-12-30,2026-01-09,20810.0,21170.0,uptrend,uptrend,irrelevant,uptrend,uptrend,irrelevant,uptrend,uptrend,irrelevant,uptrend,uptrend,irrelevant
343,LPP,positive,1,2,2025-12-15,2025-12-17,20450.0,21010.0,uptrend,uptrend,irrelevant,uptrend,uptrend,irrelevant,uptrend,uptrend,irrelevant,uptrend,uptrend,irrelevant
343,LPP,positive,2,2,2025-12-15,2025-12-17,20450.0,21010.0,uptrend,uptrend,irrelevant,uptrend,uptrend,irrelevant,uptrend,uptrend,irrelevant,uptrend,uptrend,irrelevant
343,LPP,positive,1,3,2025-12-15,2025-12-18,20450.0,21180.0,uptrend,uptrend,irrelevant,uptrend,uptrend,irrelevant,uptrend,uptrend,irrelevant,uptrend,uptrend,irrelevant
343,LPP,positive,2,3,2025-12-15,2025-12-18,20450.0,21180.0,uptrend,uptrend,irrelevant,uptrend,uptrend,irrelevant,uptrend,uptrend,irrelevant,uptrend,uptrend,irrelevant
343,LPP,positive,3,3,2025-12-15,2025-12-18,20450.0,21180.0,uptrend,uptrend,irrelevant,uptrend,uptrend,irrelevant,uptrend,uptrend,irrelevant,uptrend,uptrend,irrelevant
343,LPP,positive,1,4,2025-12-15,2025-12-19,20450.0,21100.0,uptrend,uptrend,irrelevant,uptrend,uptrend,irrelevant,uptrend,uptrend,irrelevant,uptrend,uptrend,irrelevant
343,LPP,positive,2,4,2025-12-15,2025-12-19,20450.0,21100.0,uptrend,uptrend,irrelevant,uptrend,uptrend,irrelevant,uptrend,uptrend,irrelevant,uptrend,uptrend,irrelevant
343,LPP,positive,3,4,2025-12-15,2025-12-19,20450.0,21100.0,uptrend,uptrend,irrelevant,uptrend,uptrend,irrelevant,uptrend,uptrend,irrelevant,uptrend,uptrend,irrelevant
343,LPP,positive,1,5,2025-12-15,2025-12-22,20450.0,21180.0,uptrend,uptrend,irrelevant,uptrend,uptrend,irrelevant,uptrend,uptrend,irrelevant,uptrend,uptrend,irrelevant
343,LPP,positive,2,5,2025-12-15,2025-12-22,20450.0,21180.0,uptrend,uptrend,irrelevant,uptrend,uptrend,irrelevant,uptrend,uptrend,irrelevant,uptrend,uptrend,irrelevant
343,LPP,positive,3,5,2025-12-15,2025-12-22,20450.0,21180.0,uptrend,uptrend,irrelevant,uptrend,uptrend,irrelevant,uptrend,uptrend,irrelevant,uptrend,uptrend,irrelevant
344,LPP,positive,1,1,2025-12-12,2025-12-15,20120.0,20450.0,uptrend,uptrend,irrelevant,uptrend,uptrend,irrelevant,uptrend,uptrend,irrelevant,uptrend,uptrend,irrelevant
344,LPP,positive,1,2,2025-12-12,2025-12-16,20120.0,20370.0,uptrend,uptrend,irrelevant,uptrend,uptrend,irrelevant,uptrend,uptrend,irrelevant,uptrend,uptrend,irrelevant
344,LPP,positive,1,3,2025-12-12,2025-12-17,20120.0,21010.0,uptrend,uptrend,irrelevant,uptrend,uptrend,irrelevant,uptrend,uptrend,irrelevant,uptrend,uptrend,irrelevant
344,LPP,positive,2,3,2025-12-12,2025-12-17,20120.0,21010.0,uptrend,uptrend,irrelevant,uptrend,uptrend,irrelevant,uptrend,uptrend,irrelevant,uptrend,uptrend,irrelevant
344,LPP,positive,3,3,2025-12-12,2025-12-17,20120.0,21010.0,uptrend,uptrend,irrelevant,uptrend,uptrend,irrelevant,uptrend,uptrend,irrelevant,uptrend,uptrend,irrelevant
344,LPP,positive,4,3,2025-12-12,2025-12-17,20120.0,21010.0,uptrend,uptrend,irrelevant,uptrend,uptrend,irrelevant,uptrend,uptrend,irrelevant,uptrend,uptrend,irrelevant
344,LPP,positive,1,4,2025-12-12,2025-12-18,20120.0,21180.0,uptrend,uptrend,irrelevant,uptrend,uptrend,irrelevant,uptrend,uptrend,irrelevant,uptrend,uptrend,irrelevant
344,LPP,positive,2,4,2025-12-12,2025-12-18,20120.0,21180.0,uptrend,uptrend,irrelevant,uptrend,uptrend,irrelevant,uptrend,uptrend,irrelevant,uptrend,uptrend,irrelevant
344,LPP,positive,3,4,2025-12-12,2025-12-18,20120.0,21180.0,uptrend,uptrend,irrelevant,uptrend,uptrend,irrelevant,uptrend,uptrend,irrelevant,uptrend,uptrend,irrelevant
344,LPP,positive,4,4,2025-12-12,2025-12-18,20120.0,21180.0,uptrend,uptrend,irrelevant,uptrend,uptrend,irrelevant,uptrend,uptrend,irrelevant,uptrend,uptrend,irrelevant
344,LPP,positive,5,4,2025-12-12,2025-12-18,20120.0,21180.0,uptrend,uptrend,irrelevant,uptrend,uptrend,irrelevant,uptrend,uptrend,irrelevant,uptrend,uptrend,irrelevant
344,LPP,positive,1,5,2025-12-12,2025-12-19,20120.0,21100.0,uptrend,uptrend,irrelevant,uptrend,uptrend,irrelevant,uptrend,uptrend,irrelevant,uptrend,uptrend,irrelevant
344,LPP,positive,2,5,2025-12-12,2025-12-19,20120.0,21100.0,uptrend,uptrend,irrelevant,uptrend,uptrend,irrelevant,uptrend,uptrend,irrelevant,uptrend,uptrend,irrelevant
344,LPP,positive,3,5,2025-12-12,2025-12-19,20120.0,21100.0,uptrend,uptrend,irrelevant,uptrend,uptrend,irrelevant,uptrend,uptrend,irrelevant,uptrend,uptrend,irrelevant
344,LPP,positive,4,5,2025-12-12,2025-12-19,20120.0,21100.0,uptrend,uptrend,irrelevant,uptrend,uptrend,irrelevant,uptrend,uptrend,irrelevant,uptrend,uptrend,irrelevant
345,LPP,positive,1,1,2025-12-12,2025-12-15,20120.0,20450.0,uptrend,uptrend,irrelevant,uptrend,uptrend,irrelevant,uptrend,uptrend,irrelevant,uptrend,uptrend,irrelevant
345,LPP,positive,1,2,2025-12-12,2025-12-16,20120.0,20370.0,uptrend,uptrend,irrelevant,uptrend,uptrend,irrelevant,uptrend,uptrend,irrelevant,uptrend,uptrend,irrelevant
345,LPP,positive,1,3,2025-12-12,2025-12-17,20120.0,21010.0,uptrend,uptrend,irrelevant,uptrend,uptrend,irrelevant,uptrend,uptrend,irrelevant,uptrend,uptrend,irrelevant
345,LPP,positive,2,3,2025-12-12,2025-12-17,20120.0,21010.0,uptrend,uptrend,irrelevant,uptrend,uptrend,irrelevant,uptrend,uptrend,irrelevant,uptrend,uptrend,irrelevant
345,LPP,positive,3,3,2025-12-12,2025-12-17,20120.0,21010.0,uptrend,uptrend,irrelevant,uptrend,uptrend,irrelevant,uptrend,uptrend,irrelevant,uptrend,uptrend,irrelevant
345,LPP,positive,4,3,2025-12-12,2025-12-17,20120.0,21010.0,uptrend,uptrend,irrelevant,uptrend,uptrend,irrelevant,uptrend,uptrend,irrelevant,uptrend,uptrend,irrelevant
345,LPP,positive,1,4,2025-12-12,2025-12-18,20120.0,21180.0,uptrend,uptrend,irrelevant,uptrend,uptrend,irrelevant,uptrend,uptrend,irrelevant,uptrend,uptrend,irrelevant
345,LPP,positive,2,4,2025-12-12,2025-12-18,20120.0,21180.0,uptrend,uptrend,irrelevant,uptrend,uptrend,irrelevant,uptrend,uptrend,irrelevant,uptrend,uptrend,irrelevant
345,LPP,positive,3,4,2025-12-12,2025-12-18,20120.0,21180.0,uptrend,uptrend,irrelevant,uptrend,uptrend,irrelevant,uptrend,uptrend,irrelevant,uptrend,uptrend,irrelevant
345,LPP,positive,4,4,2025-12-12,2025-12-18,20120.0,21180.0,uptrend,uptrend,irrelevant,uptrend,uptrend,irrelevant,uptrend,uptrend,irrelevant,uptrend,uptrend,irrelevant
345,LPP,positive,5,4,2025-12-12,2025-12-18,20120.0,21180.0,uptrend,uptrend,irrelevant,uptrend,uptrend,irrelevant,uptrend,uptrend,irrelevant,uptrend,uptrend,irrelevant
345,LPP,positive,1,5,2025-12-12,2025-12-19,20120.0,21100.0,uptrend,uptrend,irrelevant,uptrend,uptrend,irrelevant,uptrend,uptrend,irrelevant,uptrend,uptrend,irrelevant
345,LPP,positive,2,5,2025-12-12,2025-12-19,20120.0,21100.0,uptrend,uptrend,irrelevant,uptrend,uptrend,irrelevant,uptrend,uptrend,irrelevant,uptrend,uptrend,irrelevant
345,LPP,positive,3,5,2025-12-12,2025-12-19,20120.0,21100.0,uptrend,uptrend,irrelevant,uptrend,uptrend,irrelevant,uptrend,uptrend,irrelevant,uptrend,uptrend,irrelevant
345,LPP,positive,4,5,2025-12-12,2025-12-19,20120.0,21100.0,uptrend,uptrend,irrelevant,uptrend,uptrend,irrelevant,uptrend,uptrend,irrelevant,uptrend,uptrend,irrelevant
346,LPP,positive,1,1,2025-12-12,2025-12-15,20120.0,20450.0,uptrend,uptrend,irrelevant,uptrend,uptrend,irrelevant,uptrend,uptrend,irrelevant,uptrend,uptrend,irrelevant
346,LPP,positive,1,2,2025-12-12,2025-12-16,20120.0,20370.0,uptrend,uptrend,irrelevant,uptrend,uptrend,irrelevant,uptrend,uptrend,irrelevant,uptrend,uptrend,irrelevant
346,LPP,positive,1,3,2025-12-12,2025-12-17,20120.0,21010.0,uptrend,uptrend,irrelevant,uptrend,uptrend,irrelevant,uptrend,uptrend,irrelevant,uptrend,uptrend,irrelevant
346,LPP,positive,2,3,2025-12-12,2025-12-17,20120.0,21010.0,uptrend,uptrend,irrelevant,uptrend,uptrend,irrelevant,uptrend,uptrend,irrelevant,uptrend,uptrend,irrelevant
346,LPP,positive,3,3,2025-12-12,2025-12-17,20120.0,21010.0,uptrend,uptrend,irrelevant,uptrend,uptrend,irrelevant,uptrend,uptrend,irrelevant,uptrend,uptrend,irrelevant
346,LPP,positive,4,3,2025-12-12,2025-12-17,20120.0,21010.0,uptrend,uptrend,irrelevant,uptrend,uptrend,irrelevant,uptrend,uptrend,irrelevant,uptrend,uptrend,irrelevant
346,LPP,positive,1,4,2025-12-12,2025-12-18,20120.0,21180.0,uptrend,uptrend,irrelevant,uptrend,uptrend,irrelevant,uptrend,uptrend,irrelevant,uptrend,uptrend,irrelevant
346,LPP,positive,2,4,2025-12-12,2025-12-18,20120.0,21180.0,uptrend,uptrend,irrelevant,uptrend,uptrend,irrelevant,uptrend,uptrend,irrelevant,uptrend,uptrend,irrelevant
346,LPP,positive,3,4,2025-12-12,2025-12-18,20120.0,21180.0,uptrend,uptrend,irrelevant,uptrend,uptrend,irrelevant,uptrend,uptrend,irrelevant,uptrend,uptrend,irrelevant
346,LPP,positive,4,4,2025-12-12,2025-12-18,20120.0,21180.0,uptrend,uptrend,irrelevant,uptrend,uptrend,irrelevant,uptrend,uptrend,irrelevant,uptrend,uptrend,irrelevant
346,LPP,positive,5,4,2025-12-12,2025-12-18,20120.0,21180.0,uptrend,uptrend,irrelevant,uptrend,uptrend,irrelevant,uptrend,uptrend,irrelevant,uptrend,uptrend,irrelevant
346,LPP,positive,1,5,2025-12-12,2025-12-19,20120.0,21100.0,uptrend,uptrend,irrelevant,uptrend,uptrend,irrelevant,uptrend,uptrend,irrelevant,uptrend,uptrend,irrelevant
346,LPP,positive,2,5,2025-12-12,2025-12-19,20120.0,21100.0,uptrend,uptrend,irrelevant,uptrend,uptrend,irrelevant,uptrend,uptrend,irrelevant,uptrend,uptrend,irrelevant
346,LPP,positive,3,5,2025-12-12,2025-12-19,20120.0,21100.0,uptrend,uptrend,irrelevant,uptrend,uptrend,irrelevant,uptrend,uptrend,irrelevant,uptrend,uptrend,irrelevant
346,LPP,positive,4,5,2025-12-12,2025-12-19,20120.0,21100.0,uptrend,uptrend,irrelevant,uptrend,uptrend,irrelevant,uptrend,uptrend,irrelevant,uptrend,uptrend,irrelevant
347,LPP,positive,1,1,2025-12-12,2025-12-15,20120.0,20450.0,uptrend,uptrend,irrelevant,uptrend,uptrend,irrelevant,uptrend,uptrend,irrelevant,uptrend,uptrend,irrelevant
347,LPP,positive,1,2,2025-12-12,2025-12-16,20120.0,20370.0,uptrend,uptrend,irrelevant,uptrend,uptrend,irrelevant,uptrend,uptrend,irrelevant,uptrend,uptrend,irrelevant
347,LPP,positive,1,3,2025-12-12,2025-12-17,20120.0,21010.0,uptrend,uptrend,irrelevant,uptrend,uptrend,irrelevant,uptrend,uptrend,irrelevant,uptrend,uptrend,irrelevant
347,LPP,positive,2,3,2025-12-12,2025-12-17,20120.0,21010.0,uptrend,uptrend,irrelevant,uptrend,uptrend,irrelevant,uptrend,uptrend,irrelevant,uptrend,uptrend,irrelevant
347,LPP,positive,3,3,2025-12-12,2025-12-17,20120.0,21010.0,uptrend,uptrend,irrelevant,uptrend,uptrend,irrelevant,uptrend,uptrend,irrelevant,uptrend,uptrend,irrelevant
347,LPP,positive,4,3,2025-12-12,2025-12-17,20120.0,21010.0,uptrend,uptrend,irrelevant,uptrend,uptrend,irrelevant,uptrend,uptrend,irrelevant,uptrend,uptrend,irrelevant
347,LPP,positive,1,4,2025-12-12,2025-12-18,20120.0,21180.0,uptrend,uptrend,irrelevant,uptrend,uptrend,irrelevant,uptrend,uptrend,irrelevant,uptrend,uptrend,irrelevant
347,LPP,positive,2,4,2025-12-12,2025-12-18,20120.0,21180.0,uptrend,uptrend,irrelevant,uptrend,uptrend,irrelevant,uptrend,uptrend,irrelevant,uptrend,uptrend,irrelevant
347,LPP,positive,3,4,2025-12-12,2025-12-18,20120.0,21180.0,uptrend,uptrend,irrelevant,uptrend,uptrend,irrelevant,uptrend,uptrend,irrelevant,uptrend,uptrend,irrelevant
347,LPP,positive,4,4,2025-12-12,2025-12-18,20120.0,21180.0,uptrend,uptrend,irrelevant,uptrend,uptrend,irrelevant,uptrend,uptrend,irrelevant,uptrend,uptrend,irrelevant
347,LPP,positive,5,4,2025-12-12,2025-12-18,20120.0,21180.0,uptrend,uptrend,irrelevant,uptrend,uptrend,irrelevant,uptrend,uptrend,irrelevant,uptrend,uptrend,irrelevant
347,LPP,positive,1,5,2025-12-12,2025-12-19,20120.0,21100.0,uptrend,uptrend,irrelevant,uptrend,uptrend,irrelevant,uptrend,uptrend,irrelevant,uptrend,uptrend,irrelevant
347,LPP,positive,2,5,2025-12-12,2025-12-19,20120.0,21100.0,uptrend,uptrend,irrelevant,uptrend,uptrend,irrelevant,uptrend,uptrend,irrelevant,uptrend,uptrend,irrelevant
347,LPP,positive,3,5,2025-12-12,2025-12-19,20120.0,21100.0,uptrend,uptrend,irrelevant,uptrend,uptrend,irrelevant,uptrend,uptrend,irrelevant,uptrend,uptrend,irrelevant
347,LPP,positive,4,5,2025-12-12,2025-12-19,20120.0,21100.0,uptrend,uptrend,irrelevant,uptrend,uptrend,irrelevant,uptrend,uptrend,irrelevant,uptrend,uptrend,irrelevant
348,LPP,positive,1,1,2025-12-12,2025-12-15,20120.0,20450.0,uptrend,uptrend,irrelevant,uptrend,uptrend,irrelevant,uptrend,uptrend,irrelevant,uptrend,uptrend,irrelevant
348,LPP,positive,1,2,2025-12-12,2025-12-16,20120.0,20370.0,uptrend,uptrend,irrelevant,uptrend,uptrend,irrelevant,uptrend,uptrend,irrelevant,uptrend,uptrend,irrelevant
348,LPP,positive,1,3,2025-12-12,2025-12-17,20120.0,21010.0,uptrend,uptrend,irrelevant,uptrend,uptrend,irrelevant,uptrend,uptrend,irrelevant,uptrend,uptrend,irrelevant
348,LPP,positive,2,3,2025-12-12,2025-12-17,20120.0,21010.0,uptrend,uptrend,irrelevant,uptrend,uptrend,irrelevant,uptrend,uptrend,irrelevant,uptrend,uptrend,irrelevant
348,LPP,positive,3,3,2025-12-12,2025-12-17,20120.0,21010.0,uptrend,uptrend,irrelevant,uptrend,uptrend,irrelevant,uptrend,uptrend,irrelevant,uptrend,uptrend,irrelevant
348,LPP,positive,4,3,2025-12-12,2025-12-17,20120.0,21010.0,uptrend,uptrend,irrelevant,uptrend,uptrend,irrelevant,uptrend,uptrend,irrelevant,uptrend,uptrend,irrelevant
348,LPP,positive,1,4,2025-12-12,2025-12-18,20120.0,21180.0,uptrend,uptrend,irrelevant,uptrend,uptrend,irrelevant,uptrend,uptrend,irrelevant,uptrend,uptrend,irrelevant
348,LPP,positive,2,4,2025-12-12,2025-12-18,20120.0,21180.0,uptrend,uptrend,irrelevant,uptrend,uptrend,irrelevant,uptrend,uptrend,irrelevant,uptrend,uptrend,irrelevant
348,LPP,positive,3,4,2025-12-12,2025-12-18,20120.0,21180.0,uptrend,uptrend,irrelevant,uptrend,uptrend,irrelevant,uptrend,uptrend,irrelevant,uptrend,uptrend,irrelevant
348,LPP,positive,4,4,2025-12-12,2025-12-18,20120.0,21180.0,uptrend,uptrend,irrelevant,uptrend,uptrend,irrelevant,uptrend,uptrend,irrelevant,uptrend,uptrend,irrelevant
348,LPP,positive,5,4,2025-12-12,2025-12-18,20120.0,21180.0,uptrend,uptrend,irrelevant,uptrend,uptrend,irrelevant,uptrend,uptrend,irrelevant,uptrend,uptrend,irrelevant
348,LPP,positive,1,5,2025-12-12,2025-12-19,20120.0,21100.0,uptrend,uptrend,irrelevant,uptrend,uptrend,irrelevant,uptrend,uptrend,irrelevant,uptrend,uptrend,irrelevant
348,LPP,positive,2,5,2025-12-12,2025-12-19,20120.0,21100.0,uptrend,uptrend,irrelevant,uptrend,uptrend,irrelevant,uptrend,uptrend,irrelevant,uptrend,uptrend,irrelevant
348,LPP,positive,3,5,2025-12-12,2025-12-19,20120.0,21100.0,uptrend,uptrend,irrelevant,uptrend,uptrend,irrelevant,uptrend,uptrend,irrelevant,uptrend,uptrend,irrelevant
348,LPP,positive,4,5,2025-12-12,2025-12-19,20120.0,21100.0,uptrend,uptrend,irrelevant,uptrend,uptrend,irrelevant,uptrend,uptrend,irrelevant,uptrend,uptrend,irrelevant
349,LPP,positive,1,1,2025-12-12,2025-12-15,20120.0,20450.0,uptrend,uptrend,irrelevant,uptrend,uptrend,irrelevant,uptrend,uptrend,irrelevant,uptrend,uptrend,irrelevant
349,LPP,positive,1,2,2025-12-12,2025-12-16,20120.0,20370.0,uptrend,uptrend,irrelevant,uptrend,uptrend,irrelevant,uptrend,uptrend,irrelevant,uptrend,uptrend,irrelevant
349,LPP,positive,1,3,2025-12-12,2025-12-17,20120.0,21010.0,uptrend,uptrend,irrelevant,uptrend,uptrend,irrelevant,uptrend,uptrend,irrelevant,uptrend,uptrend,irrelevant
349,LPP,positive,2,3,2025-12-12,2025-12-17,20120.0,21010.0,uptrend,uptrend,irrelevant,uptrend,uptrend,irrelevant,uptrend,uptrend,irrelevant,uptrend,uptrend,irrelevant
349,LPP,positive,3,3,2025-12-12,2025-12-17,20120.0,21010.0,uptrend,uptrend,irrelevant,uptrend,uptrend,irrelevant,uptrend,uptrend,irrelevant,uptrend,uptrend,irrelevant
349,LPP,positive,4,3,2025-12-12,2025-12-17,20120.0,21010.0,uptrend,uptrend,irrelevant,uptrend,uptrend,irrelevant,uptrend,uptrend,irrelevant,uptrend,uptrend,irrelevant
349,LPP,positive,1,4,2025-12-12,2025-12-18,20120.0,21180.0,uptrend,uptrend,irrelevant,uptrend,uptrend,irrelevant,uptrend,uptrend,irrelevant,uptrend,uptrend,irrelevant
349,LPP,positive,2,4,2025-12-12,2025-12-18,20120.0,21180.0,uptrend,uptrend,irrelevant,uptrend,uptrend,irrelevant,uptrend,uptrend,irrelevant,uptrend,uptrend,irrelevant
349,LPP,positive,3,4,2025-12-12,2025-12-18,20120.0,21180.0,uptrend,uptrend,irrelevant,uptrend,uptrend,irrelevant,uptrend,uptrend,irrelevant,uptrend,uptrend,irrelevant
349,LPP,positive,4,4,2025-12-12,2025-12-18,20120.0,21180.0,uptrend,uptrend,irrelevant,uptrend,uptrend,irrelevant,uptrend,uptrend,irrelevant,uptrend,uptrend,irrelevant
349,LPP,positive,5,4,2025-12-12,2025-12-18,20120.0,21180.0,uptrend,uptrend,irrelevant,uptrend,uptrend,irrelevant,uptrend,uptrend,irrelevant,uptrend,uptrend,irrelevant
349,LPP,positive,1,5,2025-12-12,2025-12-19,20120.0,21100.0,uptrend,uptrend,irrelevant,uptrend,uptrend,irrelevant,uptrend,uptrend,irrelevant,uptrend,uptrend,irrelevant
349,LPP,positive,2,5,2025-12-12,2025-12-19,20120.0,21100.0,uptrend,uptrend,irrelevant,uptrend,uptrend,irrelevant,uptrend,uptrend,irrelevant,uptrend,uptrend,irrelevant
349,LPP,positive,3,5,2025-12-12,2025-12-19,20120.0,21100.0,uptrend,uptrend,irrelevant,uptrend,uptrend,irrelevant,uptrend,uptrend,irrelevant,uptrend,uptrend,irrelevant
349,LPP,positive,4,5,2025-12-12,2025-12-19,20120.0,21100.0,uptrend,uptrend,irrelevant,uptrend,uptrend,irrelevant,uptrend,uptrend,irrelevant,uptrend,uptrend,irrelevant
350,LPP,positive,1,1,2025-12-12,2025-12-15,20120.0,20450.0,uptrend,uptrend,irrelevant,uptrend,uptrend,irrelevant,uptrend,uptrend,irrelevant,uptrend,uptrend,irrelevant
350,LPP,positive,1,2,2025-12-12,2025-12-16,20120.0,20370.0,uptrend,uptrend,irrelevant,uptrend,uptrend,irrelevant,uptrend,uptrend,irrelevant,uptrend,uptrend,irrelevant
350,LPP,positive,1,3,2025-12-12,2025-12-17,20120.0,21010.0,uptrend,uptrend,irrelevant,uptrend,uptrend,irrelevant,uptrend,uptrend,irrelevant,uptrend,uptrend,irrelevant
350,LPP,positive,2,3,2025-12-12,2025-12-17,20120.0,21010.0,uptrend,uptrend,irrelevant,uptrend,uptrend,irrelevant,uptrend,uptrend,irrelevant,uptrend,uptrend,irrelevant
350,LPP,positive,3,3,2025-12-12,2025-12-17,20120.0,21010.0,uptrend,uptrend,irrelevant,uptrend,uptrend,irrelevant,uptrend,uptrend,irrelevant,uptrend,uptrend,irrelevant
350,LPP,positive,4,3,2025-12-12,2025-12-17,20120.0,21010.0,uptrend,uptrend,irrelevant,uptrend,uptrend,irrelevant,uptrend,uptrend,irrelevant,uptrend,uptrend,irrelevant
350,LPP,positive,1,4,2025-12-12,2025-12-18,20120.0,21180.0,uptrend,uptrend,irrelevant,uptrend,uptrend,irrelevant,uptrend,uptrend,irrelevant,uptrend,uptrend,irrelevant
350,LPP,positive,2,4,2025-12-12,2025-12-18,20120.0,21180.0,uptrend,uptrend,irrelevant,uptrend,uptrend,irrelevant,uptrend,uptrend,irrelevant,uptrend,uptrend,irrelevant
350,LPP,positive,3,4,2025-12-12,2025-12-18,20120.0,21180.0,uptrend,uptrend,irrelevant,uptrend,uptrend,irrelevant,uptrend,uptrend,irrelevant,uptrend,uptrend,irrelevant
350,LPP,positive,4,4,2025-12-12,2025-12-18,20120.0,21180.0,uptrend,uptrend,irrelevant,uptrend,uptrend,irrelevant,uptrend,uptrend,irrelevant,uptrend,uptrend,irrelevant
350,LPP,positive,5,4,2025-12-12,2025-12-18,20120.0,21180.0,uptrend,uptrend,irrelevant,uptrend,uptrend,irrelevant,uptrend,uptrend,irrelevant,uptrend,uptrend,irrelevant
350,LPP,positive,1,5,2025-12-12,2025-12-19,20120.0,21100.0,uptrend,uptrend,irrelevant,uptrend,uptrend,irrelevant,uptrend,uptrend,irrelevant,uptrend,uptrend,irrelevant
350,LPP,positive,2,5,2025-12-12,2025-12-19,20120.0,21100.0,uptrend,uptrend,irrelevant,uptrend,uptrend,irrelevant,uptrend,uptrend,irrelevant,uptrend,uptrend,irrelevant
350,LPP,positive,3,5,2025-12-12,2025-12-19,20120.0,21100.0,uptrend,uptrend,irrelevant,uptrend,uptrend,irrelevant,uptrend,uptrend,irrelevant,uptrend,uptrend,irrelevant
350,LPP,positive,4,5,2025-12-12,2025-12-19,20120.0,21100.0,uptrend,uptrend,irrelevant,uptrend,uptrend,irrelevant,uptrend,uptrend,irrelevant,uptrend,uptrend,irrelevant
351,LPP,positive,1,1,2025-12-12,2025-12-15,20120.0,20450.0,uptrend,uptrend,irrelevant,uptrend,uptrend,irrelevant,uptrend,uptrend,irrelevant,uptrend,uptrend,irrelevant
351,LPP,positive,1,2,2025-12-12,2025-12-16,20120.0,20370.0,uptrend,uptrend,irrelevant,uptrend,uptrend,irrelevant,uptrend,uptrend,irrelevant,uptrend,uptrend,irrelevant
351,LPP,positive,1,3,2025-12-12,2025-12-17,20120.0,21010.0,uptrend,uptrend,irrelevant,uptrend,uptrend,irrelevant,uptrend,uptrend,irrelevant,uptrend,uptrend,irrelevant
351,LPP,positive,2,3,2025-12-12,2025-12-17,20120.0,21010.0,uptrend,uptrend,irrelevant,uptrend,uptrend,irrelevant,uptrend,uptrend,irrelevant,uptrend,uptrend,irrelevant
351,LPP,positive,3,3,2025-12-12,2025-12-17,20120.0,21010.0,uptrend,uptrend,irrelevant,uptrend,uptrend,irrelevant,uptrend,uptrend,irrelevant,uptrend,uptrend,irrelevant
351,LPP,positive,4,3,2025-12-12,2025-12-17,20120.0,21010.0,uptrend,uptrend,irrelevant,uptrend,uptrend,irrelevant,uptrend,uptrend,irrelevant,uptrend,uptrend,irrelevant
351,LPP,positive,1,4,2025-12-12,2025-12-18,20120.0,21180.0,uptrend,uptrend,irrelevant,uptrend,uptrend,irrelevant,uptrend,uptrend,irrelevant,uptrend,uptrend,irrelevant
351,LPP,positive,2,4,2025-12-12,2025-12-18,20120.0,21180.0,uptrend,uptrend,irrelevant,uptrend,uptrend,irrelevant,uptrend,uptrend,irrelevant,uptrend,uptrend,irrelevant
351,LPP,positive,3,4,2025-12-12,2025-12-18,20120.0,21180.0,uptrend,uptrend,irrelevant,uptrend,uptrend,irrelevant,uptrend,uptrend,irrelevant,uptrend,uptrend,irrelevant
351,LPP,positive,4,4,2025-12-12,2025-12-18,20120.0,21180.0,uptrend,uptrend,irrelevant,uptrend,uptrend,irrelevant,uptrend,uptrend,irrelevant,uptrend,uptrend,irrelevant
351,LPP,positive,5,4,2025-12-12,2025-12-18,20120.0,21180.0,uptrend,uptrend,irrelevant,uptrend,uptrend,irrelevant,uptrend,uptrend,irrelevant,uptrend,uptrend,irrelevant
351,LPP,positive,1,5,2025-12-12,2025-12-19,20120.0,21100.0,uptrend,uptrend,irrelevant,uptrend,uptrend,irrelevant,uptrend,uptrend,irrelevant,uptrend,uptrend,irrelevant
351,LPP,positive,2,5,2025-12-12,2025-12-19,20120.0,21100.0,uptrend,uptrend,irrelevant,uptrend,uptrend,irrelevant,uptrend,uptrend,irrelevant,uptrend,uptrend,irrelevant
351,LPP,positive,3,5,2025-12-12,2025-12-19,20120.0,21100.0,uptrend,uptrend,irrelevant,uptrend,uptrend,irrelevant,uptrend,uptrend,irrelevant,uptrend,uptrend,irrelevant
351,LPP,positive,4,5,2025-12-12,2025-12-19,20120.0,21100.0,uptrend,uptrend,irrelevant,uptrend,uptrend,irrelevant,uptrend,uptrend,irrelevant,uptrend,uptrend,irrelevant
