news_id,ticker,published_at,day_offset,session_date,close,trend_sma,trend_ema,trend_adx,trend_ichimoku,ret_1d,sentiment_label,sentiment_score
1,LPP,2025-12-05 12:16:00,0,2025-12-05,17040.0,uptrend,horizontal,downtrend,downtrend,,positive,0.9913711721310392
1,LPP,2025-12-05 12:16:00,1,2025-12-08,16800.0,uptrend,horizontal,downtrend,downtrend,-0.014084507042253502,positive,0.9913711721310392
1,LPP,2025-12-05 12:16:00,2,2025-12-09,17065.0,uptrend,horizontal,downtrend,downtrend,0.01577380952380958,positive,0.9913711721310392
1,LPP,2025-12-05 12:16:00,3,2025-12-10,16815.0,uptrend,horizontal,downtrend,downtrend,-0.014649868151186629,positive,0.9913711721310392
1,LPP,2025-12-05 12:16:00,4,2025-12-11,17450.0,uptrend,horizontal,downtrend,uptrend,0.03776390127862017,positive,0.9913711721310392
1,LPP,2025-12-05 12:16:00,5,2025-12-12,20120.0,uptrend,uptrend,uptrend,uptrend,0.15300859598853878,positive,0.9913711721310392
2,LPP,2025-12-03 15:00:00,0,2025-12-03,16760.0,downtrend,horizontal,downtrend,downtrend,,positive,0.6776569597423077
2,LPP,2025-12-03 15:00:00,1,2025-12-04,16945.0,horizontal,horizontal,downtrend,downtrend,0.011038186157517949,positive,0.6776569597423077
2,LPP,2025-12-03 15:00:00,2,2025-12-05,17040.0,uptrend,horizontal,downtrend,downtrend,0.005606373561522604,positive,0.6776569597423077
2,LPP,2025-12-03 15:00:00,3,2025-12-08,16800.0,uptrend,horizontal,downtrend,downtrend,-0.014084507042253502,positive,0.6776569597423077
2,LPP,2025-12-03 15:00:00,4,2025-12-09,17065.0,uptrend,horizontal,downtrend,downtrend,0.01577380952380958,positive,0.6776569597423077
2,LPP,2025-12-03 15:00:00,5,2025-12-10,16815.0,uptrend,horizontal,downtrend,downtrend,-0.014649868151186629,positive,0.6776569597423077
3,LPP,2025-11-28 14:54:00,0,2025-11-28,17010.0,downtrend,downtrend,downtrend,downtrend,,neutral,0.007732123136520386
3,LPP,2025-11-28 14:54:00,1,2025-12-01,16800.0,downtrend,horizontal,downtrend,downtrend,-0.012345679012345734,neutral,0.007732123136520386
3,LPP,2025-11-28 14:54:00,2,2025-12-02,16600.0,downtrend,downtrend,downtrend,downtrend,-0.011904761904761862,neutral,0.007732123136520386
3,LPP,2025-11-28 14:54:00,3,2025-12-03,16760.0,downtrend,horizontal,downtrend,downtrend,0.009638554216867545,neutral,0.007732123136520386
3,LPP,2025-11-28 14:54:00,4,2025-12-04,16945.0,horizontal,horizontal,downtrend,downtrend,0.011038186157517949,neutral,0.007732123136520386
3,LPP,2025-11-28 14:54:00,5,2025-12-05,17040.0,uptrend,horizontal,downtrend,downtrend,0.005606373561522604,neutral,0.007732123136520386
4,LPP,2025-11-28 14:22:00,0,2025-11-28,17010.0,downtrend,downtrend,downtrend,downtrend,,neutral,-0.33891271986067295
4,LPP,2025-11-28 14:22:00,1,2025-12-01,16800.0,downtrend,horizontal,downtrend,downtrend,-0.012345679012345734,neutral,-0.33891271986067295
4,LPP,2025-11-28 14:22:00,2,2025-12-02,16600.0,downtrend,downtrend,downtrend,downtrend,-0.011904761904761862,neutral,-0.33891271986067295
4,LPP,2025-11-28 14:22:00,3,2025-12-03,16760.0,downtrend,horizontal,downtrend,downtrend,0.009638554216867545,neutral,-0.33891271986067295
4,LPP,2025-11-28 14:22:00,4,2025-12-04,16945.0,horizontal,horizontal,downtrend,downtrend,0.011038186157517949,neutral,-0.33891271986067295
4,LPP,2025-11-28 14:22:00,5,2025-12-05,17040.0,uptrend,horizontal,downtrend,downtrend,0.005606373561522604,neutral,-0.33891271986067295
5,LPP,2025-11-27 11:32:00,0,2025-11-27,17205.0,downtrend,downtrend,uptrend,downtrend,,positive,0.9853027246426791
5,LPP,2025-11-27 11:32:00,1,2025-11-28,17010.0,downtrend,downtrend,downtrend,downtrend,-0.011333914559720992,positive,0.9853027246426791
5,LPP,2025-11-27 11:32:00,2,2025-12-01,16800.0,downtrend,horizontal,downtrend,downtrend,-0.012345679012345734,positive,0.9853027246426791
5,LPP,2025-11-27 11:32:00,3,2025-12-02,16600.0,downtrend,downtrend,downtrend,downtrend,-0.011904761904761862,positive,0.9853027246426791
5,LPP,2025-11-27 11:32:00,4,2025-12-03,16760.0,downtrend,horizontal,downtrend,downtrend,0.009638554216867545,positive,0.9853027246426791
5,LPP,2025-11-27 11:32:00,5,2025-12-04,16945.0,horizontal,horizontal,downtrend,downtrend,0.011038186157517949,positive,0.9853027246426791
6,LPP,2025-11-20 09:07:00,0,2025-11-20,16145.0,downtrend,downtrend,downtrend,downtrend,,positive,0.9940988034359179
6,LPP,2025-11-20 09:07:00,1,2025-11-21,16000.0,downtrend,downtrend,downtrend,downtrend,-0.008981108702384666,positive,0.9940988034359179
6,LPP,2025-11-20 09:07:00,2,2025-11-24,16140.0,downtrend,downtrend,downtrend,downtrend,0.008750000000000036,positive,0.9940988034359179
6,LPP,2025-11-20 09:07:00,3,2025-11-25,16830.0,downtrend,downtrend,downtrend,downtrend,0.04275092936802971,positive,0.9940988034359179
6,LPP,2025-11-20 09:07:00,4,2025-11-26,17305.0,downtrend,downtrend,downtrend,horizontal,0.028223410576351693,positive,0.9940988034359179
6,LPP,2025-11-20 09:07:00,5,2025-11-27,17205.0,downtrend,downtrend,uptrend,downtrend,-0.005778676683039552,positive,0.9940988034359179
7,LPP,2025-11-18 13:20:00,0,2025-11-18,15900.0,downtrend,downtrend,downtrend,downtrend,,positive,0.995394101832062
7,LPP,2025-11-18 13:20:00,1,2025-11-19,16115.0,downtrend,downtrend,downtrend,downtrend,0.013522012578616405,positive,0.995394101832062
7,LPP,2025-11-18 13:20:00,2,2025-11-20,16145.0,downtrend,downtrend,downtrend,downtrend,0.0018616196090599502,positive,0.995394101832062
7,LPP,2025-11-18 13:20:00,3,2025-11-21,16000.0,downtrend,downtrend,downtrend,downtrend,-0.008981108702384666,positive,0.995394101832062
7,LPP,2025-11-18 13:20:00,4,2025-11-24,16140.0,downtrend,downtrend,downtrend,downtrend,0.008750000000000036,positive,0.995394101832062
7,LPP,2025-11-18 13:20:00,5,2025-11-25,16830.0,downtrend,downtrend,downtrend,downtrend,0.04275092936802971,positive,0.995394101832062
8,LPP,2025-11-12 11:24:00,0,2025-11-12,16720.0,uptrend,horizontal,downtrend,downtrend,,positive,0.9967449061805382
8,LPP,2025-11-12 11:24:00,1,2025-11-13,16650.0,uptrend,downtrend,downtrend,downtrend,-0.004186602870813405,positive,0.9967449061805382
8,LPP,2025-11-12 11:24:00,2,2025-11-14,16465.0,horizontal,downtrend,downtrend,downtrend,-0.011111111111111072,positive,0.9967449061805382
8,LPP,2025-11-12 11:24:00,3,2025-11-17,16205.0,downtrend,downtrend,downtrend,downtrend,-0.01579107197084728,positive,0.9967449061805382
8,LPP,2025-11-12 11:24:00,4,2025-11-18,15900.0,downtrend,downtrend,downtrend,downtrend,-0.018821351434742395,positive,0.9967449061805382
8,LPP,2025-11-12 11:24:00,5,2025-11-19,16115.0,downtrend,downtrend,downtrend,downtrend,0.013522012578616405,positive,0.9967449061805382
9,LPP,2025-11-07 09:05:00,0,2025-11-07,17245.0,uptrend,horizontal,horizontal,horizontal,,positive,0.9759106829296798
9,LPP,2025-11-07 09:05:00,1,2025-11-10,17215.0,uptrend,horizontal,horizontal,horizontal,-0.0017396346767178938,positive,0.9759106829296798
9,LPP,2025-11-07 09:05:00,2,2025-11-12,16720.0,uptrend,horizontal,downtrend,downtrend,-0.028753993610223683,positive,0.9759106829296798
9,LPP,2025-11-07 09:05:00,3,2025-11-13,16650.0,uptrend,downtrend,downtrend,downtrend,-0.004186602870813405,positive,0.9759106829296798
9,LPP,2025-11-07 09:05:00,4,2025-11-14,16465.0,horizontal,downtrend,downtrend,downtrend,-0.011111111111111072,positive,0.9759106829296798
9,LPP,2025-11-07 09:05:00,5,2025-11-17,16205.0,downtrend,downtrend,downtrend,downtrend,-0.01579107197084728,positive,0.9759106829296798
10,LPP,2025-10-09 08:26:00,0,2025-10-09,17445.0,downtrend,horizontal,horizontal,uptrend,,positive,0.5370913073420525
10,LPP,2025-10-09 08:26:00,1,2025-10-10,17250.0,downtrend,horizontal,horizontal,uptrend,-0.011177987962166847,positive,0.5370913073420525
10,LPP,2025-10-09 08:26:00,2,2025-10-13,17225.0,downtrend,horizontal,horizontal,uptrend,-0.0014492753623188692,positive,0.5370913073420525
10,LPP,2025-10-09 08:26:00,3,2025-10-14,16700.0,downtrend,downtrend,horizontal,horizontal,-0.030478955007256947,positive,0.5370913073420525
10,LPP,2025-10-09 08:26:00,4,2025-10-15,16930.0,downtrend,downtrend,horizontal,horizontal,0.01377245508982039,positive,0.5370913073420525
10,LPP,2025-10-09 08:26:00,5,2025-10-16,16670.0,downtrend,downtrend,downtrend,horizontal,-0.015357353809805074,positive,0.5370913073420525
11,LPP,2025-10-03 10:26:00,0,2025-10-03,17400.0,downtrend,horizontal,horizontal,uptrend,,positive,0.996828318486223
11,LPP,2025-10-03 10:26:00,1,2025-10-06,17495.0,downtrend,horizontal,horizontal,uptrend,0.005459770114942586,positive,0.996828318486223
11,LPP,2025-10-03 10:26:00,2,2025-10-07,17830.0,downtrend,horizontal,horizontal,uptrend,0.019148328093741007,positive,0.996828318486223
11,LPP,2025-10-03 10:26:00,3,2025-10-08,17690.0,downtrend,horizontal,horizontal,uptrend,-0.007851934941110472,positive,0.996828318486223
11,LPP,2025-10-03 10:26:00,4,2025-10-09,17445.0,downtrend,horizontal,horizontal,uptrend,-0.013849632560768765,positive,0.996828318486223
11,LPP,2025-10-03 10:26:00,5,2025-10-10,17250.0,downtrend,horizontal,horizontal,uptrend,-0.011177987962166847,positive,0.996828318486223
12,LPP,2025-09-25 20:00:00,0,2025-09-26,17760.0,uptrend,uptrend,downtrend,uptrend,,positive,0.8336432427167892
12,LPP,2025-09-25 20:00:00,1,2025-09-29,17625.0,uptrend,uptrend,downtrend,uptrend,-0.007601351351351315,positive,0.8336432427167892
12,LPP,2025-09-25 20:00:00,2,2025-09-30,17680.0,uptrend,uptrend,downtrend,uptrend,0.003120567375886507,positive,0.8336432427167892
12,LPP,2025-09-25 20:00:00,3,2025-10-01,17550.0,horizontal,horizontal,horizontal,uptrend,-0.007352941176470562,positive,0.8336432427167892
12,LPP,2025-09-25 20:00:00,4,2025-10-02,17585.0,horizontal,horizontal,horizontal,uptrend,0.0019943019943020612,positive,0.8336432427167892
12,LPP,2025-09-25 20:00:00,5,2025-10-03,17400.0,downtrend,horizontal,horizontal,uptrend,-0.010520329826556707,positive,0.8336432427167892
13,LPP,2025-09-25 19:38:00,0,2025-09-26,17760.0,uptrend,uptrend,downtrend,uptrend,,positive,0.464984517544508
13,LPP,2025-09-25 19:38:00,1,2025-09-29,17625.0,uptrend,uptrend,downtrend,uptrend,-0.007601351351351315,positive,0.464984517544508
13,LPP,2025-09-25 19:38:00,2,2025-09-30,17680.0,uptrend,uptrend,downtrend,uptrend,0.003120567375886507,positive,0.464984517544508
13,LPP,2025-09-25 19:38:00,3,2025-10-01,17550.0,horizontal,horizontal,horizontal,uptrend,-0.007352941176470562,positive,0.464984517544508
13,LPP,2025-09-25 19:38:00,4,2025-10-02,17585.0,horizontal,horizontal,horizontal,uptrend,0.0019943019943020612,positive,0.464984517544508
13,LPP,2025-09-25 19:38:00,5,2025-10-03,17400.0,downtrend,horizontal,horizontal,uptrend,-0.010520329826556707,positive,0.464984517544508
14,LPP,2025-09-25 19:16:00,0,2025-09-26,17760.0,uptrend,uptrend,downtrend,uptrend,,positive,0.8939706366509199
14,LPP,2025-09-25 19:16:00,1,2025-09-29,17625.0,uptrend,uptrend,downtrend,uptrend,-0.007601351351351315,positive,0.8939706366509199
14,LPP,2025-09-25 19:16:00,2,2025-09-30,17680.0,uptrend,uptrend,downtrend,uptrend,0.003120567375886507,positive,0.8939706366509199
14,LPP,2025-09-25 19:16:00,3,2025-10-01,17550.0,horizontal,horizontal,horizontal,uptrend,-0.007352941176470562,positive,0.8939706366509199
14,LPP,2025-09-25 19:16:00,4,2025-10-02,17585.0,horizontal,horizontal,horizontal,uptrend,0.0019943019943020612,positive,0.8939706366509199
14,LPP,2025-09-25 19:16:00,5,2025-10-03,17400.0,downtrend,horizontal,horizontal,uptrend,-0.010520329826556707,positive,0.8939706366509199
15,LPP,2025-09-25 17:57:00,0,2025-09-26,17760.0,uptrend,uptrend,downtrend,uptrend,,positive,0.9642784718889743
15,LPP,2025-09-25 17:57:00,1,2025-09-29,17625.0,uptrend,uptrend,downtrend,uptrend,-0.007601351351351315,positive,0.9642784718889743
15,LPP,2025-09-25 17:57:00,2,2025-09-30,17680.0,uptrend,uptrend,downtrend,uptrend,0.003120567375886507,positive,0.9642784718889743
15,LPP,2025-09-25 17:57:00,3,2025-10-01,17550.0,horizontal,horizontal,horizontal,uptrend,-0.007352941176470562,positive,0.9642784718889743
15,LPP,2025-09-25 17:57:00,4,2025-10-02,17585.0,horizontal,horizontal,horizontal,uptrend,0.0019943019943020612,positive,0.9642784718889743
15,LPP,2025-09-25 17:57:00,5,2025-10-03,17400.0,downtrend,horizontal,horizontal,uptrend,-0.010520329826556707,positive,0.9642784718889743
16,LPP,2025-08-12 11:25:00,0,2025-08-12,16260.0,uptrend,uptrend,uptrend,uptrend,,neutral,-0.05731618404388428
16,LPP,2025-08-12 11:25:00,1,2025-08-13,16505.0,uptrend,uptrend,uptrend,uptrend,0.015067650676506839,neutral,-0.05731618404388428
16,LPP,2025-08-12 11:25:00,2,2025-08-14,16380.0,uptrend,uptrend,uptrend,uptrend,-0.0075734625870947925,neutral,-0.05731618404388428
16,LPP,2025-08-12 11:25:00,3,2025-08-18,16445.0,uptrend,uptrend,uptrend,uptrend,0.003968253968253954,neutral,-0.05731618404388428
16,LPP,2025-08-12 11:25:00,4,2025-08-19,16900.0,uptrend,uptrend,uptrend,uptrend,0.027667984189723382,neutral,-0.05731618404388428
16,LPP,2025-08-12 11:25:00,5,2025-08-20,16850.0,uptrend,uptrend,uptrend,uptrend,-0.00295857988165682,neutral,-0.05731618404388428
17,LPP,2025-08-05 11:20:00,0,2025-08-05,16205.0,uptrend,uptrend,uptrend,uptrend,,positive,0.982857893453911
17,LPP,2025-08-05 11:20:00,1,2025-08-06,16385.0,uptrend,uptrend,uptrend,uptrend,0.011107682813946251,positive,0.982857893453911
17,LPP,2025-08-05 11:20:00,2,2025-08-07,16430.0,uptrend,uptrend,uptrend,uptrend,0.0027464144034177185,positive,0.982857893453911
17,LPP,2025-08-05 11:20:00,3,2025-08-08,16835.0,uptrend,uptrend,uptrend,uptrend,0.024650030432136427,positive,0.982857893453911
17,LPP,2025-08-05 11:20:00,4,2025-08-11,16310.0,uptrend,uptrend,uptrend,uptrend,-0.03118503118503113,positive,0.982857893453911
17,LPP,2025-08-05 11:20:00,5,2025-08-12,16260.0,uptrend,uptrend,uptrend,uptrend,-0.003065603923973037,positive,0.982857893453911
18,LPP,2025-07-30 10:32:00,0,2025-07-30,16875.0,uptrend,uptrend,uptrend,uptrend,,positive,0.9942909246892668
18,LPP,2025-07-30 10:32:00,1,2025-07-31,16690.0,uptrend,uptrend,uptrend,uptrend,-0.010962962962962952,positive,0.9942909246892668
18,LPP,2025-07-30 10:32:00,2,2025-08-01,16185.0,uptrend,uptrend,uptrend,uptrend,-0.03025763930497305,positive,0.9942909246892668
18,LPP,2025-07-30 10:32:00,3,2025-08-04,16435.0,uptrend,uptrend,uptrend,uptrend,0.015446400988569753,positive,0.9942909246892668
18,LPP,2025-07-30 10:32:00,4,2025-08-05,16205.0,uptrend,uptrend,uptrend,uptrend,-0.013994523881959209,positive,0.9942909246892668
18,LPP,2025-07-30 10:32:00,5,2025-08-06,16385.0,uptrend,uptrend,uptrend,uptrend,0.011107682813946251,positive,0.9942909246892668
19,LPP,2025-07-30 09:34:00,0,2025-07-30,16875.0,uptrend,uptrend,uptrend,uptrend,,positive,0.957448162836954
19,LPP,2025-07-30 09:34:00,1,2025-07-31,16690.0,uptrend,uptrend,uptrend,uptrend,-0.010962962962962952,positive,0.957448162836954
19,LPP,2025-07-30 09:34:00,2,2025-08-01,16185.0,uptrend,uptrend,uptrend,uptrend,-0.03025763930497305,positive,0.957448162836954
19,LPP,2025-07-30 09:34:00,3,2025-08-04,16435.0,uptrend,uptrend,uptrend,uptrend,0.015446400988569753,positive,0.957448162836954
19,LPP,2025-07-30 09:34:00,4,2025-08-05,16205.0,uptrend,uptrend,uptrend,uptrend,-0.013994523881959209,positive,0.957448162836954
19,LPP,2025-07-30 09:34:00,5,2025-08-06,16385.0,uptrend,uptrend,uptrend,uptrend,0.011107682813946251,positive,0.957448162836954
20,LPP,2025-07-29 20:00:00,0,2025-07-30,16875.0,uptrend,uptrend,uptrend,uptrend,,neutral,-0.26059397123754025
20,LPP,2025-07-29 20:00:00,1,2025-07-31,16690.0,uptrend,uptrend,uptrend,uptrend,-0.010962962962962952,neutral,-0.26059397123754025
20,LPP,2025-07-29 20:00:00,2,2025-08-01,16185.0,uptrend,uptrend,uptrend,uptrend,-0.03025763930497305,neutral,-0.26059397123754025
20,LPP,2025-07-29 20:00:00,3,2025-08-04,16435.0,uptrend,uptrend,uptrend,uptrend,0.015446400988569753,neutral,-0.26059397123754025
20,LPP,2025-07-29 20:00:00,4,2025-08-05,16205.0,uptrend,uptrend,uptrend,uptrend,-0.013994523881959209,neutral,-0.26059397123754025
20,LPP,2025-07-29 20:00:00,5,2025-08-06,16385.0,uptrend,uptrend,uptrend,uptrend,0.011107682813946251,neutral,-0.26059397123754025
21,LPP,2025-07-11 12:28:00,0,2025-07-11,14585.0,uptrend,horizontal,horizontal,downtrend,,positive,0.4593014791607857
21,LPP,2025-07-11 12:28:00,1,2025-07-14,14730.0,uptrend,horizontal,horizontal,downtrend,0.009941720946177623,positive,0.4593014791607857
21,LPP,2025-07-11 12:28:00,2,2025-07-15,14695.0,uptrend,horizontal,horizontal,downtrend,-0.002376103190767087,positive,0.4593014791607857
21,LPP,2025-07-11 12:28:00,3,2025-07-16,14815.0,uptrend,horizontal,horizontal,downtrend,0.008166042871725177,positive,0.4593014791607857
21,LPP,2025-07-11 12:28:00,4,2025-07-17,15240.0,uptrend,uptrend,horizontal,horizontal,0.028687141410732364,positive,0.4593014791607857
21,LPP,2025-07-11 12:28:00,5,2025-07-18,15790.0,uptrend,uptrend,horizontal,horizontal,0.03608923884514437,positive,0.4593014791607857
22,LPP,2025-07-09 11:30:00,0,2025-07-09,14600.0,uptrend,horizontal,horizontal,downtrend,,negative,-0.8855673763900995
22,LPP,2025-07-09 11:30:00,1,2025-07-10,14575.0,uptrend,horizontal,horizontal,downtrend,-0.001712328767123239,negative,-0.8855673763900995
22,LPP,2025-07-09 11:30:00,2,2025-07-11,14585.0,uptrend,horizontal,horizontal,downtrend,0.0006861063464838058,negative,-0.8855673763900995
22,LPP,2025-07-09 11:30:00,3,2025-07-14,14730.0,uptrend,horizontal,horizontal,downtrend,0.009941720946177623,negative,-0.8855673763900995
22,LPP,2025-07-09 11:30:00,4,2025-07-15,14695.0,uptrend,horizontal,horizontal,downtrend,-0.002376103190767087,negative,-0.8855673763900995
22,LPP,2025-07-09 11:30:00,5,2025-07-16,14815.0,uptrend,horizontal,horizontal,downtrend,0.008166042871725177,negative,-0.8855673763900995
23,LPP,2025-06-30 16:58:00,0,2025-06-30,14670.0,downtrend,downtrend,uptrend,downtrend,,neutral,0.16289435140788555
23,LPP,2025-06-30 16:58:00,1,2025-07-01,14875.0,horizontal,horizontal,uptrend,downtrend,0.013974096796182778,neutral,0.16289435140788555
23,LPP,2025-06-30 16:58:00,2,2025-07-02,14975.0,horizontal,horizontal,uptrend,downtrend,0.006722689075630228,neutral,0.16289435140788555
23,LPP,2025-06-30 16:58:00,3,2025-07-03,14880.0,uptrend,horizontal,uptrend,downtrend,-0.0063439065108513715,neutral,0.16289435140788555
23,LPP,2025-06-30 16:58:00,4,2025-07-04,14800.0,uptrend,horizontal,uptrend,downtrend,-0.005376344086021501,neutral,0.16289435140788555
23,LPP,2025-06-30 16:58:00,5,2025-07-07,14465.0,uptrend,horizontal,uptrend,downtrend,-0.022635135135135154,neutral,0.16289435140788555
24,LPP,2025-06-30 11:22:00,0,2025-06-30,14670.0,downtrend,downtrend,uptrend,downtrend,,positive,0.8384146355092525
24,LPP,2025-06-30 11:22:00,1,2025-07-01,14875.0,horizontal,horizontal,uptrend,downtrend,0.013974096796182778,positive,0.8384146355092525
24,LPP,2025-06-30 11:22:00,2,2025-07-02,14975.0,horizontal,horizontal,uptrend,downtrend,0.006722689075630228,positive,0.8384146355092525
24,LPP,2025-06-30 11:22:00,3,2025-07-03,14880.0,uptrend,horizontal,uptrend,downtrend,-0.0063439065108513715,positive,0.8384146355092525
24,LPP,2025-06-30 11:22:00,4,2025-07-04,14800.0,uptrend,horizontal,uptrend,downtrend,-0.005376344086021501,positive,0.8384146355092525
24,LPP,2025-06-30 11:22:00,5,2025-07-07,14465.0,uptrend,horizontal,uptrend,downtrend,-0.022635135135135154,positive,0.8384146355092525
25,LPP,2025-06-13 13:54:00,0,2025-06-13,14100.0,downtrend,downtrend,downtrend,downtrend,,neutral,0.10132526606321335
25,LPP,2025-06-13 13:54:00,1,2025-06-16,14215.0,downtrend,downtrend,downtrend,downtrend,0.008156028368794255,neutral,0.10132526606321335
25,LPP,2025-06-13 13:54:00,2,2025-06-17,13825.0,downtrend,downtrend,downtrend,downtrend,-0.027435807245867028,neutral,0.10132526606321335
25,LPP,2025-06-13 13:54:00,3,2025-06-18,13910.0,downtrend,downtrend,downtrend,downtrend,0.0061482820976492825,neutral,0.10132526606321335
25,LPP,2025-06-13 13:54:00,4,2025-06-20,14045.0,downtrend,downtrend,downtrend,downtrend,0.009705248023005097,neutral,0.10132526606321335
25,LPP,2025-06-13 13:54:00,5,2025-06-23,13660.0,downtrend,downtrend,downtrend,downtrend,-0.027411890352438628,neutral,0.10132526606321335
26,LPP,2025-06-12 13:02:00,0,2025-06-12,14470.0,downtrend,downtrend,downtrend,downtrend,,positive,0.9790346646914259
26,LPP,2025-06-12 13:02:00,1,2025-06-13,14100.0,downtrend,downtrend,downtrend,downtrend,-0.02557014512785072,positive,0.9790346646914259
26,LPP,2025-06-12 13:02:00,2,2025-06-16,14215.0,downtrend,downtrend,downtrend,downtrend,0.008156028368794255,positive,0.9790346646914259
26,LPP,2025-06-12 13:02:00,3,2025-06-17,13825.0,downtrend,downtrend,downtrend,downtrend,-0.027435807245867028,positive,0.9790346646914259
26,LPP,2025-06-12 13:02:00,4,2025-06-18,13910.0,downtrend,downtrend,downtrend,downtrend,0.0061482820976492825,positive,0.9790346646914259
26,LPP,2025-06-12 13:02:00,5,2025-06-20,14045.0,downtrend,downtrend,downtrend,downtrend,0.009705248023005097,positive,0.9790346646914259
27,LPP,2025-06-12 09:06:00,0,2025-06-12,14470.0,downtrend,downtrend,downtrend,downtrend,,positive,0.6330100633203983
27,LPP,2025-06-12 09:06:00,1,2025-06-13,14100.0,downtrend,downtrend,downtrend,downtrend,-0.02557014512785072,positive,0.6330100633203983
27,LPP,2025-06-12 09:06:00,2,2025-06-16,14215.0,downtrend,downtrend,downtrend,downtrend,0.008156028368794255,positive,0.6330100633203983
27,LPP,2025-06-12 09:06:00,3,2025-06-17,13825.0,downtrend,downtrend,downtrend,downtrend,-0.027435807245867028,positive,0.6330100633203983
27,LPP,2025-06-12 09:06:00,4,2025-06-18,13910.0,downtrend,downtrend,downtrend,downtrend,0.0061482820976492825,positive,0.6330100633203983
27,LPP,2025-06-12 09:06:00,5,2025-06-20,14045.0,downtrend,downtrend,downtrend,downtrend,0.009705248023005097,positive,0.6330100633203983
28,LPP,2025-06-12 08:10:00,0,2025-06-12,14470.0,downtrend,downtrend,downtrend,downtrend,,positive,0.9177423762157559
28,LPP,2025-06-12 08:10:00,1,2025-06-13,14100.0,downtrend,downtrend,downtrend,downtrend,-0.02557014512785072,positive,0.9177423762157559
28,LPP,2025-06-12 08:10:00,2,2025-06-16,14215.0,downtrend,downtrend,downtrend,downtrend,0.008156028368794255,positive,0.9177423762157559
28,LPP,2025-06-12 08:10:00,3,2025-06-17,13825.0,downtrend,downtrend,downtrend,downtrend,-0.027435807245867028,positive,0.9177423762157559
28,LPP,2025-06-12 08:10:00,4,2025-06-18,13910.0,downtrend,downtrend,downtrend,downtrend,0.0061482820976492825,positive,0.9177423762157559
28,LPP,2025-06-12 08:10:00,5,2025-06-20,14045.0,downtrend,downtrend,downtrend,downtrend,0.009705248023005097,positive,0.9177423762157559
29,LPP,2025-06-12 07:29:00,0,2025-06-12,14470.0,downtrend,downtrend,downtrend,downtrend,,positive,0.8909493330866098
29,LPP,2025-06-12 07:29:00,1,2025-06-13,14100.0,downtrend,downtrend,downtrend,downtrend,-0.02557014512785072,positive,0.8909493330866098
29,LPP,2025-06-12 07:29:00,2,2025-06-16,14215.0,downtrend,downtrend,downtrend,downtrend,0.008156028368794255,positive,0.8909493330866098
29,LPP,2025-06-12 07:29:00,3,2025-06-17,13825.0,downtrend,downtrend,downtrend,downtrend,-0.027435807245867028,positive,0.8909493330866098
29,LPP,2025-06-12 07:29:00,4,2025-06-18,13910.0,downtrend,downtrend,downtrend,downtrend,0.0061482820976492825,positive,0.8909493330866098
29,LPP,2025-06-12 07:29:00,5,2025-06-20,14045.0,downtrend,downtrend,downtrend,downtrend,0.009705248023005097,positive,0.8909493330866098
30,LPP,2025-06-12 07:16:00,0,2025-06-12,14470.0,downtrend,downtrend,downtrend,downtrend,,positive,0.9360533370636404
30,LPP,2025-06-12 07:16:00,1,2025-06-13,14100.0,downtrend,downtrend,downtrend,downtrend,-0.02557014512785072,positive,0.9360533370636404
30,LPP,2025-06-12 07:16:00,2,2025-06-16,14215.0,downtrend,downtrend,downtrend,downtrend,0.008156028368794255,positive,0.9360533370636404
30,LPP,2025-06-12 07:16:00,3,2025-06-17,13825.0,downtrend,downtrend,downtrend,downtrend,-0.027435807245867028,positive,0.9360533370636404
30,LPP,2025-06-12 07:16:00,4,2025-06-18,13910.0,downtrend,downtrend,downtrend,downtrend,0.0061482820976492825,positive,0.9360533370636404
30,LPP,2025-06-12 07:16:00,5,2025-06-20,14045.0,downtrend,downtrend,downtrend,downtrend,0.009705248023005097,positive,0.9360533370636404
31,LPP,2025-06-10 12:28:00,0,2025-06-10,14575.0,downtrend,downtrend,downtrend,downtrend,,neutral,0.11327975988388062
31,LPP,2025-06-10 12:28:00,1,2025-06-11,14425.0,downtrend,downtrend,downtrend,downtrend,-0.010291595197255532,neutral,0.11327975988388062
31,LPP,2025-06-10 12:28:00,2,2025-06-12,14470.0,downtrend,downtrend,downtrend,downtrend,0.0031195840554592014,neutral,0.11327975988388062
31,LPP,2025-06-10 12:28:00,3,2025-06-13,14100.0,downtrend,downtrend,downtrend,downtrend,-0.02557014512785072,neutral,0.11327975988388062
31,LPP,2025-06-10 12:28:00,4,2025-06-16,14215.0,downtrend,downtrend,downtrend,downtrend,0.008156028368794255,neutral,0.11327975988388062
31,LPP,2025-06-10 12:28:00,5,2025-06-17,13825.0,downtrend,downtrend,downtrend,downtrend,-0.027435807245867028,neutral,0.11327975988388062
32,LPP,2025-06-03 12:10:00,0,2025-06-03,14260.0,downtrend,downtrend,downtrend,downtrend,,positive,0.985720700584352
32,LPP,2025-06-03 12:10:00,1,2025-06-04,14330.0,downtrend,downtrend,downtrend,downtrend,0.004908835904628317,positive,0.985720700584352
32,LPP,2025-06-03 12:10:00,2,2025-06-05,14315.0,downtrend,downtrend,downtrend,downtrend,-0.0010467550593161734,positive,0.985720700584352
32,LPP,2025-06-03 12:10:00,3,2025-06-06,14310.0,downtrend,downtrend,downtrend,downtrend,-0.00034928396786582105,positive,0.985720700584352
32,LPP,2025-06-03 12:10:00,4,2025-06-09,14415.0,downtrend,downtrend,downtrend,downtrend,0.007337526205450695,positive,0.985720700584352
32,LPP,2025-06-03 12:10:00,5,2025-06-10,14575.0,downtrend,downtrend,downtrend,downtrend,0.01109954908081856,positive,0.985720700584352
33,PKN,2025-12-09 13:05:00,0,2025-12-09,92.48,downtrend,downtrend,downtrend,horizontal,,positive,0.9497412503696978
33,PKN,2025-12-09 13:05:00,1,2025-12-10,92.87,downtrend,downtrend,downtrend,horizontal,0.004217128027681705,positive,0.9497412503696978
33,PKN,2025-12-09 13:05:00,2,2025-12-11,94.38,downtrend,downtrend,downtrend,horizontal,0.01625928717562175,positive,0.9497412503696978
33,PKN,2025-12-09 13:05:00,3,2025-12-12,93.6,downtrend,downtrend,downtrend,horizontal,-0.008264462809917328,positive,0.9497412503696978
33,PKN,2025-12-09 13:05:00,4,2025-12-15,94.82,downtrend,downtrend,downtrend,horizontal,0.013034188034187988,positive,0.9497412503696978
33,PKN,2025-12-09 13:05:00,5,2025-12-16,91.9,downtrend,downtrend,downtrend,horizontal,-0.030795190887998203,positive,0.9497412503696978
34,PKN,2025-12-09 07:40:00,0,2025-12-09,92.48,downtrend,downtrend,downtrend,horizontal,,positive,0.7795254439115524
34,PKN,2025-12-09 07:40:00,1,2025-12-10,92.87,downtrend,downtrend,downtrend,horizontal,0.004217128027681705,positive,0.7795254439115524
34,PKN,2025-12-09 07:40:00,2,2025-12-11,94.38,downtrend,downtrend,downtrend,horizontal,0.01625928717562175,positive,0.7795254439115524
34,PKN,2025-12-09 07:40:00,3,2025-12-12,93.6,downtrend,downtrend,downtrend,horizontal,-0.008264462809917328,positive,0.7795254439115524
34,PKN,2025-12-09 07:40:00,4,2025-12-15,94.82,downtrend,downtrend,downtrend,horizontal,0.013034188034187988,positive,0.7795254439115524
34,PKN,2025-12-09 07:40:00,5,2025-12-16,91.9,downtrend,downtrend,downtrend,horizontal,-0.030795190887998203,positive,0.7795254439115524
35,PKN,2025-12-08 23:22:00,0,2025-12-09,92.48,downtrend,downtrend,downtrend,horizontal,,positive,0.7724318709224463
35,PKN,2025-12-08 23:22:00,1,2025-12-10,92.87,downtrend,downtrend,downtrend,horizontal,0.004217128027681705,positive,0.7724318709224463
35,PKN,2025-12-08 23:22:00,2,2025-12-11,94.38,downtrend,downtrend,downtrend,horizontal,0.01625928717562175,positive,0.7724318709224463
35,PKN,2025-12-08 23:22:00,3,2025-12-12,93.6,downtrend,downtrend,downtrend,horizontal,-0.008264462809917328,positive,0.7724318709224463
35,PKN,2025-12-08 23:22:00,4,2025-12-15,94.82,downtrend,downtrend,downtrend,horizontal,0.013034188034187988,positive,0.7724318709224463
35,PKN,2025-12-08 23:22:00,5,2025-12-16,91.9,downtrend,downtrend,downtrend,horizontal,-0.030795190887998203,positive,0.7724318709224463
36,PKN,2025-12-04 11:08:00,0,2025-12-04,91.67,downtrend,downtrend,downtrend,horizontal,,positive,0.9962512169731781
36,PKN,2025-12-04 11:08:00,1,2025-12-05,91.66,downtrend,downtrend,downtrend,horizontal,-0.00010908694229305738,positive,0.9962512169731781
36,PKN,2025-12-04 11:08:00,2,2025-12-08,91.66,downtrend,downtrend,downtrend,horizontal,0.0,positive,0.9962512169731781
36,PKN,2025-12-04 11:08:00,3,2025-12-09,92.48,downtrend,downtrend,downtrend,horizontal,0.008946105171285357,positive,0.9962512169731781
36,PKN,2025-12-04 11:08:00,4,2025-12-10,92.87,downtrend,downtrend,downtrend,horizontal,0.004217128027681705,positive,0.9962512169731781
36,PKN,2025-12-04 11:08:00,5,2025-12-11,94.38,downtrend,downtrend,downtrend,horizontal,0.01625928717562175,positive,0.9962512169731781
37,PKN,2025-12-03 12:42:00,0,2025-12-03,91.57,downtrend,downtrend,downtrend,horizontal,,positive,0.5941215604543686
37,PKN,2025-12-03 12:42:00,1,2025-12-04,91.67,downtrend,downtrend,downtrend,horizontal,0.0010920607185760378,positive,0.5941215604543686
37,PKN,2025-12-03 12:42:00,2,2025-12-05,91.66,downtrend,downtrend,downtrend,horizontal,-0.00010908694229305738,positive,0.5941215604543686
37,PKN,2025-12-03 12:42:00,3,2025-12-08,91.66,downtrend,downtrend,downtrend,horizontal,0.0,positive,0.5941215604543686
37,PKN,2025-12-03 12:42:00,4,2025-12-09,92.48,downtrend,downtrend,downtrend,horizontal,0.008946105171285357,positive,0.5941215604543686
37,PKN,2025-12-03 12:42:00,5,2025-12-10,92.87,downtrend,downtrend,downtrend,horizontal,0.004217128027681705,positive,0.5941215604543686
38,PKN,2025-12-03 12:13:00,0,2025-12-03,91.57,downtrend,downtrend,downtrend,horizontal,,positive,0.9508858975023031
38,PKN,2025-12-03 12:13:00,1,2025-12-04,91.67,downtrend,downtrend,downtrend,horizontal,0.0010920607185760378,positive,0.9508858975023031
38,PKN,2025-12-03 12:13:00,2,2025-12-05,91.66,downtrend,downtrend,downtrend,horizontal,-0.00010908694229305738,positive,0.9508858975023031
38,PKN,2025-12-03 12:13:00,3,2025-12-08,91.66,downtrend,downtrend,downtrend,horizontal,0.0,positive,0.9508858975023031
38,PKN,2025-12-03 12:13:00,4,2025-12-09,92.48,downtrend,downtrend,downtrend,horizontal,0.008946105171285357,positive,0.9508858975023031
38,PKN,2025-12-03 12:13:00,5,2025-12-10,92.87,downtrend,downtrend,downtrend,horizontal,0.004217128027681705,positive,0.9508858975023031
39,PKN,2025-12-03 11:10:00,0,2025-12-03,91.57,downtrend,downtrend,downtrend,horizontal,,neutral,-0.002893097698688507
39,PKN,2025-12-03 11:10:00,1,2025-12-04,91.67,downtrend,downtrend,downtrend,horizontal,0.0010920607185760378,neutral,-0.002893097698688507
39,PKN,2025-12-03 11:10:00,2,2025-12-05,91.66,downtrend,downtrend,downtrend,horizontal,-0.00010908694229305738,neutral,-0.002893097698688507
39,PKN,2025-12-03 11:10:00,3,2025-12-08,91.66,downtrend,downtrend,downtrend,horizontal,0.0,neutral,-0.002893097698688507
39,PKN,2025-12-03 11:10:00,4,2025-12-09,92.48,downtrend,downtrend,downtrend,horizontal,0.008946105171285357,neutral,-0.002893097698688507
39,PKN,2025-12-03 11:10:00,5,2025-12-10,92.87,downtrend,downtrend,downtrend,horizontal,0.004217128027681705,neutral,-0.002893097698688507
40,PKN,2025-12-01 17:18:00,0,2025-12-02,93.0,downtrend,downtrend,downtrend,uptrend,,positive,0.5496351718902588
40,PKN,2025-12-01 17:18:00,1,2025-12-03,91.57,downtrend,downtrend,downtrend,horizontal,-0.01537634408602162,positive,0.5496351718902588
40,PKN,2025-12-01 17:18:00,2,2025-12-04,91.67,downtrend,downtrend,downtrend,horizontal,0.0010920607185760378,positive,0.5496351718902588
40,PKN,2025-12-01 17:18:00,3,2025-12-05,91.66,downtrend,downtrend,downtrend,horizontal,-0.00010908694229305738,positive,0.5496351718902588
40,PKN,2025-12-01 17:18:00,4,2025-12-08,91.66,downtrend,downtrend,downtrend,horizontal,0.0,positive,0.5496351718902588
40,PKN,2025-12-01 17:18:00,5,2025-12-09,92.48,downtrend,downtrend,downtrend,horizontal,0.008946105171285357,positive,0.5496351718902588
41,PKN,2025-12-01 10:55:00,0,2025-12-01,94.39,downtrend,downtrend,downtrend,uptrend,,positive,0.5310391113162041
41,PKN,2025-12-01 10:55:00,1,2025-12-02,93.0,downtrend,downtrend,downtrend,uptrend,-0.014726136243246146,positive,0.5310391113162041
41,PKN,2025-12-01 10:55:00,2,2025-12-03,91.57,downtrend,downtrend,downtrend,horizontal,-0.01537634408602162,positive,0.5310391113162041
41,PKN,2025-12-01 10:55:00,3,2025-12-04,91.67,downtrend,downtrend,downtrend,horizontal,0.0010920607185760378,positive,0.5310391113162041
41,PKN,2025-12-01 10:55:00,4,2025-12-05,91.66,downtrend,downtrend,downtrend,horizontal,-0.00010908694229305738,positive,0.5310391113162041
41,PKN,2025-12-01 10:55:00,5,2025-12-08,91.66,downtrend,downtrend,downtrend,horizontal,0.0,positive,0.5310391113162041
42,PKN,2025-12-01 07:08:00,0,2025-12-01,94.39,downtrend,downtrend,downtrend,uptrend,,positive,0.9431145172566175
42,PKN,2025-12-01 07:08:00,1,2025-12-02,93.0,downtrend,downtrend,downtrend,uptrend,-0.014726136243246146,positive,0.9431145172566175
42,PKN,2025-12-01 07:08:00,2,2025-12-03,91.57,downtrend,downtrend,downtrend,horizontal,-0.01537634408602162,positive,0.9431145172566175
42,PKN,2025-12-01 07:08:00,3,2025-12-04,91.67,downtrend,downtrend,downtrend,horizontal,0.0010920607185760378,positive,0.9431145172566175
42,PKN,2025-12-01 07:08:00,4,2025-12-05,91.66,downtrend,downtrend,downtrend,horizontal,-0.00010908694229305738,positive,0.9431145172566175
42,PKN,2025-12-01 07:08:00,5,2025-12-08,91.66,downtrend,downtrend,downtrend,horizontal,0.0,positive,0.9431145172566175
43,PKN,2025-11-27 20:56:00,0,2025-11-28,94.02,downtrend,downtrend,downtrend,uptrend,,positive,0.5440794639289379
43,PKN,2025-11-27 20:56:00,1,2025-12-01,94.39,downtrend,downtrend,downtrend,uptrend,0.003935332907891942,positive,0.5440794639289379
43,PKN,2025-11-27 20:56:00,2,2025-12-02,93.0,downtrend,downtrend,downtrend,uptrend,-0.014726136243246146,positive,0.5440794639289379
43,PKN,2025-11-27 20:56:00,3,2025-12-03,91.57,downtrend,downtrend,downtrend,horizontal,-0.01537634408602162,positive,0.5440794639289379
43,PKN,2025-11-27 20:56:00,4,2025-12-04,91.67,downtrend,downtrend,downtrend,horizontal,0.0010920607185760378,positive,0.5440794639289379
43,PKN,2025-11-27 20:56:00,5,2025-12-05,91.66,downtrend,downtrend,downtrend,horizontal,-0.00010908694229305738,positive,0.5440794639289379
44,PKN,2025-11-27 13:10:00,0,2025-11-27,93.31,downtrend,horizontal,downtrend,uptrend,,positive,0.8147416962310672
44,PKN,2025-11-27 13:10:00,1,2025-11-28,94.02,downtrend,downtrend,downtrend,uptrend,0.0076090451184223085,positive,0.8147416962310672
44,PKN,2025-11-27 13:10:00,2,2025-12-01,94.39,downtrend,downtrend,downtrend,uptrend,0.003935332907891942,positive,0.8147416962310672
44,PKN,2025-11-27 13:10:00,3,2025-12-02,93.0,downtrend,downtrend,downtrend,uptrend,-0.014726136243246146,positive,0.8147416962310672
44,PKN,2025-11-27 13:10:00,4,2025-12-03,91.57,downtrend,downtrend,downtrend,horizontal,-0.01537634408602162,positive,0.8147416962310672
44,PKN,2025-11-27 13:10:00,5,2025-12-04,91.67,downtrend,downtrend,downtrend,horizontal,0.0010920607185760378,positive,0.8147416962310672
45,PKN,2025-11-27 09:29:00,0,2025-11-27,93.31,downtrend,horizontal,downtrend,uptrend,,negative,-0.5865318402647972
45,PKN,2025-11-27 09:29:00,1,2025-11-28,94.02,downtrend,downtrend,downtrend,uptrend,0.0076090451184223085,negative,-0.5865318402647972
45,PKN,2025-11-27 09:29:00,2,2025-12-01,94.39,downtrend,downtrend,downtrend,uptrend,0.003935332907891942,negative,-0.5865318402647972
45,PKN,2025-11-27 09:29:00,3,2025-12-02,93.0,downtrend,downtrend,downtrend,uptrend,-0.014726136243246146,negative,-0.5865318402647972
45,PKN,2025-11-27 09:29:00,4,2025-12-03,91.57,downtrend,downtrend,downtrend,horizontal,-0.01537634408602162,negative,-0.5865318402647972
45,PKN,2025-11-27 09:29:00,5,2025-12-04,91.67,downtrend,downtrend,downtrend,horizontal,0.0010920607185760378,negative,-0.5865318402647972
46,PKN,2025-11-27 09:20:00,0,2025-11-27,93.31,downtrend,horizontal,downtrend,uptrend,,positive,0.9779321273090318
46,PKN,2025-11-27 09:20:00,1,2025-11-28,94.02,downtrend,downtrend,downtrend,uptrend,0.0076090451184223085,positive,0.9779321273090318
46,PKN,2025-11-27 09:20:00,2,2025-12-01,94.39,downtrend,downtrend,downtrend,uptrend,0.003935332907891942,positive,0.9779321273090318
46,PKN,2025-11-27 09:20:00,3,2025-12-02,93.0,downtrend,downtrend,downtrend,uptrend,-0.014726136243246146,positive,0.9779321273090318
46,PKN,2025-11-27 09:20:00,4,2025-12-03,91.57,downtrend,downtrend,downtrend,horizontal,-0.01537634408602162,positive,0.9779321273090318
46,PKN,2025-11-27 09:20:00,5,2025-12-04,91.67,downtrend,downtrend,downtrend,horizontal,0.0010920607185760378,positive,0.9779321273090318
47,PKN,2025-11-27 08:28:00,0,2025-11-27,93.31,downtrend,horizontal,downtrend,uptrend,,positive,0.678112892434001
47,PKN,2025-11-27 08:28:00,1,2025-11-28,94.02,downtrend,downtrend,downtrend,uptrend,0.0076090451184223085,positive,0.678112892434001
47,PKN,2025-11-27 08:28:00,2,2025-12-01,94.39,downtrend,downtrend,downtrend,uptrend,0.003935332907891942,positive,0.678112892434001
47,PKN,2025-11-27 08:28:00,3,2025-12-02,93.0,downtrend,downtrend,downtrend,uptrend,-0.014726136243246146,positive,0.678112892434001
47,PKN,2025-11-27 08:28:00,4,2025-12-03,91.57,downtrend,downtrend,downtrend,horizontal,-0.01537634408602162,positive,0.678112892434001
47,PKN,2025-11-27 08:28:00,5,2025-12-04,91.67,downtrend,downtrend,downtrend,horizontal,0.0010920607185760378,positive,0.678112892434001
48,PKN,2025-11-27 06:00:00,0,2025-11-27,93.31,downtrend,horizontal,downtrend,uptrend,,positive,0.996923932194477
48,PKN,2025-11-27 06:00:00,1,2025-11-28,94.02,downtrend,downtrend,downtrend,uptrend,0.0076090451184223085,positive,0.996923932194477
48,PKN,2025-11-27 06:00:00,2,2025-12-01,94.39,downtrend,downtrend,downtrend,uptrend,0.003935332907891942,positive,0.996923932194477
48,PKN,2025-11-27 06:00:00,3,2025-12-02,93.0,downtrend,downtrend,downtrend,uptrend,-0.014726136243246146,positive,0.996923932194477
48,PKN,2025-11-27 06:00:00,4,2025-12-03,91.57,downtrend,downtrend,downtrend,horizontal,-0.01537634408602162,positive,0.996923932194477
48,PKN,2025-11-27 06:00:00,5,2025-12-04,91.67,downtrend,downtrend,downtrend,horizontal,0.0010920607185760378,positive,0.996923932194477
49,PKN,2025-11-26 19:45:00,0,2025-11-27,93.31,downtrend,horizontal,downtrend,uptrend,,positive,0.9121747049503028
49,PKN,2025-11-26 19:45:00,1,2025-11-28,94.02,downtrend,downtrend,downtrend,uptrend,0.0076090451184223085,positive,0.9121747049503028
49,PKN,2025-11-26 19:45:00,2,2025-12-01,94.39,downtrend,downtrend,downtrend,uptrend,0.003935332907891942,positive,0.9121747049503028
49,PKN,2025-11-26 19:45:00,3,2025-12-02,93.0,downtrend,downtrend,downtrend,uptrend,-0.014726136243246146,positive,0.9121747049503028
49,PKN,2025-11-26 19:45:00,4,2025-12-03,91.57,downtrend,downtrend,downtrend,horizontal,-0.01537634408602162,positive,0.9121747049503028
49,PKN,2025-11-26 19:45:00,5,2025-12-04,91.67,downtrend,downtrend,downtrend,horizontal,0.0010920607185760378,positive,0.9121747049503028
50,PKN,2025-11-25 18:31:00,0,2025-11-26,95.58,horizontal,horizontal,downtrend,uptrend,,neutral,-0.2782615013420582
50,PKN,2025-11-25 18:31:00,1,2025-11-27,93.31,downtrend,horizontal,downtrend,uptrend,-0.023749738439003965,neutral,-0.2782615013420582
50,PKN,2025-11-25 18:31:00,2,2025-11-28,94.02,downtrend,downtrend,downtrend,uptrend,0.0076090451184223085,neutral,-0.2782615013420582
50,PKN,2025-11-25 18:31:00,3,2025-12-01,94.39,downtrend,downtrend,downtrend,uptrend,0.003935332907891942,neutral,-0.2782615013420582
50,PKN,2025-11-25 18:31:00,4,2025-12-02,93.0,downtrend,downtrend,downtrend,uptrend,-0.014726136243246146,neutral,-0.2782615013420582
50,PKN,2025-11-25 18:31:00,5,2025-12-03,91.57,downtrend,downtrend,downtrend,horizontal,-0.01537634408602162,neutral,-0.2782615013420582
51,PKN,2025-11-25 17:20:00,0,2025-11-26,95.58,horizontal,horizontal,downtrend,uptrend,,positive,0.9838406826602295
51,PKN,2025-11-25 17:20:00,1,2025-11-27,93.31,downtrend,horizontal,downtrend,uptrend,-0.023749738439003965,positive,0.9838406826602295
51,PKN,2025-11-25 17:20:00,2,2025-11-28,94.02,downtrend,downtrend,downtrend,uptrend,0.0076090451184223085,positive,0.9838406826602295
51,PKN,2025-11-25 17:20:00,3,2025-12-01,94.39,downtrend,downtrend,downtrend,uptrend,0.003935332907891942,positive,0.9838406826602295
51,PKN,2025-11-25 17:20:00,4,2025-12-02,93.0,downtrend,downtrend,downtrend,uptrend,-0.014726136243246146,positive,0.9838406826602295
51,PKN,2025-11-25 17:20:00,5,2025-12-03,91.57,downtrend,downtrend,downtrend,horizontal,-0.01537634408602162,positive,0.9838406826602295
52,PKN,2025-11-25 11:16:00,0,2025-11-25,95.19,uptrend,uptrend,downtrend,uptrend,,positive,0.6131726633757353
52,PKN,2025-11-25 11:16:00,1,2025-11-26,95.58,horizontal,horizontal,downtrend,uptrend,0.00409706901985496,positive,0.6131726633757353
52,PKN,2025-11-25 11:16:00,2,2025-11-27,93.31,downtrend,horizontal,downtrend,uptrend,-0.023749738439003965,positive,0.6131726633757353
52,PKN,2025-11-25 11:16:00,3,2025-11-28,94.02,downtrend,downtrend,downtrend,uptrend,0.0076090451184223085,positive,0.6131726633757353
52,PKN,2025-11-25 11:16:00,4,2025-12-01,94.39,downtrend,downtrend,downtrend,uptrend,0.003935332907891942,positive,0.6131726633757353
52,PKN,2025-11-25 11:16:00,5,2025-12-02,93.0,downtrend,downtrend,downtrend,uptrend,-0.014726136243246146,positive,0.6131726633757353
53,PKN,2025-11-25 07:15:00,0,2025-11-25,95.19,uptrend,uptrend,downtrend,uptrend,,negative,-0.8200864493846893
53,PKN,2025-11-25 07:15:00,1,2025-11-26,95.58,horizontal,horizontal,downtrend,uptrend,0.00409706901985496,negative,-0.8200864493846893
53,PKN,2025-11-25 07:15:00,2,2025-11-27,93.31,downtrend,horizontal,downtrend,uptrend,-0.023749738439003965,negative,-0.8200864493846893
53,PKN,2025-11-25 07:15:00,3,2025-11-28,94.02,downtrend,downtrend,downtrend,uptrend,0.0076090451184223085,negative,-0.8200864493846893
53,PKN,2025-11-25 07:15:00,4,2025-12-01,94.39,downtrend,downtrend,downtrend,uptrend,0.003935332907891942,negative,-0.8200864493846893
53,PKN,2025-11-25 07:15:00,5,2025-12-02,93.0,downtrend,downtrend,downtrend,uptrend,-0.014726136243246146,negative,-0.8200864493846893
54,PKN,2025-11-24 11:52:00,0,2025-11-24,96.58,uptrend,uptrend,downtrend,uptrend,,positive,0.9673943030647933
54,PKN,2025-11-24 11:52:00,1,2025-11-25,95.19,uptrend,uptrend,downtrend,uptrend,-0.014392213708842472,positive,0.9673943030647933
54,PKN,2025-11-24 11:52:00,2,2025-11-26,95.58,horizontal,horizontal,downtrend,uptrend,0.00409706901985496,positive,0.9673943030647933
54,PKN,2025-11-24 11:52:00,3,2025-11-27,93.31,downtrend,horizontal,downtrend,uptrend,-0.023749738439003965,positive,0.9673943030647933
54,PKN,2025-11-24 11:52:00,4,2025-11-28,94.02,downtrend,downtrend,downtrend,uptrend,0.0076090451184223085,positive,0.9673943030647933
54,PKN,2025-11-24 11:52:00,5,2025-12-01,94.39,downtrend,downtrend,downtrend,uptrend,0.003935332907891942,positive,0.9673943030647933
55,PKN,2025-11-21 17:12:00,0,2025-11-24,96.58,uptrend,uptrend,downtrend,uptrend,,neutral,-0.06565998494625092
55,PKN,2025-11-21 17:12:00,1,2025-11-25,95.19,uptrend,uptrend,downtrend,uptrend,-0.014392213708842472,neutral,-0.06565998494625092
55,PKN,2025-11-21 17:12:00,2,2025-11-26,95.58,horizontal,horizontal,downtrend,uptrend,0.00409706901985496,neutral,-0.06565998494625092
55,PKN,2025-11-21 17:12:00,3,2025-11-27,93.31,downtrend,horizontal,downtrend,uptrend,-0.023749738439003965,neutral,-0.06565998494625092
55,PKN,2025-11-21 17:12:00,4,2025-11-28,94.02,downtrend,downtrend,downtrend,uptrend,0.0076090451184223085,neutral,-0.06565998494625092
55,PKN,2025-11-21 17:12:00,5,2025-12-01,94.39,downtrend,downtrend,downtrend,uptrend,0.003935332907891942,neutral,-0.06565998494625092
56,PKN,2025-11-21 15:37:00,0,2025-11-21,98.6,uptrend,uptrend,uptrend,uptrend,,positive,0.974408395588398
56,PKN,2025-11-21 15:37:00,1,2025-11-24,96.58,uptrend,uptrend,downtrend,uptrend,-0.020486815415821424,positive,0.974408395588398
56,PKN,2025-11-21 15:37:00,2,2025-11-25,95.19,uptrend,uptrend,downtrend,uptrend,-0.014392213708842472,positive,0.974408395588398
56,PKN,2025-11-21 15:37:00,3,2025-11-26,95.58,horizontal,horizontal,downtrend,uptrend,0.00409706901985496,positive,0.974408395588398
56,PKN,2025-11-21 15:37:00,4,2025-11-27,93.31,downtrend,horizontal,downtrend,uptrend,-0.023749738439003965,positive,0.974408395588398
56,PKN,2025-11-21 15:37:00,5,2025-11-28,94.02,downtrend,downtrend,downtrend,uptrend,0.0076090451184223085,positive,0.974408395588398
57,PKN,2025-11-20 11:47:00,0,2025-11-20,101.2,uptrend,uptrend,uptrend,uptrend,,positive,0.9427306419238448
57,PKN,2025-11-20 11:47:00,1,2025-11-21,98.6,uptrend,uptrend,uptrend,uptrend,-0.025691699604743157,positive,0.9427306419238448
57,PKN,2025-11-20 11:47:00,2,2025-11-24,96.58,uptrend,uptrend,downtrend,uptrend,-0.020486815415821424,positive,0.9427306419238448
57,PKN,2025-11-20 11:47:00,3,2025-11-25,95.19,uptrend,uptrend,downtrend,uptrend,-0.014392213708842472,positive,0.9427306419238448
57,PKN,2025-11-20 11:47:00,4,2025-11-26,95.58,horizontal,horizontal,downtrend,uptrend,0.00409706901985496,positive,0.9427306419238448
57,PKN,2025-11-20 11:47:00,5,2025-11-27,93.31,downtrend,horizontal,downtrend,uptrend,-0.023749738439003965,positive,0.9427306419238448
58,PKN,2025-11-20 11:19:00,0,2025-11-20,101.2,uptrend,uptrend,uptrend,uptrend,,positive,0.8604452349245548
58,PKN,2025-11-20 11:19:00,1,2025-11-21,98.6,uptrend,uptrend,uptrend,uptrend,-0.025691699604743157,positive,0.8604452349245548
58,PKN,2025-11-20 11:19:00,2,2025-11-24,96.58,uptrend,uptrend,downtrend,uptrend,-0.020486815415821424,positive,0.8604452349245548
58,PKN,2025-11-20 11:19:00,3,2025-11-25,95.19,uptrend,uptrend,downtrend,uptrend,-0.014392213708842472,positive,0.8604452349245548
58,PKN,2025-11-20 11:19:00,4,2025-11-26,95.58,horizontal,horizontal,downtrend,uptrend,0.00409706901985496,positive,0.8604452349245548
58,PKN,2025-11-20 11:19:00,5,2025-11-27,93.31,downtrend,horizontal,downtrend,uptrend,-0.023749738439003965,positive,0.8604452349245548
59,PKN,2025-11-20 11:06:00,0,2025-11-20,101.2,uptrend,uptrend,uptrend,uptrend,,positive,0.9483503461815417
59,PKN,2025-11-20 11:06:00,1,2025-11-21,98.6,uptrend,uptrend,uptrend,uptrend,-0.025691699604743157,positive,0.9483503461815417
59,PKN,2025-11-20 11:06:00,2,2025-11-24,96.58,uptrend,uptrend,downtrend,uptrend,-0.020486815415821424,positive,0.9483503461815417
59,PKN,2025-11-20 11:06:00,3,2025-11-25,95.19,uptrend,uptrend,downtrend,uptrend,-0.014392213708842472,positive,0.9483503461815417
59,PKN,2025-11-20 11:06:00,4,2025-11-26,95.58,horizontal,horizontal,downtrend,uptrend,0.00409706901985496,positive,0.9483503461815417
59,PKN,2025-11-20 11:06:00,5,2025-11-27,93.31,downtrend,horizontal,downtrend,uptrend,-0.023749738439003965,positive,0.9483503461815417
60,PKN,2025-11-20 10:52:00,0,2025-11-20,101.2,uptrend,uptrend,uptrend,uptrend,,positive,0.7682095584459603
60,PKN,2025-11-20 10:52:00,1,2025-11-21,98.6,uptrend,uptrend,uptrend,uptrend,-0.025691699604743157,positive,0.7682095584459603
60,PKN,2025-11-20 10:52:00,2,2025-11-24,96.58,uptrend,uptrend,downtrend,uptrend,-0.020486815415821424,positive,0.7682095584459603
60,PKN,2025-11-20 10:52:00,3,2025-11-25,95.19,uptrend,uptrend,downtrend,uptrend,-0.014392213708842472,positive,0.7682095584459603
60,PKN,2025-11-20 10:52:00,4,2025-11-26,95.58,horizontal,horizontal,downtrend,uptrend,0.00409706901985496,positive,0.7682095584459603
60,PKN,2025-11-20 10:52:00,5,2025-11-27,93.31,downtrend,horizontal,downtrend,uptrend,-0.023749738439003965,positive,0.7682095584459603
61,PKN,2025-11-20 10:48:00,0,2025-11-20,101.2,uptrend,uptrend,uptrend,uptrend,,positive,0.8060409231111407
61,PKN,2025-11-20 10:48:00,1,2025-11-21,98.6,uptrend,uptrend,uptrend,uptrend,-0.025691699604743157,positive,0.8060409231111407
61,PKN,2025-11-20 10:48:00,2,2025-11-24,96.58,uptrend,uptrend,downtrend,uptrend,-0.020486815415821424,positive,0.8060409231111407
61,PKN,2025-11-20 10:48:00,3,2025-11-25,95.19,uptrend,uptrend,downtrend,uptrend,-0.014392213708842472,positive,0.8060409231111407
61,PKN,2025-11-20 10:48:00,4,2025-11-26,95.58,horizontal,horizontal,downtrend,uptrend,0.00409706901985496,positive,0.8060409231111407
61,PKN,2025-11-20 10:48:00,5,2025-11-27,93.31,downtrend,horizontal,downtrend,uptrend,-0.023749738439003965,positive,0.8060409231111407
62,PKN,2025-11-20 10:26:00,0,2025-11-20,101.2,uptrend,uptrend,uptrend,uptrend,,positive,0.9581680482951924
62,PKN,2025-11-20 10:26:00,1,2025-11-21,98.6,uptrend,uptrend,uptrend,uptrend,-0.025691699604743157,positive,0.9581680482951924
62,PKN,2025-11-20 10:26:00,2,2025-11-24,96.58,uptrend,uptrend,downtrend,uptrend,-0.020486815415821424,positive,0.9581680482951924
62,PKN,2025-11-20 10:26:00,3,2025-11-25,95.19,uptrend,uptrend,downtrend,uptrend,-0.014392213708842472,positive,0.9581680482951924
62,PKN,2025-11-20 10:26:00,4,2025-11-26,95.58,horizontal,horizontal,downtrend,uptrend,0.00409706901985496,positive,0.9581680482951924
62,PKN,2025-11-20 10:26:00,5,2025-11-27,93.31,downtrend,horizontal,downtrend,uptrend,-0.023749738439003965,positive,0.9581680482951924
63,PKN,2025-11-20 07:40:00,0,2025-11-20,101.2,uptrend,uptrend,uptrend,uptrend,,positive,0.9781855336623266
63,PKN,2025-11-20 07:40:00,1,2025-11-21,98.6,uptrend,uptrend,uptrend,uptrend,-0.025691699604743157,positive,0.9781855336623266
63,PKN,2025-11-20 07:40:00,2,2025-11-24,96.58,uptrend,uptrend,downtrend,uptrend,-0.020486815415821424,positive,0.9781855336623266
63,PKN,2025-11-20 07:40:00,3,2025-11-25,95.19,uptrend,uptrend,downtrend,uptrend,-0.014392213708842472,positive,0.9781855336623266
63,PKN,2025-11-20 07:40:00,4,2025-11-26,95.58,horizontal,horizontal,downtrend,uptrend,0.00409706901985496,positive,0.9781855336623266
63,PKN,2025-11-20 07:40:00,5,2025-11-27,93.31,downtrend,horizontal,downtrend,uptrend,-0.023749738439003965,positive,0.9781855336623266
64,PKN,2025-11-20 07:14:00,0,2025-11-20,101.2,uptrend,uptrend,uptrend,uptrend,,positive,0.9925592531217262
64,PKN,2025-11-20 07:14:00,1,2025-11-21,98.6,uptrend,uptrend,uptrend,uptrend,-0.025691699604743157,positive,0.9925592531217262
64,PKN,2025-11-20 07:14:00,2,2025-11-24,96.58,uptrend,uptrend,downtrend,uptrend,-0.020486815415821424,positive,0.9925592531217262
64,PKN,2025-11-20 07:14:00,3,2025-11-25,95.19,uptrend,uptrend,downtrend,uptrend,-0.014392213708842472,positive,0.9925592531217262
64,PKN,2025-11-20 07:14:00,4,2025-11-26,95.58,horizontal,horizontal,downtrend,uptrend,0.00409706901985496,positive,0.9925592531217262
64,PKN,2025-11-20 07:14:00,5,2025-11-27,93.31,downtrend,horizontal,downtrend,uptrend,-0.023749738439003965,positive,0.9925592531217262
65,PKN,2025-11-19 12:56:00,0,2025-11-19,101.88,uptrend,uptrend,uptrend,uptrend,,positive,0.9617211010772735
65,PKN,2025-11-19 12:56:00,1,2025-11-20,101.2,uptrend,uptrend,uptrend,uptrend,-0.0066745190420101075,positive,0.9617211010772735
65,PKN,2025-11-19 12:56:00,2,2025-11-21,98.6,uptrend,uptrend,uptrend,uptrend,-0.025691699604743157,positive,0.9617211010772735
65,PKN,2025-11-19 12:56:00,3,2025-11-24,96.58,uptrend,uptrend,downtrend,uptrend,-0.020486815415821424,positive,0.9617211010772735
65,PKN,2025-11-19 12:56:00,4,2025-11-25,95.19,uptrend,uptrend,downtrend,uptrend,-0.014392213708842472,positive,0.9617211010772735
65,PKN,2025-11-19 12:56:00,5,2025-11-26,95.58,horizontal,horizontal,downtrend,uptrend,0.00409706901985496,positive,0.9617211010772735
66,PKN,2025-11-18 19:20:00,0,2025-11-19,101.88,uptrend,uptrend,uptrend,uptrend,,positive,0.5001320466399193
66,PKN,2025-11-18 19:20:00,1,2025-11-20,101.2,uptrend,uptrend,uptrend,uptrend,-0.0066745190420101075,positive,0.5001320466399193
66,PKN,2025-11-18 19:20:00,2,2025-11-21,98.6,uptrend,uptrend,uptrend,uptrend,-0.025691699604743157,positive,0.5001320466399193
66,PKN,2025-11-18 19:20:00,3,2025-11-24,96.58,uptrend,uptrend,downtrend,uptrend,-0.020486815415821424,positive,0.5001320466399193
66,PKN,2025-11-18 19:20:00,4,2025-11-25,95.19,uptrend,uptrend,downtrend,uptrend,-0.014392213708842472,positive,0.5001320466399193
66,PKN,2025-11-18 19:20:00,5,2025-11-26,95.58,horizontal,horizontal,downtrend,uptrend,0.00409706901985496,positive,0.5001320466399193
67,PKN,2025-11-18 15:20:00,0,2025-11-18,100.72,uptrend,uptrend,uptrend,uptrend,,positive,0.9777642833068967
67,PKN,2025-11-18 15:20:00,1,2025-11-19,101.88,uptrend,uptrend,uptrend,uptrend,0.011517077045273938,positive,0.9777642833068967
67,PKN,2025-11-18 15:20:00,2,2025-11-20,101.2,uptrend,uptrend,uptrend,uptrend,-0.0066745190420101075,positive,0.9777642833068967
67,PKN,2025-11-18 15:20:00,3,2025-11-21,98.6,uptrend,uptrend,uptrend,uptrend,-0.025691699604743157,positive,0.9777642833068967
67,PKN,2025-11-18 15:20:00,4,2025-11-24,96.58,uptrend,uptrend,downtrend,uptrend,-0.020486815415821424,positive,0.9777642833068967
67,PKN,2025-11-18 15:20:00,5,2025-11-25,95.19,uptrend,uptrend,downtrend,uptrend,-0.014392213708842472,positive,0.9777642833068967
68,PKN,2025-11-18 10:14:00,0,2025-11-18,100.72,uptrend,uptrend,uptrend,uptrend,,positive,0.9891748416703194
68,PKN,2025-11-18 10:14:00,1,2025-11-19,101.88,uptrend,uptrend,uptrend,uptrend,0.011517077045273938,positive,0.9891748416703194
68,PKN,2025-11-18 10:14:00,2,2025-11-20,101.2,uptrend,uptrend,uptrend,uptrend,-0.0066745190420101075,positive,0.9891748416703194
68,PKN,2025-11-18 10:14:00,3,2025-11-21,98.6,uptrend,uptrend,uptrend,uptrend,-0.025691699604743157,positive,0.9891748416703194
68,PKN,2025-11-18 10:14:00,4,2025-11-24,96.58,uptrend,uptrend,downtrend,uptrend,-0.020486815415821424,positive,0.9891748416703194
68,PKN,2025-11-18 10:14:00,5,2025-11-25,95.19,uptrend,uptrend,downtrend,uptrend,-0.014392213708842472,positive,0.9891748416703194
69,PKN,2025-11-18 08:40:00,0,2025-11-18,100.72,uptrend,uptrend,uptrend,uptrend,,positive,0.9469189969822764
69,PKN,2025-11-18 08:40:00,1,2025-11-19,101.88,uptrend,uptrend,uptrend,uptrend,0.011517077045273938,positive,0.9469189969822764
69,PKN,2025-11-18 08:40:00,2,2025-11-20,101.2,uptrend,uptrend,uptrend,uptrend,-0.0066745190420101075,positive,0.9469189969822764
69,PKN,2025-11-18 08:40:00,3,2025-11-21,98.6,uptrend,uptrend,uptrend,uptrend,-0.025691699604743157,positive,0.9469189969822764
69,PKN,2025-11-18 08:40:00,4,2025-11-24,96.58,uptrend,uptrend,downtrend,uptrend,-0.020486815415821424,positive,0.9469189969822764
69,PKN,2025-11-18 08:40:00,5,2025-11-25,95.19,uptrend,uptrend,downtrend,uptrend,-0.014392213708842472,positive,0.9469189969822764
70,PKN,2025-11-13 18:39:00,0,2025-11-14,104.0,uptrend,uptrend,uptrend,uptrend,,neutral,-0.02447141706943512
70,PKN,2025-11-13 18:39:00,1,2025-11-17,102.76,uptrend,uptrend,uptrend,uptrend,-0.011923076923076925,neutral,-0.02447141706943512
70,PKN,2025-11-13 18:39:00,2,2025-11-18,100.72,uptrend,uptrend,uptrend,uptrend,-0.019852082522382353,neutral,-0.02447141706943512
70,PKN,2025-11-13 18:39:00,3,2025-11-19,101.88,uptrend,uptrend,uptrend,uptrend,0.011517077045273938,neutral,-0.02447141706943512
70,PKN,2025-11-13 18:39:00,4,2025-11-20,101.2,uptrend,uptrend,uptrend,uptrend,-0.0066745190420101075,neutral,-0.02447141706943512
70,PKN,2025-11-13 18:39:00,5,2025-11-21,98.6,uptrend,uptrend,uptrend,uptrend,-0.025691699604743157,neutral,-0.02447141706943512
71,PKN,2025-11-13 13:20:00,0,2025-11-13,103.76,uptrend,uptrend,uptrend,uptrend,,positive,0.9768776739947498
71,PKN,2025-11-13 13:20:00,1,2025-11-14,104.0,uptrend,uptrend,uptrend,uptrend,0.0023130300693907646,positive,0.9768776739947498
71,PKN,2025-11-13 13:20:00,2,2025-11-17,102.76,uptrend,uptrend,uptrend,uptrend,-0.011923076923076925,positive,0.9768776739947498
71,PKN,2025-11-13 13:20:00,3,2025-11-18,100.72,uptrend,uptrend,uptrend,uptrend,-0.019852082522382353,positive,0.9768776739947498
71,PKN,2025-11-13 13:20:00,4,2025-11-19,101.88,uptrend,uptrend,uptrend,uptrend,0.011517077045273938,positive,0.9768776739947498
71,PKN,2025-11-13 13:20:00,5,2025-11-20,101.2,uptrend,uptrend,uptrend,uptrend,-0.0066745190420101075,positive,0.9768776739947498
72,PKN,2025-11-12 07:24:00,0,2025-11-12,103.5,uptrend,uptrend,uptrend,uptrend,,neutral,0.09083204716444016
72,PKN,2025-11-12 07:24:00,1,2025-11-13,103.76,uptrend,uptrend,uptrend,uptrend,0.002512077294686055,neutral,0.09083204716444016
72,PKN,2025-11-12 07:24:00,2,2025-11-14,104.0,uptrend,uptrend,uptrend,uptrend,0.0023130300693907646,neutral,0.09083204716444016
72,PKN,2025-11-12 07:24:00,3,2025-11-17,102.76,uptrend,uptrend,uptrend,uptrend,-0.011923076923076925,neutral,0.09083204716444016
72,PKN,2025-11-12 07:24:00,4,2025-11-18,100.72,uptrend,uptrend,uptrend,uptrend,-0.019852082522382353,neutral,0.09083204716444016
72,PKN,2025-11-12 07:24:00,5,2025-11-19,101.88,uptrend,uptrend,uptrend,uptrend,0.011517077045273938,neutral,0.09083204716444016
73,PKN,2025-11-12 07:17:00,0,2025-11-12,103.5,uptrend,uptrend,uptrend,uptrend,,positive,0.9677469811867923
73,PKN,2025-11-12 07:17:00,1,2025-11-13,103.76,uptrend,uptrend,uptrend,uptrend,0.002512077294686055,positive,0.9677469811867923
73,PKN,2025-11-12 07:17:00,2,2025-11-14,104.0,uptrend,uptrend,uptrend,uptrend,0.0023130300693907646,positive,0.9677469811867923
73,PKN,2025-11-12 07:17:00,3,2025-11-17,102.76,uptrend,uptrend,uptrend,uptrend,-0.011923076923076925,positive,0.9677469811867923
73,PKN,2025-11-12 07:17:00,4,2025-11-18,100.72,uptrend,uptrend,uptrend,uptrend,-0.019852082522382353,positive,0.9677469811867923
73,PKN,2025-11-12 07:17:00,5,2025-11-19,101.88,uptrend,uptrend,uptrend,uptrend,0.011517077045273938,positive,0.9677469811867923
74,PKN,2025-11-10 17:43:00,0,2025-11-12,103.5,uptrend,uptrend,uptrend,uptrend,,neutral,0.3642903324216604
74,PKN,2025-11-10 17:43:00,1,2025-11-13,103.76,uptrend,uptrend,uptrend,uptrend,0.002512077294686055,neutral,0.3642903324216604
74,PKN,2025-11-10 17:43:00,2,2025-11-14,104.0,uptrend,uptrend,uptrend,uptrend,0.0023130300693907646,neutral,0.3642903324216604
74,PKN,2025-11-10 17:43:00,3,2025-11-17,102.76,uptrend,uptrend,uptrend,uptrend,-0.011923076923076925,neutral,0.3642903324216604
74,PKN,2025-11-10 17:43:00,4,2025-11-18,100.72,uptrend,uptrend,uptrend,uptrend,-0.019852082522382353,neutral,0.3642903324216604
74,PKN,2025-11-10 17:43:00,5,2025-11-19,101.88,uptrend,uptrend,uptrend,uptrend,0.011517077045273938,neutral,0.3642903324216604
75,PKN,2025-11-10 16:12:00,0,2025-11-10,101.8,uptrend,uptrend,uptrend,uptrend,,negative,-0.7563447821885347
75,PKN,2025-11-10 16:12:00,1,2025-11-12,103.5,uptrend,uptrend,uptrend,uptrend,0.016699410609037457,negative,-0.7563447821885347
75,PKN,2025-11-10 16:12:00,2,2025-11-13,103.76,uptrend,uptrend,uptrend,uptrend,0.002512077294686055,negative,-0.7563447821885347
75,PKN,2025-11-10 16:12:00,3,2025-11-14,104.0,uptrend,uptrend,uptrend,uptrend,0.0023130300693907646,negative,-0.7563447821885347
75,PKN,2025-11-10 16:12:00,4,2025-11-17,102.76,uptrend,uptrend,uptrend,uptrend,-0.011923076923076925,negative,-0.7563447821885347
75,PKN,2025-11-10 16:12:00,5,2025-11-18,100.72,uptrend,uptrend,uptrend,uptrend,-0.019852082522382353,negative,-0.7563447821885347
76,PKN,2025-11-10 13:29:00,0,2025-11-10,101.8,uptrend,uptrend,uptrend,uptrend,,neutral,0.43587777577340603
76,PKN,2025-11-10 13:29:00,1,2025-11-12,103.5,uptrend,uptrend,uptrend,uptrend,0.016699410609037457,neutral,0.43587777577340603
76,PKN,2025-11-10 13:29:00,2,2025-11-13,103.76,uptrend,uptrend,uptrend,uptrend,0.002512077294686055,neutral,0.43587777577340603
76,PKN,2025-11-10 13:29:00,3,2025-11-14,104.0,uptrend,uptrend,uptrend,uptrend,0.0023130300693907646,neutral,0.43587777577340603
76,PKN,2025-11-10 13:29:00,4,2025-11-17,102.76,uptrend,uptrend,uptrend,uptrend,-0.011923076923076925,neutral,0.43587777577340603
76,PKN,2025-11-10 13:29:00,5,2025-11-18,100.72,uptrend,uptrend,uptrend,uptrend,-0.019852082522382353,neutral,0.43587777577340603
77,PKN,2025-11-09 13:54:00,0,2025-11-10,101.8,uptrend,uptrend,uptrend,uptrend,,positive,0.9566934665199369
77,PKN,2025-11-09 13:54:00,1,2025-11-12,103.5,uptrend,uptrend,uptrend,uptrend,0.016699410609037457,positive,0.9566934665199369
77,PKN,2025-11-09 13:54:00,2,2025-11-13,103.76,uptrend,uptrend,uptrend,uptrend,0.002512077294686055,positive,0.9566934665199369
77,PKN,2025-11-09 13:54:00,3,2025-11-14,104.0,uptrend,uptrend,uptrend,uptrend,0.0023130300693907646,positive,0.9566934665199369
77,PKN,2025-11-09 13:54:00,4,2025-11-17,102.76,uptrend,uptrend,uptrend,uptrend,-0.011923076923076925,positive,0.9566934665199369
77,PKN,2025-11-09 13:54:00,5,2025-11-18,100.72,uptrend,uptrend,uptrend,uptrend,-0.019852082522382353,positive,0.9566934665199369
78,PKN,2025-11-07 17:02:00,0,2025-11-10,101.8,uptrend,uptrend,uptrend,uptrend,,positive,0.9884034101851285
78,PKN,2025-11-07 17:02:00,1,2025-11-12,103.5,uptrend,uptrend,uptrend,uptrend,0.016699410609037457,positive,0.9884034101851285
78,PKN,2025-11-07 17:02:00,2,2025-11-13,103.76,uptrend,uptrend,uptrend,uptrend,0.002512077294686055,positive,0.9884034101851285
78,PKN,2025-11-07 17:02:00,3,2025-11-14,104.0,uptrend,uptrend,uptrend,uptrend,0.0023130300693907646,positive,0.9884034101851285
78,PKN,2025-11-07 17:02:00,4,2025-11-17,102.76,uptrend,uptrend,uptrend,uptrend,-0.011923076923076925,positive,0.9884034101851285
78,PKN,2025-11-07 17:02:00,5,2025-11-18,100.72,uptrend,uptrend,uptrend,uptrend,-0.019852082522382353,positive,0.9884034101851285
79,PKN,2025-11-07 09:48:00,0,2025-11-07,98.93,uptrend,uptrend,uptrend,uptrend,,positive,0.9851133918855339
79,PKN,2025-11-07 09:48:00,1,2025-11-10,101.8,uptrend,uptrend,uptrend,uptrend,0.029010411402001335,positive,0.9851133918855339
79,PKN,2025-11-07 09:48:00,2,2025-11-12,103.5,uptrend,uptrend,uptrend,uptrend,0.016699410609037457,positive,0.9851133918855339
79,PKN,2025-11-07 09:48:00,3,2025-11-13,103.76,uptrend,uptrend,uptrend,uptrend,0.002512077294686055,positive,0.9851133918855339
79,PKN,2025-11-07 09:48:00,4,2025-11-14,104.0,uptrend,uptrend,uptrend,uptrend,0.0023130300693907646,positive,0.9851133918855339
79,PKN,2025-11-07 09:48:00,5,2025-11-17,102.76,uptrend,uptrend,uptrend,uptrend,-0.011923076923076925,positive,0.9851133918855339
80,PKN,2025-11-06 12:30:00,0,2025-11-06,98.6,uptrend,uptrend,uptrend,uptrend,,positive,0.9706809762865305
80,PKN,2025-11-06 12:30:00,1,2025-11-07,98.93,uptrend,uptrend,uptrend,uptrend,0.003346855983773045,positive,0.9706809762865305
80,PKN,2025-11-06 12:30:00,2,2025-11-10,101.8,uptrend,uptrend,uptrend,uptrend,0.029010411402001335,positive,0.9706809762865305
80,PKN,2025-11-06 12:30:00,3,2025-11-12,103.5,uptrend,uptrend,uptrend,uptrend,0.016699410609037457,positive,0.9706809762865305
80,PKN,2025-11-06 12:30:00,4,2025-11-13,103.76,uptrend,uptrend,uptrend,uptrend,0.002512077294686055,positive,0.9706809762865305
80,PKN,2025-11-06 12:30:00,5,2025-11-14,104.0,uptrend,uptrend,uptrend,uptrend,0.0023130300693907646,positive,0.9706809762865305
81,PKN,2025-11-06 06:00:00,0,2025-11-06,98.6,uptrend,uptrend,uptrend,uptrend,,positive,0.9899071591207758
81,PKN,2025-11-06 06:00:00,1,2025-11-07,98.93,uptrend,uptrend,uptrend,uptrend,0.003346855983773045,positive,0.9899071591207758
81,PKN,2025-11-06 06:00:00,2,2025-11-10,101.8,uptrend,uptrend,uptrend,uptrend,0.029010411402001335,positive,0.9899071591207758
81,PKN,2025-11-06 06:00:00,3,2025-11-12,103.5,uptrend,uptrend,uptrend,uptrend,0.016699410609037457,positive,0.9899071591207758
81,PKN,2025-11-06 06:00:00,4,2025-11-13,103.76,uptrend,uptrend,uptrend,uptrend,0.002512077294686055,positive,0.9899071591207758
81,PKN,2025-11-06 06:00:00,5,2025-11-14,104.0,uptrend,uptrend,uptrend,uptrend,0.0023130300693907646,positive,0.9899071591207758
82,PKN,2025-11-05 18:17:00,0,2025-11-06,98.6,uptrend,uptrend,uptrend,uptrend,,positive,0.9707830070983618
82,PKN,2025-11-05 18:17:00,1,2025-11-07,98.93,uptrend,uptrend,uptrend,uptrend,0.003346855983773045,positive,0.9707830070983618
82,PKN,2025-11-05 18:17:00,2,2025-11-10,101.8,uptrend,uptrend,uptrend,uptrend,0.029010411402001335,positive,0.9707830070983618
82,PKN,2025-11-05 18:17:00,3,2025-11-12,103.5,uptrend,uptrend,uptrend,uptrend,0.016699410609037457,positive,0.9707830070983618
82,PKN,2025-11-05 18:17:00,4,2025-11-13,103.76,uptrend,uptrend,uptrend,uptrend,0.002512077294686055,positive,0.9707830070983618
82,PKN,2025-11-05 18:17:00,5,2025-11-14,104.0,uptrend,uptrend,uptrend,uptrend,0.0023130300693907646,positive,0.9707830070983618
83,PKN,2025-11-05 11:30:00,0,2025-11-05,97.96,uptrend,uptrend,uptrend,uptrend,,positive,0.9889557493152097
83,PKN,2025-11-05 11:30:00,1,2025-11-06,98.6,uptrend,uptrend,uptrend,uptrend,0.006533278889342631,positive,0.9889557493152097
83,PKN,2025-11-05 11:30:00,2,2025-11-07,98.93,uptrend,uptrend,uptrend,uptrend,0.003346855983773045,positive,0.9889557493152097
83,PKN,2025-11-05 11:30:00,3,2025-11-10,101.8,uptrend,uptrend,uptrend,uptrend,0.029010411402001335,positive,0.9889557493152097
83,PKN,2025-11-05 11:30:00,4,2025-11-12,103.5,uptrend,uptrend,uptrend,uptrend,0.016699410609037457,positive,0.9889557493152097
83,PKN,2025-11-05 11:30:00,5,2025-11-13,103.76,uptrend,uptrend,uptrend,uptrend,0.002512077294686055,positive,0.9889557493152097
84,PKN,2025-11-05 11:10:00,0,2025-11-05,97.96,uptrend,uptrend,uptrend,uptrend,,positive,0.5415102168917656
84,PKN,2025-11-05 11:10:00,1,2025-11-06,98.6,uptrend,uptrend,uptrend,uptrend,0.006533278889342631,positive,0.5415102168917656
84,PKN,2025-11-05 11:10:00,2,2025-11-07,98.93,uptrend,uptrend,uptrend,uptrend,0.003346855983773045,positive,0.5415102168917656
84,PKN,2025-11-05 11:10:00,3,2025-11-10,101.8,uptrend,uptrend,uptrend,uptrend,0.029010411402001335,positive,0.5415102168917656
84,PKN,2025-11-05 11:10:00,4,2025-11-12,103.5,uptrend,uptrend,uptrend,uptrend,0.016699410609037457,positive,0.5415102168917656
84,PKN,2025-11-05 11:10:00,5,2025-11-13,103.76,uptrend,uptrend,uptrend,uptrend,0.002512077294686055,positive,0.5415102168917656
85,PKN,2025-11-04 15:47:00,0,2025-11-04,97.72,uptrend,uptrend,uptrend,uptrend,,positive,0.9847713331691921
85,PKN,2025-11-04 15:47:00,1,2025-11-05,97.96,uptrend,uptrend,uptrend,uptrend,0.0024559967253376946,positive,0.9847713331691921
85,PKN,2025-11-04 15:47:00,2,2025-11-06,98.6,uptrend,uptrend,uptrend,uptrend,0.006533278889342631,positive,0.9847713331691921
85,PKN,2025-11-04 15:47:00,3,2025-11-07,98.93,uptrend,uptrend,uptrend,uptrend,0.003346855983773045,positive,0.9847713331691921
85,PKN,2025-11-04 15:47:00,4,2025-11-10,101.8,uptrend,uptrend,uptrend,uptrend,0.029010411402001335,positive,0.9847713331691921
85,PKN,2025-11-04 15:47:00,5,2025-11-12,103.5,uptrend,uptrend,uptrend,uptrend,0.016699410609037457,positive,0.9847713331691921
86,PKN,2025-11-04 15:12:00,0,2025-11-04,97.72,uptrend,uptrend,uptrend,uptrend,,positive,0.9868481471203268
86,PKN,2025-11-04 15:12:00,1,2025-11-05,97.96,uptrend,uptrend,uptrend,uptrend,0.0024559967253376946,positive,0.9868481471203268
86,PKN,2025-11-04 15:12:00,2,2025-11-06,98.6,uptrend,uptrend,uptrend,uptrend,0.006533278889342631,positive,0.9868481471203268
86,PKN,2025-11-04 15:12:00,3,2025-11-07,98.93,uptrend,uptrend,uptrend,uptrend,0.003346855983773045,positive,0.9868481471203268
86,PKN,2025-11-04 15:12:00,4,2025-11-10,101.8,uptrend,uptrend,uptrend,uptrend,0.029010411402001335,positive,0.9868481471203268
86,PKN,2025-11-04 15:12:00,5,2025-11-12,103.5,uptrend,uptrend,uptrend,uptrend,0.016699410609037457,positive,0.9868481471203268
87,PKN,2025-11-04 12:22:00,0,2025-11-04,97.72,uptrend,uptrend,uptrend,uptrend,,positive,0.8394805551506579
87,PKN,2025-11-04 12:22:00,1,2025-11-05,97.96,uptrend,uptrend,uptrend,uptrend,0.0024559967253376946,positive,0.8394805551506579
87,PKN,2025-11-04 12:22:00,2,2025-11-06,98.6,uptrend,uptrend,uptrend,uptrend,0.006533278889342631,positive,0.8394805551506579
87,PKN,2025-11-04 12:22:00,3,2025-11-07,98.93,uptrend,uptrend,uptrend,uptrend,0.003346855983773045,positive,0.8394805551506579
87,PKN,2025-11-04 12:22:00,4,2025-11-10,101.8,uptrend,uptrend,uptrend,uptrend,0.029010411402001335,positive,0.8394805551506579
87,PKN,2025-11-04 12:22:00,5,2025-11-12,103.5,uptrend,uptrend,uptrend,uptrend,0.016699410609037457,positive,0.8394805551506579
88,PKN,2025-11-04 10:10:00,0,2025-11-04,97.72,uptrend,uptrend,uptrend,uptrend,,positive,0.993226777180098
88,PKN,2025-11-04 10:10:00,1,2025-11-05,97.96,uptrend,uptrend,uptrend,uptrend,0.0024559967253376946,positive,0.993226777180098
88,PKN,2025-11-04 10:10:00,2,2025-11-06,98.6,uptrend,uptrend,uptrend,uptrend,0.006533278889342631,positive,0.993226777180098
88,PKN,2025-11-04 10:10:00,3,2025-11-07,98.93,uptrend,uptrend,uptrend,uptrend,0.003346855983773045,positive,0.993226777180098
88,PKN,2025-11-04 10:10:00,4,2025-11-10,101.8,uptrend,uptrend,uptrend,uptrend,0.029010411402001335,positive,0.993226777180098
88,PKN,2025-11-04 10:10:00,5,2025-11-12,103.5,uptrend,uptrend,uptrend,uptrend,0.016699410609037457,positive,0.993226777180098
89,PKN,2025-11-04 07:12:00,0,2025-11-04,97.72,uptrend,uptrend,uptrend,uptrend,,positive,0.9787387126125395
89,PKN,2025-11-04 07:12:00,1,2025-11-05,97.96,uptrend,uptrend,uptrend,uptrend,0.0024559967253376946,positive,0.9787387126125395
89,PKN,2025-11-04 07:12:00,2,2025-11-06,98.6,uptrend,uptrend,uptrend,uptrend,0.006533278889342631,positive,0.9787387126125395
89,PKN,2025-11-04 07:12:00,3,2025-11-07,98.93,uptrend,uptrend,uptrend,uptrend,0.003346855983773045,positive,0.9787387126125395
89,PKN,2025-11-04 07:12:00,4,2025-11-10,101.8,uptrend,uptrend,uptrend,uptrend,0.029010411402001335,positive,0.9787387126125395
89,PKN,2025-11-04 07:12:00,5,2025-11-12,103.5,uptrend,uptrend,uptrend,uptrend,0.016699410609037457,positive,0.9787387126125395
90,PKN,2025-11-03 12:40:00,0,2025-11-03,99.09,uptrend,uptrend,uptrend,uptrend,,negative,-0.8705301117151976
90,PKN,2025-11-03 12:40:00,1,2025-11-04,97.72,uptrend,uptrend,uptrend,uptrend,-0.013825814915733203,negative,-0.8705301117151976
90,PKN,2025-11-03 12:40:00,2,2025-11-05,97.96,uptrend,uptrend,uptrend,uptrend,0.0024559967253376946,negative,-0.8705301117151976
90,PKN,2025-11-03 12:40:00,3,2025-11-06,98.6,uptrend,uptrend,uptrend,uptrend,0.006533278889342631,negative,-0.8705301117151976
90,PKN,2025-11-03 12:40:00,4,2025-11-07,98.93,uptrend,uptrend,uptrend,uptrend,0.003346855983773045,negative,-0.8705301117151976
90,PKN,2025-11-03 12:40:00,5,2025-11-10,101.8,uptrend,uptrend,uptrend,uptrend,0.029010411402001335,negative,-0.8705301117151976
91,PKN,2025-11-03 06:00:00,0,2025-11-03,99.09,uptrend,uptrend,uptrend,uptrend,,positive,0.9832942364737391
91,PKN,2025-11-03 06:00:00,1,2025-11-04,97.72,uptrend,uptrend,uptrend,uptrend,-0.013825814915733203,positive,0.9832942364737391
91,PKN,2025-11-03 06:00:00,2,2025-11-05,97.96,uptrend,uptrend,uptrend,uptrend,0.0024559967253376946,positive,0.9832942364737391
91,PKN,2025-11-03 06:00:00,3,2025-11-06,98.6,uptrend,uptrend,uptrend,uptrend,0.006533278889342631,positive,0.9832942364737391
91,PKN,2025-11-03 06:00:00,4,2025-11-07,98.93,uptrend,uptrend,uptrend,uptrend,0.003346855983773045,positive,0.9832942364737391
91,PKN,2025-11-03 06:00:00,5,2025-11-10,101.8,uptrend,uptrend,uptrend,uptrend,0.029010411402001335,positive,0.9832942364737391
92,PKN,2025-10-31 09:20:00,0,2025-10-31,100.06,uptrend,uptrend,uptrend,uptrend,,positive,0.9160923911258578
92,PKN,2025-10-31 09:20:00,1,2025-11-03,99.09,uptrend,uptrend,uptrend,uptrend,-0.009694183489906028,positive,0.9160923911258578
92,PKN,2025-10-31 09:20:00,2,2025-11-04,97.72,uptrend,uptrend,uptrend,uptrend,-0.013825814915733203,positive,0.9160923911258578
92,PKN,2025-10-31 09:20:00,3,2025-11-05,97.96,uptrend,uptrend,uptrend,uptrend,0.0024559967253376946,positive,0.9160923911258578
92,PKN,2025-10-31 09:20:00,4,2025-11-06,98.6,uptrend,uptrend,uptrend,uptrend,0.006533278889342631,positive,0.9160923911258578
92,PKN,2025-10-31 09:20:00,5,2025-11-07,98.93,uptrend,uptrend,uptrend,uptrend,0.003346855983773045,positive,0.9160923911258578
93,PKN,2025-10-30 17:14:00,0,2025-10-31,100.06,uptrend,uptrend,uptrend,uptrend,,neutral,-0.031209878623485565
93,PKN,2025-10-30 17:14:00,1,2025-11-03,99.09,uptrend,uptrend,uptrend,uptrend,-0.009694183489906028,neutral,-0.031209878623485565
93,PKN,2025-10-30 17:14:00,2,2025-11-04,97.72,uptrend,uptrend,uptrend,uptrend,-0.013825814915733203,neutral,-0.031209878623485565
93,PKN,2025-10-30 17:14:00,3,2025-11-05,97.96,uptrend,uptrend,uptrend,uptrend,0.0024559967253376946,neutral,-0.031209878623485565
93,PKN,2025-10-30 17:14:00,4,2025-11-06,98.6,uptrend,uptrend,uptrend,uptrend,0.006533278889342631,neutral,-0.031209878623485565
93,PKN,2025-10-30 17:14:00,5,2025-11-07,98.93,uptrend,uptrend,uptrend,uptrend,0.003346855983773045,neutral,-0.031209878623485565
94,PKN,2025-10-30 12:36:00,0,2025-10-30,100.6,uptrend,uptrend,uptrend,uptrend,,positive,0.9894324961351231
94,PKN,2025-10-30 12:36:00,1,2025-10-31,100.06,uptrend,uptrend,uptrend,uptrend,-0.005367793240556584,positive,0.9894324961351231
94,PKN,2025-10-30 12:36:00,2,2025-11-03,99.09,uptrend,uptrend,uptrend,uptrend,-0.009694183489906028,positive,0.9894324961351231
94,PKN,2025-10-30 12:36:00,3,2025-11-04,97.72,uptrend,uptrend,uptrend,uptrend,-0.013825814915733203,positive,0.9894324961351231
94,PKN,2025-10-30 12:36:00,4,2025-11-05,97.96,uptrend,uptrend,uptrend,uptrend,0.0024559967253376946,positive,0.9894324961351231
94,PKN,2025-10-30 12:36:00,5,2025-11-06,98.6,uptrend,uptrend,uptrend,uptrend,0.006533278889342631,positive,0.9894324961351231
95,PKN,2025-10-29 11:00:00,0,2025-10-29,99.82,uptrend,uptrend,uptrend,uptrend,,positive,0.9909836042206734
95,PKN,2025-10-29 11:00:00,1,2025-10-30,100.6,uptrend,uptrend,uptrend,uptrend,0.007814065317571561,positive,0.9909836042206734
95,PKN,2025-10-29 11:00:00,2,2025-10-31,100.06,uptrend,uptrend,uptrend,uptrend,-0.005367793240556584,positive,0.9909836042206734
95,PKN,2025-10-29 11:00:00,3,2025-11-03,99.09,uptrend,uptrend,uptrend,uptrend,-0.009694183489906028,positive,0.9909836042206734
95,PKN,2025-10-29 11:00:00,4,2025-11-04,97.72,uptrend,uptrend,uptrend,uptrend,-0.013825814915733203,positive,0.9909836042206734
95,PKN,2025-10-29 11:00:00,5,2025-11-05,97.96,uptrend,uptrend,uptrend,uptrend,0.0024559967253376946,positive,0.9909836042206734
96,PKN,2025-10-29 07:08:00,0,2025-10-29,99.82,uptrend,uptrend,uptrend,uptrend,,positive,0.7056592628359795
96,PKN,2025-10-29 07:08:00,1,2025-10-30,100.6,uptrend,uptrend,uptrend,uptrend,0.007814065317571561,positive,0.7056592628359795
96,PKN,2025-10-29 07:08:00,2,2025-10-31,100.06,uptrend,uptrend,uptrend,uptrend,-0.005367793240556584,positive,0.7056592628359795
96,PKN,2025-10-29 07:08:00,3,2025-11-03,99.09,uptrend,uptrend,uptrend,uptrend,-0.009694183489906028,positive,0.7056592628359795
96,PKN,2025-10-29 07:08:00,4,2025-11-04,97.72,uptrend,uptrend,uptrend,uptrend,-0.013825814915733203,positive,0.7056592628359795
96,PKN,2025-10-29 07:08:00,5,2025-11-05,97.96,uptrend,uptrend,uptrend,uptrend,0.0024559967253376946,positive,0.7056592628359795
97,PKN,2025-10-28 18:36:00,0,2025-10-29,99.82,uptrend,uptrend,uptrend,uptrend,,neutral,-0.12674468383193016
97,PKN,2025-10-28 18:36:00,1,2025-10-30,100.6,uptrend,uptrend,uptrend,uptrend,0.007814065317571561,neutral,-0.12674468383193016
97,PKN,2025-10-28 18:36:00,2,2025-10-31,100.06,uptrend,uptrend,uptrend,uptrend,-0.005367793240556584,neutral,-0.12674468383193016
97,PKN,2025-10-28 18:36:00,3,2025-11-03,99.09,uptrend,uptrend,uptrend,uptrend,-0.009694183489906028,neutral,-0.12674468383193016
97,PKN,2025-10-28 18:36:00,4,2025-11-04,97.72,uptrend,uptrend,uptrend,uptrend,-0.013825814915733203,neutral,-0.12674468383193016
97,PKN,2025-10-28 18:36:00,5,2025-11-05,97.96,uptrend,uptrend,uptrend,uptrend,0.0024559967253376946,neutral,-0.12674468383193016
98,PKN,2025-10-28 18:18:00,0,2025-10-29,99.82,uptrend,uptrend,uptrend,uptrend,,positive,0.5244640447199345
98,PKN,2025-10-28 18:18:00,1,2025-10-30,100.6,uptrend,uptrend,uptrend,uptrend,0.007814065317571561,positive,0.5244640447199345
98,PKN,2025-10-28 18:18:00,2,2025-10-31,100.06,uptrend,uptrend,uptrend,uptrend,-0.005367793240556584,positive,0.5244640447199345
98,PKN,2025-10-28 18:18:00,3,2025-11-03,99.09,uptrend,uptrend,uptrend,uptrend,-0.009694183489906028,positive,0.5244640447199345
98,PKN,2025-10-28 18:18:00,4,2025-11-04,97.72,uptrend,uptrend,uptrend,uptrend,-0.013825814915733203,positive,0.5244640447199345
98,PKN,2025-10-28 18:18:00,5,2025-11-05,97.96,uptrend,uptrend,uptrend,uptrend,0.0024559967253376946,positive,0.5244640447199345
99,PKN,2025-10-28 13:19:00,0,2025-10-28,98.92,uptrend,uptrend,uptrend,uptrend,,neutral,-0.02624531090259552
99,PKN,2025-10-28 13:19:00,1,2025-10-29,99.82,uptrend,uptrend,uptrend,uptrend,0.00909826122118873,neutral,-0.02624531090259552
99,PKN,2025-10-28 13:19:00,2,2025-10-30,100.6,uptrend,uptrend,uptrend,uptrend,0.007814065317571561,neutral,-0.02624531090259552
99,PKN,2025-10-28 13:19:00,3,2025-10-31,100.06,uptrend,uptrend,uptrend,uptrend,-0.005367793240556584,neutral,-0.02624531090259552
99,PKN,2025-10-28 13:19:00,4,2025-11-03,99.09,uptrend,uptrend,uptrend,uptrend,-0.009694183489906028,neutral,-0.02624531090259552
99,PKN,2025-10-28 13:19:00,5,2025-11-04,97.72,uptrend,uptrend,uptrend,uptrend,-0.013825814915733203,neutral,-0.02624531090259552
100,PKN,2025-10-28 09:22:00,0,2025-10-28,98.92,uptrend,uptrend,uptrend,uptrend,,positive,0.9780602348037064
100,PKN,2025-10-28 09:22:00,1,2025-10-29,99.82,uptrend,uptrend,uptrend,uptrend,0.00909826122118873,positive,0.9780602348037064
100,PKN,2025-10-28 09:22:00,2,2025-10-30,100.6,uptrend,uptrend,uptrend,uptrend,0.007814065317571561,positive,0.9780602348037064
100,PKN,2025-10-28 09:22:00,3,2025-10-31,100.06,uptrend,uptrend,uptrend,uptrend,-0.005367793240556584,positive,0.9780602348037064
100,PKN,2025-10-28 09:22:00,4,2025-11-03,99.09,uptrend,uptrend,uptrend,uptrend,-0.009694183489906028,positive,0.9780602348037064
100,PKN,2025-10-28 09:22:00,5,2025-11-04,97.72,uptrend,uptrend,uptrend,uptrend,-0.013825814915733203,positive,0.9780602348037064
101,PKN,2025-10-27 17:16:00,0,2025-10-28,98.92,uptrend,uptrend,uptrend,uptrend,,positive,0.9783790761139244
101,PKN,2025-10-27 17:16:00,1,2025-10-29,99.82,uptrend,uptrend,uptrend,uptrend,0.00909826122118873,positive,0.9783790761139244
101,PKN,2025-10-27 17:16:00,2,2025-10-30,100.6,uptrend,uptrend,uptrend,uptrend,0.007814065317571561,positive,0.9783790761139244
101,PKN,2025-10-27 17:16:00,3,2025-10-31,100.06,uptrend,uptrend,uptrend,uptrend,-0.005367793240556584,positive,0.9783790761139244
101,PKN,2025-10-27 17:16:00,4,2025-11-03,99.09,uptrend,uptrend,uptrend,uptrend,-0.009694183489906028,positive,0.9783790761139244
101,PKN,2025-10-27 17:16:00,5,2025-11-04,97.72,uptrend,uptrend,uptrend,uptrend,-0.013825814915733203,positive,0.9783790761139244
102,PKN,2025-10-24 19:06:00,0,2025-10-27,97.9,uptrend,uptrend,uptrend,uptrend,,neutral,0.37643328309059143
102,PKN,2025-10-24 19:06:00,1,2025-10-28,98.92,uptrend,uptrend,uptrend,uptrend,0.010418794688457522,neutral,0.37643328309059143
102,PKN,2025-10-24 19:06:00,2,2025-10-29,99.82,uptrend,uptrend,uptrend,uptrend,0.00909826122118873,neutral,0.37643328309059143
102,PKN,2025-10-24 19:06:00,3,2025-10-30,100.6,uptrend,uptrend,uptrend,uptrend,0.007814065317571561,neutral,0.37643328309059143
102,PKN,2025-10-24 19:06:00,4,2025-10-31,100.06,uptrend,uptrend,uptrend,uptrend,-0.005367793240556584,neutral,0.37643328309059143
102,PKN,2025-10-24 19:06:00,5,2025-11-03,99.09,uptrend,uptrend,uptrend,uptrend,-0.009694183489906028,neutral,0.37643328309059143
103,PKN,2025-10-23 19:12:00,0,2025-10-24,97.65,uptrend,uptrend,uptrend,uptrend,,positive,0.39161113649606705
103,PKN,2025-10-23 19:12:00,1,2025-10-27,97.9,uptrend,uptrend,uptrend,uptrend,0.0025601638504864077,positive,0.39161113649606705
103,PKN,2025-10-23 19:12:00,2,2025-10-28,98.92,uptrend,uptrend,uptrend,uptrend,0.010418794688457522,positive,0.39161113649606705
103,PKN,2025-10-23 19:12:00,3,2025-10-29,99.82,uptrend,uptrend,uptrend,uptrend,0.00909826122118873,positive,0.39161113649606705
103,PKN,2025-10-23 19:12:00,4,2025-10-30,100.6,uptrend,uptrend,uptrend,uptrend,0.007814065317571561,positive,0.39161113649606705
103,PKN,2025-10-23 19:12:00,5,2025-10-31,100.06,uptrend,uptrend,uptrend,uptrend,-0.005367793240556584,positive,0.39161113649606705
104,PKN,2025-10-20 17:33:00,0,2025-10-21,91.82,uptrend,uptrend,horizontal,uptrend,,positive,0.9809341656509787
104,PKN,2025-10-20 17:33:00,1,2025-10-22,95.0,uptrend,uptrend,horizontal,uptrend,0.03463297756480088,positive,0.9809341656509787
104,PKN,2025-10-20 17:33:00,2,2025-10-23,97.3,uptrend,uptrend,uptrend,uptrend,0.02421052631578946,positive,0.9809341656509787
104,PKN,2025-10-20 17:33:00,3,2025-10-24,97.65,uptrend,uptrend,uptrend,uptrend,0.003597122302158251,positive,0.9809341656509787
104,PKN,2025-10-20 17:33:00,4,2025-10-27,97.9,uptrend,uptrend,uptrend,uptrend,0.0025601638504864077,positive,0.9809341656509787
104,PKN,2025-10-20 17:33:00,5,2025-10-28,98.92,uptrend,uptrend,uptrend,uptrend,0.010418794688457522,positive,0.9809341656509787
105,PKN,2025-10-15 14:47:00,0,2025-10-15,89.34,uptrend,uptrend,horizontal,uptrend,,neutral,-0.1450265720486641
105,PKN,2025-10-15 14:47:00,1,2025-10-16,89.94,uptrend,uptrend,horizontal,uptrend,0.006715916722632498,neutral,-0.1450265720486641
105,PKN,2025-10-15 14:47:00,2,2025-10-17,88.85,uptrend,uptrend,horizontal,uptrend,-0.012119190571492133,neutral,-0.1450265720486641
105,PKN,2025-10-15 14:47:00,3,2025-10-20,92.09,uptrend,uptrend,horizontal,uptrend,0.03646595385481155,neutral,-0.1450265720486641
105,PKN,2025-10-15 14:47:00,4,2025-10-21,91.82,uptrend,uptrend,horizontal,uptrend,-0.0029319144315345103,neutral,-0.1450265720486641
105,PKN,2025-10-15 14:47:00,5,2025-10-22,95.0,uptrend,uptrend,horizontal,uptrend,0.03463297756480088,neutral,-0.1450265720486641
106,PKN,2025-10-15 06:49:00,0,2025-10-15,89.34,uptrend,uptrend,horizontal,uptrend,,positive,0.9752892195247114
106,PKN,2025-10-15 06:49:00,1,2025-10-16,89.94,uptrend,uptrend,horizontal,uptrend,0.006715916722632498,positive,0.9752892195247114
106,PKN,2025-10-15 06:49:00,2,2025-10-17,88.85,uptrend,uptrend,horizontal,uptrend,-0.012119190571492133,positive,0.9752892195247114
106,PKN,2025-10-15 06:49:00,3,2025-10-20,92.09,uptrend,uptrend,horizontal,uptrend,0.03646595385481155,positive,0.9752892195247114
106,PKN,2025-10-15 06:49:00,4,2025-10-21,91.82,uptrend,uptrend,horizontal,uptrend,-0.0029319144315345103,positive,0.9752892195247114
106,PKN,2025-10-15 06:49:00,5,2025-10-22,95.0,uptrend,uptrend,horizontal,uptrend,0.03463297756480088,positive,0.9752892195247114
107,PKN,2025-10-13 16:53:00,0,2025-10-13,88.63,uptrend,uptrend,horizontal,uptrend,,neutral,-0.2692829966545105
107,PKN,2025-10-13 16:53:00,1,2025-10-14,87.13,uptrend,uptrend,horizontal,uptrend,-0.016924292000451313,neutral,-0.2692829966545105
107,PKN,2025-10-13 16:53:00,2,2025-10-15,89.34,uptrend,uptrend,horizontal,uptrend,0.025364398025938373,neutral,-0.2692829966545105
107,PKN,2025-10-13 16:53:00,3,2025-10-16,89.94,uptrend,uptrend,horizontal,uptrend,0.006715916722632498,neutral,-0.2692829966545105
107,PKN,2025-10-13 16:53:00,4,2025-10-17,88.85,uptrend,uptrend,horizontal,uptrend,-0.012119190571492133,neutral,-0.2692829966545105
107,PKN,2025-10-13 16:53:00,5,2025-10-20,92.09,uptrend,uptrend,horizontal,uptrend,0.03646595385481155,neutral,-0.2692829966545105
108,PKN,2025-10-13 09:55:00,0,2025-10-13,88.63,uptrend,uptrend,horizontal,uptrend,,neutral,-0.13538642600178719
108,PKN,2025-10-13 09:55:00,1,2025-10-14,87.13,uptrend,uptrend,horizontal,uptrend,-0.016924292000451313,neutral,-0.13538642600178719
108,PKN,2025-10-13 09:55:00,2,2025-10-15,89.34,uptrend,uptrend,horizontal,uptrend,0.025364398025938373,neutral,-0.13538642600178719
108,PKN,2025-10-13 09:55:00,3,2025-10-16,89.94,uptrend,uptrend,horizontal,uptrend,0.006715916722632498,neutral,-0.13538642600178719
108,PKN,2025-10-13 09:55:00,4,2025-10-17,88.85,uptrend,uptrend,horizontal,uptrend,-0.012119190571492133,neutral,-0.13538642600178719
108,PKN,2025-10-13 09:55:00,5,2025-10-20,92.09,uptrend,uptrend,horizontal,uptrend,0.03646595385481155,neutral,-0.13538642600178719
109,PKN,2025-10-08 17:47:00,0,2025-10-09,88.88,uptrend,uptrend,horizontal,uptrend,,neutral,-0.15261555463075638
109,PKN,2025-10-08 17:47:00,1,2025-10-10,89.0,uptrend,uptrend,horizontal,uptrend,0.0013501350135014523,neutral,-0.15261555463075638
109,PKN,2025-10-08 17:47:00,2,2025-10-13,88.63,uptrend,uptrend,horizontal,uptrend,-0.004157303370786569,neutral,-0.15261555463075638
109,PKN,2025-10-08 17:47:00,3,2025-10-14,87.13,uptrend,uptrend,horizontal,uptrend,-0.016924292000451313,neutral,-0.15261555463075638
109,PKN,2025-10-08 17:47:00,4,2025-10-15,89.34,uptrend,uptrend,horizontal,uptrend,0.025364398025938373,neutral,-0.15261555463075638
109,PKN,2025-10-08 17:47:00,5,2025-10-16,89.94,uptrend,uptrend,horizontal,uptrend,0.006715916722632498,neutral,-0.15261555463075638
110,PKN,2025-10-07 19:58:00,0,2025-10-08,88.1,uptrend,uptrend,horizontal,uptrend,,positive,0.7942043710500002
110,PKN,2025-10-07 19:58:00,1,2025-10-09,88.88,uptrend,uptrend,horizontal,uptrend,0.008853575482406395,positive,0.7942043710500002
110,PKN,2025-10-07 19:58:00,2,2025-10-10,89.0,uptrend,uptrend,horizontal,uptrend,0.0013501350135014523,positive,0.7942043710500002
110,PKN,2025-10-07 19:58:00,3,2025-10-13,88.63,uptrend,uptrend,horizontal,uptrend,-0.004157303370786569,positive,0.7942043710500002
110,PKN,2025-10-07 19:58:00,4,2025-10-14,87.13,uptrend,uptrend,horizontal,uptrend,-0.016924292000451313,positive,0.7942043710500002
110,PKN,2025-10-07 19:58:00,5,2025-10-15,89.34,uptrend,uptrend,horizontal,uptrend,0.025364398025938373,positive,0.7942043710500002
111,PKN,2025-10-07 14:45:00,0,2025-10-07,87.23,uptrend,uptrend,horizontal,uptrend,,neutral,-0.10269995033740997
111,PKN,2025-10-07 14:45:00,1,2025-10-08,88.1,uptrend,uptrend,horizontal,uptrend,0.009973632924452414,neutral,-0.10269995033740997
111,PKN,2025-10-07 14:45:00,2,2025-10-09,88.88,uptrend,uptrend,horizontal,uptrend,0.008853575482406395,neutral,-0.10269995033740997
111,PKN,2025-10-07 14:45:00,3,2025-10-10,89.0,uptrend,uptrend,horizontal,uptrend,0.0013501350135014523,neutral,-0.10269995033740997
111,PKN,2025-10-07 14:45:00,4,2025-10-13,88.63,uptrend,uptrend,horizontal,uptrend,-0.004157303370786569,neutral,-0.10269995033740997
111,PKN,2025-10-07 14:45:00,5,2025-10-14,87.13,uptrend,uptrend,horizontal,uptrend,-0.016924292000451313,neutral,-0.10269995033740997
112,PKN,2025-10-07 12:32:00,0,2025-10-07,87.23,uptrend,uptrend,horizontal,uptrend,,positive,0.985196154913865
112,PKN,2025-10-07 12:32:00,1,2025-10-08,88.1,uptrend,uptrend,horizontal,uptrend,0.009973632924452414,positive,0.985196154913865
112,PKN,2025-10-07 12:32:00,2,2025-10-09,88.88,uptrend,uptrend,horizontal,uptrend,0.008853575482406395,positive,0.985196154913865
112,PKN,2025-10-07 12:32:00,3,2025-10-10,89.0,uptrend,uptrend,horizontal,uptrend,0.0013501350135014523,positive,0.985196154913865
112,PKN,2025-10-07 12:32:00,4,2025-10-13,88.63,uptrend,uptrend,horizontal,uptrend,-0.004157303370786569,positive,0.985196154913865
112,PKN,2025-10-07 12:32:00,5,2025-10-14,87.13,uptrend,uptrend,horizontal,uptrend,-0.016924292000451313,positive,0.985196154913865
113,PKN,2025-10-07 12:06:00,0,2025-10-07,87.23,uptrend,uptrend,horizontal,uptrend,,positive,0.9396791942417622
113,PKN,2025-10-07 12:06:00,1,2025-10-08,88.1,uptrend,uptrend,horizontal,uptrend,0.009973632924452414,positive,0.9396791942417622
113,PKN,2025-10-07 12:06:00,2,2025-10-09,88.88,uptrend,uptrend,horizontal,uptrend,0.008853575482406395,positive,0.9396791942417622
113,PKN,2025-10-07 12:06:00,3,2025-10-10,89.0,uptrend,uptrend,horizontal,uptrend,0.0013501350135014523,positive,0.9396791942417622
113,PKN,2025-10-07 12:06:00,4,2025-10-13,88.63,uptrend,uptrend,horizontal,uptrend,-0.004157303370786569,positive,0.9396791942417622
113,PKN,2025-10-07 12:06:00,5,2025-10-14,87.13,uptrend,uptrend,horizontal,uptrend,-0.016924292000451313,positive,0.9396791942417622
114,PKN,2025-10-07 11:25:00,0,2025-10-07,87.23,uptrend,uptrend,horizontal,uptrend,,positive,0.9958919229102321
114,PKN,2025-10-07 11:25:00,1,2025-10-08,88.1,uptrend,uptrend,horizontal,uptrend,0.009973632924452414,positive,0.9958919229102321
114,PKN,2025-10-07 11:25:00,2,2025-10-09,88.88,uptrend,uptrend,horizontal,uptrend,0.008853575482406395,positive,0.9958919229102321
114,PKN,2025-10-07 11:25:00,3,2025-10-10,89.0,uptrend,uptrend,horizontal,uptrend,0.0013501350135014523,positive,0.9958919229102321
114,PKN,2025-10-07 11:25:00,4,2025-10-13,88.63,uptrend,uptrend,horizontal,uptrend,-0.004157303370786569,positive,0.9958919229102321
114,PKN,2025-10-07 11:25:00,5,2025-10-14,87.13,uptrend,uptrend,horizontal,uptrend,-0.016924292000451313,positive,0.9958919229102321
115,PKN,2025-10-03 12:28:00,0,2025-10-03,86.15,uptrend,uptrend,horizontal,uptrend,,positive,0.4581960178911686
115,PKN,2025-10-03 12:28:00,1,2025-10-06,85.61,uptrend,uptrend,horizontal,uptrend,-0.006268136970400517,positive,0.4581960178911686
115,PKN,2025-10-03 12:28:00,2,2025-10-07,87.23,uptrend,uptrend,horizontal,uptrend,0.01892302301133042,positive,0.4581960178911686
115,PKN,2025-10-03 12:28:00,3,2025-10-08,88.1,uptrend,uptrend,horizontal,uptrend,0.009973632924452414,positive,0.4581960178911686
115,PKN,2025-10-03 12:28:00,4,2025-10-09,88.88,uptrend,uptrend,horizontal,uptrend,0.008853575482406395,positive,0.4581960178911686
115,PKN,2025-10-03 12:28:00,5,2025-10-10,89.0,uptrend,uptrend,horizontal,uptrend,0.0013501350135014523,positive,0.4581960178911686
116,PKN,2025-10-03 06:00:00,0,2025-10-03,86.15,uptrend,uptrend,horizontal,uptrend,,positive,0.9755421634763479
116,PKN,2025-10-03 06:00:00,1,2025-10-06,85.61,uptrend,uptrend,horizontal,uptrend,-0.006268136970400517,positive,0.9755421634763479
116,PKN,2025-10-03 06:00:00,2,2025-10-07,87.23,uptrend,uptrend,horizontal,uptrend,0.01892302301133042,positive,0.9755421634763479
116,PKN,2025-10-03 06:00:00,3,2025-10-08,88.1,uptrend,uptrend,horizontal,uptrend,0.009973632924452414,positive,0.9755421634763479
116,PKN,2025-10-03 06:00:00,4,2025-10-09,88.88,uptrend,uptrend,horizontal,uptrend,0.008853575482406395,positive,0.9755421634763479
116,PKN,2025-10-03 06:00:00,5,2025-10-10,89.0,uptrend,uptrend,horizontal,uptrend,0.0013501350135014523,positive,0.9755421634763479
117,PKN,2025-10-02 13:38:00,0,2025-10-02,86.61,uptrend,uptrend,horizontal,uptrend,,positive,0.7577107902616262
117,PKN,2025-10-02 13:38:00,1,2025-10-03,86.15,uptrend,uptrend,horizontal,uptrend,-0.0053111649924950655,positive,0.7577107902616262
117,PKN,2025-10-02 13:38:00,2,2025-10-06,85.61,uptrend,uptrend,horizontal,uptrend,-0.006268136970400517,positive,0.7577107902616262
117,PKN,2025-10-02 13:38:00,3,2025-10-07,87.23,uptrend,uptrend,horizontal,uptrend,0.01892302301133042,positive,0.7577107902616262
117,PKN,2025-10-02 13:38:00,4,2025-10-08,88.1,uptrend,uptrend,horizontal,uptrend,0.009973632924452414,positive,0.7577107902616262
117,PKN,2025-10-02 13:38:00,5,2025-10-09,88.88,uptrend,uptrend,horizontal,uptrend,0.008853575482406395,positive,0.7577107902616262
118,PKN,2025-10-01 11:58:00,0,2025-10-01,87.85,uptrend,uptrend,horizontal,uptrend,,positive,0.9899535623844713
118,PKN,2025-10-01 11:58:00,1,2025-10-02,86.61,uptrend,uptrend,horizontal,uptrend,-0.014114968696641972,positive,0.9899535623844713
118,PKN,2025-10-01 11:58:00,2,2025-10-03,86.15,uptrend,uptrend,horizontal,uptrend,-0.0053111649924950655,positive,0.9899535623844713
118,PKN,2025-10-01 11:58:00,3,2025-10-06,85.61,uptrend,uptrend,horizontal,uptrend,-0.006268136970400517,positive,0.9899535623844713
118,PKN,2025-10-01 11:58:00,4,2025-10-07,87.23,uptrend,uptrend,horizontal,uptrend,0.01892302301133042,positive,0.9899535623844713
118,PKN,2025-10-01 11:58:00,5,2025-10-08,88.1,uptrend,uptrend,horizontal,uptrend,0.009973632924452414,positive,0.9899535623844713
119,PKN,2025-10-01 08:20:00,0,2025-10-01,87.85,uptrend,uptrend,horizontal,uptrend,,positive,0.8970272978767753
119,PKN,2025-10-01 08:20:00,1,2025-10-02,86.61,uptrend,uptrend,horizontal,uptrend,-0.014114968696641972,positive,0.8970272978767753
119,PKN,2025-10-01 08:20:00,2,2025-10-03,86.15,uptrend,uptrend,horizontal,uptrend,-0.0053111649924950655,positive,0.8970272978767753
119,PKN,2025-10-01 08:20:00,3,2025-10-06,85.61,uptrend,uptrend,horizontal,uptrend,-0.006268136970400517,positive,0.8970272978767753
119,PKN,2025-10-01 08:20:00,4,2025-10-07,87.23,uptrend,uptrend,horizontal,uptrend,0.01892302301133042,positive,0.8970272978767753
119,PKN,2025-10-01 08:20:00,5,2025-10-08,88.1,uptrend,uptrend,horizontal,uptrend,0.009973632924452414,positive,0.8970272978767753
120,PKN,2025-09-30 10:50:00,0,2025-09-30,86.52,uptrend,uptrend,horizontal,uptrend,,positive,0.9958591064205393
120,PKN,2025-09-30 10:50:00,1,2025-10-01,87.85,uptrend,uptrend,horizontal,uptrend,0.0153721682847896,positive,0.9958591064205393
120,PKN,2025-09-30 10:50:00,2,2025-10-02,86.61,uptrend,uptrend,horizontal,uptrend,-0.014114968696641972,positive,0.9958591064205393
120,PKN,2025-09-30 10:50:00,3,2025-10-03,86.15,uptrend,uptrend,horizontal,uptrend,-0.0053111649924950655,positive,0.9958591064205393
120,PKN,2025-09-30 10:50:00,4,2025-10-06,85.61,uptrend,uptrend,horizontal,uptrend,-0.006268136970400517,positive,0.9958591064205393
120,PKN,2025-09-30 10:50:00,5,2025-10-07,87.23,uptrend,uptrend,horizontal,uptrend,0.01892302301133042,positive,0.9958591064205393
121,PKN,2025-09-29 10:51:00,0,2025-09-29,88.28,uptrend,uptrend,horizontal,uptrend,,positive,0.4378959722816944
121,PKN,2025-09-29 10:51:00,1,2025-09-30,86.52,uptrend,uptrend,horizontal,uptrend,-0.01993656547349354,positive,0.4378959722816944
121,PKN,2025-09-29 10:51:00,2,2025-10-01,87.85,uptrend,uptrend,horizontal,uptrend,0.0153721682847896,positive,0.4378959722816944
121,PKN,2025-09-29 10:51:00,3,2025-10-02,86.61,uptrend,uptrend,horizontal,uptrend,-0.014114968696641972,positive,0.4378959722816944
121,PKN,2025-09-29 10:51:00,4,2025-10-03,86.15,uptrend,uptrend,horizontal,uptrend,-0.0053111649924950655,positive,0.4378959722816944
121,PKN,2025-09-29 10:51:00,5,2025-10-06,85.61,uptrend,uptrend,horizontal,uptrend,-0.006268136970400517,positive,0.4378959722816944
122,PKN,2025-09-29 10:20:00,0,2025-09-29,88.28,uptrend,uptrend,horizontal,uptrend,,positive,0.9922818333143368
122,PKN,2025-09-29 10:20:00,1,2025-09-30,86.52,uptrend,uptrend,horizontal,uptrend,-0.01993656547349354,positive,0.9922818333143368
122,PKN,2025-09-29 10:20:00,2,2025-10-01,87.85,uptrend,uptrend,horizontal,uptrend,0.0153721682847896,positive,0.9922818333143368
122,PKN,2025-09-29 10:20:00,3,2025-10-02,86.61,uptrend,uptrend,horizontal,uptrend,-0.014114968696641972,positive,0.9922818333143368
122,PKN,2025-09-29 10:20:00,4,2025-10-03,86.15,uptrend,uptrend,horizontal,uptrend,-0.0053111649924950655,positive,0.9922818333143368
122,PKN,2025-09-29 10:20:00,5,2025-10-06,85.61,uptrend,uptrend,horizontal,uptrend,-0.006268136970400517,positive,0.9922818333143368
123,PKN,2025-09-26 17:16:00,0,2025-09-29,88.28,uptrend,uptrend,horizontal,uptrend,,positive,0.9227440643589944
123,PKN,2025-09-26 17:16:00,1,2025-09-30,86.52,uptrend,uptrend,horizontal,uptrend,-0.01993656547349354,positive,0.9227440643589944
123,PKN,2025-09-26 17:16:00,2,2025-10-01,87.85,uptrend,uptrend,horizontal,uptrend,0.0153721682847896,positive,0.9227440643589944
123,PKN,2025-09-26 17:16:00,3,2025-10-02,86.61,uptrend,uptrend,horizontal,uptrend,-0.014114968696641972,positive,0.9227440643589944
123,PKN,2025-09-26 17:16:00,4,2025-10-03,86.15,uptrend,uptrend,horizontal,uptrend,-0.0053111649924950655,positive,0.9227440643589944
123,PKN,2025-09-26 17:16:00,5,2025-10-06,85.61,uptrend,uptrend,horizontal,uptrend,-0.006268136970400517,positive,0.9227440643589944
124,PKN,2025-09-26 12:04:00,0,2025-09-26,89.14,uptrend,uptrend,horizontal,uptrend,,positive,0.9960356231895275
124,PKN,2025-09-26 12:04:00,1,2025-09-29,88.28,uptrend,uptrend,horizontal,uptrend,-0.009647745120035855,positive,0.9960356231895275
124,PKN,2025-09-26 12:04:00,2,2025-09-30,86.52,uptrend,uptrend,horizontal,uptrend,-0.01993656547349354,positive,0.9960356231895275
124,PKN,2025-09-26 12:04:00,3,2025-10-01,87.85,uptrend,uptrend,horizontal,uptrend,0.0153721682847896,positive,0.9960356231895275
124,PKN,2025-09-26 12:04:00,4,2025-10-02,86.61,uptrend,uptrend,horizontal,uptrend,-0.014114968696641972,positive,0.9960356231895275
124,PKN,2025-09-26 12:04:00,5,2025-10-03,86.15,uptrend,uptrend,horizontal,uptrend,-0.0053111649924950655,positive,0.9960356231895275
125,PKN,2025-09-26 11:06:00,0,2025-09-26,89.14,uptrend,uptrend,horizontal,uptrend,,positive,0.9905549385002814
125,PKN,2025-09-26 11:06:00,1,2025-09-29,88.28,uptrend,uptrend,horizontal,uptrend,-0.009647745120035855,positive,0.9905549385002814
125,PKN,2025-09-26 11:06:00,2,2025-09-30,86.52,uptrend,uptrend,horizontal,uptrend,-0.01993656547349354,positive,0.9905549385002814
125,PKN,2025-09-26 11:06:00,3,2025-10-01,87.85,uptrend,uptrend,horizontal,uptrend,0.0153721682847896,positive,0.9905549385002814
125,PKN,2025-09-26 11:06:00,4,2025-10-02,86.61,uptrend,uptrend,horizontal,uptrend,-0.014114968696641972,positive,0.9905549385002814
125,PKN,2025-09-26 11:06:00,5,2025-10-03,86.15,uptrend,uptrend,horizontal,uptrend,-0.0053111649924950655,positive,0.9905549385002814
126,PKN,2025-09-25 13:20:00,0,2025-09-25,88.75,uptrend,uptrend,horizontal,uptrend,,neutral,-0.0056236907839775085
126,PKN,2025-09-25 13:20:00,1,2025-09-26,89.14,uptrend,uptrend,horizontal,uptrend,0.0043943661971830306,neutral,-0.0056236907839775085
126,PKN,2025-09-25 13:20:00,2,2025-09-29,88.28,uptrend,uptrend,horizontal,uptrend,-0.009647745120035855,neutral,-0.0056236907839775085
126,PKN,2025-09-25 13:20:00,3,2025-09-30,86.52,uptrend,uptrend,horizontal,uptrend,-0.01993656547349354,neutral,-0.0056236907839775085
126,PKN,2025-09-25 13:20:00,4,2025-10-01,87.85,uptrend,uptrend,horizontal,uptrend,0.0153721682847896,neutral,-0.0056236907839775085
126,PKN,2025-09-25 13:20:00,5,2025-10-02,86.61,uptrend,uptrend,horizontal,uptrend,-0.014114968696641972,neutral,-0.0056236907839775085
127,PKN,2025-09-25 11:18:00,0,2025-09-25,88.75,uptrend,uptrend,horizontal,uptrend,,positive,0.9802313725231215
127,PKN,2025-09-25 11:18:00,1,2025-09-26,89.14,uptrend,uptrend,horizontal,uptrend,0.0043943661971830306,positive,0.9802313725231215
127,PKN,2025-09-25 11:18:00,2,2025-09-29,88.28,uptrend,uptrend,horizontal,uptrend,-0.009647745120035855,positive,0.9802313725231215
127,PKN,2025-09-25 11:18:00,3,2025-09-30,86.52,uptrend,uptrend,horizontal,uptrend,-0.01993656547349354,positive,0.9802313725231215
127,PKN,2025-09-25 11:18:00,4,2025-10-01,87.85,uptrend,uptrend,horizontal,uptrend,0.0153721682847896,positive,0.9802313725231215
127,PKN,2025-09-25 11:18:00,5,2025-10-02,86.61,uptrend,uptrend,horizontal,uptrend,-0.014114968696641972,positive,0.9802313725231215
128,PKN,2025-09-25 10:50:00,0,2025-09-25,88.75,uptrend,uptrend,horizontal,uptrend,,positive,0.8311343174427748
128,PKN,2025-09-25 10:50:00,1,2025-09-26,89.14,uptrend,uptrend,horizontal,uptrend,0.0043943661971830306,positive,0.8311343174427748
128,PKN,2025-09-25 10:50:00,2,2025-09-29,88.28,uptrend,uptrend,horizontal,uptrend,-0.009647745120035855,positive,0.8311343174427748
128,PKN,2025-09-25 10:50:00,3,2025-09-30,86.52,uptrend,uptrend,horizontal,uptrend,-0.01993656547349354,positive,0.8311343174427748
128,PKN,2025-09-25 10:50:00,4,2025-10-01,87.85,uptrend,uptrend,horizontal,uptrend,0.0153721682847896,positive,0.8311343174427748
128,PKN,2025-09-25 10:50:00,5,2025-10-02,86.61,uptrend,uptrend,horizontal,uptrend,-0.014114968696641972,positive,0.8311343174427748
129,PKN,2025-09-25 08:16:00,0,2025-09-25,88.75,uptrend,uptrend,horizontal,uptrend,,positive,0.7084742588922381
129,PKN,2025-09-25 08:16:00,1,2025-09-26,89.14,uptrend,uptrend,horizontal,uptrend,0.0043943661971830306,positive,0.7084742588922381
129,PKN,2025-09-25 08:16:00,2,2025-09-29,88.28,uptrend,uptrend,horizontal,uptrend,-0.009647745120035855,positive,0.7084742588922381
129,PKN,2025-09-25 08:16:00,3,2025-09-30,86.52,uptrend,uptrend,horizontal,uptrend,-0.01993656547349354,positive,0.7084742588922381
129,PKN,2025-09-25 08:16:00,4,2025-10-01,87.85,uptrend,uptrend,horizontal,uptrend,0.0153721682847896,positive,0.7084742588922381
129,PKN,2025-09-25 08:16:00,5,2025-10-02,86.61,uptrend,uptrend,horizontal,uptrend,-0.014114968696641972,positive,0.7084742588922381
130,PKN,2025-09-25 08:14:00,0,2025-09-25,88.75,uptrend,uptrend,horizontal,uptrend,,positive,0.9465640403795987
130,PKN,2025-09-25 08:14:00,1,2025-09-26,89.14,uptrend,uptrend,horizontal,uptrend,0.0043943661971830306,positive,0.9465640403795987
130,PKN,2025-09-25 08:14:00,2,2025-09-29,88.28,uptrend,uptrend,horizontal,uptrend,-0.009647745120035855,positive,0.9465640403795987
130,PKN,2025-09-25 08:14:00,3,2025-09-30,86.52,uptrend,uptrend,horizontal,uptrend,-0.01993656547349354,positive,0.9465640403795987
130,PKN,2025-09-25 08:14:00,4,2025-10-01,87.85,uptrend,uptrend,horizontal,uptrend,0.0153721682847896,positive,0.9465640403795987
130,PKN,2025-09-25 08:14:00,5,2025-10-02,86.61,uptrend,uptrend,horizontal,uptrend,-0.014114968696641972,positive,0.9465640403795987
131,PKN,2025-09-24 11:50:00,0,2025-09-24,88.44,uptrend,uptrend,horizontal,uptrend,,positive,0.8909589201211929
131,PKN,2025-09-24 11:50:00,1,2025-09-25,88.75,uptrend,uptrend,horizontal,uptrend,0.003505201266395419,positive,0.8909589201211929
131,PKN,2025-09-24 11:50:00,2,2025-09-26,89.14,uptrend,uptrend,horizontal,uptrend,0.0043943661971830306,positive,0.8909589201211929
131,PKN,2025-09-24 11:50:00,3,2025-09-29,88.28,uptrend,uptrend,horizontal,uptrend,-0.009647745120035855,positive,0.8909589201211929
131,PKN,2025-09-24 11:50:00,4,2025-09-30,86.52,uptrend,uptrend,horizontal,uptrend,-0.01993656547349354,positive,0.8909589201211929
131,PKN,2025-09-24 11:50:00,5,2025-10-01,87.85,uptrend,uptrend,horizontal,uptrend,0.0153721682847896,positive,0.8909589201211929
132,PKN,2025-09-24 09:04:00,0,2025-09-24,88.44,uptrend,uptrend,horizontal,uptrend,,positive,0.968345801346004
132,PKN,2025-09-24 09:04:00,1,2025-09-25,88.75,uptrend,uptrend,horizontal,uptrend,0.003505201266395419,positive,0.968345801346004
132,PKN,2025-09-24 09:04:00,2,2025-09-26,89.14,uptrend,uptrend,horizontal,uptrend,0.0043943661971830306,positive,0.968345801346004
132,PKN,2025-09-24 09:04:00,3,2025-09-29,88.28,uptrend,uptrend,horizontal,uptrend,-0.009647745120035855,positive,0.968345801346004
132,PKN,2025-09-24 09:04:00,4,2025-09-30,86.52,uptrend,uptrend,horizontal,uptrend,-0.01993656547349354,positive,0.968345801346004
132,PKN,2025-09-24 09:04:00,5,2025-10-01,87.85,uptrend,uptrend,horizontal,uptrend,0.0153721682847896,positive,0.968345801346004
133,PKN,2025-09-22 22:44:00,0,2025-09-23,84.97,uptrend,uptrend,horizontal,uptrend,,positive,0.904393695294857
133,PKN,2025-09-22 22:44:00,1,2025-09-24,88.44,uptrend,uptrend,horizontal,uptrend,0.0408379428033423,positive,0.904393695294857
133,PKN,2025-09-22 22:44:00,2,2025-09-25,88.75,uptrend,uptrend,horizontal,uptrend,0.003505201266395419,positive,0.904393695294857
133,PKN,2025-09-22 22:44:00,3,2025-09-26,89.14,uptrend,uptrend,horizontal,uptrend,0.0043943661971830306,positive,0.904393695294857
133,PKN,2025-09-22 22:44:00,4,2025-09-29,88.28,uptrend,uptrend,horizontal,uptrend,-0.009647745120035855,positive,0.904393695294857
133,PKN,2025-09-22 22:44:00,5,2025-09-30,86.52,uptrend,uptrend,horizontal,uptrend,-0.01993656547349354,positive,0.904393695294857
134,PKN,2025-09-22 08:54:00,0,2025-09-22,82.22,uptrend,horizontal,horizontal,uptrend,,positive,0.9959776057803538
134,PKN,2025-09-22 08:54:00,1,2025-09-23,84.97,uptrend,uptrend,horizontal,uptrend,0.033446849914862575,positive,0.9959776057803538
134,PKN,2025-09-22 08:54:00,2,2025-09-24,88.44,uptrend,uptrend,horizontal,uptrend,0.0408379428033423,positive,0.9959776057803538
134,PKN,2025-09-22 08:54:00,3,2025-09-25,88.75,uptrend,uptrend,horizontal,uptrend,0.003505201266395419,positive,0.9959776057803538
134,PKN,2025-09-22 08:54:00,4,2025-09-26,89.14,uptrend,uptrend,horizontal,uptrend,0.0043943661971830306,positive,0.9959776057803538
134,PKN,2025-09-22 08:54:00,5,2025-09-29,88.28,uptrend,uptrend,horizontal,uptrend,-0.009647745120035855,positive,0.9959776057803538
135,PKN,2025-09-19 19:26:00,0,2025-09-22,82.22,uptrend,horizontal,horizontal,uptrend,,neutral,0.19360411912202835
135,PKN,2025-09-19 19:26:00,1,2025-09-23,84.97,uptrend,uptrend,horizontal,uptrend,0.033446849914862575,neutral,0.19360411912202835
135,PKN,2025-09-19 19:26:00,2,2025-09-24,88.44,uptrend,uptrend,horizontal,uptrend,0.0408379428033423,neutral,0.19360411912202835
135,PKN,2025-09-19 19:26:00,3,2025-09-25,88.75,uptrend,uptrend,horizontal,uptrend,0.003505201266395419,neutral,0.19360411912202835
135,PKN,2025-09-19 19:26:00,4,2025-09-26,89.14,uptrend,uptrend,horizontal,uptrend,0.0043943661971830306,neutral,0.19360411912202835
135,PKN,2025-09-19 19:26:00,5,2025-09-29,88.28,uptrend,uptrend,horizontal,uptrend,-0.009647745120035855,neutral,0.19360411912202835
136,PKN,2025-09-19 19:16:00,0,2025-09-22,82.22,uptrend,horizontal,horizontal,uptrend,,neutral,0.42935774102807045
136,PKN,2025-09-19 19:16:00,1,2025-09-23,84.97,uptrend,uptrend,horizontal,uptrend,0.033446849914862575,neutral,0.42935774102807045
136,PKN,2025-09-19 19:16:00,2,2025-09-24,88.44,uptrend,uptrend,horizontal,uptrend,0.0408379428033423,neutral,0.42935774102807045
136,PKN,2025-09-19 19:16:00,3,2025-09-25,88.75,uptrend,uptrend,horizontal,uptrend,0.003505201266395419,neutral,0.42935774102807045
136,PKN,2025-09-19 19:16:00,4,2025-09-26,89.14,uptrend,uptrend,horizontal,uptrend,0.0043943661971830306,neutral,0.42935774102807045
136,PKN,2025-09-19 19:16:00,5,2025-09-29,88.28,uptrend,uptrend,horizontal,uptrend,-0.009647745120035855,neutral,0.42935774102807045
137,PKN,2025-09-17 10:14:00,0,2025-09-17,82.22,uptrend,horizontal,horizontal,horizontal,,positive,0.9879237258573994
137,PKN,2025-09-17 10:14:00,1,2025-09-18,82.13,uptrend,horizontal,horizontal,horizontal,-0.0010946241790319444,positive,0.9879237258573994
137,PKN,2025-09-17 10:14:00,2,2025-09-19,81.52,uptrend,horizontal,horizontal,horizontal,-0.007427249482527709,positive,0.9879237258573994
137,PKN,2025-09-17 10:14:00,3,2025-09-22,82.22,uptrend,horizontal,horizontal,uptrend,0.008586849852796785,positive,0.9879237258573994
137,PKN,2025-09-17 10:14:00,4,2025-09-23,84.97,uptrend,uptrend,horizontal,uptrend,0.033446849914862575,positive,0.9879237258573994
137,PKN,2025-09-17 10:14:00,5,2025-09-24,88.44,uptrend,uptrend,horizontal,uptrend,0.0408379428033423,positive,0.9879237258573994
138,PKN,2025-09-15 16:16:00,0,2025-09-15,82.75,horizontal,horizontal,horizontal,horizontal,,positive,0.9821792270522565
138,PKN,2025-09-15 16:16:00,1,2025-09-16,82.46,uptrend,horizontal,horizontal,horizontal,-0.003504531722054449,positive,0.9821792270522565
138,PKN,2025-09-15 16:16:00,2,2025-09-17,82.22,uptrend,horizontal,horizontal,horizontal,-0.002910502061605591,positive,0.9821792270522565
138,PKN,2025-09-15 16:16:00,3,2025-09-18,82.13,uptrend,horizontal,horizontal,horizontal,-0.0010946241790319444,positive,0.9821792270522565
138,PKN,2025-09-15 16:16:00,4,2025-09-19,81.52,uptrend,horizontal,horizontal,horizontal,-0.007427249482527709,positive,0.9821792270522565
138,PKN,2025-09-15 16:16:00,5,2025-09-22,82.22,uptrend,horizontal,horizontal,uptrend,0.008586849852796785,positive,0.9821792270522565
139,PKN,2025-09-15 11:30:00,0,2025-09-15,82.75,horizontal,horizontal,horizontal,horizontal,,positive,0.9913770117564127
139,PKN,2025-09-15 11:30:00,1,2025-09-16,82.46,uptrend,horizontal,horizontal,horizontal,-0.003504531722054449,positive,0.9913770117564127
139,PKN,2025-09-15 11:30:00,2,2025-09-17,82.22,uptrend,horizontal,horizontal,horizontal,-0.002910502061605591,positive,0.9913770117564127
139,PKN,2025-09-15 11:30:00,3,2025-09-18,82.13,uptrend,horizontal,horizontal,horizontal,-0.0010946241790319444,positive,0.9913770117564127
139,PKN,2025-09-15 11:30:00,4,2025-09-19,81.52,uptrend,horizontal,horizontal,horizontal,-0.007427249482527709,positive,0.9913770117564127
139,PKN,2025-09-15 11:30:00,5,2025-09-22,82.22,uptrend,horizontal,horizontal,uptrend,0.008586849852796785,positive,0.9913770117564127
140,PKN,2025-09-10 13:10:00,0,2025-09-10,80.59,downtrend,horizontal,downtrend,horizontal,,negative,-0.4706416130065918
140,PKN,2025-09-10 13:10:00,1,2025-09-11,82.6,horizontal,horizontal,horizontal,horizontal,0.024941059684824296,negative,-0.4706416130065918
140,PKN,2025-09-10 13:10:00,2,2025-09-12,81.24,horizontal,horizontal,horizontal,horizontal,-0.016464891041162222,negative,-0.4706416130065918
140,PKN,2025-09-10 13:10:00,3,2025-09-15,82.75,horizontal,horizontal,horizontal,horizontal,0.018586903003446675,negative,-0.4706416130065918
140,PKN,2025-09-10 13:10:00,4,2025-09-16,82.46,uptrend,horizontal,horizontal,horizontal,-0.003504531722054449,negative,-0.4706416130065918
140,PKN,2025-09-10 13:10:00,5,2025-09-17,82.22,uptrend,horizontal,horizontal,horizontal,-0.002910502061605591,negative,-0.4706416130065918
141,PKN,2025-09-09 14:20:00,0,2025-09-09,82.44,downtrend,horizontal,uptrend,horizontal,,positive,0.9869638516101986
141,PKN,2025-09-09 14:20:00,1,2025-09-10,80.59,downtrend,horizontal,downtrend,horizontal,-0.022440562833575872,positive,0.9869638516101986
141,PKN,2025-09-09 14:20:00,2,2025-09-11,82.6,horizontal,horizontal,horizontal,horizontal,0.024941059684824296,positive,0.9869638516101986
141,PKN,2025-09-09 14:20:00,3,2025-09-12,81.24,horizontal,horizontal,horizontal,horizontal,-0.016464891041162222,positive,0.9869638516101986
141,PKN,2025-09-09 14:20:00,4,2025-09-15,82.75,horizontal,horizontal,horizontal,horizontal,0.018586903003446675,positive,0.9869638516101986
141,PKN,2025-09-09 14:20:00,5,2025-09-16,82.46,uptrend,horizontal,horizontal,horizontal,-0.003504531722054449,positive,0.9869638516101986
142,PKN,2025-09-08 12:12:00,0,2025-09-08,83.04,downtrend,downtrend,uptrend,horizontal,,positive,0.991641009808518
142,PKN,2025-09-08 12:12:00,1,2025-09-09,82.44,downtrend,horizontal,uptrend,horizontal,-0.007225433526011682,positive,0.991641009808518
142,PKN,2025-09-08 12:12:00,2,2025-09-10,80.59,downtrend,horizontal,downtrend,horizontal,-0.022440562833575872,positive,0.991641009808518
142,PKN,2025-09-08 12:12:00,3,2025-09-11,82.6,horizontal,horizontal,horizontal,horizontal,0.024941059684824296,positive,0.991641009808518
142,PKN,2025-09-08 12:12:00,4,2025-09-12,81.24,horizontal,horizontal,horizontal,horizontal,-0.016464891041162222,positive,0.991641009808518
142,PKN,2025-09-08 12:12:00,5,2025-09-15,82.75,horizontal,horizontal,horizontal,horizontal,0.018586903003446675,positive,0.991641009808518
143,PKN,2025-09-05 19:44:00,0,2025-09-08,83.04,downtrend,downtrend,uptrend,horizontal,,positive,0.9515865440480411
143,PKN,2025-09-05 19:44:00,1,2025-09-09,82.44,downtrend,horizontal,uptrend,horizontal,-0.007225433526011682,positive,0.9515865440480411
143,PKN,2025-09-05 19:44:00,2,2025-09-10,80.59,downtrend,horizontal,downtrend,horizontal,-0.022440562833575872,positive,0.9515865440480411
143,PKN,2025-09-05 19:44:00,3,2025-09-11,82.6,horizontal,horizontal,horizontal,horizontal,0.024941059684824296,positive,0.9515865440480411
143,PKN,2025-09-05 19:44:00,4,2025-09-12,81.24,horizontal,horizontal,horizontal,horizontal,-0.016464891041162222,positive,0.9515865440480411
143,PKN,2025-09-05 19:44:00,5,2025-09-15,82.75,horizontal,horizontal,horizontal,horizontal,0.018586903003446675,positive,0.9515865440480411
144,PKN,2025-09-04 06:00:00,0,2025-09-04,80.48,downtrend,downtrend,downtrend,horizontal,,positive,0.895192226395011
144,PKN,2025-09-04 06:00:00,1,2025-09-05,81.08,downtrend,downtrend,downtrend,horizontal,0.00745526838966204,positive,0.895192226395011
144,PKN,2025-09-04 06:00:00,2,2025-09-08,83.04,downtrend,downtrend,uptrend,horizontal,0.024173655648742187,positive,0.895192226395011
144,PKN,2025-09-04 06:00:00,3,2025-09-09,82.44,downtrend,horizontal,uptrend,horizontal,-0.007225433526011682,positive,0.895192226395011
144,PKN,2025-09-04 06:00:00,4,2025-09-10,80.59,downtrend,horizontal,downtrend,horizontal,-0.022440562833575872,positive,0.895192226395011
144,PKN,2025-09-04 06:00:00,5,2025-09-11,82.6,horizontal,horizontal,horizontal,horizontal,0.024941059684824296,positive,0.895192226395011
145,PKN,2025-09-03 17:35:00,0,2025-09-04,80.48,downtrend,downtrend,downtrend,horizontal,,neutral,0.10170209221541882
145,PKN,2025-09-03 17:35:00,1,2025-09-05,81.08,downtrend,downtrend,downtrend,horizontal,0.00745526838966204,neutral,0.10170209221541882
145,PKN,2025-09-03 17:35:00,2,2025-09-08,83.04,downtrend,downtrend,uptrend,horizontal,0.024173655648742187,neutral,0.10170209221541882
145,PKN,2025-09-03 17:35:00,3,2025-09-09,82.44,downtrend,horizontal,uptrend,horizontal,-0.007225433526011682,neutral,0.10170209221541882
145,PKN,2025-09-03 17:35:00,4,2025-09-10,80.59,downtrend,horizontal,downtrend,horizontal,-0.022440562833575872,neutral,0.10170209221541882
145,PKN,2025-09-03 17:35:00,5,2025-09-11,82.6,horizontal,horizontal,horizontal,horizontal,0.024941059684824296,neutral,0.10170209221541882
146,PKN,2025-09-03 12:50:00,0,2025-09-03,79.62,downtrend,downtrend,downtrend,horizontal,,neutral,-0.08085528761148453
146,PKN,2025-09-03 12:50:00,1,2025-09-04,80.48,downtrend,downtrend,downtrend,horizontal,0.010801306204471173,neutral,-0.08085528761148453
146,PKN,2025-09-03 12:50:00,2,2025-09-05,81.08,downtrend,downtrend,downtrend,horizontal,0.00745526838966204,neutral,-0.08085528761148453
146,PKN,2025-09-03 12:50:00,3,2025-09-08,83.04,downtrend,downtrend,uptrend,horizontal,0.024173655648742187,neutral,-0.08085528761148453
146,PKN,2025-09-03 12:50:00,4,2025-09-09,82.44,downtrend,horizontal,uptrend,horizontal,-0.007225433526011682,neutral,-0.08085528761148453
146,PKN,2025-09-03 12:50:00,5,2025-09-10,80.59,downtrend,horizontal,downtrend,horizontal,-0.022440562833575872,neutral,-0.08085528761148453
147,PKN,2025-09-02 16:30:00,0,2025-09-02,77.69,downtrend,downtrend,downtrend,downtrend,,positive,0.9497150643728673
147,PKN,2025-09-02 16:30:00,1,2025-09-03,79.62,downtrend,downtrend,downtrend,horizontal,0.024842322049169807,positive,0.9497150643728673
147,PKN,2025-09-02 16:30:00,2,2025-09-04,80.48,downtrend,downtrend,downtrend,horizontal,0.010801306204471173,positive,0.9497150643728673
147,PKN,2025-09-02 16:30:00,3,2025-09-05,81.08,downtrend,downtrend,downtrend,horizontal,0.00745526838966204,positive,0.9497150643728673
147,PKN,2025-09-02 16:30:00,4,2025-09-08,83.04,downtrend,downtrend,uptrend,horizontal,0.024173655648742187,positive,0.9497150643728673
147,PKN,2025-09-02 16:30:00,5,2025-09-09,82.44,downtrend,horizontal,uptrend,horizontal,-0.007225433526011682,positive,0.9497150643728673
148,PKN,2025-09-02 11:54:00,0,2025-09-02,77.69,downtrend,downtrend,downtrend,downtrend,,neutral,-0.11600643396377563
148,PKN,2025-09-02 11:54:00,1,2025-09-03,79.62,downtrend,downtrend,downtrend,horizontal,0.024842322049169807,neutral,-0.11600643396377563
148,PKN,2025-09-02 11:54:00,2,2025-09-04,80.48,downtrend,downtrend,downtrend,horizontal,0.010801306204471173,neutral,-0.11600643396377563
148,PKN,2025-09-02 11:54:00,3,2025-09-05,81.08,downtrend,downtrend,downtrend,horizontal,0.00745526838966204,neutral,-0.11600643396377563
148,PKN,2025-09-02 11:54:00,4,2025-09-08,83.04,downtrend,downtrend,uptrend,horizontal,0.024173655648742187,neutral,-0.11600643396377563
148,PKN,2025-09-02 11:54:00,5,2025-09-09,82.44,downtrend,horizontal,uptrend,horizontal,-0.007225433526011682,neutral,-0.11600643396377563
149,PKN,2025-08-29 13:32:00,0,2025-08-29,77.78,downtrend,downtrend,downtrend,downtrend,,positive,0.9945459479349665
149,PKN,2025-08-29 13:32:00,1,2025-09-01,77.82,downtrend,downtrend,downtrend,downtrend,0.0005142710208279055,positive,0.9945459479349665
149,PKN,2025-08-29 13:32:00,2,2025-09-02,77.69,downtrend,downtrend,downtrend,downtrend,-0.0016705217167822806,positive,0.9945459479349665
149,PKN,2025-08-29 13:32:00,3,2025-09-03,79.62,downtrend,downtrend,downtrend,horizontal,0.024842322049169807,positive,0.9945459479349665
149,PKN,2025-08-29 13:32:00,4,2025-09-04,80.48,downtrend,downtrend,downtrend,horizontal,0.010801306204471173,positive,0.9945459479349665
149,PKN,2025-08-29 13:32:00,5,2025-09-05,81.08,downtrend,downtrend,downtrend,horizontal,0.00745526838966204,positive,0.9945459479349665
150,PKN,2025-08-29 07:50:00,0,2025-08-29,77.78,downtrend,downtrend,downtrend,downtrend,,positive,0.7689176350831985
150,PKN,2025-08-29 07:50:00,1,2025-09-01,77.82,downtrend,downtrend,downtrend,downtrend,0.0005142710208279055,positive,0.7689176350831985
150,PKN,2025-08-29 07:50:00,2,2025-09-02,77.69,downtrend,downtrend,downtrend,downtrend,-0.0016705217167822806,positive,0.7689176350831985
150,PKN,2025-08-29 07:50:00,3,2025-09-03,79.62,downtrend,downtrend,downtrend,horizontal,0.024842322049169807,positive,0.7689176350831985
150,PKN,2025-08-29 07:50:00,4,2025-09-04,80.48,downtrend,downtrend,downtrend,horizontal,0.010801306204471173,positive,0.7689176350831985
150,PKN,2025-08-29 07:50:00,5,2025-09-05,81.08,downtrend,downtrend,downtrend,horizontal,0.00745526838966204,positive,0.7689176350831985
151,PKN,2025-08-28 15:22:00,0,2025-08-28,78.18,downtrend,downtrend,downtrend,downtrend,,positive,0.9925214121467434
151,PKN,2025-08-28 15:22:00,1,2025-08-29,77.78,downtrend,downtrend,downtrend,downtrend,-0.0051163980557688005,positive,0.9925214121467434
151,PKN,2025-08-28 15:22:00,2,2025-09-01,77.82,downtrend,downtrend,downtrend,downtrend,0.0005142710208279055,positive,0.9925214121467434
151,PKN,2025-08-28 15:22:00,3,2025-09-02,77.69,downtrend,downtrend,downtrend,downtrend,-0.0016705217167822806,positive,0.9925214121467434
151,PKN,2025-08-28 15:22:00,4,2025-09-03,79.62,downtrend,downtrend,downtrend,horizontal,0.024842322049169807,positive,0.9925214121467434
151,PKN,2025-08-28 15:22:00,5,2025-09-04,80.48,downtrend,downtrend,downtrend,horizontal,0.010801306204471173,positive,0.9925214121467434
152,PKN,2025-08-28 13:22:00,0,2025-08-28,78.18,downtrend,downtrend,downtrend,downtrend,,positive,0.9298936016857624
152,PKN,2025-08-28 13:22:00,1,2025-08-29,77.78,downtrend,downtrend,downtrend,downtrend,-0.0051163980557688005,positive,0.9298936016857624
152,PKN,2025-08-28 13:22:00,2,2025-09-01,77.82,downtrend,downtrend,downtrend,downtrend,0.0005142710208279055,positive,0.9298936016857624
152,PKN,2025-08-28 13:22:00,3,2025-09-02,77.69,downtrend,downtrend,downtrend,downtrend,-0.0016705217167822806,positive,0.9298936016857624
152,PKN,2025-08-28 13:22:00,4,2025-09-03,79.62,downtrend,downtrend,downtrend,horizontal,0.024842322049169807,positive,0.9298936016857624
152,PKN,2025-08-28 13:22:00,5,2025-09-04,80.48,downtrend,downtrend,downtrend,horizontal,0.010801306204471173,positive,0.9298936016857624
153,PKN,2025-08-27 16:44:00,0,2025-08-27,80.48,downtrend,horizontal,downtrend,horizontal,,neutral,-0.09642399847507477
153,PKN,2025-08-27 16:44:00,1,2025-08-28,78.18,downtrend,downtrend,downtrend,downtrend,-0.028578528827037708,neutral,-0.09642399847507477
153,PKN,2025-08-27 16:44:00,2,2025-08-29,77.78,downtrend,downtrend,downtrend,downtrend,-0.0051163980557688005,neutral,-0.09642399847507477
153,PKN,2025-08-27 16:44:00,3,2025-09-01,77.82,downtrend,downtrend,downtrend,downtrend,0.0005142710208279055,neutral,-0.09642399847507477
153,PKN,2025-08-27 16:44:00,4,2025-09-02,77.69,downtrend,downtrend,downtrend,downtrend,-0.0016705217167822806,neutral,-0.09642399847507477
153,PKN,2025-08-27 16:44:00,5,2025-09-03,79.62,downtrend,downtrend,downtrend,horizontal,0.024842322049169807,neutral,-0.09642399847507477
154,PKN,2025-08-27 11:00:00,0,2025-08-27,80.48,downtrend,horizontal,downtrend,horizontal,,positive,0.5959656843915582
154,PKN,2025-08-27 11:00:00,1,2025-08-28,78.18,downtrend,downtrend,downtrend,downtrend,-0.028578528827037708,positive,0.5959656843915582
154,PKN,2025-08-27 11:00:00,2,2025-08-29,77.78,downtrend,downtrend,downtrend,downtrend,-0.0051163980557688005,positive,0.5959656843915582
154,PKN,2025-08-27 11:00:00,3,2025-09-01,77.82,downtrend,downtrend,downtrend,downtrend,0.0005142710208279055,positive,0.5959656843915582
154,PKN,2025-08-27 11:00:00,4,2025-09-02,77.69,downtrend,downtrend,downtrend,downtrend,-0.0016705217167822806,positive,0.5959656843915582
154,PKN,2025-08-27 11:00:00,5,2025-09-03,79.62,downtrend,downtrend,downtrend,horizontal,0.024842322049169807,positive,0.5959656843915582
155,PKN,2025-08-27 08:18:00,0,2025-08-27,80.48,downtrend,horizontal,downtrend,horizontal,,positive,0.7292976388707757
155,PKN,2025-08-27 08:18:00,1,2025-08-28,78.18,downtrend,downtrend,downtrend,downtrend,-0.028578528827037708,positive,0.7292976388707757
155,PKN,2025-08-27 08:18:00,2,2025-08-29,77.78,downtrend,downtrend,downtrend,downtrend,-0.0051163980557688005,positive,0.7292976388707757
155,PKN,2025-08-27 08:18:00,3,2025-09-01,77.82,downtrend,downtrend,downtrend,downtrend,0.0005142710208279055,positive,0.7292976388707757
155,PKN,2025-08-27 08:18:00,4,2025-09-02,77.69,downtrend,downtrend,downtrend,downtrend,-0.0016705217167822806,positive,0.7292976388707757
155,PKN,2025-08-27 08:18:00,5,2025-09-03,79.62,downtrend,downtrend,downtrend,horizontal,0.024842322049169807,positive,0.7292976388707757
156,PKN,2025-08-26 13:36:00,0,2025-08-26,83.25,downtrend,horizontal,downtrend,horizontal,,positive,0.9784138931427151
156,PKN,2025-08-26 13:36:00,1,2025-08-27,80.48,downtrend,horizontal,downtrend,horizontal,-0.03327327327327323,positive,0.9784138931427151
156,PKN,2025-08-26 13:36:00,2,2025-08-28,78.18,downtrend,downtrend,downtrend,downtrend,-0.028578528827037708,positive,0.9784138931427151
156,PKN,2025-08-26 13:36:00,3,2025-08-29,77.78,downtrend,downtrend,downtrend,downtrend,-0.0051163980557688005,positive,0.9784138931427151
156,PKN,2025-08-26 13:36:00,4,2025-09-01,77.82,downtrend,downtrend,downtrend,downtrend,0.0005142710208279055,positive,0.9784138931427151
156,PKN,2025-08-26 13:36:00,5,2025-09-02,77.69,downtrend,downtrend,downtrend,downtrend,-0.0016705217167822806,positive,0.9784138931427151
157,PKN,2025-08-22 11:17:00,0,2025-08-22,83.4,downtrend,downtrend,downtrend,horizontal,,positive,0.9830256903078407
157,PKN,2025-08-22 11:17:00,1,2025-08-25,83.8,downtrend,horizontal,downtrend,horizontal,0.004796163069544335,positive,0.9830256903078407
157,PKN,2025-08-22 11:17:00,2,2025-08-26,83.25,downtrend,horizontal,downtrend,horizontal,-0.0065632458233889635,positive,0.9830256903078407
157,PKN,2025-08-22 11:17:00,3,2025-08-27,80.48,downtrend,horizontal,downtrend,horizontal,-0.03327327327327323,positive,0.9830256903078407
157,PKN,2025-08-22 11:17:00,4,2025-08-28,78.18,downtrend,downtrend,downtrend,downtrend,-0.028578528827037708,positive,0.9830256903078407
157,PKN,2025-08-22 11:17:00,5,2025-08-29,77.78,downtrend,downtrend,downtrend,downtrend,-0.0051163980557688005,positive,0.9830256903078407
158,PKN,2025-08-21 11:52:00,0,2025-08-21,83.2,downtrend,downtrend,downtrend,horizontal,,positive,0.7628246936947107
158,PKN,2025-08-21 11:52:00,1,2025-08-22,83.4,downtrend,downtrend,downtrend,horizontal,0.0024038461538462563,positive,0.7628246936947107
158,PKN,2025-08-21 11:52:00,2,2025-08-25,83.8,downtrend,horizontal,downtrend,horizontal,0.004796163069544335,positive,0.7628246936947107
158,PKN,2025-08-21 11:52:00,3,2025-08-26,83.25,downtrend,horizontal,downtrend,horizontal,-0.0065632458233889635,positive,0.7628246936947107
158,PKN,2025-08-21 11:52:00,4,2025-08-27,80.48,downtrend,horizontal,downtrend,horizontal,-0.03327327327327323,positive,0.7628246936947107
158,PKN,2025-08-21 11:52:00,5,2025-08-28,78.18,downtrend,downtrend,downtrend,downtrend,-0.028578528827037708,positive,0.7628246936947107
159,PKN,2025-08-21 11:14:00,0,2025-08-21,83.2,downtrend,downtrend,downtrend,horizontal,,positive,0.9951751139597036
159,PKN,2025-08-21 11:14:00,1,2025-08-22,83.4,downtrend,downtrend,downtrend,horizontal,0.0024038461538462563,positive,0.9951751139597036
159,PKN,2025-08-21 11:14:00,2,2025-08-25,83.8,downtrend,horizontal,downtrend,horizontal,0.004796163069544335,positive,0.9951751139597036
159,PKN,2025-08-21 11:14:00,3,2025-08-26,83.25,downtrend,horizontal,downtrend,horizontal,-0.0065632458233889635,positive,0.9951751139597036
159,PKN,2025-08-21 11:14:00,4,2025-08-27,80.48,downtrend,horizontal,downtrend,horizontal,-0.03327327327327323,positive,0.9951751139597036
159,PKN,2025-08-21 11:14:00,5,2025-08-28,78.18,downtrend,downtrend,downtrend,downtrend,-0.028578528827037708,positive,0.9951751139597036
160,PKN,2025-08-21 10:04:00,0,2025-08-21,83.2,downtrend,downtrend,downtrend,horizontal,,positive,0.9810903736506589
160,PKN,2025-08-21 10:04:00,1,2025-08-22,83.4,downtrend,downtrend,downtrend,horizontal,0.0024038461538462563,positive,0.9810903736506589
160,PKN,2025-08-21 10:04:00,2,2025-08-25,83.8,downtrend,horizontal,downtrend,horizontal,0.004796163069544335,positive,0.9810903736506589
160,PKN,2025-08-21 10:04:00,3,2025-08-26,83.25,downtrend,horizontal,downtrend,horizontal,-0.0065632458233889635,positive,0.9810903736506589
160,PKN,2025-08-21 10:04:00,4,2025-08-27,80.48,downtrend,horizontal,downtrend,horizontal,-0.03327327327327323,positive,0.9810903736506589
160,PKN,2025-08-21 10:04:00,5,2025-08-28,78.18,downtrend,downtrend,downtrend,downtrend,-0.028578528827037708,positive,0.9810903736506589
161,PKN,2025-08-21 08:26:00,0,2025-08-21,83.2,downtrend,downtrend,downtrend,horizontal,,positive,0.9904056052910164
161,PKN,2025-08-21 08:26:00,1,2025-08-22,83.4,downtrend,downtrend,downtrend,horizontal,0.0024038461538462563,positive,0.9904056052910164
161,PKN,2025-08-21 08:26:00,2,2025-08-25,83.8,downtrend,horizontal,downtrend,horizontal,0.004796163069544335,positive,0.9904056052910164
161,PKN,2025-08-21 08:26:00,3,2025-08-26,83.25,downtrend,horizontal,downtrend,horizontal,-0.0065632458233889635,positive,0.9904056052910164
161,PKN,2025-08-21 08:26:00,4,2025-08-27,80.48,downtrend,horizontal,downtrend,horizontal,-0.03327327327327323,positive,0.9904056052910164
161,PKN,2025-08-21 08:26:00,5,2025-08-28,78.18,downtrend,downtrend,downtrend,downtrend,-0.028578528827037708,positive,0.9904056052910164
162,PKN,2025-08-21 07:36:00,0,2025-08-21,83.2,downtrend,downtrend,downtrend,horizontal,,positive,0.9846987877972424
162,PKN,2025-08-21 07:36:00,1,2025-08-22,83.4,downtrend,downtrend,downtrend,horizontal,0.0024038461538462563,positive,0.9846987877972424
162,PKN,2025-08-21 07:36:00,2,2025-08-25,83.8,downtrend,horizontal,downtrend,horizontal,0.004796163069544335,positive,0.9846987877972424
162,PKN,2025-08-21 07:36:00,3,2025-08-26,83.25,downtrend,horizontal,downtrend,horizontal,-0.0065632458233889635,positive,0.9846987877972424
162,PKN,2025-08-21 07:36:00,4,2025-08-27,80.48,downtrend,horizontal,downtrend,horizontal,-0.03327327327327323,positive,0.9846987877972424
162,PKN,2025-08-21 07:36:00,5,2025-08-28,78.18,downtrend,downtrend,downtrend,downtrend,-0.028578528827037708,positive,0.9846987877972424
163,PKN,2025-08-20 13:44:00,0,2025-08-20,80.19,downtrend,downtrend,downtrend,horizontal,,neutral,0.243760759010911
163,PKN,2025-08-20 13:44:00,1,2025-08-21,83.2,downtrend,downtrend,downtrend,horizontal,0.037535852350667254,neutral,0.243760759010911
163,PKN,2025-08-20 13:44:00,2,2025-08-22,83.4,downtrend,downtrend,downtrend,horizontal,0.0024038461538462563,neutral,0.243760759010911
163,PKN,2025-08-20 13:44:00,3,2025-08-25,83.8,downtrend,horizontal,downtrend,horizontal,0.004796163069544335,neutral,0.243760759010911
163,PKN,2025-08-20 13:44:00,4,2025-08-26,83.25,downtrend,horizontal,downtrend,horizontal,-0.0065632458233889635,neutral,0.243760759010911
163,PKN,2025-08-20 13:44:00,5,2025-08-27,80.48,downtrend,horizontal,downtrend,horizontal,-0.03327327327327323,neutral,0.243760759010911
164,PKN,2025-08-14 21:16:00,0,2025-08-18,78.95,downtrend,downtrend,downtrend,horizontal,,negative,-0.4994796374812722
164,PKN,2025-08-14 21:16:00,1,2025-08-19,79.38,downtrend,downtrend,downtrend,horizontal,0.005446485117162725,negative,-0.4994796374812722
164,PKN,2025-08-14 21:16:00,2,2025-08-20,80.19,downtrend,downtrend,downtrend,horizontal,0.010204081632653184,negative,-0.4994796374812722
164,PKN,2025-08-14 21:16:00,3,2025-08-21,83.2,downtrend,downtrend,downtrend,horizontal,0.037535852350667254,negative,-0.4994796374812722
164,PKN,2025-08-14 21:16:00,4,2025-08-22,83.4,downtrend,downtrend,downtrend,horizontal,0.0024038461538462563,negative,-0.4994796374812722
164,PKN,2025-08-14 21:16:00,5,2025-08-25,83.8,downtrend,horizontal,downtrend,horizontal,0.004796163069544335,negative,-0.4994796374812722
165,PKN,2025-08-13 11:06:00,0,2025-08-13,78.56,downtrend,downtrend,horizontal,horizontal,,positive,0.99043559783604
165,PKN,2025-08-13 11:06:00,1,2025-08-14,78.14,downtrend,downtrend,downtrend,horizontal,-0.00534623217922614,positive,0.99043559783604
165,PKN,2025-08-13 11:06:00,2,2025-08-18,78.95,downtrend,downtrend,downtrend,horizontal,0.010366009726132663,positive,0.99043559783604
165,PKN,2025-08-13 11:06:00,3,2025-08-19,79.38,downtrend,downtrend,downtrend,horizontal,0.005446485117162725,positive,0.99043559783604
165,PKN,2025-08-13 11:06:00,4,2025-08-20,80.19,downtrend,downtrend,downtrend,horizontal,0.010204081632653184,positive,0.99043559783604
165,PKN,2025-08-13 11:06:00,5,2025-08-21,83.2,downtrend,downtrend,downtrend,horizontal,0.037535852350667254,positive,0.99043559783604
166,PKN,2025-08-08 13:02:00,0,2025-08-08,83.89,downtrend,horizontal,downtrend,uptrend,,positive,0.9963606879464351
166,PKN,2025-08-08 13:02:00,1,2025-08-11,83.68,downtrend,horizontal,horizontal,uptrend,-0.002503278102276685,positive,0.9963606879464351
166,PKN,2025-08-08 13:02:00,2,2025-08-12,85.26,downtrend,horizontal,horizontal,uptrend,0.01888145315487577,positive,0.9963606879464351
166,PKN,2025-08-08 13:02:00,3,2025-08-13,78.56,downtrend,downtrend,horizontal,horizontal,-0.07858315740089139,positive,0.9963606879464351
166,PKN,2025-08-08 13:02:00,4,2025-08-14,78.14,downtrend,downtrend,downtrend,horizontal,-0.00534623217922614,positive,0.9963606879464351
166,PKN,2025-08-08 13:02:00,5,2025-08-18,78.95,downtrend,downtrend,downtrend,horizontal,0.010366009726132663,positive,0.9963606879464351
167,PKN,2025-08-07 19:46:00,0,2025-08-08,83.89,downtrend,horizontal,downtrend,uptrend,,neutral,0.0155925452709198
167,PKN,2025-08-07 19:46:00,1,2025-08-11,83.68,downtrend,horizontal,horizontal,uptrend,-0.002503278102276685,neutral,0.0155925452709198
167,PKN,2025-08-07 19:46:00,2,2025-08-12,85.26,downtrend,horizontal,horizontal,uptrend,0.01888145315487577,neutral,0.0155925452709198
167,PKN,2025-08-07 19:46:00,3,2025-08-13,78.56,downtrend,downtrend,horizontal,horizontal,-0.07858315740089139,neutral,0.0155925452709198
167,PKN,2025-08-07 19:46:00,4,2025-08-14,78.14,downtrend,downtrend,downtrend,horizontal,-0.00534623217922614,neutral,0.0155925452709198
167,PKN,2025-08-07 19:46:00,5,2025-08-18,78.95,downtrend,downtrend,downtrend,horizontal,0.010366009726132663,neutral,0.0155925452709198
168,PKN,2025-08-06 08:00:00,0,2025-08-06,84.33,downtrend,horizontal,downtrend,uptrend,,positive,0.9494929723441601
168,PKN,2025-08-06 08:00:00,1,2025-08-07,82.72,downtrend,horizontal,downtrend,uptrend,-0.019091663702122563,positive,0.9494929723441601
168,PKN,2025-08-06 08:00:00,2,2025-08-08,83.89,downtrend,horizontal,downtrend,uptrend,0.014144100580270713,positive,0.9494929723441601
168,PKN,2025-08-06 08:00:00,3,2025-08-11,83.68,downtrend,horizontal,horizontal,uptrend,-0.002503278102276685,positive,0.9494929723441601
168,PKN,2025-08-06 08:00:00,4,2025-08-12,85.26,downtrend,horizontal,horizontal,uptrend,0.01888145315487577,positive,0.9494929723441601
168,PKN,2025-08-06 08:00:00,5,2025-08-13,78.56,downtrend,downtrend,horizontal,horizontal,-0.07858315740089139,positive,0.9494929723441601
169,PKN,2025-08-05 13:06:00,0,2025-08-05,82.62,downtrend,horizontal,downtrend,uptrend,,positive,0.45881789550185204
169,PKN,2025-08-05 13:06:00,1,2025-08-06,84.33,downtrend,horizontal,downtrend,uptrend,0.020697167755991286,positive,0.45881789550185204
169,PKN,2025-08-05 13:06:00,2,2025-08-07,82.72,downtrend,horizontal,downtrend,uptrend,-0.019091663702122563,positive,0.45881789550185204
169,PKN,2025-08-05 13:06:00,3,2025-08-08,83.89,downtrend,horizontal,downtrend,uptrend,0.014144100580270713,positive,0.45881789550185204
169,PKN,2025-08-05 13:06:00,4,2025-08-11,83.68,downtrend,horizontal,horizontal,uptrend,-0.002503278102276685,positive,0.45881789550185204
169,PKN,2025-08-05 13:06:00,5,2025-08-12,85.26,downtrend,horizontal,horizontal,uptrend,0.01888145315487577,positive,0.45881789550185204
170,PKN,2025-08-01 08:42:00,0,2025-08-01,82.45,downtrend,horizontal,downtrend,uptrend,,neutral,-0.32395318895578384
170,PKN,2025-08-01 08:42:00,1,2025-08-04,82.88,downtrend,horizontal,downtrend,uptrend,0.005215281989084275,neutral,-0.32395318895578384
170,PKN,2025-08-01 08:42:00,2,2025-08-05,82.62,downtrend,horizontal,downtrend,uptrend,-0.003137065637065506,neutral,-0.32395318895578384
170,PKN,2025-08-01 08:42:00,3,2025-08-06,84.33,downtrend,horizontal,downtrend,uptrend,0.020697167755991286,neutral,-0.32395318895578384
170,PKN,2025-08-01 08:42:00,4,2025-08-07,82.72,downtrend,horizontal,downtrend,uptrend,-0.019091663702122563,neutral,-0.32395318895578384
170,PKN,2025-08-01 08:42:00,5,2025-08-08,83.89,downtrend,horizontal,downtrend,uptrend,0.014144100580270713,neutral,-0.32395318895578384
171,PKN,2025-08-01 07:44:00,0,2025-08-01,82.45,downtrend,horizontal,downtrend,uptrend,,positive,0.7190790884196758
171,PKN,2025-08-01 07:44:00,1,2025-08-04,82.88,downtrend,horizontal,downtrend,uptrend,0.005215281989084275,positive,0.7190790884196758
171,PKN,2025-08-01 07:44:00,2,2025-08-05,82.62,downtrend,horizontal,downtrend,uptrend,-0.003137065637065506,positive,0.7190790884196758
171,PKN,2025-08-01 07:44:00,3,2025-08-06,84.33,downtrend,horizontal,downtrend,uptrend,0.020697167755991286,positive,0.7190790884196758
171,PKN,2025-08-01 07:44:00,4,2025-08-07,82.72,downtrend,horizontal,downtrend,uptrend,-0.019091663702122563,positive,0.7190790884196758
171,PKN,2025-08-01 07:44:00,5,2025-08-08,83.89,downtrend,horizontal,downtrend,uptrend,0.014144100580270713,positive,0.7190790884196758
172,PKN,2025-08-01 06:00:00,0,2025-08-01,82.45,downtrend,horizontal,downtrend,uptrend,,positive,0.9785483400337398
172,PKN,2025-08-01 06:00:00,1,2025-08-04,82.88,downtrend,horizontal,downtrend,uptrend,0.005215281989084275,positive,0.9785483400337398
172,PKN,2025-08-01 06:00:00,2,2025-08-05,82.62,downtrend,horizontal,downtrend,uptrend,-0.003137065637065506,positive,0.9785483400337398
172,PKN,2025-08-01 06:00:00,3,2025-08-06,84.33,downtrend,horizontal,downtrend,uptrend,0.020697167755991286,positive,0.9785483400337398
172,PKN,2025-08-01 06:00:00,4,2025-08-07,82.72,downtrend,horizontal,downtrend,uptrend,-0.019091663702122563,positive,0.9785483400337398
172,PKN,2025-08-01 06:00:00,5,2025-08-08,83.89,downtrend,horizontal,downtrend,uptrend,0.014144100580270713,positive,0.9785483400337398
173,PKN,2025-07-31 21:52:00,0,2025-08-01,82.45,downtrend,horizontal,downtrend,uptrend,,neutral,0.3056035526096821
173,PKN,2025-07-31 21:52:00,1,2025-08-04,82.88,downtrend,horizontal,downtrend,uptrend,0.005215281989084275,neutral,0.3056035526096821
173,PKN,2025-07-31 21:52:00,2,2025-08-05,82.62,downtrend,horizontal,downtrend,uptrend,-0.003137065637065506,neutral,0.3056035526096821
173,PKN,2025-07-31 21:52:00,3,2025-08-06,84.33,downtrend,horizontal,downtrend,uptrend,0.020697167755991286,neutral,0.3056035526096821
173,PKN,2025-07-31 21:52:00,4,2025-08-07,82.72,downtrend,horizontal,downtrend,uptrend,-0.019091663702122563,neutral,0.3056035526096821
173,PKN,2025-07-31 21:52:00,5,2025-08-08,83.89,downtrend,horizontal,downtrend,uptrend,0.014144100580270713,neutral,0.3056035526096821
174,PKN,2025-07-31 16:46:00,0,2025-07-31,83.66,downtrend,horizontal,downtrend,uptrend,,positive,0.4793220944702625
174,PKN,2025-07-31 16:46:00,1,2025-08-01,82.45,downtrend,horizontal,downtrend,uptrend,-0.014463303848912146,positive,0.4793220944702625
174,PKN,2025-07-31 16:46:00,2,2025-08-04,82.88,downtrend,horizontal,downtrend,uptrend,0.005215281989084275,positive,0.4793220944702625
174,PKN,2025-07-31 16:46:00,3,2025-08-05,82.62,downtrend,horizontal,downtrend,uptrend,-0.003137065637065506,positive,0.4793220944702625
174,PKN,2025-07-31 16:46:00,4,2025-08-06,84.33,downtrend,horizontal,downtrend,uptrend,0.020697167755991286,positive,0.4793220944702625
174,PKN,2025-07-31 16:46:00,5,2025-08-07,82.72,downtrend,horizontal,downtrend,uptrend,-0.019091663702122563,positive,0.4793220944702625
175,PKN,2025-07-22 15:27:00,0,2025-07-22,86.69,uptrend,uptrend,uptrend,uptrend,,positive,0.8482654448598623
175,PKN,2025-07-22 15:27:00,1,2025-07-23,85.73,uptrend,uptrend,uptrend,uptrend,-0.011073941631099204,positive,0.8482654448598623
175,PKN,2025-07-22 15:27:00,2,2025-07-24,85.0,uptrend,uptrend,uptrend,uptrend,-0.008515105563979941,positive,0.8482654448598623
175,PKN,2025-07-22 15:27:00,3,2025-07-25,83.21,uptrend,uptrend,downtrend,uptrend,-0.021058823529411796,positive,0.8482654448598623
175,PKN,2025-07-22 15:27:00,4,2025-07-28,83.72,uptrend,uptrend,downtrend,uptrend,0.006129071025117172,positive,0.8482654448598623
175,PKN,2025-07-22 15:27:00,5,2025-07-29,84.82,horizontal,uptrend,uptrend,uptrend,0.013139034878165257,positive,0.8482654448598623
176,PKN,2025-07-22 15:21:00,0,2025-07-22,86.69,uptrend,uptrend,uptrend,uptrend,,positive,0.9699296290054917
176,PKN,2025-07-22 15:21:00,1,2025-07-23,85.73,uptrend,uptrend,uptrend,uptrend,-0.011073941631099204,positive,0.9699296290054917
176,PKN,2025-07-22 15:21:00,2,2025-07-24,85.0,uptrend,uptrend,uptrend,uptrend,-0.008515105563979941,positive,0.9699296290054917
176,PKN,2025-07-22 15:21:00,3,2025-07-25,83.21,uptrend,uptrend,downtrend,uptrend,-0.021058823529411796,positive,0.9699296290054917
176,PKN,2025-07-22 15:21:00,4,2025-07-28,83.72,uptrend,uptrend,downtrend,uptrend,0.006129071025117172,positive,0.9699296290054917
176,PKN,2025-07-22 15:21:00,5,2025-07-29,84.82,horizontal,uptrend,uptrend,uptrend,0.013139034878165257,positive,0.9699296290054917
177,PKN,2025-07-22 14:46:00,0,2025-07-22,86.69,uptrend,uptrend,uptrend,uptrend,,neutral,0.06391488015651703
177,PKN,2025-07-22 14:46:00,1,2025-07-23,85.73,uptrend,uptrend,uptrend,uptrend,-0.011073941631099204,neutral,0.06391488015651703
177,PKN,2025-07-22 14:46:00,2,2025-07-24,85.0,uptrend,uptrend,uptrend,uptrend,-0.008515105563979941,neutral,0.06391488015651703
177,PKN,2025-07-22 14:46:00,3,2025-07-25,83.21,uptrend,uptrend,downtrend,uptrend,-0.021058823529411796,neutral,0.06391488015651703
177,PKN,2025-07-22 14:46:00,4,2025-07-28,83.72,uptrend,uptrend,downtrend,uptrend,0.006129071025117172,neutral,0.06391488015651703
177,PKN,2025-07-22 14:46:00,5,2025-07-29,84.82,horizontal,uptrend,uptrend,uptrend,0.013139034878165257,neutral,0.06391488015651703
178,PKN,2025-07-22 14:22:00,0,2025-07-22,86.69,uptrend,uptrend,uptrend,uptrend,,positive,0.9721988455858082
178,PKN,2025-07-22 14:22:00,1,2025-07-23,85.73,uptrend,uptrend,uptrend,uptrend,-0.011073941631099204,positive,0.9721988455858082
178,PKN,2025-07-22 14:22:00,2,2025-07-24,85.0,uptrend,uptrend,uptrend,uptrend,-0.008515105563979941,positive,0.9721988455858082
178,PKN,2025-07-22 14:22:00,3,2025-07-25,83.21,uptrend,uptrend,downtrend,uptrend,-0.021058823529411796,positive,0.9721988455858082
178,PKN,2025-07-22 14:22:00,4,2025-07-28,83.72,uptrend,uptrend,downtrend,uptrend,0.006129071025117172,positive,0.9721988455858082
178,PKN,2025-07-22 14:22:00,5,2025-07-29,84.82,horizontal,uptrend,uptrend,uptrend,0.013139034878165257,positive,0.9721988455858082
179,PKN,2025-07-21 16:04:00,0,2025-07-21,86.91,uptrend,uptrend,uptrend,uptrend,,positive,0.9882244181353599
179,PKN,2025-07-21 16:04:00,1,2025-07-22,86.69,uptrend,uptrend,uptrend,uptrend,-0.002531354274536879,positive,0.9882244181353599
179,PKN,2025-07-21 16:04:00,2,2025-07-23,85.73,uptrend,uptrend,uptrend,uptrend,-0.011073941631099204,positive,0.9882244181353599
179,PKN,2025-07-21 16:04:00,3,2025-07-24,85.0,uptrend,uptrend,uptrend,uptrend,-0.008515105563979941,positive,0.9882244181353599
179,PKN,2025-07-21 16:04:00,4,2025-07-25,83.21,uptrend,uptrend,downtrend,uptrend,-0.021058823529411796,positive,0.9882244181353599
179,PKN,2025-07-21 16:04:00,5,2025-07-28,83.72,uptrend,uptrend,downtrend,uptrend,0.006129071025117172,positive,0.9882244181353599
180,PKN,2025-07-21 12:46:00,0,2025-07-21,86.91,uptrend,uptrend,uptrend,uptrend,,positive,0.9700429409276694
180,PKN,2025-07-21 12:46:00,1,2025-07-22,86.69,uptrend,uptrend,uptrend,uptrend,-0.002531354274536879,positive,0.9700429409276694
180,PKN,2025-07-21 12:46:00,2,2025-07-23,85.73,uptrend,uptrend,uptrend,uptrend,-0.011073941631099204,positive,0.9700429409276694
180,PKN,2025-07-21 12:46:00,3,2025-07-24,85.0,uptrend,uptrend,uptrend,uptrend,-0.008515105563979941,positive,0.9700429409276694
180,PKN,2025-07-21 12:46:00,4,2025-07-25,83.21,uptrend,uptrend,downtrend,uptrend,-0.021058823529411796,positive,0.9700429409276694
180,PKN,2025-07-21 12:46:00,5,2025-07-28,83.72,uptrend,uptrend,downtrend,uptrend,0.006129071025117172,positive,0.9700429409276694
181,PKN,2025-07-21 12:14:00,0,2025-07-21,86.91,uptrend,uptrend,uptrend,uptrend,,positive,0.9767581585329026
181,PKN,2025-07-21 12:14:00,1,2025-07-22,86.69,uptrend,uptrend,uptrend,uptrend,-0.002531354274536879,positive,0.9767581585329026
181,PKN,2025-07-21 12:14:00,2,2025-07-23,85.73,uptrend,uptrend,uptrend,uptrend,-0.011073941631099204,positive,0.9767581585329026
181,PKN,2025-07-21 12:14:00,3,2025-07-24,85.0,uptrend,uptrend,uptrend,uptrend,-0.008515105563979941,positive,0.9767581585329026
181,PKN,2025-07-21 12:14:00,4,2025-07-25,83.21,uptrend,uptrend,downtrend,uptrend,-0.021058823529411796,positive,0.9767581585329026
181,PKN,2025-07-21 12:14:00,5,2025-07-28,83.72,uptrend,uptrend,downtrend,uptrend,0.006129071025117172,positive,0.9767581585329026
182,PKN,2025-07-21 11:06:00,0,2025-07-21,86.91,uptrend,uptrend,uptrend,uptrend,,positive,0.9527130317874253
182,PKN,2025-07-21 11:06:00,1,2025-07-22,86.69,uptrend,uptrend,uptrend,uptrend,-0.002531354274536879,positive,0.9527130317874253
182,PKN,2025-07-21 11:06:00,2,2025-07-23,85.73,uptrend,uptrend,uptrend,uptrend,-0.011073941631099204,positive,0.9527130317874253
182,PKN,2025-07-21 11:06:00,3,2025-07-24,85.0,uptrend,uptrend,uptrend,uptrend,-0.008515105563979941,positive,0.9527130317874253
182,PKN,2025-07-21 11:06:00,4,2025-07-25,83.21,uptrend,uptrend,downtrend,uptrend,-0.021058823529411796,positive,0.9527130317874253
182,PKN,2025-07-21 11:06:00,5,2025-07-28,83.72,uptrend,uptrend,downtrend,uptrend,0.006129071025117172,positive,0.9527130317874253
183,PKN,2025-07-15 08:29:00,0,2025-07-15,87.5,uptrend,uptrend,uptrend,uptrend,,positive,0.7443829663097858
183,PKN,2025-07-15 08:29:00,1,2025-07-16,87.5,uptrend,uptrend,uptrend,uptrend,0.0,positive,0.7443829663097858
183,PKN,2025-07-15 08:29:00,2,2025-07-17,86.52,uptrend,uptrend,uptrend,uptrend,-0.011200000000000099,positive,0.7443829663097858
183,PKN,2025-07-15 08:29:00,3,2025-07-18,87.41,uptrend,uptrend,uptrend,uptrend,0.010286638927415659,positive,0.7443829663097858
183,PKN,2025-07-15 08:29:00,4,2025-07-21,86.91,uptrend,uptrend,uptrend,uptrend,-0.005720169317011803,positive,0.7443829663097858
183,PKN,2025-07-15 08:29:00,5,2025-07-22,86.69,uptrend,uptrend,uptrend,uptrend,-0.002531354274536879,positive,0.7443829663097858
184,PKN,2025-07-14 13:36:00,0,2025-07-14,88.2,uptrend,uptrend,uptrend,uptrend,,positive,0.9333558124490082
184,PKN,2025-07-14 13:36:00,1,2025-07-15,87.5,uptrend,uptrend,uptrend,uptrend,-0.00793650793650802,positive,0.9333558124490082
184,PKN,2025-07-14 13:36:00,2,2025-07-16,87.5,uptrend,uptrend,uptrend,uptrend,0.0,positive,0.9333558124490082
184,PKN,2025-07-14 13:36:00,3,2025-07-17,86.52,uptrend,uptrend,uptrend,uptrend,-0.011200000000000099,positive,0.9333558124490082
184,PKN,2025-07-14 13:36:00,4,2025-07-18,87.41,uptrend,uptrend,uptrend,uptrend,0.010286638927415659,positive,0.9333558124490082
184,PKN,2025-07-14 13:36:00,5,2025-07-21,86.91,uptrend,uptrend,uptrend,uptrend,-0.005720169317011803,positive,0.9333558124490082
185,PKN,2025-07-11 17:15:00,0,2025-07-14,88.2,uptrend,uptrend,uptrend,uptrend,,negative,-0.5704905018210411
185,PKN,2025-07-11 17:15:00,1,2025-07-15,87.5,uptrend,uptrend,uptrend,uptrend,-0.00793650793650802,negative,-0.5704905018210411
185,PKN,2025-07-11 17:15:00,2,2025-07-16,87.5,uptrend,uptrend,uptrend,uptrend,0.0,negative,-0.5704905018210411
185,PKN,2025-07-11 17:15:00,3,2025-07-17,86.52,uptrend,uptrend,uptrend,uptrend,-0.011200000000000099,negative,-0.5704905018210411
185,PKN,2025-07-11 17:15:00,4,2025-07-18,87.41,uptrend,uptrend,uptrend,uptrend,0.010286638927415659,negative,-0.5704905018210411
185,PKN,2025-07-11 17:15:00,5,2025-07-21,86.91,uptrend,uptrend,uptrend,uptrend,-0.005720169317011803,negative,-0.5704905018210411
186,PKN,2025-07-10 11:34:00,0,2025-07-10,85.0,uptrend,uptrend,uptrend,uptrend,,positive,0.9787188360933214
186,PKN,2025-07-10 11:34:00,1,2025-07-11,86.96,uptrend,uptrend,uptrend,uptrend,0.023058823529411798,positive,0.9787188360933214
186,PKN,2025-07-10 11:34:00,2,2025-07-14,88.2,uptrend,uptrend,uptrend,uptrend,0.014259429622815123,positive,0.9787188360933214
186,PKN,2025-07-10 11:34:00,3,2025-07-15,87.5,uptrend,uptrend,uptrend,uptrend,-0.00793650793650802,positive,0.9787188360933214
186,PKN,2025-07-10 11:34:00,4,2025-07-16,87.5,uptrend,uptrend,uptrend,uptrend,0.0,positive,0.9787188360933214
186,PKN,2025-07-10 11:34:00,5,2025-07-17,86.52,uptrend,uptrend,uptrend,uptrend,-0.011200000000000099,positive,0.9787188360933214
187,PKN,2025-07-09 16:46:00,0,2025-07-09,85.85,uptrend,uptrend,uptrend,uptrend,,positive,0.9416989712044597
187,PKN,2025-07-09 16:46:00,1,2025-07-10,85.0,uptrend,uptrend,uptrend,uptrend,-0.009900990099009799,positive,0.9416989712044597
187,PKN,2025-07-09 16:46:00,2,2025-07-11,86.96,uptrend,uptrend,uptrend,uptrend,0.023058823529411798,positive,0.9416989712044597
187,PKN,2025-07-09 16:46:00,3,2025-07-14,88.2,uptrend,uptrend,uptrend,uptrend,0.014259429622815123,positive,0.9416989712044597
187,PKN,2025-07-09 16:46:00,4,2025-07-15,87.5,uptrend,uptrend,uptrend,uptrend,-0.00793650793650802,positive,0.9416989712044597
187,PKN,2025-07-09 16:46:00,5,2025-07-16,87.5,uptrend,uptrend,uptrend,uptrend,0.0,positive,0.9416989712044597
188,PKN,2025-07-09 10:32:00,0,2025-07-09,85.85,uptrend,uptrend,uptrend,uptrend,,neutral,0.04070741683244705
188,PKN,2025-07-09 10:32:00,1,2025-07-10,85.0,uptrend,uptrend,uptrend,uptrend,-0.009900990099009799,neutral,0.04070741683244705
188,PKN,2025-07-09 10:32:00,2,2025-07-11,86.96,uptrend,uptrend,uptrend,uptrend,0.023058823529411798,neutral,0.04070741683244705
188,PKN,2025-07-09 10:32:00,3,2025-07-14,88.2,uptrend,uptrend,uptrend,uptrend,0.014259429622815123,neutral,0.04070741683244705
188,PKN,2025-07-09 10:32:00,4,2025-07-15,87.5,uptrend,uptrend,uptrend,uptrend,-0.00793650793650802,neutral,0.04070741683244705
188,PKN,2025-07-09 10:32:00,5,2025-07-16,87.5,uptrend,uptrend,uptrend,uptrend,0.0,neutral,0.04070741683244705
189,PKN,2025-07-09 10:22:00,0,2025-07-09,85.85,uptrend,uptrend,uptrend,uptrend,,positive,0.9948520273319446
189,PKN,2025-07-09 10:22:00,1,2025-07-10,85.0,uptrend,uptrend,uptrend,uptrend,-0.009900990099009799,positive,0.9948520273319446
189,PKN,2025-07-09 10:22:00,2,2025-07-11,86.96,uptrend,uptrend,uptrend,uptrend,0.023058823529411798,positive,0.9948520273319446
189,PKN,2025-07-09 10:22:00,3,2025-07-14,88.2,uptrend,uptrend,uptrend,uptrend,0.014259429622815123,positive,0.9948520273319446
189,PKN,2025-07-09 10:22:00,4,2025-07-15,87.5,uptrend,uptrend,uptrend,uptrend,-0.00793650793650802,positive,0.9948520273319446
189,PKN,2025-07-09 10:22:00,5,2025-07-16,87.5,uptrend,uptrend,uptrend,uptrend,0.0,positive,0.9948520273319446
190,PKN,2025-07-09 10:03:00,0,2025-07-09,85.85,uptrend,uptrend,uptrend,uptrend,,positive,0.9898979475256056
190,PKN,2025-07-09 10:03:00,1,2025-07-10,85.0,uptrend,uptrend,uptrend,uptrend,-0.009900990099009799,positive,0.9898979475256056
190,PKN,2025-07-09 10:03:00,2,2025-07-11,86.96,uptrend,uptrend,uptrend,uptrend,0.023058823529411798,positive,0.9898979475256056
190,PKN,2025-07-09 10:03:00,3,2025-07-14,88.2,uptrend,uptrend,uptrend,uptrend,0.014259429622815123,positive,0.9898979475256056
190,PKN,2025-07-09 10:03:00,4,2025-07-15,87.5,uptrend,uptrend,uptrend,uptrend,-0.00793650793650802,positive,0.9898979475256056
190,PKN,2025-07-09 10:03:00,5,2025-07-16,87.5,uptrend,uptrend,uptrend,uptrend,0.0,positive,0.9898979475256056
191,PKN,2025-07-07 14:50:00,0,2025-07-07,84.44,uptrend,uptrend,uptrend,uptrend,,positive,0.6864018933847547
191,PKN,2025-07-07 14:50:00,1,2025-07-08,85.87,uptrend,uptrend,uptrend,uptrend,0.016935101847465717,positive,0.6864018933847547
191,PKN,2025-07-07 14:50:00,2,2025-07-09,85.85,uptrend,uptrend,uptrend,uptrend,-0.0002329102131130023,positive,0.6864018933847547
191,PKN,2025-07-07 14:50:00,3,2025-07-10,85.0,uptrend,uptrend,uptrend,uptrend,-0.009900990099009799,positive,0.6864018933847547
191,PKN,2025-07-07 14:50:00,4,2025-07-11,86.96,uptrend,uptrend,uptrend,uptrend,0.023058823529411798,positive,0.6864018933847547
191,PKN,2025-07-07 14:50:00,5,2025-07-14,88.2,uptrend,uptrend,uptrend,uptrend,0.014259429622815123,positive,0.6864018933847547
192,PKN,2025-07-07 09:42:00,0,2025-07-07,84.44,uptrend,uptrend,uptrend,uptrend,,positive,0.9937947635771707
192,PKN,2025-07-07 09:42:00,1,2025-07-08,85.87,uptrend,uptrend,uptrend,uptrend,0.016935101847465717,positive,0.9937947635771707
192,PKN,2025-07-07 09:42:00,2,2025-07-09,85.85,uptrend,uptrend,uptrend,uptrend,-0.0002329102131130023,positive,0.9937947635771707
192,PKN,2025-07-07 09:42:00,3,2025-07-10,85.0,uptrend,uptrend,uptrend,uptrend,-0.009900990099009799,positive,0.9937947635771707
192,PKN,2025-07-07 09:42:00,4,2025-07-11,86.96,uptrend,uptrend,uptrend,uptrend,0.023058823529411798,positive,0.9937947635771707
192,PKN,2025-07-07 09:42:00,5,2025-07-14,88.2,uptrend,uptrend,uptrend,uptrend,0.014259429622815123,positive,0.9937947635771707
193,PKN,2025-07-07 06:00:00,0,2025-07-07,84.44,uptrend,uptrend,uptrend,uptrend,,positive,0.9679153701290488
193,PKN,2025-07-07 06:00:00,1,2025-07-08,85.87,uptrend,uptrend,uptrend,uptrend,0.016935101847465717,positive,0.9679153701290488
193,PKN,2025-07-07 06:00:00,2,2025-07-09,85.85,uptrend,uptrend,uptrend,uptrend,-0.0002329102131130023,positive,0.9679153701290488
193,PKN,2025-07-07 06:00:00,3,2025-07-10,85.0,uptrend,uptrend,uptrend,uptrend,-0.009900990099009799,positive,0.9679153701290488
193,PKN,2025-07-07 06:00:00,4,2025-07-11,86.96,uptrend,uptrend,uptrend,uptrend,0.023058823529411798,positive,0.9679153701290488
193,PKN,2025-07-07 06:00:00,5,2025-07-14,88.2,uptrend,uptrend,uptrend,uptrend,0.014259429622815123,positive,0.9679153701290488
194,PKN,2025-07-05 15:14:00,0,2025-07-07,84.44,uptrend,uptrend,uptrend,uptrend,,positive,0.5349652636796236
194,PKN,2025-07-05 15:14:00,1,2025-07-08,85.87,uptrend,uptrend,uptrend,uptrend,0.016935101847465717,positive,0.5349652636796236
194,PKN,2025-07-05 15:14:00,2,2025-07-09,85.85,uptrend,uptrend,uptrend,uptrend,-0.0002329102131130023,positive,0.5349652636796236
194,PKN,2025-07-05 15:14:00,3,2025-07-10,85.0,uptrend,uptrend,uptrend,uptrend,-0.009900990099009799,positive,0.5349652636796236
194,PKN,2025-07-05 15:14:00,4,2025-07-11,86.96,uptrend,uptrend,uptrend,uptrend,0.023058823529411798,positive,0.5349652636796236
194,PKN,2025-07-05 15:14:00,5,2025-07-14,88.2,uptrend,uptrend,uptrend,uptrend,0.014259429622815123,positive,0.5349652636796236
195,PKN,2025-07-04 15:58:00,0,2025-07-04,84.49,uptrend,uptrend,uptrend,uptrend,,neutral,-0.2960835099220276
195,PKN,2025-07-04 15:58:00,1,2025-07-07,84.44,uptrend,uptrend,uptrend,uptrend,-0.0005917860101787298,neutral,-0.2960835099220276
195,PKN,2025-07-04 15:58:00,2,2025-07-08,85.87,uptrend,uptrend,uptrend,uptrend,0.016935101847465717,neutral,-0.2960835099220276
195,PKN,2025-07-04 15:58:00,3,2025-07-09,85.85,uptrend,uptrend,uptrend,uptrend,-0.0002329102131130023,neutral,-0.2960835099220276
195,PKN,2025-07-04 15:58:00,4,2025-07-10,85.0,uptrend,uptrend,uptrend,uptrend,-0.009900990099009799,neutral,-0.2960835099220276
195,PKN,2025-07-04 15:58:00,5,2025-07-11,86.96,uptrend,uptrend,uptrend,uptrend,0.023058823529411798,neutral,-0.2960835099220276
196,PKN,2025-07-02 17:12:00,0,2025-07-03,84.16,uptrend,uptrend,uptrend,uptrend,,neutral,0.23641537129878998
196,PKN,2025-07-02 17:12:00,1,2025-07-04,84.49,uptrend,uptrend,uptrend,uptrend,0.0039211026615968425,neutral,0.23641537129878998
196,PKN,2025-07-02 17:12:00,2,2025-07-07,84.44,uptrend,uptrend,uptrend,uptrend,-0.0005917860101787298,neutral,0.23641537129878998
196,PKN,2025-07-02 17:12:00,3,2025-07-08,85.87,uptrend,uptrend,uptrend,uptrend,0.016935101847465717,neutral,0.23641537129878998
196,PKN,2025-07-02 17:12:00,4,2025-07-09,85.85,uptrend,uptrend,uptrend,uptrend,-0.0002329102131130023,neutral,0.23641537129878998
196,PKN,2025-07-02 17:12:00,5,2025-07-10,85.0,uptrend,uptrend,uptrend,uptrend,-0.009900990099009799,neutral,0.23641537129878998
197,PKN,2025-07-02 14:59:00,0,2025-07-02,83.72,uptrend,uptrend,uptrend,uptrend,,neutral,0.10276241600513458
197,PKN,2025-07-02 14:59:00,1,2025-07-03,84.16,uptrend,uptrend,uptrend,uptrend,0.005255613951266058,neutral,0.10276241600513458
197,PKN,2025-07-02 14:59:00,2,2025-07-04,84.49,uptrend,uptrend,uptrend,uptrend,0.0039211026615968425,neutral,0.10276241600513458
197,PKN,2025-07-02 14:59:00,3,2025-07-07,84.44,uptrend,uptrend,uptrend,uptrend,-0.0005917860101787298,neutral,0.10276241600513458
197,PKN,2025-07-02 14:59:00,4,2025-07-08,85.87,uptrend,uptrend,uptrend,uptrend,0.016935101847465717,neutral,0.10276241600513458
197,PKN,2025-07-02 14:59:00,5,2025-07-09,85.85,uptrend,uptrend,uptrend,uptrend,-0.0002329102131130023,neutral,0.10276241600513458
198,PKN,2025-07-02 11:16:00,0,2025-07-02,83.72,uptrend,uptrend,uptrend,uptrend,,positive,0.9641215265728533
198,PKN,2025-07-02 11:16:00,1,2025-07-03,84.16,uptrend,uptrend,uptrend,uptrend,0.005255613951266058,positive,0.9641215265728533
198,PKN,2025-07-02 11:16:00,2,2025-07-04,84.49,uptrend,uptrend,uptrend,uptrend,0.0039211026615968425,positive,0.9641215265728533
198,PKN,2025-07-02 11:16:00,3,2025-07-07,84.44,uptrend,uptrend,uptrend,uptrend,-0.0005917860101787298,positive,0.9641215265728533
198,PKN,2025-07-02 11:16:00,4,2025-07-08,85.87,uptrend,uptrend,uptrend,uptrend,0.016935101847465717,positive,0.9641215265728533
198,PKN,2025-07-02 11:16:00,5,2025-07-09,85.85,uptrend,uptrend,uptrend,uptrend,-0.0002329102131130023,positive,0.9641215265728533
199,PKN,2025-07-01 11:05:00,0,2025-07-01,82.48,uptrend,uptrend,uptrend,uptrend,,positive,0.9942534402362071
199,PKN,2025-07-01 11:05:00,1,2025-07-02,83.72,uptrend,uptrend,uptrend,uptrend,0.015033947623666277,positive,0.9942534402362071
199,PKN,2025-07-01 11:05:00,2,2025-07-03,84.16,uptrend,uptrend,uptrend,uptrend,0.005255613951266058,positive,0.9942534402362071
199,PKN,2025-07-01 11:05:00,3,2025-07-04,84.49,uptrend,uptrend,uptrend,uptrend,0.0039211026615968425,positive,0.9942534402362071
199,PKN,2025-07-01 11:05:00,4,2025-07-07,84.44,uptrend,uptrend,uptrend,uptrend,-0.0005917860101787298,positive,0.9942534402362071
199,PKN,2025-07-01 11:05:00,5,2025-07-08,85.87,uptrend,uptrend,uptrend,uptrend,0.016935101847465717,positive,0.9942534402362071
200,PKN,2025-06-30 19:32:00,0,2025-07-01,82.48,uptrend,uptrend,uptrend,uptrend,,neutral,0.1641203872859478
200,PKN,2025-06-30 19:32:00,1,2025-07-02,83.72,uptrend,uptrend,uptrend,uptrend,0.015033947623666277,neutral,0.1641203872859478
200,PKN,2025-06-30 19:32:00,2,2025-07-03,84.16,uptrend,uptrend,uptrend,uptrend,0.005255613951266058,neutral,0.1641203872859478
200,PKN,2025-06-30 19:32:00,3,2025-07-04,84.49,uptrend,uptrend,uptrend,uptrend,0.0039211026615968425,neutral,0.1641203872859478
200,PKN,2025-06-30 19:32:00,4,2025-07-07,84.44,uptrend,uptrend,uptrend,uptrend,-0.0005917860101787298,neutral,0.1641203872859478
200,PKN,2025-06-30 19:32:00,5,2025-07-08,85.87,uptrend,uptrend,uptrend,uptrend,0.016935101847465717,neutral,0.1641203872859478
201,PKN,2025-06-30 11:11:00,0,2025-06-30,82.1,uptrend,uptrend,uptrend,uptrend,,positive,0.9524299185723066
201,PKN,2025-06-30 11:11:00,1,2025-07-01,82.48,uptrend,uptrend,uptrend,uptrend,0.004628501827040221,positive,0.9524299185723066
201,PKN,2025-06-30 11:11:00,2,2025-07-02,83.72,uptrend,uptrend,uptrend,uptrend,0.015033947623666277,positive,0.9524299185723066
201,PKN,2025-06-30 11:11:00,3,2025-07-03,84.16,uptrend,uptrend,uptrend,uptrend,0.005255613951266058,positive,0.9524299185723066
201,PKN,2025-06-30 11:11:00,4,2025-07-04,84.49,uptrend,uptrend,uptrend,uptrend,0.0039211026615968425,positive,0.9524299185723066
201,PKN,2025-06-30 11:11:00,5,2025-07-07,84.44,uptrend,uptrend,uptrend,uptrend,-0.0005917860101787298,positive,0.9524299185723066
202,PKN,2025-06-30 09:30:00,0,2025-06-30,82.1,uptrend,uptrend,uptrend,uptrend,,neutral,-0.056273579597473145
202,PKN,2025-06-30 09:30:00,1,2025-07-01,82.48,uptrend,uptrend,uptrend,uptrend,0.004628501827040221,neutral,-0.056273579597473145
202,PKN,2025-06-30 09:30:00,2,2025-07-02,83.72,uptrend,uptrend,uptrend,uptrend,0.015033947623666277,neutral,-0.056273579597473145
202,PKN,2025-06-30 09:30:00,3,2025-07-03,84.16,uptrend,uptrend,uptrend,uptrend,0.005255613951266058,neutral,-0.056273579597473145
202,PKN,2025-06-30 09:30:00,4,2025-07-04,84.49,uptrend,uptrend,uptrend,uptrend,0.0039211026615968425,neutral,-0.056273579597473145
202,PKN,2025-06-30 09:30:00,5,2025-07-07,84.44,uptrend,uptrend,uptrend,uptrend,-0.0005917860101787298,neutral,-0.056273579597473145
203,PKN,2025-06-27 11:37:00,0,2025-06-27,81.61,uptrend,uptrend,uptrend,uptrend,,positive,0.42360902205109596
203,PKN,2025-06-27 11:37:00,1,2025-06-30,82.1,uptrend,uptrend,uptrend,uptrend,0.006004166156108326,positive,0.42360902205109596
203,PKN,2025-06-27 11:37:00,2,2025-07-01,82.48,uptrend,uptrend,uptrend,uptrend,0.004628501827040221,positive,0.42360902205109596
203,PKN,2025-06-27 11:37:00,3,2025-07-02,83.72,uptrend,uptrend,uptrend,uptrend,0.015033947623666277,positive,0.42360902205109596
203,PKN,2025-06-27 11:37:00,4,2025-07-03,84.16,uptrend,uptrend,uptrend,uptrend,0.005255613951266058,positive,0.42360902205109596
203,PKN,2025-06-27 11:37:00,5,2025-07-04,84.49,uptrend,uptrend,uptrend,uptrend,0.0039211026615968425,positive,0.42360902205109596
204,PKN,2025-06-26 10:45:00,0,2025-06-26,82.71,uptrend,uptrend,uptrend,uptrend,,positive,0.9393120752647519
204,PKN,2025-06-26 10:45:00,1,2025-06-27,81.61,uptrend,uptrend,uptrend,uptrend,-0.013299480111231943,positive,0.9393120752647519
204,PKN,2025-06-26 10:45:00,2,2025-06-30,82.1,uptrend,uptrend,uptrend,uptrend,0.006004166156108326,positive,0.9393120752647519
204,PKN,2025-06-26 10:45:00,3,2025-07-01,82.48,uptrend,uptrend,uptrend,uptrend,0.004628501827040221,positive,0.9393120752647519
204,PKN,2025-06-26 10:45:00,4,2025-07-02,83.72,uptrend,uptrend,uptrend,uptrend,0.015033947623666277,positive,0.9393120752647519
204,PKN,2025-06-26 10:45:00,5,2025-07-03,84.16,uptrend,uptrend,uptrend,uptrend,0.005255613951266058,positive,0.9393120752647519
205,PKN,2025-06-23 11:33:00,0,2025-06-23,83.22,uptrend,uptrend,uptrend,uptrend,,positive,0.9933635188499466
205,PKN,2025-06-23 11:33:00,1,2025-06-24,82.51,uptrend,uptrend,uptrend,uptrend,-0.008531602980052844,positive,0.9933635188499466
205,PKN,2025-06-23 11:33:00,2,2025-06-25,81.97,uptrend,uptrend,uptrend,uptrend,-0.0065446612531815385,positive,0.9933635188499466
205,PKN,2025-06-23 11:33:00,3,2025-06-26,82.71,uptrend,uptrend,uptrend,uptrend,0.00902769305843587,positive,0.9933635188499466
205,PKN,2025-06-23 11:33:00,4,2025-06-27,81.61,uptrend,uptrend,uptrend,uptrend,-0.013299480111231943,positive,0.9933635188499466
205,PKN,2025-06-23 11:33:00,5,2025-06-30,82.1,uptrend,uptrend,uptrend,uptrend,0.006004166156108326,positive,0.9933635188499466
206,PKN,2025-06-23 11:32:00,0,2025-06-23,83.22,uptrend,uptrend,uptrend,uptrend,,positive,0.9892767273122445
206,PKN,2025-06-23 11:32:00,1,2025-06-24,82.51,uptrend,uptrend,uptrend,uptrend,-0.008531602980052844,positive,0.9892767273122445
206,PKN,2025-06-23 11:32:00,2,2025-06-25,81.97,uptrend,uptrend,uptrend,uptrend,-0.0065446612531815385,positive,0.9892767273122445
206,PKN,2025-06-23 11:32:00,3,2025-06-26,82.71,uptrend,uptrend,uptrend,uptrend,0.00902769305843587,positive,0.9892767273122445
206,PKN,2025-06-23 11:32:00,4,2025-06-27,81.61,uptrend,uptrend,uptrend,uptrend,-0.013299480111231943,positive,0.9892767273122445
206,PKN,2025-06-23 11:32:00,5,2025-06-30,82.1,uptrend,uptrend,uptrend,uptrend,0.006004166156108326,positive,0.9892767273122445
207,PKN,2025-06-17 10:06:00,0,2025-06-17,81.62,uptrend,uptrend,uptrend,uptrend,,positive,0.9532753634266555
207,PKN,2025-06-17 10:06:00,1,2025-06-18,81.58,uptrend,uptrend,uptrend,uptrend,-0.0004900759617741945,positive,0.9532753634266555
207,PKN,2025-06-17 10:06:00,2,2025-06-20,82.8,uptrend,uptrend,uptrend,uptrend,0.014954645746506401,positive,0.9532753634266555
207,PKN,2025-06-17 10:06:00,3,2025-06-23,83.22,uptrend,uptrend,uptrend,uptrend,0.005072463768115876,positive,0.9532753634266555
207,PKN,2025-06-17 10:06:00,4,2025-06-24,82.51,uptrend,uptrend,uptrend,uptrend,-0.008531602980052844,positive,0.9532753634266555
207,PKN,2025-06-17 10:06:00,5,2025-06-25,81.97,uptrend,uptrend,uptrend,uptrend,-0.0065446612531815385,positive,0.9532753634266555
208,PKN,2025-06-16 08:40:00,0,2025-06-16,78.62,uptrend,uptrend,uptrend,uptrend,,positive,0.9385734731331468
208,PKN,2025-06-16 08:40:00,1,2025-06-17,81.62,uptrend,uptrend,uptrend,uptrend,0.03815822945815306,positive,0.9385734731331468
208,PKN,2025-06-16 08:40:00,2,2025-06-18,81.58,uptrend,uptrend,uptrend,uptrend,-0.0004900759617741945,positive,0.9385734731331468
208,PKN,2025-06-16 08:40:00,3,2025-06-20,82.8,uptrend,uptrend,uptrend,uptrend,0.014954645746506401,positive,0.9385734731331468
208,PKN,2025-06-16 08:40:00,4,2025-06-23,83.22,uptrend,uptrend,uptrend,uptrend,0.005072463768115876,positive,0.9385734731331468
208,PKN,2025-06-16 08:40:00,5,2025-06-24,82.51,uptrend,uptrend,uptrend,uptrend,-0.008531602980052844,positive,0.9385734731331468
209,PKN,2025-06-16 08:16:00,0,2025-06-16,78.62,uptrend,uptrend,uptrend,uptrend,,positive,0.8879910982213914
209,PKN,2025-06-16 08:16:00,1,2025-06-17,81.62,uptrend,uptrend,uptrend,uptrend,0.03815822945815306,positive,0.8879910982213914
209,PKN,2025-06-16 08:16:00,2,2025-06-18,81.58,uptrend,uptrend,uptrend,uptrend,-0.0004900759617741945,positive,0.8879910982213914
209,PKN,2025-06-16 08:16:00,3,2025-06-20,82.8,uptrend,uptrend,uptrend,uptrend,0.014954645746506401,positive,0.8879910982213914
209,PKN,2025-06-16 08:16:00,4,2025-06-23,83.22,uptrend,uptrend,uptrend,uptrend,0.005072463768115876,positive,0.8879910982213914
209,PKN,2025-06-16 08:16:00,5,2025-06-24,82.51,uptrend,uptrend,uptrend,uptrend,-0.008531602980052844,positive,0.8879910982213914
210,PKN,2025-06-16 06:16:00,0,2025-06-16,78.62,uptrend,uptrend,uptrend,uptrend,,positive,0.993325071700383
210,PKN,2025-06-16 06:16:00,1,2025-06-17,81.62,uptrend,uptrend,uptrend,uptrend,0.03815822945815306,positive,0.993325071700383
210,PKN,2025-06-16 06:16:00,2,2025-06-18,81.58,uptrend,uptrend,uptrend,uptrend,-0.0004900759617741945,positive,0.993325071700383
210,PKN,2025-06-16 06:16:00,3,2025-06-20,82.8,uptrend,uptrend,uptrend,uptrend,0.014954645746506401,positive,0.993325071700383
210,PKN,2025-06-16 06:16:00,4,2025-06-23,83.22,uptrend,uptrend,uptrend,uptrend,0.005072463768115876,positive,0.993325071700383
210,PKN,2025-06-16 06:16:00,5,2025-06-24,82.51,uptrend,uptrend,uptrend,uptrend,-0.008531602980052844,positive,0.993325071700383
211,PKN,2025-06-12 13:00:00,0,2025-06-12,77.56,uptrend,uptrend,uptrend,uptrend,,positive,0.9949107894790359
211,PKN,2025-06-12 13:00:00,1,2025-06-13,77.28,uptrend,uptrend,uptrend,uptrend,-0.0036101083032491488,positive,0.9949107894790359
211,PKN,2025-06-12 13:00:00,2,2025-06-16,78.62,uptrend,uptrend,uptrend,uptrend,0.01733954451345765,positive,0.9949107894790359
211,PKN,2025-06-12 13:00:00,3,2025-06-17,81.62,uptrend,uptrend,uptrend,uptrend,0.03815822945815306,positive,0.9949107894790359
211,PKN,2025-06-12 13:00:00,4,2025-06-18,81.58,uptrend,uptrend,uptrend,uptrend,-0.0004900759617741945,positive,0.9949107894790359
211,PKN,2025-06-12 13:00:00,5,2025-06-20,82.8,uptrend,uptrend,uptrend,uptrend,0.014954645746506401,positive,0.9949107894790359
212,PKN,2025-06-11 19:08:00,0,2025-06-12,77.56,uptrend,uptrend,uptrend,uptrend,,positive,0.6094889314845204
212,PKN,2025-06-11 19:08:00,1,2025-06-13,77.28,uptrend,uptrend,uptrend,uptrend,-0.0036101083032491488,positive,0.6094889314845204
212,PKN,2025-06-11 19:08:00,2,2025-06-16,78.62,uptrend,uptrend,uptrend,uptrend,0.01733954451345765,positive,0.6094889314845204
212,PKN,2025-06-11 19:08:00,3,2025-06-17,81.62,uptrend,uptrend,uptrend,uptrend,0.03815822945815306,positive,0.6094889314845204
212,PKN,2025-06-11 19:08:00,4,2025-06-18,81.58,uptrend,uptrend,uptrend,uptrend,-0.0004900759617741945,positive,0.6094889314845204
212,PKN,2025-06-11 19:08:00,5,2025-06-20,82.8,uptrend,uptrend,uptrend,uptrend,0.014954645746506401,positive,0.6094889314845204
213,PKN,2025-06-10 13:22:00,0,2025-06-10,77.8,uptrend,uptrend,uptrend,uptrend,,positive,0.9930557755287737
213,PKN,2025-06-10 13:22:00,1,2025-06-11,76.86,uptrend,uptrend,uptrend,uptrend,-0.01208226221079689,positive,0.9930557755287737
213,PKN,2025-06-10 13:22:00,2,2025-06-12,77.56,uptrend,uptrend,uptrend,uptrend,0.00910746812386165,positive,0.9930557755287737
213,PKN,2025-06-10 13:22:00,3,2025-06-13,77.28,uptrend,uptrend,uptrend,uptrend,-0.0036101083032491488,positive,0.9930557755287737
213,PKN,2025-06-10 13:22:00,4,2025-06-16,78.62,uptrend,uptrend,uptrend,uptrend,0.01733954451345765,positive,0.9930557755287737
213,PKN,2025-06-10 13:22:00,5,2025-06-17,81.62,uptrend,uptrend,uptrend,uptrend,0.03815822945815306,positive,0.9930557755287737
214,PKN,2025-06-09 11:44:00,0,2025-06-09,74.65,uptrend,uptrend,horizontal,uptrend,,positive,0.923497281037271
214,PKN,2025-06-09 11:44:00,1,2025-06-10,77.8,uptrend,uptrend,uptrend,uptrend,0.0421969189551239,positive,0.923497281037271
214,PKN,2025-06-09 11:44:00,2,2025-06-11,76.86,uptrend,uptrend,uptrend,uptrend,-0.01208226221079689,positive,0.923497281037271
214,PKN,2025-06-09 11:44:00,3,2025-06-12,77.56,uptrend,uptrend,uptrend,uptrend,0.00910746812386165,positive,0.923497281037271
214,PKN,2025-06-09 11:44:00,4,2025-06-13,77.28,uptrend,uptrend,uptrend,uptrend,-0.0036101083032491488,positive,0.923497281037271
214,PKN,2025-06-09 11:44:00,5,2025-06-16,78.62,uptrend,uptrend,uptrend,uptrend,0.01733954451345765,positive,0.923497281037271
215,PKN,2025-06-05 20:22:00,0,2025-06-06,73.72,uptrend,uptrend,horizontal,uptrend,,positive,0.4799768179655075
215,PKN,2025-06-05 20:22:00,1,2025-06-09,74.65,uptrend,uptrend,horizontal,uptrend,0.012615301139446755,positive,0.4799768179655075
215,PKN,2025-06-05 20:22:00,2,2025-06-10,77.8,uptrend,uptrend,uptrend,uptrend,0.0421969189551239,positive,0.4799768179655075
215,PKN,2025-06-05 20:22:00,3,2025-06-11,76.86,uptrend,uptrend,uptrend,uptrend,-0.01208226221079689,positive,0.4799768179655075
215,PKN,2025-06-05 20:22:00,4,2025-06-12,77.56,uptrend,uptrend,uptrend,uptrend,0.00910746812386165,positive,0.4799768179655075
215,PKN,2025-06-05 20:22:00,5,2025-06-13,77.28,uptrend,uptrend,uptrend,uptrend,-0.0036101083032491488,positive,0.4799768179655075
216,PKN,2025-06-05 20:20:00,0,2025-06-06,73.72,uptrend,uptrend,horizontal,uptrend,,neutral,-0.12828505784273148
216,PKN,2025-06-05 20:20:00,1,2025-06-09,74.65,uptrend,uptrend,horizontal,uptrend,0.012615301139446755,neutral,-0.12828505784273148
216,PKN,2025-06-05 20:20:00,2,2025-06-10,77.8,uptrend,uptrend,uptrend,uptrend,0.0421969189551239,neutral,-0.12828505784273148
216,PKN,2025-06-05 20:20:00,3,2025-06-11,76.86,uptrend,uptrend,uptrend,uptrend,-0.01208226221079689,neutral,-0.12828505784273148
216,PKN,2025-06-05 20:20:00,4,2025-06-12,77.56,uptrend,uptrend,uptrend,uptrend,0.00910746812386165,neutral,-0.12828505784273148
216,PKN,2025-06-05 20:20:00,5,2025-06-13,77.28,uptrend,uptrend,uptrend,uptrend,-0.0036101083032491488,neutral,-0.12828505784273148
217,PKN,2025-06-05 20:08:00,0,2025-06-06,73.72,uptrend,uptrend,horizontal,uptrend,,negative,-0.4903688058257103
217,PKN,2025-06-05 20:08:00,1,2025-06-09,74.65,uptrend,uptrend,horizontal,uptrend,0.012615301139446755,negative,-0.4903688058257103
217,PKN,2025-06-05 20:08:00,2,2025-06-10,77.8,uptrend,uptrend,uptrend,uptrend,0.0421969189551239,negative,-0.4903688058257103
217,PKN,2025-06-05 20:08:00,3,2025-06-11,76.86,uptrend,uptrend,uptrend,uptrend,-0.01208226221079689,negative,-0.4903688058257103
217,PKN,2025-06-05 20:08:00,4,2025-06-12,77.56,uptrend,uptrend,uptrend,uptrend,0.00910746812386165,negative,-0.4903688058257103
217,PKN,2025-06-05 20:08:00,5,2025-06-13,77.28,uptrend,uptrend,uptrend,uptrend,-0.0036101083032491488,negative,-0.4903688058257103
218,PKN,2025-06-05 13:59:00,0,2025-06-05,74.8,uptrend,uptrend,horizontal,uptrend,,neutral,-0.2784727197140455
218,PKN,2025-06-05 13:59:00,1,2025-06-06,73.72,uptrend,uptrend,horizontal,uptrend,-0.01443850267379676,neutral,-0.2784727197140455
218,PKN,2025-06-05 13:59:00,2,2025-06-09,74.65,uptrend,uptrend,horizontal,uptrend,0.012615301139446755,neutral,-0.2784727197140455
218,PKN,2025-06-05 13:59:00,3,2025-06-10,77.8,uptrend,uptrend,uptrend,uptrend,0.0421969189551239,neutral,-0.2784727197140455
218,PKN,2025-06-05 13:59:00,4,2025-06-11,76.86,uptrend,uptrend,uptrend,uptrend,-0.01208226221079689,neutral,-0.2784727197140455
218,PKN,2025-06-05 13:59:00,5,2025-06-12,77.56,uptrend,uptrend,uptrend,uptrend,0.00910746812386165,neutral,-0.2784727197140455
219,PKN,2025-06-05 07:34:00,0,2025-06-05,74.8,uptrend,uptrend,horizontal,uptrend,,positive,0.9572736141271889
219,PKN,2025-06-05 07:34:00,1,2025-06-06,73.72,uptrend,uptrend,horizontal,uptrend,-0.01443850267379676,positive,0.9572736141271889
219,PKN,2025-06-05 07:34:00,2,2025-06-09,74.65,uptrend,uptrend,horizontal,uptrend,0.012615301139446755,positive,0.9572736141271889
219,PKN,2025-06-05 07:34:00,3,2025-06-10,77.8,uptrend,uptrend,uptrend,uptrend,0.0421969189551239,positive,0.9572736141271889
219,PKN,2025-06-05 07:34:00,4,2025-06-11,76.86,uptrend,uptrend,uptrend,uptrend,-0.01208226221079689,positive,0.9572736141271889
219,PKN,2025-06-05 07:34:00,5,2025-06-12,77.56,uptrend,uptrend,uptrend,uptrend,0.00910746812386165,positive,0.9572736141271889
220,PKN,2025-06-03 12:51:00,0,2025-06-03,74.3,uptrend,uptrend,horizontal,uptrend,,positive,0.9936769441701472
220,PKN,2025-06-03 12:51:00,1,2025-06-04,75.2,uptrend,uptrend,horizontal,uptrend,0.01211305518169592,positive,0.9936769441701472
220,PKN,2025-06-03 12:51:00,2,2025-06-05,74.8,uptrend,uptrend,horizontal,uptrend,-0.005319148936170248,positive,0.9936769441701472
220,PKN,2025-06-03 12:51:00,3,2025-06-06,73.72,uptrend,uptrend,horizontal,uptrend,-0.01443850267379676,positive,0.9936769441701472
220,PKN,2025-06-03 12:51:00,4,2025-06-09,74.65,uptrend,uptrend,horizontal,uptrend,0.012615301139446755,positive,0.9936769441701472
220,PKN,2025-06-03 12:51:00,5,2025-06-10,77.8,uptrend,uptrend,uptrend,uptrend,0.0421969189551239,positive,0.9936769441701472
221,PKN,2025-06-03 12:02:00,0,2025-06-03,74.3,uptrend,uptrend,horizontal,uptrend,,positive,0.4655527211725712
221,PKN,2025-06-03 12:02:00,1,2025-06-04,75.2,uptrend,uptrend,horizontal,uptrend,0.01211305518169592,positive,0.4655527211725712
221,PKN,2025-06-03 12:02:00,2,2025-06-05,74.8,uptrend,uptrend,horizontal,uptrend,-0.005319148936170248,positive,0.4655527211725712
221,PKN,2025-06-03 12:02:00,3,2025-06-06,73.72,uptrend,uptrend,horizontal,uptrend,-0.01443850267379676,positive,0.4655527211725712
221,PKN,2025-06-03 12:02:00,4,2025-06-09,74.65,uptrend,uptrend,horizontal,uptrend,0.012615301139446755,positive,0.4655527211725712
221,PKN,2025-06-03 12:02:00,5,2025-06-10,77.8,uptrend,uptrend,uptrend,uptrend,0.0421969189551239,positive,0.4655527211725712
222,PKN,2025-06-02 10:38:00,0,2025-06-02,73.99,uptrend,uptrend,horizontal,uptrend,,positive,0.9923471752554178
222,PKN,2025-06-02 10:38:00,1,2025-06-03,74.3,uptrend,uptrend,horizontal,uptrend,0.004189755372347559,positive,0.9923471752554178
222,PKN,2025-06-02 10:38:00,2,2025-06-04,75.2,uptrend,uptrend,horizontal,uptrend,0.01211305518169592,positive,0.9923471752554178
222,PKN,2025-06-02 10:38:00,3,2025-06-05,74.8,uptrend,uptrend,horizontal,uptrend,-0.005319148936170248,positive,0.9923471752554178
222,PKN,2025-06-02 10:38:00,4,2025-06-06,73.72,uptrend,uptrend,horizontal,uptrend,-0.01443850267379676,positive,0.9923471752554178
222,PKN,2025-06-02 10:38:00,5,2025-06-09,74.65,uptrend,uptrend,horizontal,uptrend,0.012615301139446755,positive,0.9923471752554178
224,CDR,2025-11-27 14:10:00,0,2025-11-27,249.3,downtrend,downtrend,uptrend,downtrend,,neutral,0.05221696197986603
224,CDR,2025-11-27 14:10:00,1,2025-11-28,256.4,downtrend,downtrend,uptrend,downtrend,0.028479743281187186,neutral,0.05221696197986603
224,CDR,2025-11-27 14:10:00,2,2025-12-01,255.8,downtrend,horizontal,uptrend,downtrend,-0.002340093603743987,neutral,0.05221696197986603
224,CDR,2025-11-27 14:10:00,3,2025-12-02,255.3,downtrend,horizontal,uptrend,downtrend,-0.00195465207193124,neutral,0.05221696197986603
224,CDR,2025-11-27 14:10:00,4,2025-12-03,251.9,horizontal,uptrend,uptrend,downtrend,-0.013317665491578534,neutral,0.05221696197986603
224,CDR,2025-11-27 14:10:00,5,2025-12-04,254.6,uptrend,uptrend,uptrend,downtrend,0.010718539102818614,neutral,0.05221696197986603
225,CDR,2025-11-26 19:53:00,0,2025-11-27,249.3,downtrend,downtrend,uptrend,downtrend,,positive,0.9879555848892778
225,CDR,2025-11-26 19:53:00,1,2025-11-28,256.4,downtrend,downtrend,uptrend,downtrend,0.028479743281187186,positive,0.9879555848892778
225,CDR,2025-11-26 19:53:00,2,2025-12-01,255.8,downtrend,horizontal,uptrend,downtrend,-0.002340093603743987,positive,0.9879555848892778
225,CDR,2025-11-26 19:53:00,3,2025-12-02,255.3,downtrend,horizontal,uptrend,downtrend,-0.00195465207193124,positive,0.9879555848892778
225,CDR,2025-11-26 19:53:00,4,2025-12-03,251.9,horizontal,uptrend,uptrend,downtrend,-0.013317665491578534,positive,0.9879555848892778
225,CDR,2025-11-26 19:53:00,5,2025-12-04,254.6,uptrend,uptrend,uptrend,downtrend,0.010718539102818614,positive,0.9879555848892778
226,CDR,2025-11-24 19:10:00,0,2025-11-25,231.5,downtrend,downtrend,downtrend,downtrend,,positive,0.5693599991500378
226,CDR,2025-11-24 19:10:00,1,2025-11-26,243.0,downtrend,downtrend,downtrend,downtrend,0.049676025917926525,positive,0.5693599991500378
226,CDR,2025-11-24 19:10:00,2,2025-11-27,249.3,downtrend,downtrend,uptrend,downtrend,0.025925925925925908,positive,0.5693599991500378
226,CDR,2025-11-24 19:10:00,3,2025-11-28,256.4,downtrend,downtrend,uptrend,downtrend,0.028479743281187186,positive,0.5693599991500378
226,CDR,2025-11-24 19:10:00,4,2025-12-01,255.8,downtrend,horizontal,uptrend,downtrend,-0.002340093603743987,positive,0.5693599991500378
226,CDR,2025-11-24 19:10:00,5,2025-12-02,255.3,downtrend,horizontal,uptrend,downtrend,-0.00195465207193124,positive,0.5693599991500378
227,CDR,2025-10-23 16:46:00,0,2025-10-23,260.2,downtrend,horizontal,horizontal,horizontal,,positive,0.9115887358784676
227,CDR,2025-10-23 16:46:00,1,2025-10-24,259.5,downtrend,horizontal,horizontal,horizontal,-0.0026902382782474366,positive,0.9115887358784676
227,CDR,2025-10-23 16:46:00,2,2025-10-27,254.8,downtrend,horizontal,horizontal,downtrend,-0.018111753371868988,positive,0.9115887358784676
227,CDR,2025-10-23 16:46:00,3,2025-10-28,259.2,downtrend,horizontal,horizontal,uptrend,0.017268445839874413,positive,0.9115887358784676
227,CDR,2025-10-23 16:46:00,4,2025-10-29,256.8,downtrend,horizontal,horizontal,horizontal,-0.00925925925925919,positive,0.9115887358784676
227,CDR,2025-10-23 16:46:00,5,2025-10-30,257.3,downtrend,horizontal,horizontal,uptrend,0.0019470404984422984,positive,0.9115887358784676
228,CDR,2025-09-12 18:04:00,0,2025-09-15,257.0,downtrend,horizontal,horizontal,uptrend,,negative,-0.6052307449281216
228,CDR,2025-09-12 18:04:00,1,2025-09-16,257.1,horizontal,horizontal,horizontal,uptrend,0.00038910505836575737,negative,-0.6052307449281216
228,CDR,2025-09-12 18:04:00,2,2025-09-17,256.7,horizontal,horizontal,horizontal,uptrend,-0.001555814858032023,negative,-0.6052307449281216
228,CDR,2025-09-12 18:04:00,3,2025-09-18,262.6,horizontal,horizontal,horizontal,uptrend,0.02298402804830557,negative,-0.6052307449281216
228,CDR,2025-09-12 18:04:00,4,2025-09-19,255.0,uptrend,horizontal,horizontal,horizontal,-0.028941355674029,negative,-0.6052307449281216
228,CDR,2025-09-12 18:04:00,5,2025-09-22,259.5,uptrend,horizontal,horizontal,uptrend,0.01764705882352935,negative,-0.6052307449281216
229,CDR,2025-09-05 19:42:00,0,2025-09-08,255.0,downtrend,horizontal,horizontal,horizontal,,positive,0.33795085549354553
229,CDR,2025-09-05 19:42:00,1,2025-09-09,252.5,downtrend,horizontal,horizontal,horizontal,-0.009803921568627416,positive,0.33795085549354553
229,CDR,2025-09-05 19:42:00,2,2025-09-10,255.3,downtrend,horizontal,horizontal,horizontal,0.011089108910891099,positive,0.33795085549354553
229,CDR,2025-09-05 19:42:00,3,2025-09-11,255.0,downtrend,horizontal,horizontal,horizontal,-0.001175088131609936,positive,0.33795085549354553
229,CDR,2025-09-05 19:42:00,4,2025-09-12,252.3,downtrend,horizontal,horizontal,downtrend,-0.010588235294117565,positive,0.33795085549354553
229,CDR,2025-09-05 19:42:00,5,2025-09-15,257.0,downtrend,horizontal,horizontal,uptrend,0.018628616726119596,positive,0.33795085549354553
230,CDR,2025-08-28 20:29:00,0,2025-08-29,252.0,uptrend,horizontal,horizontal,horizontal,,positive,0.46074510365724564
230,CDR,2025-08-28 20:29:00,1,2025-09-01,245.7,uptrend,horizontal,horizontal,downtrend,-0.025000000000000022,positive,0.46074510365724564
230,CDR,2025-08-28 20:29:00,2,2025-09-02,248.9,uptrend,downtrend,horizontal,downtrend,0.013024013024013126,positive,0.46074510365724564
230,CDR,2025-08-28 20:29:00,3,2025-09-03,245.9,uptrend,downtrend,horizontal,downtrend,-0.012053033346725583,positive,0.46074510365724564
230,CDR,2025-08-28 20:29:00,4,2025-09-04,250.0,horizontal,downtrend,horizontal,horizontal,0.01667344448962993,positive,0.46074510365724564
230,CDR,2025-08-28 20:29:00,5,2025-09-05,250.2,horizontal,downtrend,horizontal,horizontal,0.0007999999999999119,positive,0.46074510365724564
231,CDR,2025-08-28 19:48:00,0,2025-08-29,252.0,uptrend,horizontal,horizontal,horizontal,,positive,0.9386545731686056
231,CDR,2025-08-28 19:48:00,1,2025-09-01,245.7,uptrend,horizontal,horizontal,downtrend,-0.025000000000000022,positive,0.9386545731686056
231,CDR,2025-08-28 19:48:00,2,2025-09-02,248.9,uptrend,downtrend,horizontal,downtrend,0.013024013024013126,positive,0.9386545731686056
231,CDR,2025-08-28 19:48:00,3,2025-09-03,245.9,uptrend,downtrend,horizontal,downtrend,-0.012053033346725583,positive,0.9386545731686056
231,CDR,2025-08-28 19:48:00,4,2025-09-04,250.0,horizontal,downtrend,horizontal,horizontal,0.01667344448962993,positive,0.9386545731686056
231,CDR,2025-08-28 19:48:00,5,2025-09-05,250.2,horizontal,downtrend,horizontal,horizontal,0.0007999999999999119,positive,0.9386545731686056
232,CDR,2025-08-28 18:34:00,0,2025-08-29,252.0,uptrend,horizontal,horizontal,horizontal,,positive,0.709490217268467
232,CDR,2025-08-28 18:34:00,1,2025-09-01,245.7,uptrend,horizontal,horizontal,downtrend,-0.025000000000000022,positive,0.709490217268467
232,CDR,2025-08-28 18:34:00,2,2025-09-02,248.9,uptrend,downtrend,horizontal,downtrend,0.013024013024013126,positive,0.709490217268467
232,CDR,2025-08-28 18:34:00,3,2025-09-03,245.9,uptrend,downtrend,horizontal,downtrend,-0.012053033346725583,positive,0.709490217268467
232,CDR,2025-08-28 18:34:00,4,2025-09-04,250.0,horizontal,downtrend,horizontal,horizontal,0.01667344448962993,positive,0.709490217268467
232,CDR,2025-08-28 18:34:00,5,2025-09-05,250.2,horizontal,downtrend,horizontal,horizontal,0.0007999999999999119,positive,0.709490217268467
233,CDR,2025-08-28 17:44:00,0,2025-08-29,252.0,uptrend,horizontal,horizontal,horizontal,,positive,0.9320684317499399
233,CDR,2025-08-28 17:44:00,1,2025-09-01,245.7,uptrend,horizontal,horizontal,downtrend,-0.025000000000000022,positive,0.9320684317499399
233,CDR,2025-08-28 17:44:00,2,2025-09-02,248.9,uptrend,downtrend,horizontal,downtrend,0.013024013024013126,positive,0.9320684317499399
233,CDR,2025-08-28 17:44:00,3,2025-09-03,245.9,uptrend,downtrend,horizontal,downtrend,-0.012053033346725583,positive,0.9320684317499399
233,CDR,2025-08-28 17:44:00,4,2025-09-04,250.0,horizontal,downtrend,horizontal,horizontal,0.01667344448962993,positive,0.9320684317499399
233,CDR,2025-08-28 17:44:00,5,2025-09-05,250.2,horizontal,downtrend,horizontal,horizontal,0.0007999999999999119,positive,0.9320684317499399
234,CDR,2025-07-24 12:46:00,0,2025-07-24,253.8,downtrend,downtrend,downtrend,uptrend,,positive,0.975465927971527
234,CDR,2025-07-24 12:46:00,1,2025-07-25,253.3,downtrend,downtrend,downtrend,horizontal,-0.0019700551615444706,positive,0.975465927971527
234,CDR,2025-07-24 12:46:00,2,2025-07-28,249.8,downtrend,downtrend,horizontal,horizontal,-0.013817607579944768,positive,0.975465927971527
234,CDR,2025-07-24 12:46:00,3,2025-07-29,252.1,downtrend,downtrend,horizontal,horizontal,0.009207365892714092,positive,0.975465927971527
234,CDR,2025-07-24 12:46:00,4,2025-07-30,254.3,downtrend,downtrend,horizontal,horizontal,0.008726695755652658,positive,0.975465927971527
234,CDR,2025-07-24 12:46:00,5,2025-07-31,251.2,downtrend,downtrend,horizontal,horizontal,-0.012190326386158135,positive,0.975465927971527
235,CDR,2025-07-16 17:24:00,0,2025-07-17,267.1,downtrend,horizontal,uptrend,uptrend,,positive,0.9845297259744257
235,CDR,2025-07-16 17:24:00,1,2025-07-18,269.6,downtrend,horizontal,uptrend,uptrend,0.009359790340696339,positive,0.9845297259744257
235,CDR,2025-07-16 17:24:00,2,2025-07-21,265.2,downtrend,horizontal,uptrend,uptrend,-0.016320474777448246,positive,0.9845297259744257
235,CDR,2025-07-16 17:24:00,3,2025-07-22,255.9,downtrend,horizontal,downtrend,uptrend,-0.03506787330316741,positive,0.9845297259744257
235,CDR,2025-07-16 17:24:00,4,2025-07-23,257.1,downtrend,horizontal,downtrend,uptrend,0.004689331770222793,positive,0.9845297259744257
235,CDR,2025-07-16 17:24:00,5,2025-07-24,253.8,downtrend,downtrend,downtrend,uptrend,-0.012835472578763163,positive,0.9845297259744257
236,CDR,2025-07-15 17:40:00,0,2025-07-16,265.4,downtrend,uptrend,uptrend,uptrend,,positive,0.7785867569036782
236,CDR,2025-07-15 17:40:00,1,2025-07-17,267.1,downtrend,horizontal,uptrend,uptrend,0.006405425772419093,positive,0.7785867569036782
236,CDR,2025-07-15 17:40:00,2,2025-07-18,269.6,downtrend,horizontal,uptrend,uptrend,0.009359790340696339,positive,0.7785867569036782
236,CDR,2025-07-15 17:40:00,3,2025-07-21,265.2,downtrend,horizontal,uptrend,uptrend,-0.016320474777448246,positive,0.7785867569036782
236,CDR,2025-07-15 17:40:00,4,2025-07-22,255.9,downtrend,horizontal,downtrend,uptrend,-0.03506787330316741,positive,0.7785867569036782
236,CDR,2025-07-15 17:40:00,5,2025-07-23,257.1,downtrend,horizontal,downtrend,uptrend,0.004689331770222793,positive,0.7785867569036782
237,CDR,2025-07-15 15:50:00,0,2025-07-15,266.8,downtrend,uptrend,uptrend,uptrend,,positive,0.9938049938064069
237,CDR,2025-07-15 15:50:00,1,2025-07-16,265.4,downtrend,uptrend,uptrend,uptrend,-0.005247376311844243,positive,0.9938049938064069
237,CDR,2025-07-15 15:50:00,2,2025-07-17,267.1,downtrend,horizontal,uptrend,uptrend,0.006405425772419093,positive,0.9938049938064069
237,CDR,2025-07-15 15:50:00,3,2025-07-18,269.6,downtrend,horizontal,uptrend,uptrend,0.009359790340696339,positive,0.9938049938064069
237,CDR,2025-07-15 15:50:00,4,2025-07-21,265.2,downtrend,horizontal,uptrend,uptrend,-0.016320474777448246,positive,0.9938049938064069
237,CDR,2025-07-15 15:50:00,5,2025-07-22,255.9,downtrend,horizontal,downtrend,uptrend,-0.03506787330316741,positive,0.9938049938064069
238,CDR,2025-07-09 17:54:00,0,2025-07-10,267.9,horizontal,uptrend,uptrend,uptrend,,positive,0.9880431002238765
238,CDR,2025-07-09 17:54:00,1,2025-07-11,269.0,horizontal,uptrend,uptrend,uptrend,0.004106009705113989,positive,0.9880431002238765
238,CDR,2025-07-09 17:54:00,2,2025-07-14,269.0,horizontal,uptrend,uptrend,uptrend,0.0,positive,0.9880431002238765
238,CDR,2025-07-09 17:54:00,3,2025-07-15,266.8,downtrend,uptrend,uptrend,uptrend,-0.008178438661709975,positive,0.9880431002238765
238,CDR,2025-07-09 17:54:00,4,2025-07-16,265.4,downtrend,uptrend,uptrend,uptrend,-0.005247376311844243,positive,0.9880431002238765
238,CDR,2025-07-09 17:54:00,5,2025-07-17,267.1,downtrend,horizontal,uptrend,uptrend,0.006405425772419093,positive,0.9880431002238765
239,CDR,2025-07-07 06:56:00,0,2025-07-07,274.0,uptrend,uptrend,uptrend,uptrend,,positive,0.9771103565581143
239,CDR,2025-07-07 06:56:00,1,2025-07-08,274.0,uptrend,uptrend,uptrend,uptrend,0.0,positive,0.9771103565581143
239,CDR,2025-07-07 06:56:00,2,2025-07-09,269.4,uptrend,uptrend,uptrend,uptrend,-0.016788321167883313,positive,0.9771103565581143
239,CDR,2025-07-07 06:56:00,3,2025-07-10,267.9,horizontal,uptrend,uptrend,uptrend,-0.0055679287305122616,positive,0.9771103565581143
239,CDR,2025-07-07 06:56:00,4,2025-07-11,269.0,horizontal,uptrend,uptrend,uptrend,0.004106009705113989,positive,0.9771103565581143
239,CDR,2025-07-07 06:56:00,5,2025-07-14,269.0,horizontal,uptrend,uptrend,uptrend,0.0,positive,0.9771103565581143
240,CDR,2025-07-03 11:36:00,0,2025-07-03,269.5,uptrend,uptrend,uptrend,uptrend,,neutral,0.2286440134048462
240,CDR,2025-07-03 11:36:00,1,2025-07-04,269.9,uptrend,uptrend,uptrend,uptrend,0.0014842300556585641,neutral,0.2286440134048462
240,CDR,2025-07-03 11:36:00,2,2025-07-07,274.0,uptrend,uptrend,uptrend,uptrend,0.01519081141163392,neutral,0.2286440134048462
240,CDR,2025-07-03 11:36:00,3,2025-07-08,274.0,uptrend,uptrend,uptrend,uptrend,0.0,neutral,0.2286440134048462
240,CDR,2025-07-03 11:36:00,4,2025-07-09,269.4,uptrend,uptrend,uptrend,uptrend,-0.016788321167883313,neutral,0.2286440134048462
240,CDR,2025-07-03 11:36:00,5,2025-07-10,267.9,horizontal,uptrend,uptrend,uptrend,-0.0055679287305122616,neutral,0.2286440134048462
241,CDR,2025-06-23 15:38:00,0,2025-06-23,271.4,uptrend,uptrend,uptrend,uptrend,,positive,0.9927062394563109
241,CDR,2025-06-23 15:38:00,1,2025-06-24,276.0,uptrend,uptrend,uptrend,uptrend,0.016949152542373058,positive,0.9927062394563109
241,CDR,2025-06-23 15:38:00,2,2025-06-25,275.2,uptrend,uptrend,uptrend,uptrend,-0.0028985507246377384,positive,0.9927062394563109
241,CDR,2025-06-23 15:38:00,3,2025-06-26,275.6,uptrend,uptrend,uptrend,uptrend,0.0014534883720931369,positive,0.9927062394563109
241,CDR,2025-06-23 15:38:00,4,2025-06-27,275.3,uptrend,uptrend,uptrend,uptrend,-0.0010885341074020616,positive,0.9927062394563109
241,CDR,2025-06-23 15:38:00,5,2025-06-30,280.8,uptrend,uptrend,uptrend,uptrend,0.019978205593897513,positive,0.9927062394563109
242,CDR,2025-06-23 10:58:00,0,2025-06-23,271.4,uptrend,uptrend,uptrend,uptrend,,neutral,0.0953083448112011
242,CDR,2025-06-23 10:58:00,1,2025-06-24,276.0,uptrend,uptrend,uptrend,uptrend,0.016949152542373058,neutral,0.0953083448112011
242,CDR,2025-06-23 10:58:00,2,2025-06-25,275.2,uptrend,uptrend,uptrend,uptrend,-0.0028985507246377384,neutral,0.0953083448112011
242,CDR,2025-06-23 10:58:00,3,2025-06-26,275.6,uptrend,uptrend,uptrend,uptrend,0.0014534883720931369,neutral,0.0953083448112011
242,CDR,2025-06-23 10:58:00,4,2025-06-27,275.3,uptrend,uptrend,uptrend,uptrend,-0.0010885341074020616,neutral,0.0953083448112011
242,CDR,2025-06-23 10:58:00,5,2025-06-30,280.8,uptrend,uptrend,uptrend,uptrend,0.019978205593897513,neutral,0.0953083448112011
243,CDR,2025-06-23 10:28:00,0,2025-06-23,271.4,uptrend,uptrend,uptrend,uptrend,,neutral,0.22851432859897614
243,CDR,2025-06-23 10:28:00,1,2025-06-24,276.0,uptrend,uptrend,uptrend,uptrend,0.016949152542373058,neutral,0.22851432859897614
243,CDR,2025-06-23 10:28:00,2,2025-06-25,275.2,uptrend,uptrend,uptrend,uptrend,-0.0028985507246377384,neutral,0.22851432859897614
243,CDR,2025-06-23 10:28:00,3,2025-06-26,275.6,uptrend,uptrend,uptrend,uptrend,0.0014534883720931369,neutral,0.22851432859897614
243,CDR,2025-06-23 10:28:00,4,2025-06-27,275.3,uptrend,uptrend,uptrend,uptrend,-0.0010885341074020616,neutral,0.22851432859897614
243,CDR,2025-06-23 10:28:00,5,2025-06-30,280.8,uptrend,uptrend,uptrend,uptrend,0.019978205593897513,neutral,0.22851432859897614
244,CDR,2025-06-18 10:34:00,0,2025-06-18,270.3,uptrend,uptrend,uptrend,uptrend,,positive,0.9296522012446076
244,CDR,2025-06-18 10:34:00,1,2025-06-20,270.5,uptrend,uptrend,uptrend,uptrend,0.0007399186089529497,positive,0.9296522012446076
244,CDR,2025-06-18 10:34:00,2,2025-06-23,271.4,uptrend,uptrend,uptrend,uptrend,0.003327171903881654,positive,0.9296522012446076
244,CDR,2025-06-18 10:34:00,3,2025-06-24,276.0,uptrend,uptrend,uptrend,uptrend,0.016949152542373058,positive,0.9296522012446076
244,CDR,2025-06-18 10:34:00,4,2025-06-25,275.2,uptrend,uptrend,uptrend,uptrend,-0.0028985507246377384,positive,0.9296522012446076
244,CDR,2025-06-18 10:34:00,5,2025-06-26,275.6,uptrend,uptrend,uptrend,uptrend,0.0014534883720931369,positive,0.9296522012446076
245,CDR,2025-06-03 16:34:00,0,2025-06-03,236.5,downtrend,downtrend,horizontal,uptrend,,positive,0.7748093493282795
245,CDR,2025-06-03 16:34:00,1,2025-06-04,257.9,downtrend,uptrend,horizontal,uptrend,0.09048625792811826,positive,0.7748093493282795
245,CDR,2025-06-03 16:34:00,2,2025-06-05,259.0,downtrend,uptrend,horizontal,uptrend,0.004265219077161708,positive,0.7748093493282795
245,CDR,2025-06-03 16:34:00,3,2025-06-06,267.3,uptrend,uptrend,uptrend,uptrend,0.032046332046332004,positive,0.7748093493282795
245,CDR,2025-06-03 16:34:00,4,2025-06-09,268.0,uptrend,uptrend,uptrend,uptrend,0.0026187803965580514,positive,0.7748093493282795
245,CDR,2025-06-03 16:34:00,5,2025-06-10,269.5,uptrend,uptrend,uptrend,uptrend,0.005597014925373234,positive,0.7748093493282795
246,CDR,2025-06-03 16:29:00,0,2025-06-03,236.5,downtrend,downtrend,horizontal,uptrend,,positive,0.9912548116408288
246,CDR,2025-06-03 16:29:00,1,2025-06-04,257.9,downtrend,uptrend,horizontal,uptrend,0.09048625792811826,positive,0.9912548116408288
246,CDR,2025-06-03 16:29:00,2,2025-06-05,259.0,downtrend,uptrend,horizontal,uptrend,0.004265219077161708,positive,0.9912548116408288
246,CDR,2025-06-03 16:29:00,3,2025-06-06,267.3,uptrend,uptrend,uptrend,uptrend,0.032046332046332004,positive,0.9912548116408288
246,CDR,2025-06-03 16:29:00,4,2025-06-09,268.0,uptrend,uptrend,uptrend,uptrend,0.0026187803965580514,positive,0.9912548116408288
246,CDR,2025-06-03 16:29:00,5,2025-06-10,269.5,uptrend,uptrend,uptrend,uptrend,0.005597014925373234,positive,0.9912548116408288
247,PKO,2025-12-05 16:54:00,0,2025-12-05,77.32,uptrend,uptrend,horizontal,uptrend,,neutral,0.08691650629043579
247,PKO,2025-12-05 16:54:00,1,2025-12-08,77.86,uptrend,uptrend,horizontal,uptrend,0.0069839627521988135,neutral,0.08691650629043579
247,PKO,2025-12-05 16:54:00,2,2025-12-09,80.0,uptrend,uptrend,horizontal,uptrend,0.027485229899820274,neutral,0.08691650629043579
247,PKO,2025-12-05 16:54:00,3,2025-12-10,80.5,uptrend,uptrend,horizontal,uptrend,0.006250000000000089,neutral,0.08691650629043579
247,PKO,2025-12-05 16:54:00,4,2025-12-11,81.38,uptrend,uptrend,horizontal,uptrend,0.010931677018633401,neutral,0.08691650629043579
247,PKO,2025-12-05 16:54:00,5,2025-12-12,81.2,uptrend,uptrend,horizontal,uptrend,-0.002211845662324796,neutral,0.08691650629043579
248,PKO,2025-12-03 14:00:00,0,2025-12-03,77.5,uptrend,uptrend,horizontal,uptrend,,positive,0.989765080390498
248,PKO,2025-12-03 14:00:00,1,2025-12-04,77.66,uptrend,uptrend,horizontal,uptrend,0.0020645161290322456,positive,0.989765080390498
248,PKO,2025-12-03 14:00:00,2,2025-12-05,77.32,uptrend,uptrend,horizontal,uptrend,-0.004378058202420876,positive,0.989765080390498
248,PKO,2025-12-03 14:00:00,3,2025-12-08,77.86,uptrend,uptrend,horizontal,uptrend,0.0069839627521988135,positive,0.989765080390498
248,PKO,2025-12-03 14:00:00,4,2025-12-09,80.0,uptrend,uptrend,horizontal,uptrend,0.027485229899820274,positive,0.989765080390498
248,PKO,2025-12-03 14:00:00,5,2025-12-10,80.5,uptrend,uptrend,horizontal,uptrend,0.006250000000000089,positive,0.989765080390498
249,PKO,2025-12-03 09:18:00,0,2025-12-03,77.5,uptrend,uptrend,horizontal,uptrend,,positive,0.9838929130346514
249,PKO,2025-12-03 09:18:00,1,2025-12-04,77.66,uptrend,uptrend,horizontal,uptrend,0.0020645161290322456,positive,0.9838929130346514
249,PKO,2025-12-03 09:18:00,2,2025-12-05,77.32,uptrend,uptrend,horizontal,uptrend,-0.004378058202420876,positive,0.9838929130346514
249,PKO,2025-12-03 09:18:00,3,2025-12-08,77.86,uptrend,uptrend,horizontal,uptrend,0.0069839627521988135,positive,0.9838929130346514
249,PKO,2025-12-03 09:18:00,4,2025-12-09,80.0,uptrend,uptrend,horizontal,uptrend,0.027485229899820274,positive,0.9838929130346514
249,PKO,2025-12-03 09:18:00,5,2025-12-10,80.5,uptrend,uptrend,horizontal,uptrend,0.006250000000000089,positive,0.9838929130346514
250,PKO,2025-12-02 13:22:00,0,2025-12-02,76.9,horizontal,uptrend,horizontal,horizontal,,positive,0.9952210472547449
250,PKO,2025-12-02 13:22:00,1,2025-12-03,77.5,uptrend,uptrend,horizontal,uptrend,0.007802340702210531,positive,0.9952210472547449
250,PKO,2025-12-02 13:22:00,2,2025-12-04,77.66,uptrend,uptrend,horizontal,uptrend,0.0020645161290322456,positive,0.9952210472547449
250,PKO,2025-12-02 13:22:00,3,2025-12-05,77.32,uptrend,uptrend,horizontal,uptrend,-0.004378058202420876,positive,0.9952210472547449
250,PKO,2025-12-02 13:22:00,4,2025-12-08,77.86,uptrend,uptrend,horizontal,uptrend,0.0069839627521988135,positive,0.9952210472547449
250,PKO,2025-12-02 13:22:00,5,2025-12-09,80.0,uptrend,uptrend,horizontal,uptrend,0.027485229899820274,positive,0.9952210472547449
251,PKO,2025-11-27 16:22:00,0,2025-11-27,77.88,downtrend,horizontal,horizontal,uptrend,,positive,0.5686747618019581
251,PKO,2025-11-27 16:22:00,1,2025-11-28,77.4,horizontal,uptrend,horizontal,uptrend,-0.006163328197226425,positive,0.5686747618019581
251,PKO,2025-11-27 16:22:00,2,2025-12-01,78.04,horizontal,uptrend,horizontal,uptrend,0.008268733850129273,positive,0.5686747618019581
251,PKO,2025-11-27 16:22:00,3,2025-12-02,76.9,horizontal,uptrend,horizontal,horizontal,-0.014607893388006166,positive,0.5686747618019581
251,PKO,2025-11-27 16:22:00,4,2025-12-03,77.5,uptrend,uptrend,horizontal,uptrend,0.007802340702210531,positive,0.5686747618019581
251,PKO,2025-11-27 16:22:00,5,2025-12-04,77.66,uptrend,uptrend,horizontal,uptrend,0.0020645161290322456,positive,0.5686747618019581
253,PKO,2025-11-26 13:14:00,0,2025-11-26,77.8,downtrend,horizontal,horizontal,uptrend,,positive,0.594834117218852
253,PKO,2025-11-26 13:14:00,1,2025-11-27,77.88,downtrend,horizontal,horizontal,uptrend,0.0010282776349614942,positive,0.594834117218852
253,PKO,2025-11-26 13:14:00,2,2025-11-28,77.4,horizontal,uptrend,horizontal,uptrend,-0.006163328197226425,positive,0.594834117218852
253,PKO,2025-11-26 13:14:00,3,2025-12-01,78.04,horizontal,uptrend,horizontal,uptrend,0.008268733850129273,positive,0.594834117218852
253,PKO,2025-11-26 13:14:00,4,2025-12-02,76.9,horizontal,uptrend,horizontal,horizontal,-0.014607893388006166,positive,0.594834117218852
253,PKO,2025-11-26 13:14:00,5,2025-12-03,77.5,uptrend,uptrend,horizontal,uptrend,0.007802340702210531,positive,0.594834117218852
254,PKO,2025-11-13 18:08:00,0,2025-11-14,75.4,horizontal,horizontal,horizontal,horizontal,,positive,0.6890360116958618
254,PKO,2025-11-13 18:08:00,1,2025-11-17,74.78,horizontal,horizontal,horizontal,horizontal,-0.008222811671087626,positive,0.6890360116958618
254,PKO,2025-11-13 18:08:00,2,2025-11-18,73.56,downtrend,horizontal,horizontal,horizontal,-0.016314522599625514,positive,0.6890360116958618
254,PKO,2025-11-13 18:08:00,3,2025-11-19,75.4,downtrend,horizontal,horizontal,horizontal,0.0250135943447527,positive,0.6890360116958618
254,PKO,2025-11-13 18:08:00,4,2025-11-20,75.32,downtrend,horizontal,horizontal,horizontal,-0.001061007957559812,positive,0.6890360116958618
254,PKO,2025-11-13 18:08:00,5,2025-11-21,73.76,downtrend,horizontal,horizontal,horizontal,-0.0207116303770577,positive,0.6890360116958618
255,PKO,2025-11-12 16:08:00,0,2025-11-12,77.5,horizontal,uptrend,horizontal,uptrend,,positive,0.9880203086649999
255,PKO,2025-11-12 16:08:00,1,2025-11-13,76.5,horizontal,uptrend,horizontal,horizontal,-0.012903225806451646,positive,0.9880203086649999
255,PKO,2025-11-12 16:08:00,2,2025-11-14,75.4,horizontal,horizontal,horizontal,horizontal,-0.01437908496732021,positive,0.9880203086649999
255,PKO,2025-11-12 16:08:00,3,2025-11-17,74.78,horizontal,horizontal,horizontal,horizontal,-0.008222811671087626,positive,0.9880203086649999
255,PKO,2025-11-12 16:08:00,4,2025-11-18,73.56,downtrend,horizontal,horizontal,horizontal,-0.016314522599625514,positive,0.9880203086649999
255,PKO,2025-11-12 16:08:00,5,2025-11-19,75.4,downtrend,horizontal,horizontal,horizontal,0.0250135943447527,positive,0.9880203086649999
256,PKO,2025-11-06 11:54:00,0,2025-11-06,76.82,uptrend,uptrend,horizontal,horizontal,,positive,0.8334057116881013
256,PKO,2025-11-06 11:54:00,1,2025-11-07,75.3,uptrend,uptrend,horizontal,horizontal,-0.019786513928664373,positive,0.8334057116881013
256,PKO,2025-11-06 11:54:00,2,2025-11-10,76.94,uptrend,uptrend,horizontal,horizontal,0.021779548472775634,positive,0.8334057116881013
256,PKO,2025-11-06 11:54:00,3,2025-11-12,77.5,horizontal,uptrend,horizontal,uptrend,0.007278398752274429,positive,0.8334057116881013
256,PKO,2025-11-06 11:54:00,4,2025-11-13,76.5,horizontal,uptrend,horizontal,horizontal,-0.012903225806451646,positive,0.8334057116881013
256,PKO,2025-11-06 11:54:00,5,2025-11-14,75.4,horizontal,horizontal,horizontal,horizontal,-0.01437908496732021,positive,0.8334057116881013
257,PKO,2025-11-06 10:08:00,0,2025-11-06,76.82,uptrend,uptrend,horizontal,horizontal,,positive,0.9947548407944851
257,PKO,2025-11-06 10:08:00,1,2025-11-07,75.3,uptrend,uptrend,horizontal,horizontal,-0.019786513928664373,positive,0.9947548407944851
257,PKO,2025-11-06 10:08:00,2,2025-11-10,76.94,uptrend,uptrend,horizontal,horizontal,0.021779548472775634,positive,0.9947548407944851
257,PKO,2025-11-06 10:08:00,3,2025-11-12,77.5,horizontal,uptrend,horizontal,uptrend,0.007278398752274429,positive,0.9947548407944851
257,PKO,2025-11-06 10:08:00,4,2025-11-13,76.5,horizontal,uptrend,horizontal,horizontal,-0.012903225806451646,positive,0.9947548407944851
257,PKO,2025-11-06 10:08:00,5,2025-11-14,75.4,horizontal,horizontal,horizontal,horizontal,-0.01437908496732021,positive,0.9947548407944851
258,PKO,2025-11-06 08:50:00,0,2025-11-06,76.82,uptrend,uptrend,horizontal,horizontal,,positive,0.9975101210875437
258,PKO,2025-11-06 08:50:00,1,2025-11-07,75.3,uptrend,uptrend,horizontal,horizontal,-0.019786513928664373,positive,0.9975101210875437
258,PKO,2025-11-06 08:50:00,2,2025-11-10,76.94,uptrend,uptrend,horizontal,horizontal,0.021779548472775634,positive,0.9975101210875437
258,PKO,2025-11-06 08:50:00,3,2025-11-12,77.5,horizontal,uptrend,horizontal,uptrend,0.007278398752274429,positive,0.9975101210875437
258,PKO,2025-11-06 08:50:00,4,2025-11-13,76.5,horizontal,uptrend,horizontal,horizontal,-0.012903225806451646,positive,0.9975101210875437
258,PKO,2025-11-06 08:50:00,5,2025-11-14,75.4,horizontal,horizontal,horizontal,horizontal,-0.01437908496732021,positive,0.9975101210875437
259,PKO,2025-11-06 08:02:00,0,2025-11-06,76.82,uptrend,uptrend,horizontal,horizontal,,positive,0.9975089979707263
259,PKO,2025-11-06 08:02:00,1,2025-11-07,75.3,uptrend,uptrend,horizontal,horizontal,-0.019786513928664373,positive,0.9975089979707263
259,PKO,2025-11-06 08:02:00,2,2025-11-10,76.94,uptrend,uptrend,horizontal,horizontal,0.021779548472775634,positive,0.9975089979707263
259,PKO,2025-11-06 08:02:00,3,2025-11-12,77.5,horizontal,uptrend,horizontal,uptrend,0.007278398752274429,positive,0.9975089979707263
259,PKO,2025-11-06 08:02:00,4,2025-11-13,76.5,horizontal,uptrend,horizontal,horizontal,-0.012903225806451646,positive,0.9975089979707263
259,PKO,2025-11-06 08:02:00,5,2025-11-14,75.4,horizontal,horizontal,horizontal,horizontal,-0.01437908496732021,positive,0.9975089979707263
260,PKO,2025-11-06 05:20:00,0,2025-11-06,76.82,uptrend,uptrend,horizontal,horizontal,,positive,0.9974166270403657
260,PKO,2025-11-06 05:20:00,1,2025-11-07,75.3,uptrend,uptrend,horizontal,horizontal,-0.019786513928664373,positive,0.9974166270403657
260,PKO,2025-11-06 05:20:00,2,2025-11-10,76.94,uptrend,uptrend,horizontal,horizontal,0.021779548472775634,positive,0.9974166270403657
260,PKO,2025-11-06 05:20:00,3,2025-11-12,77.5,horizontal,uptrend,horizontal,uptrend,0.007278398752274429,positive,0.9974166270403657
260,PKO,2025-11-06 05:20:00,4,2025-11-13,76.5,horizontal,uptrend,horizontal,horizontal,-0.012903225806451646,positive,0.9974166270403657
260,PKO,2025-11-06 05:20:00,5,2025-11-14,75.4,horizontal,horizontal,horizontal,horizontal,-0.01437908496732021,positive,0.9974166270403657
261,PKO,2025-10-30 16:59:00,0,2025-10-30,77.06,uptrend,uptrend,uptrend,horizontal,,positive,0.9895082070142962
261,PKO,2025-10-30 16:59:00,1,2025-10-31,75.7,uptrend,uptrend,uptrend,horizontal,-0.01764858551777837,positive,0.9895082070142962
261,PKO,2025-10-30 16:59:00,2,2025-11-03,76.78,uptrend,uptrend,uptrend,horizontal,0.014266842800528368,positive,0.9895082070142962
261,PKO,2025-10-30 16:59:00,3,2025-11-04,76.42,uptrend,uptrend,horizontal,horizontal,-0.004688721021099185,positive,0.9895082070142962
261,PKO,2025-10-30 16:59:00,4,2025-11-05,75.48,uptrend,uptrend,horizontal,horizontal,-0.012300444909709496,positive,0.9895082070142962
261,PKO,2025-10-30 16:59:00,5,2025-11-06,76.82,uptrend,uptrend,horizontal,horizontal,0.01775304716481174,positive,0.9895082070142962
262,PKO,2025-10-29 11:30:00,0,2025-10-29,77.8,uptrend,uptrend,uptrend,uptrend,,positive,0.9895551312947646
262,PKO,2025-10-29 11:30:00,1,2025-10-30,77.06,uptrend,uptrend,uptrend,horizontal,-0.009511568123393266,positive,0.9895551312947646
262,PKO,2025-10-29 11:30:00,2,2025-10-31,75.7,uptrend,uptrend,uptrend,horizontal,-0.01764858551777837,positive,0.9895551312947646
262,PKO,2025-10-29 11:30:00,3,2025-11-03,76.78,uptrend,uptrend,uptrend,horizontal,0.014266842800528368,positive,0.9895551312947646
262,PKO,2025-10-29 11:30:00,4,2025-11-04,76.42,uptrend,uptrend,horizontal,horizontal,-0.004688721021099185,positive,0.9895551312947646
262,PKO,2025-10-29 11:30:00,5,2025-11-05,75.48,uptrend,uptrend,horizontal,horizontal,-0.012300444909709496,positive,0.9895551312947646
263,PKO,2025-10-22 14:00:00,0,2025-10-22,76.54,uptrend,uptrend,horizontal,horizontal,,positive,0.9828432383947074
263,PKO,2025-10-22 14:00:00,1,2025-10-23,77.36,uptrend,uptrend,horizontal,horizontal,0.010713352495427042,positive,0.9828432383947074
263,PKO,2025-10-22 14:00:00,2,2025-10-24,77.06,uptrend,uptrend,horizontal,horizontal,-0.003877973112719757,positive,0.9828432383947074
263,PKO,2025-10-22 14:00:00,3,2025-10-27,76.64,uptrend,uptrend,horizontal,horizontal,-0.0054502984687256895,positive,0.9828432383947074
263,PKO,2025-10-22 14:00:00,4,2025-10-28,78.26,uptrend,uptrend,uptrend,uptrend,0.021137787056367596,positive,0.9828432383947074
263,PKO,2025-10-22 14:00:00,5,2025-10-29,77.8,uptrend,uptrend,uptrend,uptrend,-0.005877843087145562,positive,0.9828432383947074
264,PKO,2025-10-13 16:10:00,0,2025-10-13,74.44,uptrend,uptrend,horizontal,downtrend,,positive,0.7219629846513271
264,PKO,2025-10-13 16:10:00,1,2025-10-14,73.82,uptrend,uptrend,horizontal,downtrend,-0.008328855454057038,positive,0.7219629846513271
264,PKO,2025-10-13 16:10:00,2,2025-10-15,76.0,uptrend,uptrend,horizontal,horizontal,0.029531292332701353,positive,0.7219629846513271
264,PKO,2025-10-13 16:10:00,3,2025-10-16,75.4,uptrend,uptrend,horizontal,horizontal,-0.007894736842105177,positive,0.7219629846513271
264,PKO,2025-10-13 16:10:00,4,2025-10-17,74.46,uptrend,uptrend,horizontal,downtrend,-0.01246684350132643,positive,0.7219629846513271
264,PKO,2025-10-13 16:10:00,5,2025-10-20,75.62,uptrend,uptrend,horizontal,horizontal,0.015578834273435538,positive,0.7219629846513271
265,PKO,2025-10-10 18:40:00,0,2025-10-13,74.44,uptrend,uptrend,horizontal,downtrend,,positive,0.9479638773482293
265,PKO,2025-10-10 18:40:00,1,2025-10-14,73.82,uptrend,uptrend,horizontal,downtrend,-0.008328855454057038,positive,0.9479638773482293
265,PKO,2025-10-10 18:40:00,2,2025-10-15,76.0,uptrend,uptrend,horizontal,horizontal,0.029531292332701353,positive,0.9479638773482293
265,PKO,2025-10-10 18:40:00,3,2025-10-16,75.4,uptrend,uptrend,horizontal,horizontal,-0.007894736842105177,positive,0.9479638773482293
265,PKO,2025-10-10 18:40:00,4,2025-10-17,74.46,uptrend,uptrend,horizontal,downtrend,-0.01246684350132643,positive,0.9479638773482293
265,PKO,2025-10-10 18:40:00,5,2025-10-20,75.62,uptrend,uptrend,horizontal,horizontal,0.015578834273435538,positive,0.9479638773482293
266,KGH,2025-12-08 08:54:00,0,2025-12-08,234.4,uptrend,uptrend,uptrend,uptrend,,positive,0.8655485520139337
266,KGH,2025-12-08 08:54:00,1,2025-12-09,235.8,uptrend,uptrend,uptrend,uptrend,0.005972696245733822,positive,0.8655485520139337
266,KGH,2025-12-08 08:54:00,2,2025-12-10,241.5,uptrend,uptrend,uptrend,uptrend,0.024173027989821794,positive,0.8655485520139337
266,KGH,2025-12-08 08:54:00,3,2025-12-11,245.0,uptrend,uptrend,uptrend,uptrend,0.01449275362318847,positive,0.8655485520139337
266,KGH,2025-12-08 08:54:00,4,2025-12-12,244.5,uptrend,uptrend,uptrend,uptrend,-0.0020408163265306367,positive,0.8655485520139337
266,KGH,2025-12-08 08:54:00,5,2025-12-15,250.8,uptrend,uptrend,uptrend,uptrend,0.025766871165644245,positive,0.8655485520139337
267,KGH,2025-12-05 10:42:00,0,2025-12-05,235.0,uptrend,uptrend,uptrend,uptrend,,positive,0.972561870701611
267,KGH,2025-12-05 10:42:00,1,2025-12-08,234.4,uptrend,uptrend,uptrend,uptrend,-0.002553191489361728,positive,0.972561870701611
267,KGH,2025-12-05 10:42:00,2,2025-12-09,235.8,uptrend,uptrend,uptrend,uptrend,0.005972696245733822,positive,0.972561870701611
267,KGH,2025-12-05 10:42:00,3,2025-12-10,241.5,uptrend,uptrend,uptrend,uptrend,0.024173027989821794,positive,0.972561870701611
267,KGH,2025-12-05 10:42:00,4,2025-12-11,245.0,uptrend,uptrend,uptrend,uptrend,0.01449275362318847,positive,0.972561870701611
267,KGH,2025-12-05 10:42:00,5,2025-12-12,244.5,uptrend,uptrend,uptrend,uptrend,-0.0020408163265306367,positive,0.972561870701611
268,KGH,2025-12-02 17:37:00,0,2025-12-03,222.9,uptrend,uptrend,uptrend,uptrend,,positive,0.9650431501213461
268,KGH,2025-12-02 17:37:00,1,2025-12-04,225.1,uptrend,uptrend,uptrend,uptrend,0.009869896814715062,positive,0.9650431501213461
268,KGH,2025-12-02 17:37:00,2,2025-12-05,235.0,uptrend,uptrend,uptrend,uptrend,0.04398045313194143,positive,0.9650431501213461
268,KGH,2025-12-02 17:37:00,3,2025-12-08,234.4,uptrend,uptrend,uptrend,uptrend,-0.002553191489361728,positive,0.9650431501213461
268,KGH,2025-12-02 17:37:00,4,2025-12-09,235.8,uptrend,uptrend,uptrend,uptrend,0.005972696245733822,positive,0.9650431501213461
268,KGH,2025-12-02 17:37:00,5,2025-12-10,241.5,uptrend,uptrend,uptrend,uptrend,0.024173027989821794,positive,0.9650431501213461
269,KGH,2025-12-01 21:50:00,0,2025-12-02,218.0,uptrend,uptrend,uptrend,uptrend,,neutral,0.3782404251396656
269,KGH,2025-12-01 21:50:00,1,2025-12-03,222.9,uptrend,uptrend,uptrend,uptrend,0.022477064220183474,neutral,0.3782404251396656
269,KGH,2025-12-01 21:50:00,2,2025-12-04,225.1,uptrend,uptrend,uptrend,uptrend,0.009869896814715062,neutral,0.3782404251396656
269,KGH,2025-12-01 21:50:00,3,2025-12-05,235.0,uptrend,uptrend,uptrend,uptrend,0.04398045313194143,neutral,0.3782404251396656
269,KGH,2025-12-01 21:50:00,4,2025-12-08,234.4,uptrend,uptrend,uptrend,uptrend,-0.002553191489361728,neutral,0.3782404251396656
269,KGH,2025-12-01 21:50:00,5,2025-12-09,235.8,uptrend,uptrend,uptrend,uptrend,0.005972696245733822,neutral,0.3782404251396656
270,KGH,2025-12-01 17:11:00,0,2025-12-02,218.0,uptrend,uptrend,uptrend,uptrend,,positive,0.9918901328055654
270,KGH,2025-12-01 17:11:00,1,2025-12-03,222.9,uptrend,uptrend,uptrend,uptrend,0.022477064220183474,positive,0.9918901328055654
270,KGH,2025-12-01 17:11:00,2,2025-12-04,225.1,uptrend,uptrend,uptrend,uptrend,0.009869896814715062,positive,0.9918901328055654
270,KGH,2025-12-01 17:11:00,3,2025-12-05,235.0,uptrend,uptrend,uptrend,uptrend,0.04398045313194143,positive,0.9918901328055654
270,KGH,2025-12-01 17:11:00,4,2025-12-08,234.4,uptrend,uptrend,uptrend,uptrend,-0.002553191489361728,positive,0.9918901328055654
270,KGH,2025-12-01 17:11:00,5,2025-12-09,235.8,uptrend,uptrend,uptrend,uptrend,0.005972696245733822,positive,0.9918901328055654
271,KGH,2025-12-01 06:00:00,0,2025-12-01,217.9,uptrend,uptrend,uptrend,uptrend,,positive,0.9873474773485214
271,KGH,2025-12-01 06:00:00,1,2025-12-02,218.0,uptrend,uptrend,uptrend,uptrend,0.00045892611289577445,positive,0.9873474773485214
271,KGH,2025-12-01 06:00:00,2,2025-12-03,222.9,uptrend,uptrend,uptrend,uptrend,0.022477064220183474,positive,0.9873474773485214
271,KGH,2025-12-01 06:00:00,3,2025-12-04,225.1,uptrend,uptrend,uptrend,uptrend,0.009869896814715062,positive,0.9873474773485214
271,KGH,2025-12-01 06:00:00,4,2025-12-05,235.0,uptrend,uptrend,uptrend,uptrend,0.04398045313194143,positive,0.9873474773485214
271,KGH,2025-12-01 06:00:00,5,2025-12-08,234.4,uptrend,uptrend,uptrend,uptrend,-0.002553191489361728,positive,0.9873474773485214
272,KGH,2025-11-28 15:21:00,0,2025-11-28,211.7,uptrend,uptrend,uptrend,uptrend,,positive,0.9625979266129434
272,KGH,2025-11-28 15:21:00,1,2025-12-01,217.9,uptrend,uptrend,uptrend,uptrend,0.029286726499763827,positive,0.9625979266129434
272,KGH,2025-11-28 15:21:00,2,2025-12-02,218.0,uptrend,uptrend,uptrend,uptrend,0.00045892611289577445,positive,0.9625979266129434
272,KGH,2025-11-28 15:21:00,3,2025-12-03,222.9,uptrend,uptrend,uptrend,uptrend,0.022477064220183474,positive,0.9625979266129434
272,KGH,2025-11-28 15:21:00,4,2025-12-04,225.1,uptrend,uptrend,uptrend,uptrend,0.009869896814715062,positive,0.9625979266129434
272,KGH,2025-11-28 15:21:00,5,2025-12-05,235.0,uptrend,uptrend,uptrend,uptrend,0.04398045313194143,positive,0.9625979266129434
273,KGH,2025-11-27 15:26:00,0,2025-11-27,205.4,uptrend,uptrend,uptrend,uptrend,,positive,0.5228136368095875
273,KGH,2025-11-27 15:26:00,1,2025-11-28,211.7,uptrend,uptrend,uptrend,uptrend,0.030671859785783795,positive,0.5228136368095875
273,KGH,2025-11-27 15:26:00,2,2025-12-01,217.9,uptrend,uptrend,uptrend,uptrend,0.029286726499763827,positive,0.5228136368095875
273,KGH,2025-11-27 15:26:00,3,2025-12-02,218.0,uptrend,uptrend,uptrend,uptrend,0.00045892611289577445,positive,0.5228136368095875
273,KGH,2025-11-27 15:26:00,4,2025-12-03,222.9,uptrend,uptrend,uptrend,uptrend,0.022477064220183474,positive,0.5228136368095875
273,KGH,2025-11-27 15:26:00,5,2025-12-04,225.1,uptrend,uptrend,uptrend,uptrend,0.009869896814715062,positive,0.5228136368095875
274,KGH,2025-11-26 15:32:00,0,2025-11-26,205.0,uptrend,uptrend,uptrend,uptrend,,neutral,0.21566341072320938
274,KGH,2025-11-26 15:32:00,1,2025-11-27,205.4,uptrend,uptrend,uptrend,uptrend,0.0019512195121951237,neutral,0.21566341072320938
274,KGH,2025-11-26 15:32:00,2,2025-11-28,211.7,uptrend,uptrend,uptrend,uptrend,0.030671859785783795,neutral,0.21566341072320938
274,KGH,2025-11-26 15:32:00,3,2025-12-01,217.9,uptrend,uptrend,uptrend,uptrend,0.029286726499763827,neutral,0.21566341072320938
274,KGH,2025-11-26 15:32:00,4,2025-12-02,218.0,uptrend,uptrend,uptrend,uptrend,0.00045892611289577445,neutral,0.21566341072320938
274,KGH,2025-11-26 15:32:00,5,2025-12-03,222.9,uptrend,uptrend,uptrend,uptrend,0.022477064220183474,neutral,0.21566341072320938
275,KGH,2025-11-25 14:12:00,0,2025-11-25,198.35,uptrend,uptrend,uptrend,uptrend,,neutral,-0.18010683357715607
275,KGH,2025-11-25 14:12:00,1,2025-11-26,205.0,uptrend,uptrend,uptrend,uptrend,0.033526594403831655,neutral,-0.18010683357715607
275,KGH,2025-11-25 14:12:00,2,2025-11-27,205.4,uptrend,uptrend,uptrend,uptrend,0.0019512195121951237,neutral,-0.18010683357715607
275,KGH,2025-11-25 14:12:00,3,2025-11-28,211.7,uptrend,uptrend,uptrend,uptrend,0.030671859785783795,neutral,-0.18010683357715607
275,KGH,2025-11-25 14:12:00,4,2025-12-01,217.9,uptrend,uptrend,uptrend,uptrend,0.029286726499763827,neutral,-0.18010683357715607
275,KGH,2025-11-25 14:12:00,5,2025-12-02,218.0,uptrend,uptrend,uptrend,uptrend,0.00045892611289577445,neutral,-0.18010683357715607
276,KGH,2025-11-25 06:00:00,0,2025-11-25,198.35,uptrend,uptrend,uptrend,uptrend,,neutral,-0.1016969233751297
276,KGH,2025-11-25 06:00:00,1,2025-11-26,205.0,uptrend,uptrend,uptrend,uptrend,0.033526594403831655,neutral,-0.1016969233751297
276,KGH,2025-11-25 06:00:00,2,2025-11-27,205.4,uptrend,uptrend,uptrend,uptrend,0.0019512195121951237,neutral,-0.1016969233751297
276,KGH,2025-11-25 06:00:00,3,2025-11-28,211.7,uptrend,uptrend,uptrend,uptrend,0.030671859785783795,neutral,-0.1016969233751297
276,KGH,2025-11-25 06:00:00,4,2025-12-01,217.9,uptrend,uptrend,uptrend,uptrend,0.029286726499763827,neutral,-0.1016969233751297
276,KGH,2025-11-25 06:00:00,5,2025-12-02,218.0,uptrend,uptrend,uptrend,uptrend,0.00045892611289577445,neutral,-0.1016969233751297
277,KGH,2025-11-21 11:46:00,0,2025-11-21,191.05,uptrend,uptrend,uptrend,uptrend,,positive,0.8647981900721788
277,KGH,2025-11-21 11:46:00,1,2025-11-24,195.9,uptrend,uptrend,uptrend,uptrend,0.02538602460088968,positive,0.8647981900721788
277,KGH,2025-11-21 11:46:00,2,2025-11-25,198.35,uptrend,uptrend,uptrend,uptrend,0.01250638080653399,positive,0.8647981900721788
277,KGH,2025-11-21 11:46:00,3,2025-11-26,205.0,uptrend,uptrend,uptrend,uptrend,0.033526594403831655,positive,0.8647981900721788
277,KGH,2025-11-21 11:46:00,4,2025-11-27,205.4,uptrend,uptrend,uptrend,uptrend,0.0019512195121951237,positive,0.8647981900721788
277,KGH,2025-11-21 11:46:00,5,2025-11-28,211.7,uptrend,uptrend,uptrend,uptrend,0.030671859785783795,positive,0.8647981900721788
278,KGH,2025-11-20 06:00:00,0,2025-11-20,195.1,uptrend,uptrend,uptrend,uptrend,,positive,0.9790580731350929
278,KGH,2025-11-20 06:00:00,1,2025-11-21,191.05,uptrend,uptrend,uptrend,uptrend,-0.020758585340850733,positive,0.9790580731350929
278,KGH,2025-11-20 06:00:00,2,2025-11-24,195.9,uptrend,uptrend,uptrend,uptrend,0.02538602460088968,positive,0.9790580731350929
278,KGH,2025-11-20 06:00:00,3,2025-11-25,198.35,uptrend,uptrend,uptrend,uptrend,0.01250638080653399,positive,0.9790580731350929
278,KGH,2025-11-20 06:00:00,4,2025-11-26,205.0,uptrend,uptrend,uptrend,uptrend,0.033526594403831655,positive,0.9790580731350929
278,KGH,2025-11-20 06:00:00,5,2025-11-27,205.4,uptrend,uptrend,uptrend,uptrend,0.0019512195121951237,positive,0.9790580731350929
279,KGH,2025-11-18 17:28:00,0,2025-11-19,195.5,horizontal,uptrend,uptrend,uptrend,,neutral,-0.007565155625343323
279,KGH,2025-11-18 17:28:00,1,2025-11-20,195.1,uptrend,uptrend,uptrend,uptrend,-0.002046035805626678,neutral,-0.007565155625343323
279,KGH,2025-11-18 17:28:00,2,2025-11-21,191.05,uptrend,uptrend,uptrend,uptrend,-0.020758585340850733,neutral,-0.007565155625343323
279,KGH,2025-11-18 17:28:00,3,2025-11-24,195.9,uptrend,uptrend,uptrend,uptrend,0.02538602460088968,neutral,-0.007565155625343323
279,KGH,2025-11-18 17:28:00,4,2025-11-25,198.35,uptrend,uptrend,uptrend,uptrend,0.01250638080653399,neutral,-0.007565155625343323
279,KGH,2025-11-18 17:28:00,5,2025-11-26,205.0,uptrend,uptrend,uptrend,uptrend,0.033526594403831655,neutral,-0.007565155625343323
280,KGH,2025-11-14 14:34:00,0,2025-11-14,195.0,horizontal,uptrend,uptrend,uptrend,,positive,0.9727724848780781
280,KGH,2025-11-14 14:34:00,1,2025-11-17,192.2,horizontal,uptrend,uptrend,uptrend,-0.014358974358974375,positive,0.9727724848780781
280,KGH,2025-11-14 14:34:00,2,2025-11-18,189.0,horizontal,uptrend,uptrend,uptrend,-0.01664932362122784,positive,0.9727724848780781
280,KGH,2025-11-14 14:34:00,3,2025-11-19,195.5,horizontal,uptrend,uptrend,uptrend,0.03439153439153442,positive,0.9727724848780781
280,KGH,2025-11-14 14:34:00,4,2025-11-20,195.1,uptrend,uptrend,uptrend,uptrend,-0.002046035805626678,positive,0.9727724848780781
280,KGH,2025-11-14 14:34:00,5,2025-11-21,191.05,uptrend,uptrend,uptrend,uptrend,-0.020758585340850733,positive,0.9727724848780781
281,KGH,2025-11-14 11:10:00,0,2025-11-14,195.0,horizontal,uptrend,uptrend,uptrend,,positive,0.9950735876336694
281,KGH,2025-11-14 11:10:00,1,2025-11-17,192.2,horizontal,uptrend,uptrend,uptrend,-0.014358974358974375,positive,0.9950735876336694
281,KGH,2025-11-14 11:10:00,2,2025-11-18,189.0,horizontal,uptrend,uptrend,uptrend,-0.01664932362122784,positive,0.9950735876336694
281,KGH,2025-11-14 11:10:00,3,2025-11-19,195.5,horizontal,uptrend,uptrend,uptrend,0.03439153439153442,positive,0.9950735876336694
281,KGH,2025-11-14 11:10:00,4,2025-11-20,195.1,uptrend,uptrend,uptrend,uptrend,-0.002046035805626678,positive,0.9950735876336694
281,KGH,2025-11-14 11:10:00,5,2025-11-21,191.05,uptrend,uptrend,uptrend,uptrend,-0.020758585340850733,positive,0.9950735876336694
282,KGH,2025-11-14 11:02:00,0,2025-11-14,195.0,horizontal,uptrend,uptrend,uptrend,,positive,0.9467247857246548
282,KGH,2025-11-14 11:02:00,1,2025-11-17,192.2,horizontal,uptrend,uptrend,uptrend,-0.014358974358974375,positive,0.9467247857246548
282,KGH,2025-11-14 11:02:00,2,2025-11-18,189.0,horizontal,uptrend,uptrend,uptrend,-0.01664932362122784,positive,0.9467247857246548
282,KGH,2025-11-14 11:02:00,3,2025-11-19,195.5,horizontal,uptrend,uptrend,uptrend,0.03439153439153442,positive,0.9467247857246548
282,KGH,2025-11-14 11:02:00,4,2025-11-20,195.1,uptrend,uptrend,uptrend,uptrend,-0.002046035805626678,positive,0.9467247857246548
282,KGH,2025-11-14 11:02:00,5,2025-11-21,191.05,uptrend,uptrend,uptrend,uptrend,-0.020758585340850733,positive,0.9467247857246548
283,KGH,2025-11-14 10:28:00,0,2025-11-14,195.0,horizontal,uptrend,uptrend,uptrend,,positive,0.9418019074946642
283,KGH,2025-11-14 10:28:00,1,2025-11-17,192.2,horizontal,uptrend,uptrend,uptrend,-0.014358974358974375,positive,0.9418019074946642
283,KGH,2025-11-14 10:28:00,2,2025-11-18,189.0,horizontal,uptrend,uptrend,uptrend,-0.01664932362122784,positive,0.9418019074946642
283,KGH,2025-11-14 10:28:00,3,2025-11-19,195.5,horizontal,uptrend,uptrend,uptrend,0.03439153439153442,positive,0.9418019074946642
283,KGH,2025-11-14 10:28:00,4,2025-11-20,195.1,uptrend,uptrend,uptrend,uptrend,-0.002046035805626678,positive,0.9418019074946642
283,KGH,2025-11-14 10:28:00,5,2025-11-21,191.05,uptrend,uptrend,uptrend,uptrend,-0.020758585340850733,positive,0.9418019074946642
284,KGH,2025-11-13 18:14:00,0,2025-11-14,195.0,horizontal,uptrend,uptrend,uptrend,,positive,0.6228396333754063
284,KGH,2025-11-13 18:14:00,1,2025-11-17,192.2,horizontal,uptrend,uptrend,uptrend,-0.014358974358974375,positive,0.6228396333754063
284,KGH,2025-11-13 18:14:00,2,2025-11-18,189.0,horizontal,uptrend,uptrend,uptrend,-0.01664932362122784,positive,0.6228396333754063
284,KGH,2025-11-13 18:14:00,3,2025-11-19,195.5,horizontal,uptrend,uptrend,uptrend,0.03439153439153442,positive,0.6228396333754063
284,KGH,2025-11-13 18:14:00,4,2025-11-20,195.1,uptrend,uptrend,uptrend,uptrend,-0.002046035805626678,positive,0.6228396333754063
284,KGH,2025-11-13 18:14:00,5,2025-11-21,191.05,uptrend,uptrend,uptrend,uptrend,-0.020758585340850733,positive,0.6228396333754063
285,KGH,2025-11-07 15:30:00,0,2025-11-07,189.65,horizontal,uptrend,uptrend,uptrend,,positive,0.5686969719827175
285,KGH,2025-11-07 15:30:00,1,2025-11-10,195.65,horizontal,uptrend,uptrend,uptrend,0.03163722646981282,positive,0.5686969719827175
285,KGH,2025-11-07 15:30:00,2,2025-11-12,195.6,uptrend,uptrend,uptrend,uptrend,-0.0002555583950933915,positive,0.5686969719827175
285,KGH,2025-11-07 15:30:00,3,2025-11-13,196.5,horizontal,uptrend,uptrend,uptrend,0.004601226993865115,positive,0.5686969719827175
285,KGH,2025-11-07 15:30:00,4,2025-11-14,195.0,horizontal,uptrend,uptrend,uptrend,-0.007633587786259555,positive,0.5686969719827175
285,KGH,2025-11-07 15:30:00,5,2025-11-17,192.2,horizontal,uptrend,uptrend,uptrend,-0.014358974358974375,positive,0.5686969719827175
286,KGH,2025-11-06 23:24:00,0,2025-11-07,189.65,horizontal,uptrend,uptrend,uptrend,,positive,0.9820244350703433
286,KGH,2025-11-06 23:24:00,1,2025-11-10,195.65,horizontal,uptrend,uptrend,uptrend,0.03163722646981282,positive,0.9820244350703433
286,KGH,2025-11-06 23:24:00,2,2025-11-12,195.6,uptrend,uptrend,uptrend,uptrend,-0.0002555583950933915,positive,0.9820244350703433
286,KGH,2025-11-06 23:24:00,3,2025-11-13,196.5,horizontal,uptrend,uptrend,uptrend,0.004601226993865115,positive,0.9820244350703433
286,KGH,2025-11-06 23:24:00,4,2025-11-14,195.0,horizontal,uptrend,uptrend,uptrend,-0.007633587786259555,positive,0.9820244350703433
286,KGH,2025-11-06 23:24:00,5,2025-11-17,192.2,horizontal,uptrend,uptrend,uptrend,-0.014358974358974375,positive,0.9820244350703433
287,KGH,2025-11-04 06:00:00,0,2025-11-04,186.55,uptrend,uptrend,uptrend,uptrend,,positive,0.9465925167314708
287,KGH,2025-11-04 06:00:00,1,2025-11-05,187.0,uptrend,uptrend,uptrend,uptrend,0.002412221924416924,positive,0.9465925167314708
287,KGH,2025-11-04 06:00:00,2,2025-11-06,189.35,horizontal,uptrend,uptrend,uptrend,0.012566844919785991,positive,0.9465925167314708
287,KGH,2025-11-04 06:00:00,3,2025-11-07,189.65,horizontal,uptrend,uptrend,uptrend,0.0015843675732769569,positive,0.9465925167314708
287,KGH,2025-11-04 06:00:00,4,2025-11-10,195.65,horizontal,uptrend,uptrend,uptrend,0.03163722646981282,positive,0.9465925167314708
287,KGH,2025-11-04 06:00:00,5,2025-11-12,195.6,uptrend,uptrend,uptrend,uptrend,-0.0002555583950933915,positive,0.9465925167314708
288,KGH,2025-10-31 10:18:00,0,2025-10-31,193.85,uptrend,uptrend,uptrend,uptrend,,positive,0.8962910054251552
288,KGH,2025-10-31 10:18:00,1,2025-11-03,190.75,uptrend,uptrend,uptrend,uptrend,-0.015991746195511913,positive,0.8962910054251552
288,KGH,2025-10-31 10:18:00,2,2025-11-04,186.55,uptrend,uptrend,uptrend,uptrend,-0.0220183486238531,positive,0.8962910054251552
288,KGH,2025-10-31 10:18:00,3,2025-11-05,187.0,uptrend,uptrend,uptrend,uptrend,0.002412221924416924,positive,0.8962910054251552
288,KGH,2025-10-31 10:18:00,4,2025-11-06,189.35,horizontal,uptrend,uptrend,uptrend,0.012566844919785991,positive,0.8962910054251552
288,KGH,2025-10-31 10:18:00,5,2025-11-07,189.65,horizontal,uptrend,uptrend,uptrend,0.0015843675732769569,positive,0.8962910054251552
289,KGH,2025-10-29 10:04:00,0,2025-10-29,197.2,uptrend,uptrend,uptrend,uptrend,,positive,0.9924401333555579
289,KGH,2025-10-29 10:04:00,1,2025-10-30,194.0,uptrend,uptrend,uptrend,uptrend,-0.016227180527383256,positive,0.9924401333555579
289,KGH,2025-10-29 10:04:00,2,2025-10-31,193.85,uptrend,uptrend,uptrend,uptrend,-0.000773195876288657,positive,0.9924401333555579
289,KGH,2025-10-29 10:04:00,3,2025-11-03,190.75,uptrend,uptrend,uptrend,uptrend,-0.015991746195511913,positive,0.9924401333555579
289,KGH,2025-10-29 10:04:00,4,2025-11-04,186.55,uptrend,uptrend,uptrend,uptrend,-0.0220183486238531,positive,0.9924401333555579
289,KGH,2025-10-29 10:04:00,5,2025-11-05,187.0,uptrend,uptrend,uptrend,uptrend,0.002412221924416924,positive,0.9924401333555579
290,KGH,2025-10-29 10:02:00,0,2025-10-29,197.2,uptrend,uptrend,uptrend,uptrend,,positive,0.9914466186892241
290,KGH,2025-10-29 10:02:00,1,2025-10-30,194.0,uptrend,uptrend,uptrend,uptrend,-0.016227180527383256,positive,0.9914466186892241
290,KGH,2025-10-29 10:02:00,2,2025-10-31,193.85,uptrend,uptrend,uptrend,uptrend,-0.000773195876288657,positive,0.9914466186892241
290,KGH,2025-10-29 10:02:00,3,2025-11-03,190.75,uptrend,uptrend,uptrend,uptrend,-0.015991746195511913,positive,0.9914466186892241
290,KGH,2025-10-29 10:02:00,4,2025-11-04,186.55,uptrend,uptrend,uptrend,uptrend,-0.0220183486238531,positive,0.9914466186892241
290,KGH,2025-10-29 10:02:00,5,2025-11-05,187.0,uptrend,uptrend,uptrend,uptrend,0.002412221924416924,positive,0.9914466186892241
291,KGH,2025-10-29 10:00:00,0,2025-10-29,197.2,uptrend,uptrend,uptrend,uptrend,,positive,0.5745103433728218
291,KGH,2025-10-29 10:00:00,1,2025-10-30,194.0,uptrend,uptrend,uptrend,uptrend,-0.016227180527383256,positive,0.5745103433728218
291,KGH,2025-10-29 10:00:00,2,2025-10-31,193.85,uptrend,uptrend,uptrend,uptrend,-0.000773195876288657,positive,0.5745103433728218
291,KGH,2025-10-29 10:00:00,3,2025-11-03,190.75,uptrend,uptrend,uptrend,uptrend,-0.015991746195511913,positive,0.5745103433728218
291,KGH,2025-10-29 10:00:00,4,2025-11-04,186.55,uptrend,uptrend,uptrend,uptrend,-0.0220183486238531,positive,0.5745103433728218
291,KGH,2025-10-29 10:00:00,5,2025-11-05,187.0,uptrend,uptrend,uptrend,uptrend,0.002412221924416924,positive,0.5745103433728218
292,KGH,2025-10-28 18:14:00,0,2025-10-29,197.2,uptrend,uptrend,uptrend,uptrend,,positive,0.9887896892614663
292,KGH,2025-10-28 18:14:00,1,2025-10-30,194.0,uptrend,uptrend,uptrend,uptrend,-0.016227180527383256,positive,0.9887896892614663
292,KGH,2025-10-28 18:14:00,2,2025-10-31,193.85,uptrend,uptrend,uptrend,uptrend,-0.000773195876288657,positive,0.9887896892614663
292,KGH,2025-10-28 18:14:00,3,2025-11-03,190.75,uptrend,uptrend,uptrend,uptrend,-0.015991746195511913,positive,0.9887896892614663
292,KGH,2025-10-28 18:14:00,4,2025-11-04,186.55,uptrend,uptrend,uptrend,uptrend,-0.0220183486238531,positive,0.9887896892614663
292,KGH,2025-10-28 18:14:00,5,2025-11-05,187.0,uptrend,uptrend,uptrend,uptrend,0.002412221924416924,positive,0.9887896892614663
293,KGH,2025-10-28 14:54:00,0,2025-10-28,191.35,uptrend,uptrend,uptrend,uptrend,,positive,0.8033431079238653
293,KGH,2025-10-28 14:54:00,1,2025-10-29,197.2,uptrend,uptrend,uptrend,uptrend,0.030572249804023954,positive,0.8033431079238653
293,KGH,2025-10-28 14:54:00,2,2025-10-30,194.0,uptrend,uptrend,uptrend,uptrend,-0.016227180527383256,positive,0.8033431079238653
293,KGH,2025-10-28 14:54:00,3,2025-10-31,193.85,uptrend,uptrend,uptrend,uptrend,-0.000773195876288657,positive,0.8033431079238653
293,KGH,2025-10-28 14:54:00,4,2025-11-03,190.75,uptrend,uptrend,uptrend,uptrend,-0.015991746195511913,positive,0.8033431079238653
293,KGH,2025-10-28 14:54:00,5,2025-11-04,186.55,uptrend,uptrend,uptrend,uptrend,-0.0220183486238531,positive,0.8033431079238653
294,KGH,2025-10-27 12:56:00,0,2025-10-27,189.0,uptrend,uptrend,uptrend,uptrend,,positive,0.9148464500904083
294,KGH,2025-10-27 12:56:00,1,2025-10-28,191.35,uptrend,uptrend,uptrend,uptrend,0.012433862433862464,positive,0.9148464500904083
294,KGH,2025-10-27 12:56:00,2,2025-10-29,197.2,uptrend,uptrend,uptrend,uptrend,0.030572249804023954,positive,0.9148464500904083
294,KGH,2025-10-27 12:56:00,3,2025-10-30,194.0,uptrend,uptrend,uptrend,uptrend,-0.016227180527383256,positive,0.9148464500904083
294,KGH,2025-10-27 12:56:00,4,2025-10-31,193.85,uptrend,uptrend,uptrend,uptrend,-0.000773195876288657,positive,0.9148464500904083
294,KGH,2025-10-27 12:56:00,5,2025-11-03,190.75,uptrend,uptrend,uptrend,uptrend,-0.015991746195511913,positive,0.9148464500904083
295,KGH,2025-10-24 12:38:00,0,2025-10-24,191.0,uptrend,uptrend,uptrend,uptrend,,positive,0.7412737146951258
295,KGH,2025-10-24 12:38:00,1,2025-10-27,189.0,uptrend,uptrend,uptrend,uptrend,-0.010471204188481686,positive,0.7412737146951258
295,KGH,2025-10-24 12:38:00,2,2025-10-28,191.35,uptrend,uptrend,uptrend,uptrend,0.012433862433862464,positive,0.7412737146951258
295,KGH,2025-10-24 12:38:00,3,2025-10-29,197.2,uptrend,uptrend,uptrend,uptrend,0.030572249804023954,positive,0.7412737146951258
295,KGH,2025-10-24 12:38:00,4,2025-10-30,194.0,uptrend,uptrend,uptrend,uptrend,-0.016227180527383256,positive,0.7412737146951258
295,KGH,2025-10-24 12:38:00,5,2025-10-31,193.85,uptrend,uptrend,uptrend,uptrend,-0.000773195876288657,positive,0.7412737146951258
296,KGH,2025-10-22 15:13:00,0,2025-10-22,186.1,uptrend,uptrend,uptrend,uptrend,,neutral,0.21150384098291397
296,KGH,2025-10-22 15:13:00,1,2025-10-23,193.75,uptrend,uptrend,uptrend,uptrend,0.04110693175711977,neutral,0.21150384098291397
296,KGH,2025-10-22 15:13:00,2,2025-10-24,191.0,uptrend,uptrend,uptrend,uptrend,-0.014193548387096744,neutral,0.21150384098291397
296,KGH,2025-10-22 15:13:00,3,2025-10-27,189.0,uptrend,uptrend,uptrend,uptrend,-0.010471204188481686,neutral,0.21150384098291397
296,KGH,2025-10-22 15:13:00,4,2025-10-28,191.35,uptrend,uptrend,uptrend,uptrend,0.012433862433862464,neutral,0.21150384098291397
296,KGH,2025-10-22 15:13:00,5,2025-10-29,197.2,uptrend,uptrend,uptrend,uptrend,0.030572249804023954,neutral,0.21150384098291397
297,KGH,2025-10-22 06:00:00,0,2025-10-22,186.1,uptrend,uptrend,uptrend,uptrend,,positive,0.9860375225543976
297,KGH,2025-10-22 06:00:00,1,2025-10-23,193.75,uptrend,uptrend,uptrend,uptrend,0.04110693175711977,positive,0.9860375225543976
297,KGH,2025-10-22 06:00:00,2,2025-10-24,191.0,uptrend,uptrend,uptrend,uptrend,-0.014193548387096744,positive,0.9860375225543976
297,KGH,2025-10-22 06:00:00,3,2025-10-27,189.0,uptrend,uptrend,uptrend,uptrend,-0.010471204188481686,positive,0.9860375225543976
297,KGH,2025-10-22 06:00:00,4,2025-10-28,191.35,uptrend,uptrend,uptrend,uptrend,0.012433862433862464,positive,0.9860375225543976
297,KGH,2025-10-22 06:00:00,5,2025-10-29,197.2,uptrend,uptrend,uptrend,uptrend,0.030572249804023954,positive,0.9860375225543976
299,KGH,2025-10-16 16:38:00,0,2025-10-16,191.25,uptrend,uptrend,uptrend,uptrend,,positive,0.9844410818768665
299,KGH,2025-10-16 16:38:00,1,2025-10-17,187.75,uptrend,uptrend,uptrend,uptrend,-0.018300653594771288,positive,0.9844410818768665
299,KGH,2025-10-16 16:38:00,2,2025-10-20,194.1,uptrend,uptrend,uptrend,uptrend,0.033821571238348946,positive,0.9844410818768665
299,KGH,2025-10-16 16:38:00,3,2025-10-21,185.5,uptrend,uptrend,uptrend,uptrend,-0.04430705821741365,positive,0.9844410818768665
299,KGH,2025-10-16 16:38:00,4,2025-10-22,186.1,uptrend,uptrend,uptrend,uptrend,0.0032345013477088624,positive,0.9844410818768665
299,KGH,2025-10-16 16:38:00,5,2025-10-23,193.75,uptrend,uptrend,uptrend,uptrend,0.04110693175711977,positive,0.9844410818768665
300,KGH,2025-10-14 17:17:00,0,2025-10-15,190.25,uptrend,uptrend,uptrend,uptrend,,neutral,0.20217390358448029
300,KGH,2025-10-14 17:17:00,1,2025-10-16,191.25,uptrend,uptrend,uptrend,uptrend,0.005256241787122251,neutral,0.20217390358448029
300,KGH,2025-10-14 17:17:00,2,2025-10-17,187.75,uptrend,uptrend,uptrend,uptrend,-0.018300653594771288,neutral,0.20217390358448029
300,KGH,2025-10-14 17:17:00,3,2025-10-20,194.1,uptrend,uptrend,uptrend,uptrend,0.033821571238348946,neutral,0.20217390358448029
300,KGH,2025-10-14 17:17:00,4,2025-10-21,185.5,uptrend,uptrend,uptrend,uptrend,-0.04430705821741365,neutral,0.20217390358448029
300,KGH,2025-10-14 17:17:00,5,2025-10-22,186.1,uptrend,uptrend,uptrend,uptrend,0.0032345013477088624,neutral,0.20217390358448029
301,KGH,2025-10-13 16:28:00,0,2025-10-13,192.25,uptrend,uptrend,uptrend,uptrend,,positive,0.605381578207016
301,KGH,2025-10-13 16:28:00,1,2025-10-14,186.25,uptrend,uptrend,uptrend,uptrend,-0.031209362808842678,positive,0.605381578207016
301,KGH,2025-10-13 16:28:00,2,2025-10-15,190.25,uptrend,uptrend,uptrend,uptrend,0.021476510067114152,positive,0.605381578207016
301,KGH,2025-10-13 16:28:00,3,2025-10-16,191.25,uptrend,uptrend,uptrend,uptrend,0.005256241787122251,positive,0.605381578207016
301,KGH,2025-10-13 16:28:00,4,2025-10-17,187.75,uptrend,uptrend,uptrend,uptrend,-0.018300653594771288,positive,0.605381578207016
301,KGH,2025-10-13 16:28:00,5,2025-10-20,194.1,uptrend,uptrend,uptrend,uptrend,0.033821571238348946,positive,0.605381578207016
302,KGH,2025-10-06 15:00:00,0,2025-10-06,173.8,uptrend,uptrend,uptrend,uptrend,,neutral,0.0028217732906341553
302,KGH,2025-10-06 15:00:00,1,2025-10-07,178.0,uptrend,uptrend,uptrend,uptrend,0.024165707710011475,neutral,0.0028217732906341553
302,KGH,2025-10-06 15:00:00,2,2025-10-08,186.55,uptrend,uptrend,uptrend,uptrend,0.048033707865168696,neutral,0.0028217732906341553
302,KGH,2025-10-06 15:00:00,3,2025-10-09,189.8,uptrend,uptrend,uptrend,uptrend,0.017421602787456525,neutral,0.0028217732906341553
302,KGH,2025-10-06 15:00:00,4,2025-10-10,188.0,uptrend,uptrend,uptrend,uptrend,-0.0094836670179137,neutral,0.0028217732906341553
302,KGH,2025-10-06 15:00:00,5,2025-10-13,192.25,uptrend,uptrend,uptrend,uptrend,0.022606382978723305,neutral,0.0028217732906341553
303,KGH,2025-10-06 09:16:00,0,2025-10-06,173.8,uptrend,uptrend,uptrend,uptrend,,positive,0.9838322626892477
303,KGH,2025-10-06 09:16:00,1,2025-10-07,178.0,uptrend,uptrend,uptrend,uptrend,0.024165707710011475,positive,0.9838322626892477
303,KGH,2025-10-06 09:16:00,2,2025-10-08,186.55,uptrend,uptrend,uptrend,uptrend,0.048033707865168696,positive,0.9838322626892477
303,KGH,2025-10-06 09:16:00,3,2025-10-09,189.8,uptrend,uptrend,uptrend,uptrend,0.017421602787456525,positive,0.9838322626892477
303,KGH,2025-10-06 09:16:00,4,2025-10-10,188.0,uptrend,uptrend,uptrend,uptrend,-0.0094836670179137,positive,0.9838322626892477
303,KGH,2025-10-06 09:16:00,5,2025-10-13,192.25,uptrend,uptrend,uptrend,uptrend,0.022606382978723305,positive,0.9838322626892477
305,PKN,2025-12-30 15:42:00,0,2025-12-30,96.11,uptrend,horizontal,horizontal,horizontal,,positive,0.5987511500716209
305,PKN,2025-12-30 15:42:00,1,2026-01-02,101.3,uptrend,uptrend,horizontal,uptrend,0.05400062428467378,positive,0.5987511500716209
305,PKN,2025-12-30 15:42:00,2,2026-01-05,99.75,uptrend,uptrend,uptrend,uptrend,-0.01530108588351431,positive,0.5987511500716209
305,PKN,2025-12-30 15:42:00,3,2026-01-07,99.62,uptrend,uptrend,uptrend,uptrend,-0.0013032581453633618,positive,0.5987511500716209
305,PKN,2025-12-30 15:42:00,4,2026-01-08,92.58,uptrend,uptrend,downtrend,downtrend,-0.07066854045372417,positive,0.5987511500716209
305,PKN,2025-12-30 15:42:00,5,2026-01-09,96.19,uptrend,uptrend,horizontal,horizontal,0.03899330308922022,positive,0.5987511500716209
306,PKN,2025-12-29 11:38:00,0,2025-12-29,95.62,horizontal,horizontal,horizontal,horizontal,,positive,0.4788277633488178
306,PKN,2025-12-29 11:38:00,1,2025-12-30,96.11,uptrend,horizontal,horizontal,horizontal,0.005124450951683679,positive,0.4788277633488178
306,PKN,2025-12-29 11:38:00,2,2026-01-02,101.3,uptrend,uptrend,horizontal,uptrend,0.05400062428467378,positive,0.4788277633488178
306,PKN,2025-12-29 11:38:00,3,2026-01-05,99.75,uptrend,uptrend,uptrend,uptrend,-0.01530108588351431,positive,0.4788277633488178
306,PKN,2025-12-29 11:38:00,4,2026-01-07,99.62,uptrend,uptrend,uptrend,uptrend,-0.0013032581453633618,positive,0.4788277633488178
306,PKN,2025-12-29 11:38:00,5,2026-01-08,92.58,uptrend,uptrend,downtrend,downtrend,-0.07066854045372417,positive,0.4788277633488178
307,PKN,2025-12-29 10:22:00,0,2025-12-29,95.62,horizontal,horizontal,horizontal,horizontal,,positive,0.9816696643829346
307,PKN,2025-12-29 10:22:00,1,2025-12-30,96.11,uptrend,horizontal,horizontal,horizontal,0.005124450951683679,positive,0.9816696643829346
307,PKN,2025-12-29 10:22:00,2,2026-01-02,101.3,uptrend,uptrend,horizontal,uptrend,0.05400062428467378,positive,0.9816696643829346
307,PKN,2025-12-29 10:22:00,3,2026-01-05,99.75,uptrend,uptrend,uptrend,uptrend,-0.01530108588351431,positive,0.9816696643829346
307,PKN,2025-12-29 10:22:00,4,2026-01-07,99.62,uptrend,uptrend,uptrend,uptrend,-0.0013032581453633618,positive,0.9816696643829346
307,PKN,2025-12-29 10:22:00,5,2026-01-08,92.58,uptrend,uptrend,downtrend,downtrend,-0.07066854045372417,positive,0.9816696643829346
308,PKN,2025-12-23 12:36:00,0,2025-12-23,93.89,horizontal,downtrend,horizontal,horizontal,,positive,0.9602243639528751
308,PKN,2025-12-23 12:36:00,1,2025-12-29,95.62,horizontal,horizontal,horizontal,horizontal,0.018425817445947512,positive,0.9602243639528751
308,PKN,2025-12-23 12:36:00,2,2025-12-30,96.11,uptrend,horizontal,horizontal,horizontal,0.005124450951683679,positive,0.9602243639528751
308,PKN,2025-12-23 12:36:00,3,2026-01-02,101.3,uptrend,uptrend,horizontal,uptrend,0.05400062428467378,positive,0.9602243639528751
308,PKN,2025-12-23 12:36:00,4,2026-01-05,99.75,uptrend,uptrend,uptrend,uptrend,-0.01530108588351431,positive,0.9602243639528751
308,PKN,2025-12-23 12:36:00,5,2026-01-07,99.62,uptrend,uptrend,uptrend,uptrend,-0.0013032581453633618,positive,0.9602243639528751
309,PKN,2025-12-23 10:12:00,0,2025-12-23,93.89,horizontal,downtrend,horizontal,horizontal,,positive,0.8968779286369681
309,PKN,2025-12-23 10:12:00,1,2025-12-29,95.62,horizontal,horizontal,horizontal,horizontal,0.018425817445947512,positive,0.8968779286369681
309,PKN,2025-12-23 10:12:00,2,2025-12-30,96.11,uptrend,horizontal,horizontal,horizontal,0.005124450951683679,positive,0.8968779286369681
309,PKN,2025-12-23 10:12:00,3,2026-01-02,101.3,uptrend,uptrend,horizontal,uptrend,0.05400062428467378,positive,0.8968779286369681
309,PKN,2025-12-23 10:12:00,4,2026-01-05,99.75,uptrend,uptrend,uptrend,uptrend,-0.01530108588351431,positive,0.8968779286369681
309,PKN,2025-12-23 10:12:00,5,2026-01-07,99.62,uptrend,uptrend,uptrend,uptrend,-0.0013032581453633618,positive,0.8968779286369681
310,PKN,2025-12-22 15:05:00,0,2025-12-22,94.87,horizontal,downtrend,horizontal,horizontal,,negative,-0.28234460949897766
310,PKN,2025-12-22 15:05:00,1,2025-12-23,93.89,horizontal,downtrend,horizontal,horizontal,-0.010329925160746378,negative,-0.28234460949897766
310,PKN,2025-12-22 15:05:00,2,2025-12-29,95.62,horizontal,horizontal,horizontal,horizontal,0.018425817445947512,negative,-0.28234460949897766
310,PKN,2025-12-22 15:05:00,3,2025-12-30,96.11,uptrend,horizontal,horizontal,horizontal,0.005124450951683679,negative,-0.28234460949897766
310,PKN,2025-12-22 15:05:00,4,2026-01-02,101.3,uptrend,uptrend,horizontal,uptrend,0.05400062428467378,negative,-0.28234460949897766
310,PKN,2025-12-22 15:05:00,5,2026-01-05,99.75,uptrend,uptrend,uptrend,uptrend,-0.01530108588351431,negative,-0.28234460949897766
311,PKN,2025-12-22 09:56:00,0,2025-12-22,94.87,horizontal,downtrend,horizontal,horizontal,,positive,0.962746053468436
311,PKN,2025-12-22 09:56:00,1,2025-12-23,93.89,horizontal,downtrend,horizontal,horizontal,-0.010329925160746378,positive,0.962746053468436
311,PKN,2025-12-22 09:56:00,2,2025-12-29,95.62,horizontal,horizontal,horizontal,horizontal,0.018425817445947512,positive,0.962746053468436
311,PKN,2025-12-22 09:56:00,3,2025-12-30,96.11,uptrend,horizontal,horizontal,horizontal,0.005124450951683679,positive,0.962746053468436
311,PKN,2025-12-22 09:56:00,4,2026-01-02,101.3,uptrend,uptrend,horizontal,uptrend,0.05400062428467378,positive,0.962746053468436
311,PKN,2025-12-22 09:56:00,5,2026-01-05,99.75,uptrend,uptrend,uptrend,uptrend,-0.01530108588351431,positive,0.962746053468436
312,PKN,2025-12-22 08:59:00,0,2025-12-22,94.87,horizontal,downtrend,horizontal,horizontal,,positive,0.4545045681297779
312,PKN,2025-12-22 08:59:00,1,2025-12-23,93.89,horizontal,downtrend,horizontal,horizontal,-0.010329925160746378,positive,0.4545045681297779
312,PKN,2025-12-22 08:59:00,2,2025-12-29,95.62,horizontal,horizontal,horizontal,horizontal,0.018425817445947512,positive,0.4545045681297779
312,PKN,2025-12-22 08:59:00,3,2025-12-30,96.11,uptrend,horizontal,horizontal,horizontal,0.005124450951683679,positive,0.4545045681297779
312,PKN,2025-12-22 08:59:00,4,2026-01-02,101.3,uptrend,uptrend,horizontal,uptrend,0.05400062428467378,positive,0.4545045681297779
312,PKN,2025-12-22 08:59:00,5,2026-01-05,99.75,uptrend,uptrend,uptrend,uptrend,-0.01530108588351431,positive,0.4545045681297779
313,PKN,2025-12-19 13:32:00,0,2025-12-19,93.16,downtrend,downtrend,downtrend,horizontal,,positive,0.9655369031243026
313,PKN,2025-12-19 13:32:00,1,2025-12-22,94.87,horizontal,downtrend,horizontal,horizontal,0.018355517389437637,positive,0.9655369031243026
313,PKN,2025-12-19 13:32:00,2,2025-12-23,93.89,horizontal,downtrend,horizontal,horizontal,-0.010329925160746378,positive,0.9655369031243026
313,PKN,2025-12-19 13:32:00,3,2025-12-29,95.62,horizontal,horizontal,horizontal,horizontal,0.018425817445947512,positive,0.9655369031243026
313,PKN,2025-12-19 13:32:00,4,2025-12-30,96.11,uptrend,horizontal,horizontal,horizontal,0.005124450951683679,positive,0.9655369031243026
313,PKN,2025-12-19 13:32:00,5,2026-01-02,101.3,uptrend,uptrend,horizontal,uptrend,0.05400062428467378,positive,0.9655369031243026
314,PKN,2025-12-19 08:08:00,0,2025-12-19,93.16,downtrend,downtrend,downtrend,horizontal,,positive,0.8998059742152691
314,PKN,2025-12-19 08:08:00,1,2025-12-22,94.87,horizontal,downtrend,horizontal,horizontal,0.018355517389437637,positive,0.8998059742152691
314,PKN,2025-12-19 08:08:00,2,2025-12-23,93.89,horizontal,downtrend,horizontal,horizontal,-0.010329925160746378,positive,0.8998059742152691
314,PKN,2025-12-19 08:08:00,3,2025-12-29,95.62,horizontal,horizontal,horizontal,horizontal,0.018425817445947512,positive,0.8998059742152691
314,PKN,2025-12-19 08:08:00,4,2025-12-30,96.11,uptrend,horizontal,horizontal,horizontal,0.005124450951683679,positive,0.8998059742152691
314,PKN,2025-12-19 08:08:00,5,2026-01-02,101.3,uptrend,uptrend,horizontal,uptrend,0.05400062428467378,positive,0.8998059742152691
315,PKN,2025-12-18 16:22:00,0,2025-12-18,92.35,downtrend,downtrend,downtrend,horizontal,,neutral,-0.42594200372695923
315,PKN,2025-12-18 16:22:00,1,2025-12-19,93.16,downtrend,downtrend,downtrend,horizontal,0.008770979967514858,neutral,-0.42594200372695923
315,PKN,2025-12-18 16:22:00,2,2025-12-22,94.87,horizontal,downtrend,horizontal,horizontal,0.018355517389437637,neutral,-0.42594200372695923
315,PKN,2025-12-18 16:22:00,3,2025-12-23,93.89,horizontal,downtrend,horizontal,horizontal,-0.010329925160746378,neutral,-0.42594200372695923
315,PKN,2025-12-18 16:22:00,4,2025-12-29,95.62,horizontal,horizontal,horizontal,horizontal,0.018425817445947512,neutral,-0.42594200372695923
315,PKN,2025-12-18 16:22:00,5,2025-12-30,96.11,uptrend,horizontal,horizontal,horizontal,0.005124450951683679,neutral,-0.42594200372695923
316,PKN,2025-12-18 14:02:00,0,2025-12-18,92.35,downtrend,downtrend,downtrend,horizontal,,positive,0.9911886733607389
316,PKN,2025-12-18 14:02:00,1,2025-12-19,93.16,downtrend,downtrend,downtrend,horizontal,0.008770979967514858,positive,0.9911886733607389
316,PKN,2025-12-18 14:02:00,2,2025-12-22,94.87,horizontal,downtrend,horizontal,horizontal,0.018355517389437637,positive,0.9911886733607389
316,PKN,2025-12-18 14:02:00,3,2025-12-23,93.89,horizontal,downtrend,horizontal,horizontal,-0.010329925160746378,positive,0.9911886733607389
316,PKN,2025-12-18 14:02:00,4,2025-12-29,95.62,horizontal,horizontal,horizontal,horizontal,0.018425817445947512,positive,0.9911886733607389
316,PKN,2025-12-18 14:02:00,5,2025-12-30,96.11,uptrend,horizontal,horizontal,horizontal,0.005124450951683679,positive,0.9911886733607389
317,PKN,2025-12-18 10:58:00,0,2025-12-18,92.35,downtrend,downtrend,downtrend,horizontal,,positive,0.9883003763388842
317,PKN,2025-12-18 10:58:00,1,2025-12-19,93.16,downtrend,downtrend,downtrend,horizontal,0.008770979967514858,positive,0.9883003763388842
317,PKN,2025-12-18 10:58:00,2,2025-12-22,94.87,horizontal,downtrend,horizontal,horizontal,0.018355517389437637,positive,0.9883003763388842
317,PKN,2025-12-18 10:58:00,3,2025-12-23,93.89,horizontal,downtrend,horizontal,horizontal,-0.010329925160746378,positive,0.9883003763388842
317,PKN,2025-12-18 10:58:00,4,2025-12-29,95.62,horizontal,horizontal,horizontal,horizontal,0.018425817445947512,positive,0.9883003763388842
317,PKN,2025-12-18 10:58:00,5,2025-12-30,96.11,uptrend,horizontal,horizontal,horizontal,0.005124450951683679,positive,0.9883003763388842
318,PKN,2025-12-18 10:04:00,0,2025-12-18,92.35,downtrend,downtrend,downtrend,horizontal,,neutral,0.4208133965730667
318,PKN,2025-12-18 10:04:00,1,2025-12-19,93.16,downtrend,downtrend,downtrend,horizontal,0.008770979967514858,neutral,0.4208133965730667
318,PKN,2025-12-18 10:04:00,2,2025-12-22,94.87,horizontal,downtrend,horizontal,horizontal,0.018355517389437637,neutral,0.4208133965730667
318,PKN,2025-12-18 10:04:00,3,2025-12-23,93.89,horizontal,downtrend,horizontal,horizontal,-0.010329925160746378,neutral,0.4208133965730667
318,PKN,2025-12-18 10:04:00,4,2025-12-29,95.62,horizontal,horizontal,horizontal,horizontal,0.018425817445947512,neutral,0.4208133965730667
318,PKN,2025-12-18 10:04:00,5,2025-12-30,96.11,uptrend,horizontal,horizontal,horizontal,0.005124450951683679,neutral,0.4208133965730667
319,PKN,2025-12-18 06:36:00,0,2025-12-18,92.35,downtrend,downtrend,downtrend,horizontal,,negative,-0.6420573629438877
319,PKN,2025-12-18 06:36:00,1,2025-12-19,93.16,downtrend,downtrend,downtrend,horizontal,0.008770979967514858,negative,-0.6420573629438877
319,PKN,2025-12-18 06:36:00,2,2025-12-22,94.87,horizontal,downtrend,horizontal,horizontal,0.018355517389437637,negative,-0.6420573629438877
319,PKN,2025-12-18 06:36:00,3,2025-12-23,93.89,horizontal,downtrend,horizontal,horizontal,-0.010329925160746378,negative,-0.6420573629438877
319,PKN,2025-12-18 06:36:00,4,2025-12-29,95.62,horizontal,horizontal,horizontal,horizontal,0.018425817445947512,negative,-0.6420573629438877
319,PKN,2025-12-18 06:36:00,5,2025-12-30,96.11,uptrend,horizontal,horizontal,horizontal,0.005124450951683679,negative,-0.6420573629438877
320,PKN,2025-12-16 06:14:00,0,2025-12-16,91.9,downtrend,downtrend,downtrend,horizontal,,neutral,-0.024774178862571716
320,PKN,2025-12-16 06:14:00,1,2025-12-17,92.33,downtrend,downtrend,downtrend,horizontal,0.004678998911860743,neutral,-0.024774178862571716
320,PKN,2025-12-16 06:14:00,2,2025-12-18,92.35,downtrend,downtrend,downtrend,horizontal,0.0002166143182062985,neutral,-0.024774178862571716
320,PKN,2025-12-16 06:14:00,3,2025-12-19,93.16,downtrend,downtrend,downtrend,horizontal,0.008770979967514858,neutral,-0.024774178862571716
320,PKN,2025-12-16 06:14:00,4,2025-12-22,94.87,horizontal,downtrend,horizontal,horizontal,0.018355517389437637,neutral,-0.024774178862571716
320,PKN,2025-12-16 06:14:00,5,2025-12-23,93.89,horizontal,downtrend,horizontal,horizontal,-0.010329925160746378,neutral,-0.024774178862571716
321,PKN,2025-12-15 19:32:00,0,2025-12-16,91.9,downtrend,downtrend,downtrend,horizontal,,neutral,-0.21326570212841034
321,PKN,2025-12-15 19:32:00,1,2025-12-17,92.33,downtrend,downtrend,downtrend,horizontal,0.004678998911860743,neutral,-0.21326570212841034
321,PKN,2025-12-15 19:32:00,2,2025-12-18,92.35,downtrend,downtrend,downtrend,horizontal,0.0002166143182062985,neutral,-0.21326570212841034
321,PKN,2025-12-15 19:32:00,3,2025-12-19,93.16,downtrend,downtrend,downtrend,horizontal,0.008770979967514858,neutral,-0.21326570212841034
321,PKN,2025-12-15 19:32:00,4,2025-12-22,94.87,horizontal,downtrend,horizontal,horizontal,0.018355517389437637,neutral,-0.21326570212841034
321,PKN,2025-12-15 19:32:00,5,2025-12-23,93.89,horizontal,downtrend,horizontal,horizontal,-0.010329925160746378,neutral,-0.21326570212841034
322,PKN,2025-12-15 14:51:00,0,2025-12-15,94.82,downtrend,downtrend,downtrend,horizontal,,positive,0.9857846079394221
322,PKN,2025-12-15 14:51:00,1,2025-12-16,91.9,downtrend,downtrend,downtrend,horizontal,-0.030795190887998203,positive,0.9857846079394221
322,PKN,2025-12-15 14:51:00,2,2025-12-17,92.33,downtrend,downtrend,downtrend,horizontal,0.004678998911860743,positive,0.9857846079394221
322,PKN,2025-12-15 14:51:00,3,2025-12-18,92.35,downtrend,downtrend,downtrend,horizontal,0.0002166143182062985,positive,0.9857846079394221
322,PKN,2025-12-15 14:51:00,4,2025-12-19,93.16,downtrend,downtrend,downtrend,horizontal,0.008770979967514858,positive,0.9857846079394221
322,PKN,2025-12-15 14:51:00,5,2025-12-22,94.87,horizontal,downtrend,horizontal,horizontal,0.018355517389437637,positive,0.9857846079394221
323,PKN,2025-12-15 11:58:00,0,2025-12-15,94.82,downtrend,downtrend,downtrend,horizontal,,neutral,-0.25377030670642853
323,PKN,2025-12-15 11:58:00,1,2025-12-16,91.9,downtrend,downtrend,downtrend,horizontal,-0.030795190887998203,neutral,-0.25377030670642853
323,PKN,2025-12-15 11:58:00,2,2025-12-17,92.33,downtrend,downtrend,downtrend,horizontal,0.004678998911860743,neutral,-0.25377030670642853
323,PKN,2025-12-15 11:58:00,3,2025-12-18,92.35,downtrend,downtrend,downtrend,horizontal,0.0002166143182062985,neutral,-0.25377030670642853
323,PKN,2025-12-15 11:58:00,4,2025-12-19,93.16,downtrend,downtrend,downtrend,horizontal,0.008770979967514858,neutral,-0.25377030670642853
323,PKN,2025-12-15 11:58:00,5,2025-12-22,94.87,horizontal,downtrend,horizontal,horizontal,0.018355517389437637,neutral,-0.25377030670642853
324,PKN,2025-12-12 16:00:00,0,2025-12-12,93.6,downtrend,downtrend,downtrend,horizontal,,positive,0.988250216236338
324,PKN,2025-12-12 16:00:00,1,2025-12-15,94.82,downtrend,downtrend,downtrend,horizontal,0.013034188034187988,positive,0.988250216236338
324,PKN,2025-12-12 16:00:00,2,2025-12-16,91.9,downtrend,downtrend,downtrend,horizontal,-0.030795190887998203,positive,0.988250216236338
324,PKN,2025-12-12 16:00:00,3,2025-12-17,92.33,downtrend,downtrend,downtrend,horizontal,0.004678998911860743,positive,0.988250216236338
324,PKN,2025-12-12 16:00:00,4,2025-12-18,92.35,downtrend,downtrend,downtrend,horizontal,0.0002166143182062985,positive,0.988250216236338
324,PKN,2025-12-12 16:00:00,5,2025-12-19,93.16,downtrend,downtrend,downtrend,horizontal,0.008770979967514858,positive,0.988250216236338
325,PKN,2025-12-11 10:28:00,0,2025-12-11,94.38,downtrend,downtrend,downtrend,horizontal,,positive,0.990389454877004
325,PKN,2025-12-11 10:28:00,1,2025-12-12,93.6,downtrend,downtrend,downtrend,horizontal,-0.008264462809917328,positive,0.990389454877004
325,PKN,2025-12-11 10:28:00,2,2025-12-15,94.82,downtrend,downtrend,downtrend,horizontal,0.013034188034187988,positive,0.990389454877004
325,PKN,2025-12-11 10:28:00,3,2025-12-16,91.9,downtrend,downtrend,downtrend,horizontal,-0.030795190887998203,positive,0.990389454877004
325,PKN,2025-12-11 10:28:00,4,2025-12-17,92.33,downtrend,downtrend,downtrend,horizontal,0.004678998911860743,positive,0.990389454877004
325,PKN,2025-12-11 10:28:00,5,2025-12-18,92.35,downtrend,downtrend,downtrend,horizontal,0.0002166143182062985,positive,0.990389454877004
326,PKN,2025-12-10 20:07:00,0,2025-12-11,94.38,downtrend,downtrend,downtrend,horizontal,,positive,0.9914011943619698
326,PKN,2025-12-10 20:07:00,1,2025-12-12,93.6,downtrend,downtrend,downtrend,horizontal,-0.008264462809917328,positive,0.9914011943619698
326,PKN,2025-12-10 20:07:00,2,2025-12-15,94.82,downtrend,downtrend,downtrend,horizontal,0.013034188034187988,positive,0.9914011943619698
326,PKN,2025-12-10 20:07:00,3,2025-12-16,91.9,downtrend,downtrend,downtrend,horizontal,-0.030795190887998203,positive,0.9914011943619698
326,PKN,2025-12-10 20:07:00,4,2025-12-17,92.33,downtrend,downtrend,downtrend,horizontal,0.004678998911860743,positive,0.9914011943619698
326,PKN,2025-12-10 20:07:00,5,2025-12-18,92.35,downtrend,downtrend,downtrend,horizontal,0.0002166143182062985,positive,0.9914011943619698
329,CDR,2025-12-29 17:39:00,0,2025-12-30,241.0,downtrend,horizontal,horizontal,downtrend,,positive,0.6573318056762218
329,CDR,2025-12-29 17:39:00,1,2026-01-02,241.7,downtrend,horizontal,horizontal,downtrend,0.0029045643153526868,positive,0.6573318056762218
329,CDR,2025-12-29 17:39:00,2,2026-01-05,239.4,downtrend,downtrend,horizontal,horizontal,-0.00951592883740171,positive,0.6573318056762218
329,CDR,2025-12-29 17:39:00,3,2026-01-07,246.1,downtrend,horizontal,horizontal,horizontal,0.027986633249791115,positive,0.6573318056762218
329,CDR,2025-12-29 17:39:00,4,2026-01-08,235.0,downtrend,downtrend,horizontal,downtrend,-0.04510361641609095,positive,0.6573318056762218
329,CDR,2025-12-29 17:39:00,5,2026-01-09,240.6,downtrend,downtrend,horizontal,horizontal,0.0238297872340425,positive,0.6573318056762218
330,CDR,2025-12-16 17:40:00,0,2025-12-17,240.3,uptrend,horizontal,horizontal,downtrend,,positive,0.4702616333961487
330,CDR,2025-12-16 17:40:00,1,2025-12-18,242.7,horizontal,horizontal,horizontal,downtrend,0.009987515605492936,positive,0.4702616333961487
330,CDR,2025-12-16 17:40:00,2,2025-12-19,242.0,horizontal,horizontal,horizontal,downtrend,-0.002884219200659177,positive,0.4702616333961487
330,CDR,2025-12-16 17:40:00,3,2025-12-22,245.8,horizontal,horizontal,horizontal,downtrend,0.015702479338842945,positive,0.4702616333961487
330,CDR,2025-12-16 17:40:00,4,2025-12-23,240.1,downtrend,horizontal,horizontal,downtrend,-0.023189585028478454,positive,0.4702616333961487
330,CDR,2025-12-16 17:40:00,5,2025-12-29,241.5,downtrend,horizontal,horizontal,downtrend,0.005830903790087438,positive,0.4702616333961487
331,PKO,2025-12-22 12:30:00,0,2025-12-22,84.82,uptrend,uptrend,uptrend,uptrend,,positive,0.983893885742873
331,PKO,2025-12-22 12:30:00,1,2025-12-23,84.44,uptrend,uptrend,uptrend,uptrend,-0.004480075453902277,positive,0.983893885742873
331,PKO,2025-12-22 12:30:00,2,2025-12-29,84.62,uptrend,uptrend,uptrend,uptrend,0.002131691141639136,positive,0.983893885742873
331,PKO,2025-12-22 12:30:00,3,2025-12-30,85.16,uptrend,uptrend,uptrend,uptrend,0.006381470101630704,positive,0.983893885742873
331,PKO,2025-12-22 12:30:00,4,2026-01-02,87.96,uptrend,uptrend,uptrend,uptrend,0.032879286049788625,positive,0.983893885742873
331,PKO,2025-12-22 12:30:00,5,2026-01-05,87.46,uptrend,uptrend,uptrend,uptrend,-0.005684402000909472,positive,0.983893885742873
332,PKO,2025-12-19 15:20:00,0,2025-12-19,84.14,uptrend,uptrend,uptrend,uptrend,,positive,0.9893792538787238
332,PKO,2025-12-19 15:20:00,1,2025-12-22,84.82,uptrend,uptrend,uptrend,uptrend,0.008081768481102758,positive,0.9893792538787238
332,PKO,2025-12-19 15:20:00,2,2025-12-23,84.44,uptrend,uptrend,uptrend,uptrend,-0.004480075453902277,positive,0.9893792538787238
332,PKO,2025-12-19 15:20:00,3,2025-12-29,84.62,uptrend,uptrend,uptrend,uptrend,0.002131691141639136,positive,0.9893792538787238
332,PKO,2025-12-19 15:20:00,4,2025-12-30,85.16,uptrend,uptrend,uptrend,uptrend,0.006381470101630704,positive,0.9893792538787238
332,PKO,2025-12-19 15:20:00,5,2026-01-02,87.96,uptrend,uptrend,uptrend,uptrend,0.032879286049788625,positive,0.9893792538787238
333,PKO,2025-12-16 16:22:00,0,2025-12-16,82.82,uptrend,uptrend,uptrend,uptrend,,positive,0.9882977290544659
333,PKO,2025-12-16 16:22:00,1,2025-12-17,82.54,uptrend,uptrend,uptrend,uptrend,-0.0033808258874666874,positive,0.9882977290544659
333,PKO,2025-12-16 16:22:00,2,2025-12-18,83.74,uptrend,uptrend,uptrend,uptrend,0.014538405621516759,positive,0.9882977290544659
333,PKO,2025-12-16 16:22:00,3,2025-12-19,84.14,uptrend,uptrend,uptrend,uptrend,0.004776689754000474,positive,0.9882977290544659
333,PKO,2025-12-16 16:22:00,4,2025-12-22,84.82,uptrend,uptrend,uptrend,uptrend,0.008081768481102758,positive,0.9882977290544659
333,PKO,2025-12-16 16:22:00,5,2025-12-23,84.44,uptrend,uptrend,uptrend,uptrend,-0.004480075453902277,positive,0.9882977290544659
334,KGH,2025-12-22 17:04:00,0,2025-12-23,273.8,uptrend,uptrend,uptrend,uptrend,,neutral,-0.19900750741362572
334,KGH,2025-12-22 17:04:00,1,2025-12-29,273.1,uptrend,uptrend,uptrend,uptrend,-0.0025566106647186837,neutral,-0.19900750741362572
334,KGH,2025-12-22 17:04:00,2,2025-12-30,280.8,uptrend,uptrend,uptrend,uptrend,0.02819480043939948,neutral,-0.19900750741362572
334,KGH,2025-12-22 17:04:00,3,2026-01-02,283.5,uptrend,uptrend,uptrend,uptrend,0.009615384615384581,neutral,-0.19900750741362572
334,KGH,2025-12-22 17:04:00,4,2026-01-05,296.5,uptrend,uptrend,uptrend,uptrend,0.04585537918871263,neutral,-0.19900750741362572
334,KGH,2025-12-22 17:04:00,5,2026-01-07,294.4,uptrend,uptrend,uptrend,uptrend,-0.007082630691399694,neutral,-0.19900750741362572
335,KGH,2025-12-22 16:24:00,0,2025-12-22,272.4,uptrend,uptrend,uptrend,uptrend,,neutral,0.23462536185979843
335,KGH,2025-12-22 16:24:00,1,2025-12-23,273.8,uptrend,uptrend,uptrend,uptrend,0.0051395007342145416,neutral,0.23462536185979843
335,KGH,2025-12-22 16:24:00,2,2025-12-29,273.1,uptrend,uptrend,uptrend,uptrend,-0.0025566106647186837,neutral,0.23462536185979843
335,KGH,2025-12-22 16:24:00,3,2025-12-30,280.8,uptrend,uptrend,uptrend,uptrend,0.02819480043939948,neutral,0.23462536185979843
335,KGH,2025-12-22 16:24:00,4,2026-01-02,283.5,uptrend,uptrend,uptrend,uptrend,0.009615384615384581,neutral,0.23462536185979843
335,KGH,2025-12-22 16:24:00,5,2026-01-05,296.5,uptrend,uptrend,uptrend,uptrend,0.04585537918871263,neutral,0.23462536185979843
336,KGH,2025-12-17 20:54:00,0,2025-12-18,256.3,uptrend,uptrend,uptrend,uptrend,,positive,0.48442477360367775
336,KGH,2025-12-17 20:54:00,1,2025-12-19,261.0,uptrend,uptrend,uptrend,uptrend,0.018337885290675038,positive,0.48442477360367775
336,KGH,2025-12-17 20:54:00,2,2025-12-22,272.4,uptrend,uptrend,uptrend,uptrend,0.04367816091954024,positive,0.48442477360367775
336,KGH,2025-12-17 20:54:00,3,2025-12-23,273.8,uptrend,uptrend,uptrend,uptrend,0.0051395007342145416,positive,0.48442477360367775
336,KGH,2025-12-17 20:54:00,4,2025-12-29,273.1,uptrend,uptrend,uptrend,uptrend,-0.0025566106647186837,positive,0.48442477360367775
336,KGH,2025-12-17 20:54:00,5,2025-12-30,280.8,uptrend,uptrend,uptrend,uptrend,0.02819480043939948,positive,0.48442477360367775
337,KGH,2025-12-17 19:02:00,0,2025-12-18,256.3,uptrend,uptrend,uptrend,uptrend,,positive,0.8354604970663786
337,KGH,2025-12-17 19:02:00,1,2025-12-19,261.0,uptrend,uptrend,uptrend,uptrend,0.018337885290675038,positive,0.8354604970663786
337,KGH,2025-12-17 19:02:00,2,2025-12-22,272.4,uptrend,uptrend,uptrend,uptrend,0.04367816091954024,positive,0.8354604970663786
337,KGH,2025-12-17 19:02:00,3,2025-12-23,273.8,uptrend,uptrend,uptrend,uptrend,0.0051395007342145416,positive,0.8354604970663786
337,KGH,2025-12-17 19:02:00,4,2025-12-29,273.1,uptrend,uptrend,uptrend,uptrend,-0.0025566106647186837,positive,0.8354604970663786
337,KGH,2025-12-17 19:02:00,5,2025-12-30,280.8,uptrend,uptrend,uptrend,uptrend,0.02819480043939948,positive,0.8354604970663786
338,KGH,2025-12-15 19:49:00,0,2025-12-16,253.7,uptrend,uptrend,uptrend,uptrend,,positive,0.8728630552068353
338,KGH,2025-12-15 19:49:00,1,2025-12-17,259.6,uptrend,uptrend,uptrend,uptrend,0.023255813953488413,positive,0.8728630552068353
338,KGH,2025-12-15 19:49:00,2,2025-12-18,256.3,uptrend,uptrend,uptrend,uptrend,-0.012711864406779738,positive,0.8728630552068353
338,KGH,2025-12-15 19:49:00,3,2025-12-19,261.0,uptrend,uptrend,uptrend,uptrend,0.018337885290675038,positive,0.8728630552068353
338,KGH,2025-12-15 19:49:00,4,2025-12-22,272.4,uptrend,uptrend,uptrend,uptrend,0.04367816091954024,positive,0.8728630552068353
338,KGH,2025-12-15 19:49:00,5,2025-12-23,273.8,uptrend,uptrend,uptrend,uptrend,0.0051395007342145416,positive,0.8728630552068353
339,KGH,2025-12-15 13:34:00,0,2025-12-15,250.8,uptrend,uptrend,uptrend,uptrend,,positive,0.9932432358618826
339,KGH,2025-12-15 13:34:00,1,2025-12-16,253.7,uptrend,uptrend,uptrend,uptrend,0.011562998405103553,positive,0.9932432358618826
339,KGH,2025-12-15 13:34:00,2,2025-12-17,259.6,uptrend,uptrend,uptrend,uptrend,0.023255813953488413,positive,0.9932432358618826
339,KGH,2025-12-15 13:34:00,3,2025-12-18,256.3,uptrend,uptrend,uptrend,uptrend,-0.012711864406779738,positive,0.9932432358618826
339,KGH,2025-12-15 13:34:00,4,2025-12-19,261.0,uptrend,uptrend,uptrend,uptrend,0.018337885290675038,positive,0.9932432358618826
339,KGH,2025-12-15 13:34:00,5,2025-12-22,272.4,uptrend,uptrend,uptrend,uptrend,0.04367816091954024,positive,0.9932432358618826
340,KGH,2025-12-15 12:00:00,0,2025-12-15,250.8,uptrend,uptrend,uptrend,uptrend,,positive,0.660589437931776
340,KGH,2025-12-15 12:00:00,1,2025-12-16,253.7,uptrend,uptrend,uptrend,uptrend,0.011562998405103553,positive,0.660589437931776
340,KGH,2025-12-15 12:00:00,2,2025-12-17,259.6,uptrend,uptrend,uptrend,uptrend,0.023255813953488413,positive,0.660589437931776
340,KGH,2025-12-15 12:00:00,3,2025-12-18,256.3,uptrend,uptrend,uptrend,uptrend,-0.012711864406779738,positive,0.660589437931776
340,KGH,2025-12-15 12:00:00,4,2025-12-19,261.0,uptrend,uptrend,uptrend,uptrend,0.018337885290675038,positive,0.660589437931776
340,KGH,2025-12-15 12:00:00,5,2025-12-22,272.4,uptrend,uptrend,uptrend,uptrend,0.04367816091954024,positive,0.660589437931776
341,KGH,2025-12-11 09:13:00,0,2025-12-11,245.0,uptrend,uptrend,uptrend,uptrend,,positive,0.9959060545661487
341,KGH,2025-12-11 09:13:00,1,2025-12-12,244.5,uptrend,uptrend,uptrend,uptrend,-0.0020408163265306367,positive,0.9959060545661487
341,KGH,2025-12-11 09:13:00,2,2025-12-15,250.8,uptrend,uptrend,uptrend,uptrend,0.025766871165644245,positive,0.9959060545661487
341,KGH,2025-12-11 09:13:00,3,2025-12-16,253.7,uptrend,uptrend,uptrend,uptrend,0.011562998405103553,positive,0.9959060545661487
341,KGH,2025-12-11 09:13:00,4,2025-12-17,259.6,uptrend,uptrend,uptrend,uptrend,0.023255813953488413,positive,0.9959060545661487
341,KGH,2025-12-11 09:13:00,5,2025-12-18,256.3,uptrend,uptrend,uptrend,uptrend,-0.012711864406779738,positive,0.9959060545661487
342,LPP,2025-12-30 16:00:00,0,2025-12-30,20810.0,uptrend,uptrend,uptrend,uptrend,,positive,0.9967724290909246
342,LPP,2025-12-30 16:00:00,1,2026-01-02,21200.0,uptrend,uptrend,uptrend,uptrend,0.01874098990869766,positive,0.9967724290909246
342,LPP,2025-12-30 16:00:00,2,2026-01-05,21340.0,uptrend,uptrend,uptrend,uptrend,0.006603773584905603,positive,0.9967724290909246
342,LPP,2025-12-30 16:00:00,3,2026-01-07,21450.0,uptrend,uptrend,uptrend,uptrend,0.005154639175257714,positive,0.9967724290909246
342,LPP,2025-12-30 16:00:00,4,2026-01-08,20980.0,uptrend,uptrend,uptrend,uptrend,-0.021911421911421924,positive,0.9967724290909246
342,LPP,2025-12-30 16:00:00,5,2026-01-09,21170.0,uptrend,uptrend,uptrend,uptrend,0.009056244041944606,positive,0.9967724290909246
343,LPP,2025-12-15 11:16:00,0,2025-12-15,20450.0,uptrend,uptrend,uptrend,uptrend,,positive,0.99414821685059
343,LPP,2025-12-15 11:16:00,1,2025-12-16,20370.0,uptrend,uptrend,uptrend,uptrend,-0.003911980440097773,positive,0.99414821685059
343,LPP,2025-12-15 11:16:00,2,2025-12-17,21010.0,uptrend,uptrend,uptrend,uptrend,0.031418753068237715,positive,0.99414821685059
343,LPP,2025-12-15 11:16:00,3,2025-12-18,21180.0,uptrend,uptrend,uptrend,uptrend,0.008091385054735944,positive,0.99414821685059
343,LPP,2025-12-15 11:16:00,4,2025-12-19,21100.0,uptrend,uptrend,uptrend,uptrend,-0.0037771482530689626,positive,0.99414821685059
343,LPP,2025-12-15 11:16:00,5,2025-12-22,21180.0,uptrend,uptrend,uptrend,uptrend,0.0037914691943128354,positive,0.99414821685059
344,LPP,2025-12-12 14:40:00,0,2025-12-12,20120.0,uptrend,uptrend,uptrend,uptrend,,positive,0.9243743382394314
344,LPP,2025-12-12 14:40:00,1,2025-12-15,20450.0,uptrend,uptrend,uptrend,uptrend,0.016401590457256532,positive,0.9243743382394314
344,LPP,2025-12-12 14:40:00,2,2025-12-16,20370.0,uptrend,uptrend,uptrend,uptrend,-0.003911980440097773,positive,0.9243743382394314
344,LPP,2025-12-12 14:40:00,3,2025-12-17,21010.0,uptrend,uptrend,uptrend,uptrend,0.031418753068237715,positive,0.9243743382394314
344,LPP,2025-12-12 14:40:00,4,2025-12-18,21180.0,uptrend,uptrend,uptrend,uptrend,0.008091385054735944,positive,0.9243743382394314
344,LPP,2025-12-12 14:40:00,5,2025-12-19,21100.0,uptrend,uptrend,uptrend,uptrend,-0.0037771482530689626,positive,0.9243743382394314
345,LPP,2025-12-12 13:50:00,0,2025-12-12,20120.0,uptrend,uptrend,uptrend,uptrend,,positive,0.5538626220077276
345,LPP,2025-12-12 13:50:00,1,2025-12-15,20450.0,uptrend,uptrend,uptrend,uptrend,0.016401590457256532,positive,0.5538626220077276
345,LPP,2025-12-12 13:50:00,2,2025-12-16,20370.0,uptrend,uptrend,uptrend,uptrend,-0.003911980440097773,positive,0.5538626220077276
345,LPP,2025-12-12 13:50:00,3,2025-12-17,21010.0,uptrend,uptrend,uptrend,uptrend,0.031418753068237715,positive,0.5538626220077276
345,LPP,2025-12-12 13:50:00,4,2025-12-18,21180.0,uptrend,uptrend,uptrend,uptrend,0.008091385054735944,positive,0.5538626220077276
345,LPP,2025-12-12 13:50:00,5,2025-12-19,21100.0,uptrend,uptrend,uptrend,uptrend,-0.0037771482530689626,positive,0.5538626220077276
346,LPP,2025-12-12 09:10:00,0,2025-12-12,20120.0,uptrend,uptrend,uptrend,uptrend,,positive,0.9544908828102052
346,LPP,2025-12-12 09:10:00,1,2025-12-15,20450.0,uptrend,uptrend,uptrend,uptrend,0.016401590457256532,positive,0.9544908828102052
346,LPP,2025-12-12 09:10:00,2,2025-12-16,20370.0,uptrend,uptrend,uptrend,uptrend,-0.003911980440097773,positive,0.9544908828102052
346,LPP,2025-12-12 09:10:00,3,2025-12-17,21010.0,uptrend,uptrend,uptrend,uptrend,0.031418753068237715,positive,0.9544908828102052
346,LPP,2025-12-12 09:10:00,4,2025-12-18,21180.0,uptrend,uptrend,uptrend,uptrend,0.008091385054735944,positive,0.9544908828102052
346,LPP,2025-12-12 09:10:00,5,2025-12-19,21100.0,uptrend,uptrend,uptrend,uptrend,-0.0037771482530689626,positive,0.9544908828102052
347,LPP,2025-12-11 19:55:00,0,2025-12-12,20120.0,uptrend,uptrend,uptrend,uptrend,,positive,0.7360619585961103
347,LPP,2025-12-11 19:55:00,1,2025-12-15,20450.0,uptrend,uptrend,uptrend,uptrend,0.016401590457256532,positive,0.7360619585961103
347,LPP,2025-12-11 19:55:00,2,2025-12-16,20370.0,uptrend,uptrend,uptrend,uptrend,-0.003911980440097773,positive,0.7360619585961103
347,LPP,2025-12-11 19:55:00,3,2025-12-17,21010.0,uptrend,uptrend,uptrend,uptrend,0.031418753068237715,positive,0.7360619585961103
347,LPP,2025-12-11 19:55:00,4,2025-12-18,21180.0,uptrend,uptrend,uptrend,uptrend,0.008091385054735944,positive,0.7360619585961103
347,LPP,2025-12-11 19:55:00,5,2025-12-19,21100.0,uptrend,uptrend,uptrend,uptrend,-0.0037771482530689626,positive,0.7360619585961103
348,LPP,2025-12-11 18:31:00,0,2025-12-12,20120.0,uptrend,uptrend,uptrend,uptrend,,positive,0.9804452280513942
348,LPP,2025-12-11 18:31:00,1,2025-12-15,20450.0,uptrend,uptrend,uptrend,uptrend,0.016401590457256532,positive,0.9804452280513942
348,LPP,2025-12-11 18:31:00,2,2025-12-16,20370.0,uptrend,uptrend,uptrend,uptrend,-0.003911980440097773,positive,0.9804452280513942
348,LPP,2025-12-11 18:31:00,3,2025-12-17,21010.0,uptrend,uptrend,uptrend,uptrend,0.031418753068237715,positive,0.9804452280513942
348,LPP,2025-12-11 18:31:00,4,2025-12-18,21180.0,uptrend,uptrend,uptrend,uptrend,0.008091385054735944,positive,0.9804452280513942
348,LPP,2025-12-11 18:31:00,5,2025-12-19,21100.0,uptrend,uptrend,uptrend,uptrend,-0.0037771482530689626,positive,0.9804452280513942
349,LPP,2025-12-11 17:34:00,0,2025-12-12,20120.0,uptrend,uptrend,uptrend,uptrend,,positive,0.9772093873471022
349,LPP,2025-12-11 17:34:00,1,2025-12-15,20450.0,uptrend,uptrend,uptrend,uptrend,0.016401590457256532,positive,0.9772093873471022
349,LPP,2025-12-11 17:34:00,2,2025-12-16,20370.0,uptrend,uptrend,uptrend,uptrend,-0.003911980440097773,positive,0.9772093873471022
349,LPP,2025-12-11 17:34:00,3,2025-12-17,21010.0,uptrend,uptrend,uptrend,uptrend,0.031418753068237715,positive,0.9772093873471022
349,LPP,2025-12-11 17:34:00,4,2025-12-18,21180.0,uptrend,uptrend,uptrend,uptrend,0.008091385054735944,positive,0.9772093873471022
349,LPP,2025-12-11 17:34:00,5,2025-12-19,21100.0,uptrend,uptrend,uptrend,uptrend,-0.0037771482530689626,positive,0.9772093873471022
350,LPP,2025-12-11 17:18:00,0,2025-12-12,20120.0,uptrend,uptrend,uptrend,uptrend,,positive,0.8648292720317841
350,LPP,2025-12-11 17:18:00,1,2025-12-15,20450.0,uptrend,uptrend,uptrend,uptrend,0.016401590457256532,positive,0.8648292720317841
350,LPP,2025-12-11 17:18:00,2,2025-12-16,20370.0,uptrend,uptrend,uptrend,uptrend,-0.003911980440097773,positive,0.8648292720317841
350,LPP,2025-12-11 17:18:00,3,2025-12-17,21010.0,uptrend,uptrend,uptrend,uptrend,0.031418753068237715,positive,0.8648292720317841
350,LPP,2025-12-11 17:18:00,4,2025-12-18,21180.0,uptrend,uptrend,uptrend,uptrend,0.008091385054735944,positive,0.8648292720317841
350,LPP,2025-12-11 17:18:00,5,2025-12-19,21100.0,uptrend,uptrend,uptrend,uptrend,-0.0037771482530689626,positive,0.8648292720317841
351,LPP,2025-12-11 17:12:00,0,2025-12-12,20120.0,uptrend,uptrend,uptrend,uptrend,,positive,0.974992020521313
351,LPP,2025-12-11 17:12:00,1,2025-12-15,20450.0,uptrend,uptrend,uptrend,uptrend,0.016401590457256532,positive,0.974992020521313
351,LPP,2025-12-11 17:12:00,2,2025-12-16,20370.0,uptrend,uptrend,uptrend,uptrend,-0.003911980440097773,positive,0.974992020521313
351,LPP,2025-12-11 17:12:00,3,2025-12-17,21010.0,uptrend,uptrend,uptrend,uptrend,0.031418753068237715,positive,0.974992020521313
351,LPP,2025-12-11 17:12:00,4,2025-12-18,21180.0,uptrend,uptrend,uptrend,uptrend,0.008091385054735944,positive,0.974992020521313
351,LPP,2025-12-11 17:12:00,5,2025-12-19,21100.0,uptrend,uptrend,uptrend,uptrend,-0.0037771482530689626,positive,0.974992020521313
